plan_id,programme,graphe,n_pieces,mode,budget,largeur_min,valide_avant,valide_apres,n_pieces_apres,cote_min_apres,intact,cellules,recouvrements_avant,part_jour_avant,part_trou_avant,morceaux_avant,cote_m,deplacement_max_m,deplacement_relatif,temps_ms,statut
hd0000,living+kitchen+bathroom,etoile,3,base,,0.50,False,False,,,,12,0.667,0.4777,0.0000,2,11.282,,,5.163,invariant_viole
hd0000,living+kitchen+bathroom,etoile,3,pavage,0,0.50,False,False,,,,12,0.667,0.4777,0.0000,2,11.282,,,0.845,trame
hd0000,living+kitchen+bathroom,etoile,3,pavage,4,0.50,False,False,,,,12,0.667,0.4777,0.0000,2,11.282,,,0.675,trame
hd0000,living+kitchen+bathroom,etoile,3,pavage,8,0.50,False,False,,,,12,0.667,0.4777,0.0000,2,11.282,,,0.597,trame
hd0000,living+kitchen+bathroom,etoile,3,pavage,16,0.50,False,False,,,,12,0.667,0.4777,0.0000,2,11.282,,,0.585,trame
hd0000,living+kitchen+bathroom,etoile,3,pavage,16,0.00,False,False,,,,12,0.667,0.4777,0.0000,2,11.282,,,0.559,trame
hd0000,living+kitchen+bathroom,etoile,3,pavage,16,0.25,False,False,,,,12,0.667,0.4777,0.0000,2,11.282,,,0.594,trame
hd0000,living+kitchen+bathroom,etoile,3,pavage,16,1.00,False,False,,,,12,0.667,0.4777,0.0000,2,11.282,,,0.688,trame
hd0000,living+kitchen+bathroom,etoile,3,pavage,16,1.80,False,False,,,,12,0.667,0.4777,0.0000,2,11.282,,,0.559,trame
hd0001,living+kitchen+bathroom,etoile,3,base,,0.50,False,False,,,,25,0.667,0.4233,0.0000,2,8.415,,,1.729,invariant_viole
hd0001,living+kitchen+bathroom,etoile,3,pavage,0,0.50,False,False,,,,25,0.667,0.4233,0.0000,2,8.415,,,0.554,trame
hd0001,living+kitchen+bathroom,etoile,3,pavage,4,0.50,False,True,3,1.3554,True,25,0.667,0.4233,0.0000,2,8.415,11.204366,1.3315,2.158,ok
hd0001,living+kitchen+bathroom,etoile,3,pavage,8,0.50,False,True,3,1.3554,True,25,0.667,0.4233,0.0000,2,8.415,11.204366,1.3315,2.149,ok
hd0001,living+kitchen+bathroom,etoile,3,pavage,16,0.50,False,True,3,1.3554,True,25,0.667,0.4233,0.0000,2,8.415,11.204366,1.3315,2.262,ok
hd0001,living+kitchen+bathroom,etoile,3,pavage,16,0.00,False,True,3,1.3554,True,25,0.667,0.4233,0.0000,2,8.415,11.204366,1.3315,2.528,ok
hd0001,living+kitchen+bathroom,etoile,3,pavage,16,0.25,False,True,3,1.3554,True,25,0.667,0.4233,0.0000,2,8.415,11.204366,1.3315,2.383,ok
hd0001,living+kitchen+bathroom,etoile,3,pavage,16,1.00,False,True,3,1.3554,True,25,0.667,0.4233,0.0000,2,8.415,11.204366,1.3315,2.302,ok
hd0001,living+kitchen+bathroom,etoile,3,pavage,16,1.80,False,True,3,1.8000,True,25,0.667,0.4233,0.0000,2,8.415,11.204366,1.3315,2.337,ok
hd0002,living+kitchen+bathroom,etoile,3,base,,0.50,False,False,,,,20,1.333,0.2127,0.0000,1,8.450,,,1.691,invariant_viole
hd0002,living+kitchen+bathroom,etoile,3,pavage,0,0.50,False,True,3,1.8072,True,20,1.333,0.2127,0.0000,1,8.450,3.614312,0.4277,2.173,ok
hd0002,living+kitchen+bathroom,etoile,3,pavage,4,0.50,False,True,3,1.8072,True,20,1.333,0.2127,0.0000,1,8.450,3.614312,0.4277,2.477,ok
hd0002,living+kitchen+bathroom,etoile,3,pavage,8,0.50,False,True,3,1.8072,True,20,1.333,0.2127,0.0000,1,8.450,3.614312,0.4277,2.140,ok
hd0002,living+kitchen+bathroom,etoile,3,pavage,16,0.50,False,True,3,1.8072,True,20,1.333,0.2127,0.0000,1,8.450,3.614312,0.4277,2.250,ok
hd0002,living+kitchen+bathroom,etoile,3,pavage,16,0.00,False,True,3,1.8072,True,20,1.333,0.2127,0.0000,1,8.450,3.614312,0.4277,2.010,ok
hd0002,living+kitchen+bathroom,etoile,3,pavage,16,0.25,False,True,3,1.8072,True,20,1.333,0.2127,0.0000,1,8.450,3.614312,0.4277,2.185,ok
hd0002,living+kitchen+bathroom,etoile,3,pavage,16,1.00,False,True,3,1.8072,True,20,1.333,0.2127,0.0000,1,8.450,3.614312,0.4277,2.152,ok
hd0002,living+kitchen+bathroom,etoile,3,pavage,16,1.80,False,True,3,1.8072,True,20,1.333,0.2127,0.0000,1,8.450,3.614312,0.4277,2.096,ok
hd0003,living+kitchen+bathroom,etoile,3,base,,0.50,False,False,,,,20,0.667,0.1298,0.0000,2,8.714,,,2.156,invariant_viole
hd0003,living+kitchen+bathroom,etoile,3,pavage,0,0.50,False,True,3,2.1686,True,20,0.667,0.1298,0.0000,2,8.714,3.975743,0.4562,2.364,ok
hd0003,living+kitchen+bathroom,etoile,3,pavage,4,0.50,False,True,3,2.1686,True,20,0.667,0.1298,0.0000,2,8.714,3.975743,0.4562,2.283,ok
hd0003,living+kitchen+bathroom,etoile,3,pavage,8,0.50,False,True,3,2.1686,True,20,0.667,0.1298,0.0000,2,8.714,3.975743,0.4562,2.299,ok
hd0003,living+kitchen+bathroom,etoile,3,pavage,16,0.50,False,True,3,2.1686,True,20,0.667,0.1298,0.0000,2,8.714,3.975743,0.4562,2.252,ok
hd0003,living+kitchen+bathroom,etoile,3,pavage,16,0.00,False,True,3,2.1686,True,20,0.667,0.1298,0.0000,2,8.714,3.975743,0.4562,2.060,ok
hd0003,living+kitchen+bathroom,etoile,3,pavage,16,0.25,False,True,3,2.1686,True,20,0.667,0.1298,0.0000,2,8.714,3.975743,0.4562,2.065,ok
hd0003,living+kitchen+bathroom,etoile,3,pavage,16,1.00,False,True,3,2.1686,True,20,0.667,0.1298,0.0000,2,8.714,3.975743,0.4562,2.932,ok
hd0003,living+kitchen+bathroom,etoile,3,pavage,16,1.80,False,True,3,2.1686,True,20,0.667,0.1298,0.0000,2,8.714,3.975743,0.4562,2.256,ok
hd0004,living+bedroom+bathroom,plausible,3,base,,0.50,False,False,,,,12,0.000,0.0114,0.0000,3,7.651,,,1.662,invariant_viole
hd0004,living+bedroom+bathroom,plausible,3,pavage,0,0.50,False,True,3,1.4457,True,12,0.000,0.0114,0.0000,3,7.651,0.090358,0.0118,2.101,ok
hd0004,living+bedroom+bathroom,plausible,3,pavage,4,0.50,False,True,3,1.4457,True,12,0.000,0.0114,0.0000,3,7.651,0.090358,0.0118,2.083,ok
hd0004,living+bedroom+bathroom,plausible,3,pavage,8,0.50,False,True,3,1.4457,True,12,0.000,0.0114,0.0000,3,7.651,0.090358,0.0118,2.124,ok
hd0004,living+bedroom+bathroom,plausible,3,pavage,16,0.50,False,True,3,1.4457,True,12,0.000,0.0114,0.0000,3,7.651,0.090358,0.0118,3.818,ok
hd0004,living+bedroom+bathroom,plausible,3,pavage,16,0.00,False,True,3,1.4457,True,12,0.000,0.0114,0.0000,3,7.651,0.090358,0.0118,4.004,ok
hd0004,living+bedroom+bathroom,plausible,3,pavage,16,0.25,False,True,3,1.4457,True,12,0.000,0.0114,0.0000,3,7.651,0.090358,0.0118,4.510,ok
hd0004,living+bedroom+bathroom,plausible,3,pavage,16,1.00,False,True,3,1.4457,True,12,0.000,0.0114,0.0000,3,7.651,0.090358,0.0118,3.199,ok
hd0004,living+bedroom+bathroom,plausible,3,pavage,16,1.80,False,True,3,1.8000,True,12,0.000,0.0114,0.0000,3,7.651,0.444633,0.0581,4.423,ok
hd0005,living+bedroom+bathroom,plausible,3,base,,0.50,False,False,,,,25,0.667,0.4508,0.0000,2,9.792,,,2.671,invariant_viole
hd0005,living+bedroom+bathroom,plausible,3,pavage,0,0.50,False,False,,,,25,0.667,0.4508,0.0000,2,9.792,,,0.768,trame
hd0005,living+bedroom+bathroom,plausible,3,pavage,4,0.50,False,False,,,,25,0.667,0.4508,0.0000,2,9.792,,,2.401,infaisable
hd0005,living+bedroom+bathroom,plausible,3,pavage,8,0.50,False,False,,,,25,0.667,0.4508,0.0000,2,9.792,,,2.393,infaisable
hd0005,living+bedroom+bathroom,plausible,3,pavage,16,0.50,False,False,,,,25,0.667,0.4508,0.0000,2,9.792,,,2.259,infaisable
hd0005,living+bedroom+bathroom,plausible,3,pavage,16,0.00,False,True,3,0.0000,False,25,0.667,0.4508,0.0000,2,9.792,11.204366,1.1442,3.061,ok
hd0005,living+bedroom+bathroom,plausible,3,pavage,16,0.25,False,False,,,,25,0.667,0.4508,0.0000,2,9.792,,,2.650,infaisable
hd0005,living+bedroom+bathroom,plausible,3,pavage,16,1.00,False,False,,,,25,0.667,0.4508,0.0000,2,9.792,,,2.184,infaisable
hd0005,living+bedroom+bathroom,plausible,3,pavage,16,1.80,False,False,,,,25,0.667,0.4508,0.0000,2,9.792,,,2.116,infaisable
hd0006,living+bedroom+bathroom,plausible,3,base,,0.50,False,False,,,,15,0.667,0.4407,0.0000,2,9.472,,,1.622,invariant_viole
hd0006,living+bedroom+bathroom,plausible,3,pavage,0,0.50,False,False,,,,15,0.667,0.4407,0.0000,2,9.472,,,0.523,trame
hd0006,living+bedroom+bathroom,plausible,3,pavage,4,0.50,False,False,,,,15,0.667,0.4407,0.0000,2,9.472,,,2.115,infaisable
hd0006,living+bedroom+bathroom,plausible,3,pavage,8,0.50,False,False,,,,15,0.667,0.4407,0.0000,2,9.472,,,2.423,infaisable
hd0006,living+bedroom+bathroom,plausible,3,pavage,16,0.50,False,False,,,,15,0.667,0.4407,0.0000,2,9.472,,,2.217,infaisable
hd0006,living+bedroom+bathroom,plausible,3,pavage,16,0.00,False,True,3,0.0000,False,15,0.667,0.4407,0.0000,2,9.472,7.951486,0.8395,2.544,ok
hd0006,living+bedroom+bathroom,plausible,3,pavage,16,0.25,False,False,,,,15,0.667,0.4407,0.0000,2,9.472,,,2.320,infaisable
hd0006,living+bedroom+bathroom,plausible,3,pavage,16,1.00,False,False,,,,15,0.667,0.4407,0.0000,2,9.472,,,5.077,infaisable
hd0006,living+bedroom+bathroom,plausible,3,pavage,16,1.80,False,False,,,,15,0.667,0.4407,0.0000,2,9.472,,,5.147,infaisable
hd0007,living+bedroom+bathroom,plausible,3,base,,0.50,False,False,,,,12,0.000,0.3248,0.0000,3,10.015,,,2.452,invariant_viole
hd0007,living+bedroom+bathroom,plausible,3,pavage,0,0.50,False,False,,,,12,0.000,0.3248,0.0000,3,10.015,,,0.818,trame
hd0007,living+bedroom+bathroom,plausible,3,pavage,4,0.50,False,False,,,,12,0.000,0.3248,0.0000,3,10.015,,,4.061,infaisable
hd0007,living+bedroom+bathroom,plausible,3,pavage,8,0.50,False,False,,,,12,0.000,0.3248,0.0000,3,10.015,,,3.697,infaisable
hd0007,living+bedroom+bathroom,plausible,3,pavage,16,0.50,False,False,,,,12,0.000,0.3248,0.0000,3,10.015,,,4.464,infaisable
hd0007,living+bedroom+bathroom,plausible,3,pavage,16,0.00,False,True,3,0.0000,False,12,0.000,0.3248,0.0000,3,10.015,6.867192,0.6857,2.745,ok
hd0007,living+bedroom+bathroom,plausible,3,pavage,16,0.25,False,False,,,,12,0.000,0.3248,0.0000,3,10.015,,,2.653,infaisable
hd0007,living+bedroom+bathroom,plausible,3,pavage,16,1.00,False,False,,,,12,0.000,0.3248,0.0000,3,10.015,,,2.730,infaisable
hd0007,living+bedroom+bathroom,plausible,3,pavage,16,1.80,False,False,,,,12,0.000,0.3248,0.0000,3,10.015,,,3.516,infaisable
hd0008,living+kitchen+bedroom,chaine,3,base,,0.50,False,False,,,,20,2.000,0.2087,0.0000,1,7.670,,,2.112,invariant_viole
hd0008,living+kitchen+bedroom,chaine,3,pavage,0,0.50,False,False,,,,20,2.000,0.2087,0.0000,1,7.670,,,0.658,trame
hd0008,living+kitchen+bedroom,chaine,3,pavage,4,0.50,False,False,,,,20,2.000,0.2087,0.0000,1,7.670,,,1.074,trame
hd0008,living+kitchen+bedroom,chaine,3,pavage,8,0.50,False,False,,,,20,2.000,0.2087,0.0000,1,7.670,,,0.910,trame
hd0008,living+kitchen+bedroom,chaine,3,pavage,16,0.50,False,False,,,,20,2.000,0.2087,0.0000,1,7.670,,,0.787,trame
hd0008,living+kitchen+bedroom,chaine,3,pavage,16,0.00,False,False,,,,20,2.000,0.2087,0.0000,1,7.670,,,1.252,trame
hd0008,living+kitchen+bedroom,chaine,3,pavage,16,0.25,False,False,,,,20,2.000,0.2087,0.0000,1,7.670,,,0.830,trame
hd0008,living+kitchen+bedroom,chaine,3,pavage,16,1.00,False,False,,,,20,2.000,0.2087,0.0000,1,7.670,,,0.733,trame
hd0008,living+kitchen+bedroom,chaine,3,pavage,16,1.80,False,False,,,,20,2.000,0.2087,0.0000,1,7.670,,,0.635,trame
hd0009,living+kitchen+bedroom,chaine,3,base,,0.50,False,False,,,,12,2.000,0.1662,0.0000,1,8.125,,,3.446,invariant_viole
hd0009,living+kitchen+bedroom,chaine,3,pavage,0,0.50,False,False,,,,12,2.000,0.1662,0.0000,1,8.125,,,0.649,trame
hd0009,living+kitchen+bedroom,chaine,3,pavage,4,0.50,False,False,,,,12,2.000,0.1662,0.0000,1,8.125,,,0.958,trame
hd0009,living+kitchen+bedroom,chaine,3,pavage,8,0.50,False,False,,,,12,2.000,0.1662,0.0000,1,8.125,,,0.600,trame
hd0009,living+kitchen+bedroom,chaine,3,pavage,16,0.50,False,False,,,,12,2.000,0.1662,0.0000,1,8.125,,,0.862,trame
hd0009,living+kitchen+bedroom,chaine,3,pavage,16,0.00,False,False,,,,12,2.000,0.1662,0.0000,1,8.125,,,0.702,trame
hd0009,living+kitchen+bedroom,chaine,3,pavage,16,0.25,False,False,,,,12,2.000,0.1662,0.0000,1,8.125,,,0.844,trame
hd0009,living+kitchen+bedroom,chaine,3,pavage,16,1.00,False,False,,,,12,2.000,0.1662,0.0000,1,8.125,,,0.722,trame
hd0009,living+kitchen+bedroom,chaine,3,pavage,16,1.80,False,False,,,,12,2.000,0.1662,0.0000,1,8.125,,,0.595,trame
hd0010,living+kitchen+bedroom,chaine,3,base,,0.50,False,False,,,,15,1.333,0.1217,0.0000,1,8.288,,,3.401,invariant_viole
hd0010,living+kitchen+bedroom,chaine,3,pavage,0,0.50,False,False,,,,15,1.333,0.1217,0.0000,1,8.288,,,1.083,trame
hd0010,living+kitchen+bedroom,chaine,3,pavage,4,0.50,False,False,,,,15,1.333,0.1217,0.0000,1,8.288,,,3.470,infaisable
hd0010,living+kitchen+bedroom,chaine,3,pavage,8,0.50,False,False,,,,15,1.333,0.1217,0.0000,1,8.288,,,2.883,infaisable
hd0010,living+kitchen+bedroom,chaine,3,pavage,16,0.50,False,False,,,,15,1.333,0.1217,0.0000,1,8.288,,,2.363,infaisable
hd0010,living+kitchen+bedroom,chaine,3,pavage,16,0.00,False,False,,,,15,1.333,0.1217,0.0000,1,8.288,,,2.476,infaisable
hd0010,living+kitchen+bedroom,chaine,3,pavage,16,0.25,False,False,,,,15,1.333,0.1217,0.0000,1,8.288,,,3.281,infaisable
hd0010,living+kitchen+bedroom,chaine,3,pavage,16,1.00,False,False,,,,15,1.333,0.1217,0.0000,1,8.288,,,2.546,infaisable
hd0010,living+kitchen+bedroom,chaine,3,pavage,16,1.80,False,False,,,,15,1.333,0.1217,0.0000,1,8.288,,,3.708,infaisable
hd0011,living+kitchen+bedroom,chaine,3,base,,0.50,False,False,,,,16,2.000,0.1714,0.0000,1,7.303,,,2.429,invariant_viole
hd0011,living+kitchen+bedroom,chaine,3,pavage,0,0.50,False,False,,,,16,2.000,0.1714,0.0000,1,7.303,,,0.793,trame
hd0011,living+kitchen+bedroom,chaine,3,pavage,4,0.50,False,False,,,,16,2.000,0.1714,0.0000,1,7.303,,,3.698,infaisable
hd0011,living+kitchen+bedroom,chaine,3,pavage,8,0.50,False,False,,,,16,2.000,0.1714,0.0000,1,7.303,,,2.865,infaisable
hd0011,living+kitchen+bedroom,chaine,3,pavage,16,0.50,False,False,,,,16,2.000,0.1714,0.0000,1,7.303,,,4.315,infaisable
hd0011,living+kitchen+bedroom,chaine,3,pavage,16,0.00,False,True,3,0.0000,False,16,2.000,0.1714,0.0000,1,7.303,6.776834,0.9279,3.693,ok
hd0011,living+kitchen+bedroom,chaine,3,pavage,16,0.25,False,False,,,,16,2.000,0.1714,0.0000,1,7.303,,,3.964,infaisable
hd0011,living+kitchen+bedroom,chaine,3,pavage,16,1.00,False,False,,,,16,2.000,0.1714,0.0000,1,7.303,,,2.950,infaisable
hd0011,living+kitchen+bedroom,chaine,3,pavage,16,1.80,False,False,,,,16,2.000,0.1714,0.0000,1,7.303,,,3.735,infaisable
hd0012,living+kitchen+bedroom+bathroom,anneau,4,base,,0.50,False,False,,,,36,0.500,0.1363,0.0000,3,8.529,,,2.874,invariant_viole
hd0012,living+kitchen+bedroom+bathroom,anneau,4,pavage,0,0.50,False,False,,,,36,0.500,0.1363,0.0000,3,8.529,,,0.985,trame
hd0012,living+kitchen+bedroom+bathroom,anneau,4,pavage,4,0.50,False,True,4,0.7229,True,36,0.500,0.1363,0.0000,3,8.529,1.084294,0.1271,2.829,ok
hd0012,living+kitchen+bedroom+bathroom,anneau,4,pavage,8,0.50,False,True,4,0.7229,True,36,0.500,0.1363,0.0000,3,8.529,1.084294,0.1271,2.777,ok
hd0012,living+kitchen+bedroom+bathroom,anneau,4,pavage,16,0.50,False,True,4,0.7229,True,36,0.500,0.1363,0.0000,3,8.529,1.084294,0.1271,2.945,ok
hd0012,living+kitchen+bedroom+bathroom,anneau,4,pavage,16,0.00,False,True,4,0.7229,True,36,0.500,0.1363,0.0000,3,8.529,1.084294,0.1271,2.976,ok
hd0012,living+kitchen+bedroom+bathroom,anneau,4,pavage,16,0.25,False,True,4,0.7229,True,36,0.500,0.1363,0.0000,3,8.529,1.084294,0.1271,2.830,ok
hd0012,living+kitchen+bedroom+bathroom,anneau,4,pavage,16,1.00,False,True,4,1.0000,True,36,0.500,0.1363,0.0000,3,8.529,1.084294,0.1271,2.520,ok
hd0012,living+kitchen+bedroom+bathroom,anneau,4,pavage,16,1.80,False,True,4,1.8000,True,36,0.500,0.1363,0.0000,3,8.529,1.167495,0.1369,2.724,ok
hd0013,living+kitchen+bedroom+bathroom,anneau,4,base,,0.50,False,False,,,,20,1.000,0.2782,0.0000,2,11.269,,,1.780,invariant_viole
hd0013,living+kitchen+bedroom+bathroom,anneau,4,pavage,0,0.50,False,False,,,,20,1.000,0.2782,0.0000,2,11.269,,,0.604,trame
hd0013,living+kitchen+bedroom+bathroom,anneau,4,pavage,4,0.50,False,True,4,4.2468,True,20,1.000,0.2782,0.0000,2,11.269,8.041844,0.7136,4.706,ok
hd0013,living+kitchen+bedroom+bathroom,anneau,4,pavage,8,0.50,False,True,4,4.2468,True,20,1.000,0.2782,0.0000,2,11.269,8.041844,0.7136,3.588,ok
hd0013,living+kitchen+bedroom+bathroom,anneau,4,pavage,16,0.50,False,True,4,4.2468,True,20,1.000,0.2782,0.0000,2,11.269,8.041844,0.7136,2.846,ok
hd0013,living+kitchen+bedroom+bathroom,anneau,4,pavage,16,0.00,False,True,4,4.2468,True,20,1.000,0.2782,0.0000,2,11.269,8.041844,0.7136,2.400,ok
hd0013,living+kitchen+bedroom+bathroom,anneau,4,pavage,16,0.25,False,True,4,4.2468,True,20,1.000,0.2782,0.0000,2,11.269,8.041844,0.7136,3.242,ok
hd0013,living+kitchen+bedroom+bathroom,anneau,4,pavage,16,1.00,False,True,4,4.2468,True,20,1.000,0.2782,0.0000,2,11.269,8.041844,0.7136,5.449,ok
hd0013,living+kitchen+bedroom+bathroom,anneau,4,pavage,16,1.80,False,True,4,4.2468,True,20,1.000,0.2782,0.0000,2,11.269,8.041844,0.7136,3.058,ok
hd0014,living+kitchen+bedroom+bathroom,anneau,4,base,,0.50,False,False,,,,35,1.000,0.4988,0.0000,2,10.380,,,1.942,invariant_viole
hd0014,living+kitchen+bedroom+bathroom,anneau,4,pavage,0,0.50,False,False,,,,35,1.000,0.4988,0.0000,2,10.380,,,0.668,trame
hd0014,living+kitchen+bedroom+bathroom,anneau,4,pavage,4,0.50,False,False,,,,35,1.000,0.4988,0.0000,2,10.380,,,0.925,trame
hd0014,living+kitchen+bedroom+bathroom,anneau,4,pavage,8,0.50,False,False,,,,35,1.000,0.4988,0.0000,2,10.380,,,3.830,infaisable
hd0014,living+kitchen+bedroom+bathroom,anneau,4,pavage,16,0.50,False,False,,,,35,1.000,0.4988,0.0000,2,10.380,,,2.730,infaisable
hd0014,living+kitchen+bedroom+bathroom,anneau,4,pavage,16,0.00,False,False,,,,35,1.000,0.4988,0.0000,2,10.380,,,2.689,infaisable
hd0014,living+kitchen+bedroom+bathroom,anneau,4,pavage,16,0.25,False,False,,,,35,1.000,0.4988,0.0000,2,10.380,,,2.791,infaisable
hd0014,living+kitchen+bedroom+bathroom,anneau,4,pavage,16,1.00,False,False,,,,35,1.000,0.4988,0.0000,2,10.380,,,2.690,infaisable
hd0014,living+kitchen+bedroom+bathroom,anneau,4,pavage,16,1.80,False,False,,,,35,1.000,0.4988,0.0000,2,10.380,,,3.674,infaisable
hd0015,living+kitchen+bedroom+bathroom,anneau,4,base,,0.50,False,False,,,,42,1.000,0.4091,0.0000,2,10.765,,,1.765,invariant_viole
hd0015,living+kitchen+bedroom+bathroom,anneau,4,pavage,0,0.50,False,False,,,,42,1.000,0.4091,0.0000,2,10.765,,,0.597,trame
hd0015,living+kitchen+bedroom+bathroom,anneau,4,pavage,4,0.50,False,False,,,,42,1.000,0.4091,0.0000,2,10.765,,,0.769,trame
hd0015,living+kitchen+bedroom+bathroom,anneau,4,pavage,8,0.50,False,False,,,,42,1.000,0.4091,0.0000,2,10.765,,,0.944,trame
hd0015,living+kitchen+bedroom+bathroom,anneau,4,pavage,16,0.50,False,False,,,,42,1.000,0.4091,0.0000,2,10.765,,,0.733,trame
hd0015,living+kitchen+bedroom+bathroom,anneau,4,pavage,16,0.00,False,False,,,,42,1.000,0.4091,0.0000,2,10.765,,,0.719,trame
hd0015,living+kitchen+bedroom+bathroom,anneau,4,pavage,16,0.25,False,False,,,,42,1.000,0.4091,0.0000,2,10.765,,,0.714,trame
hd0015,living+kitchen+bedroom+bathroom,anneau,4,pavage,16,1.00,False,False,,,,42,1.000,0.4091,0.0000,2,10.765,,,0.743,trame
hd0015,living+kitchen+bedroom+bathroom,anneau,4,pavage,16,1.80,False,False,,,,42,1.000,0.4091,0.0000,2,10.765,,,0.714,trame
hd0016,living+kitchen+bathroom+storage,etoile,4,base,,0.50,False,False,,,,35,0.000,0.5296,0.0000,4,10.533,,,1.753,invariant_viole
hd0016,living+kitchen+bathroom+storage,etoile,4,pavage,0,0.50,False,False,,,,35,0.000,0.5296,0.0000,4,10.533,,,0.663,trame
hd0016,living+kitchen+bathroom+storage,etoile,4,pavage,4,0.50,False,True,4,1.7168,True,35,0.000,0.5296,0.0000,4,10.533,9.758642,0.9265,2.881,ok
hd0016,living+kitchen+bathroom+storage,etoile,4,pavage,8,0.50,False,True,4,1.7168,True,35,0.000,0.5296,0.0000,4,10.533,9.758642,0.9265,2.578,ok
hd0016,living+kitchen+bathroom+storage,etoile,4,pavage,16,0.50,False,True,4,1.7168,True,35,0.000,0.5296,0.0000,4,10.533,9.758642,0.9265,2.535,ok
hd0016,living+kitchen+bathroom+storage,etoile,4,pavage,16,0.00,False,True,4,1.7168,True,35,0.000,0.5296,0.0000,4,10.533,9.758642,0.9265,3.070,ok
hd0016,living+kitchen+bathroom+storage,etoile,4,pavage,16,0.25,False,True,4,1.7168,True,35,0.000,0.5296,0.0000,4,10.533,9.758642,0.9265,2.800,ok
hd0016,living+kitchen+bathroom+storage,etoile,4,pavage,16,1.00,False,True,4,1.7168,True,35,0.000,0.5296,0.0000,4,10.533,9.758642,0.9265,4.213,ok
hd0016,living+kitchen+bathroom+storage,etoile,4,pavage,16,1.80,False,True,4,1.8000,True,35,0.000,0.5296,0.0000,4,10.533,9.758642,0.9265,3.789,ok
hd0017,living+kitchen+bathroom+storage,etoile,4,base,,0.50,False,False,,,,49,1.500,0.1310,0.0000,1,9.668,,,2.324,invariant_viole
hd0017,living+kitchen+bathroom+storage,etoile,4,pavage,0,0.50,False,False,,,,49,1.500,0.1310,0.0000,1,9.668,,,0.748,trame
hd0017,living+kitchen+bathroom+storage,etoile,4,pavage,4,0.50,False,False,,,,49,1.500,0.1310,0.0000,1,9.668,,,3.190,infaisable
hd0017,living+kitchen+bathroom+storage,etoile,4,pavage,8,0.50,False,False,,,,49,1.500,0.1310,0.0000,1,9.668,,,3.989,infaisable
hd0017,living+kitchen+bathroom+storage,etoile,4,pavage,16,0.50,False,False,,,,49,1.500,0.1310,0.0000,1,9.668,,,2.897,infaisable
hd0017,living+kitchen+bathroom+storage,etoile,4,pavage,16,0.00,False,True,4,0.0000,False,49,1.500,0.1310,0.0000,1,9.668,8.312917,0.8598,2.609,ok
hd0017,living+kitchen+bathroom+storage,etoile,4,pavage,16,0.25,False,False,,,,49,1.500,0.1310,0.0000,1,9.668,,,2.718,infaisable
hd0017,living+kitchen+bathroom+storage,etoile,4,pavage,16,1.00,False,False,,,,49,1.500,0.1310,0.0000,1,9.668,,,2.735,infaisable
hd0017,living+kitchen+bathroom+storage,etoile,4,pavage,16,1.80,False,False,,,,49,1.500,0.1310,0.0000,1,9.668,,,3.216,infaisable
hd0018,living+kitchen+bathroom+storage,etoile,4,base,,0.50,False,False,,,,20,0.000,0.2727,0.0000,4,11.984,,,1.936,invariant_viole
hd0018,living+kitchen+bathroom+storage,etoile,4,pavage,0,0.50,False,False,,,,20,0.000,0.2727,0.0000,4,11.984,,,0.625,trame
hd0018,living+kitchen+bathroom+storage,etoile,4,pavage,4,0.50,False,True,4,2.8011,True,20,0.000,0.2727,0.0000,4,11.984,5.421468,0.4524,2.810,ok
hd0018,living+kitchen+bathroom+storage,etoile,4,pavage,8,0.50,False,True,4,2.8011,True,20,0.000,0.2727,0.0000,4,11.984,5.421468,0.4524,2.770,ok
hd0018,living+kitchen+bathroom+storage,etoile,4,pavage,16,0.50,False,True,4,2.8011,True,20,0.000,0.2727,0.0000,4,11.984,5.421468,0.4524,2.704,ok
hd0018,living+kitchen+bathroom+storage,etoile,4,pavage,16,0.00,False,True,4,2.8011,True,20,0.000,0.2727,0.0000,4,11.984,5.421468,0.4524,3.293,ok
hd0018,living+kitchen+bathroom+storage,etoile,4,pavage,16,0.25,False,True,4,2.8011,True,20,0.000,0.2727,0.0000,4,11.984,5.421468,0.4524,2.592,ok
hd0018,living+kitchen+bathroom+storage,etoile,4,pavage,16,1.00,False,True,4,2.8011,True,20,0.000,0.2727,0.0000,4,11.984,5.421468,0.4524,2.559,ok
hd0018,living+kitchen+bathroom+storage,etoile,4,pavage,16,1.80,False,True,4,2.8011,True,20,0.000,0.2727,0.0000,4,11.984,5.421468,0.4524,2.508,ok
hd0019,living+kitchen+bathroom+storage,etoile,4,base,,0.50,False,False,,,,30,1.000,0.2277,0.0000,2,10.334,,,1.810,invariant_viole
hd0019,living+kitchen+bathroom+storage,etoile,4,pavage,0,0.50,False,False,,,,30,1.000,0.2277,0.0000,2,10.334,,,0.577,trame
hd0019,living+kitchen+bathroom+storage,etoile,4,pavage,4,0.50,False,False,,,,30,1.000,0.2277,0.0000,2,10.334,,,2.703,infaisable
hd0019,living+kitchen+bathroom+storage,etoile,4,pavage,8,0.50,False,False,,,,30,1.000,0.2277,0.0000,2,10.334,,,2.664,infaisable
hd0019,living+kitchen+bathroom+storage,etoile,4,pavage,16,0.50,False,False,,,,30,1.000,0.2277,0.0000,2,10.334,,,4.023,infaisable
hd0019,living+kitchen+bathroom+storage,etoile,4,pavage,16,0.00,False,True,4,0.0000,False,30,1.000,0.2277,0.0000,2,10.334,7.228623,0.6995,2.580,ok
hd0019,living+kitchen+bathroom+storage,etoile,4,pavage,16,0.25,False,False,,,,30,1.000,0.2277,0.0000,2,10.334,,,2.679,infaisable
hd0019,living+kitchen+bathroom+storage,etoile,4,pavage,16,1.00,False,False,,,,30,1.000,0.2277,0.0000,2,10.334,,,2.804,infaisable
hd0019,living+kitchen+bathroom+storage,etoile,4,pavage,16,1.80,False,False,,,,30,1.000,0.2277,0.0000,2,10.334,,,2.859,infaisable
hd0020,living+kitchen+bedroom+office,plausible,4,base,,0.50,False,False,,,,49,0.000,0.5418,0.0000,4,10.004,,,1.779,invariant_viole
hd0020,living+kitchen+bedroom+office,plausible,4,pavage,0,0.50,False,False,,,,49,0.000,0.5418,0.0000,4,10.004,,,0.596,trame
hd0020,living+kitchen+bedroom+office,plausible,4,pavage,4,0.50,False,False,,,,49,0.000,0.5418,0.0000,4,10.004,,,2.645,infaisable
hd0020,living+kitchen+bedroom+office,plausible,4,pavage,8,0.50,False,False,,,,49,0.000,0.5418,0.0000,4,10.004,,,2.798,infaisable
hd0020,living+kitchen+bedroom+office,plausible,4,pavage,16,0.50,False,False,,,,49,0.000,0.5418,0.0000,4,10.004,,,2.771,infaisable
hd0020,living+kitchen+bedroom+office,plausible,4,pavage,16,0.00,False,True,4,0.0000,False,49,0.000,0.5418,0.0000,4,10.004,8.312917,0.8310,3.320,ok
hd0020,living+kitchen+bedroom+office,plausible,4,pavage,16,0.25,False,False,,,,49,0.000,0.5418,0.0000,4,10.004,,,2.720,infaisable
hd0020,living+kitchen+bedroom+office,plausible,4,pavage,16,1.00,False,False,,,,49,0.000,0.5418,0.0000,4,10.004,,,2.696,infaisable
hd0020,living+kitchen+bedroom+office,plausible,4,pavage,16,1.80,False,False,,,,49,0.000,0.5418,0.0000,4,10.004,,,2.664,infaisable
hd0021,living+kitchen+bedroom+office,plausible,4,base,,0.50,False,False,,,,42,0.000,0.2308,0.0000,4,11.060,,,1.778,invariant_viole
hd0021,living+kitchen+bedroom+office,plausible,4,pavage,0,0.50,False,False,,,,42,0.000,0.2308,0.0000,4,11.060,,,0.590,trame
hd0021,living+kitchen+bedroom+office,plausible,4,pavage,4,0.50,False,False,,,,42,0.000,0.2308,0.0000,4,11.060,,,3.122,infaisable
hd0021,living+kitchen+bedroom+office,plausible,4,pavage,8,0.50,False,False,,,,42,0.000,0.2308,0.0000,4,11.060,,,2.484,infaisable
hd0021,living+kitchen+bedroom+office,plausible,4,pavage,16,0.50,False,False,,,,42,0.000,0.2308,0.0000,4,11.060,,,2.388,infaisable
hd0021,living+kitchen+bedroom+office,plausible,4,pavage,16,0.00,False,True,4,0.0000,False,42,0.000,0.2308,0.0000,4,11.060,5.511825,0.4984,2.553,ok
hd0021,living+kitchen+bedroom+office,plausible,4,pavage,16,0.25,False,False,,,,42,0.000,0.2308,0.0000,4,11.060,,,2.445,infaisable
hd0021,living+kitchen+bedroom+office,plausible,4,pavage,16,1.00,False,False,,,,42,0.000,0.2308,0.0000,4,11.060,,,2.481,infaisable
hd0021,living+kitchen+bedroom+office,plausible,4,pavage,16,1.80,False,False,,,,42,0.000,0.2308,0.0000,4,11.060,,,3.092,infaisable
hd0022,living+kitchen+bedroom+office,plausible,4,base,,0.50,False,False,,,,30,0.000,0.2786,0.0000,4,10.170,,,1.828,invariant_viole
hd0022,living+kitchen+bedroom+office,plausible,4,pavage,0,0.50,False,False,,,,30,0.000,0.2786,0.0000,4,10.170,,,0.654,trame
hd0022,living+kitchen+bedroom+office,plausible,4,pavage,4,0.50,False,True,4,2.4397,True,30,0.000,0.2786,0.0000,4,10.170,5.782899,0.5686,2.807,ok
hd0022,living+kitchen+bedroom+office,plausible,4,pavage,8,0.50,False,True,4,2.4397,True,30,0.000,0.2786,0.0000,4,10.170,5.782899,0.5686,2.580,ok
hd0022,living+kitchen+bedroom+office,plausible,4,pavage,16,0.50,False,True,4,2.4397,True,30,0.000,0.2786,0.0000,4,10.170,5.782899,0.5686,2.595,ok
hd0022,living+kitchen+bedroom+office,plausible,4,pavage,16,0.00,False,True,4,2.4397,True,30,0.000,0.2786,0.0000,4,10.170,5.782899,0.5686,3.224,ok
hd0022,living+kitchen+bedroom+office,plausible,4,pavage,16,0.25,False,True,4,2.4397,True,30,0.000,0.2786,0.0000,4,10.170,5.782899,0.5686,3.239,ok
hd0022,living+kitchen+bedroom+office,plausible,4,pavage,16,1.00,False,True,4,2.4397,True,30,0.000,0.2786,0.0000,4,10.170,5.782899,0.5686,3.237,ok
hd0022,living+kitchen+bedroom+office,plausible,4,pavage,16,1.80,False,True,4,2.4397,True,30,0.000,0.2786,0.0000,4,10.170,5.782899,0.5686,2.812,ok
hd0023,living+kitchen+bedroom+office,plausible,4,base,,0.50,False,False,,,,49,0.000,0.4969,0.0000,4,9.641,,,2.028,invariant_viole
hd0023,living+kitchen+bedroom+office,plausible,4,pavage,0,0.50,False,False,,,,49,0.000,0.4969,0.0000,4,9.641,,,0.646,trame
hd0023,living+kitchen+bedroom+office,plausible,4,pavage,4,0.50,False,False,,,,49,0.000,0.4969,0.0000,4,9.641,,,3.602,infaisable
hd0023,living+kitchen+bedroom+office,plausible,4,pavage,8,0.50,False,False,,,,49,0.000,0.4969,0.0000,4,9.641,,,2.751,infaisable
hd0023,living+kitchen+bedroom+office,plausible,4,pavage,16,0.50,False,False,,,,49,0.000,0.4969,0.0000,4,9.641,,,2.705,infaisable
hd0023,living+kitchen+bedroom+office,plausible,4,pavage,16,0.00,False,True,4,0.0000,False,49,0.000,0.4969,0.0000,4,9.641,8.312917,0.8622,2.477,ok
hd0023,living+kitchen+bedroom+office,plausible,4,pavage,16,0.25,False,False,,,,49,0.000,0.4969,0.0000,4,9.641,,,2.904,infaisable
hd0023,living+kitchen+bedroom+office,plausible,4,pavage,16,1.00,False,False,,,,49,0.000,0.4969,0.0000,4,9.641,,,2.688,infaisable
hd0023,living+kitchen+bedroom+office,plausible,4,pavage,16,1.80,False,False,,,,49,0.000,0.4969,0.0000,4,9.641,,,4.270,infaisable
hd0024,living+dining+bedroom+bathroom,chaine,4,base,,0.50,False,False,,,,36,1.500,0.4430,0.0000,1,10.655,,,1.949,invariant_viole
hd0024,living+dining+bedroom+bathroom,chaine,4,pavage,0,0.50,False,False,,,,36,1.500,0.4430,0.0000,1,10.655,,,0.705,trame
hd0024,living+dining+bedroom+bathroom,chaine,4,pavage,4,0.50,False,False,,,,36,1.500,0.4430,0.0000,1,10.655,,,0.706,trame
hd0024,living+dining+bedroom+bathroom,chaine,4,pavage,8,0.50,False,False,,,,36,1.500,0.4430,0.0000,1,10.655,,,0.773,trame
hd0024,living+dining+bedroom+bathroom,chaine,4,pavage,16,0.50,False,False,,,,36,1.500,0.4430,0.0000,1,10.655,,,0.665,trame
hd0024,living+dining+bedroom+bathroom,chaine,4,pavage,16,0.00,False,False,,,,36,1.500,0.4430,0.0000,1,10.655,,,0.727,trame
hd0024,living+dining+bedroom+bathroom,chaine,4,pavage,16,0.25,False,False,,,,36,1.500,0.4430,0.0000,1,10.655,,,0.645,trame
hd0024,living+dining+bedroom+bathroom,chaine,4,pavage,16,1.00,False,False,,,,36,1.500,0.4430,0.0000,1,10.655,,,0.657,trame
hd0024,living+dining+bedroom+bathroom,chaine,4,pavage,16,1.80,False,False,,,,36,1.500,0.4430,0.0000,1,10.655,,,0.639,trame
hd0025,living+dining+bedroom+bathroom,chaine,4,base,,0.50,False,False,,,,36,0.500,0.2130,0.0000,3,10.954,,,1.764,invariant_viole
hd0025,living+dining+bedroom+bathroom,chaine,4,pavage,0,0.50,False,False,,,,36,0.500,0.2130,0.0000,3,10.954,,,1.256,trame
hd0025,living+dining+bedroom+bathroom,chaine,4,pavage,4,0.50,False,False,,,,36,0.500,0.2130,0.0000,3,10.954,,,0.775,trame
hd0025,living+dining+bedroom+bathroom,chaine,4,pavage,8,0.50,False,False,,,,36,0.500,0.2130,0.0000,3,10.954,,,0.707,trame
hd0025,living+dining+bedroom+bathroom,chaine,4,pavage,16,0.50,False,False,,,,36,0.500,0.2130,0.0000,3,10.954,,,0.684,trame
hd0025,living+dining+bedroom+bathroom,chaine,4,pavage,16,0.00,False,False,,,,36,0.500,0.2130,0.0000,3,10.954,,,0.675,trame
hd0025,living+dining+bedroom+bathroom,chaine,4,pavage,16,0.25,False,False,,,,36,0.500,0.2130,0.0000,3,10.954,,,0.673,trame
hd0025,living+dining+bedroom+bathroom,chaine,4,pavage,16,1.00,False,False,,,,36,0.500,0.2130,0.0000,3,10.954,,,0.677,trame
hd0025,living+dining+bedroom+bathroom,chaine,4,pavage,16,1.80,False,False,,,,36,0.500,0.2130,0.0000,3,10.954,,,0.882,trame
hd0026,living+dining+bedroom+bathroom,chaine,4,base,,0.50,False,False,,,,42,1.000,0.0484,0.0000,2,8.119,,,1.698,invariant_viole
hd0026,living+dining+bedroom+bathroom,chaine,4,pavage,0,0.50,False,False,,,,42,1.000,0.0484,0.0000,2,8.119,,,0.584,trame
hd0026,living+dining+bedroom+bathroom,chaine,4,pavage,4,0.50,False,True,4,0.5000,True,42,1.000,0.0484,0.0000,2,8.119,0.722862,0.0890,2.352,ok
hd0026,living+dining+bedroom+bathroom,chaine,4,pavage,8,0.50,False,True,4,0.5000,True,42,1.000,0.0484,0.0000,2,8.119,0.722862,0.0890,2.416,ok
hd0026,living+dining+bedroom+bathroom,chaine,4,pavage,16,0.50,False,True,4,0.5000,True,42,1.000,0.0484,0.0000,2,8.119,0.722862,0.0890,2.870,ok
hd0026,living+dining+bedroom+bathroom,chaine,4,pavage,16,0.00,False,True,4,0.3614,False,42,1.000,0.0484,0.0000,2,8.119,0.722862,0.0890,3.270,ok
hd0026,living+dining+bedroom+bathroom,chaine,4,pavage,16,0.25,False,True,4,0.3614,False,42,1.000,0.0484,0.0000,2,8.119,0.722862,0.0890,2.617,ok
hd0026,living+dining+bedroom+bathroom,chaine,4,pavage,16,1.00,False,True,4,1.0000,True,42,1.000,0.0484,0.0000,2,8.119,0.722862,0.0890,2.429,ok
hd0026,living+dining+bedroom+bathroom,chaine,4,pavage,16,1.80,False,False,,,,42,1.000,0.0484,0.0000,2,8.119,,,2.412,infaisable
hd0027,living+dining+bedroom+bathroom,chaine,4,base,,0.50,False,False,,,,42,1.000,0.3191,0.0000,2,10.385,,,1.669,invariant_viole
hd0027,living+dining+bedroom+bathroom,chaine,4,pavage,0,0.50,False,False,,,,42,1.000,0.3191,0.0000,2,10.385,,,0.786,trame
hd0027,living+dining+bedroom+bathroom,chaine,4,pavage,4,0.50,False,False,,,,42,1.000,0.3191,0.0000,2,10.385,,,2.894,infaisable
hd0027,living+dining+bedroom+bathroom,chaine,4,pavage,8,0.50,False,False,,,,42,1.000,0.3191,0.0000,2,10.385,,,2.649,infaisable
hd0027,living+dining+bedroom+bathroom,chaine,4,pavage,16,0.50,False,False,,,,42,1.000,0.3191,0.0000,2,10.385,,,2.617,infaisable
hd0027,living+dining+bedroom+bathroom,chaine,4,pavage,16,0.00,False,False,,,,42,1.000,0.3191,0.0000,2,10.385,,,2.713,infaisable
hd0027,living+dining+bedroom+bathroom,chaine,4,pavage,16,0.25,False,False,,,,42,1.000,0.3191,0.0000,2,10.385,,,2.619,infaisable
hd0027,living+dining+bedroom+bathroom,chaine,4,pavage,16,1.00,False,False,,,,42,1.000,0.3191,0.0000,2,10.385,,,3.839,infaisable
hd0027,living+dining+bedroom+bathroom,chaine,4,pavage,16,1.80,False,False,,,,42,1.000,0.3191,0.0000,2,10.385,,,4.709,infaisable
hd0028,living+kitchen+bedroom+bedroom+bathroom,anneau,5,base,,0.50,False,False,,,,72,0.800,0.4611,0.0000,3,13.188,,,5.167,invariant_viole
hd0028,living+kitchen+bedroom+bedroom+bathroom,anneau,5,pavage,0,0.50,False,False,,,,72,0.800,0.4611,0.0000,3,13.188,,,0.841,trame
hd0028,living+kitchen+bedroom+bedroom+bathroom,anneau,5,pavage,4,0.50,False,False,,,,72,0.800,0.4611,0.0000,3,13.188,,,1.371,trame
hd0028,living+kitchen+bedroom+bedroom+bathroom,anneau,5,pavage,8,0.50,False,True,5,0.6325,True,72,0.800,0.4611,0.0000,3,13.188,7.409339,0.5618,4.311,ok
hd0028,living+kitchen+bedroom+bedroom+bathroom,anneau,5,pavage,16,0.50,False,True,5,0.6325,True,72,0.800,0.4611,0.0000,3,13.188,7.409339,0.5618,4.041,ok
hd0028,living+kitchen+bedroom+bedroom+bathroom,anneau,5,pavage,16,0.00,False,True,5,0.6325,True,72,0.800,0.4611,0.0000,3,13.188,7.409339,0.5618,3.500,ok
hd0028,living+kitchen+bedroom+bedroom+bathroom,anneau,5,pavage,16,0.25,False,True,5,0.6325,True,72,0.800,0.4611,0.0000,3,13.188,7.409339,0.5618,5.540,ok
hd0028,living+kitchen+bedroom+bedroom+bathroom,anneau,5,pavage,16,1.00,False,True,5,1.0000,True,72,0.800,0.4611,0.0000,3,13.188,7.041844,0.5340,4.267,ok
hd0028,living+kitchen+bedroom+bedroom+bathroom,anneau,5,pavage,16,1.80,False,True,5,1.8000,True,72,0.800,0.4611,0.0000,3,13.188,6.505761,0.4933,3.161,ok
hd0029,living+kitchen+bedroom+bedroom+bathroom,anneau,5,base,,0.50,False,False,,,,40,1.600,0.2799,0.0000,1,10.600,,,2.205,invariant_viole
hd0029,living+kitchen+bedroom+bedroom+bathroom,anneau,5,pavage,0,0.50,False,False,,,,40,1.600,0.2799,0.0000,1,10.600,,,0.626,trame
hd0029,living+kitchen+bedroom+bedroom+bathroom,anneau,5,pavage,4,0.50,False,True,5,0.5000,True,40,1.600,0.2799,0.0000,1,10.600,3.614312,0.3410,3.485,ok
hd0029,living+kitchen+bedroom+bedroom+bathroom,anneau,5,pavage,8,0.50,False,True,5,0.5000,True,40,1.600,0.2799,0.0000,1,10.600,3.614312,0.3410,3.694,ok
hd0029,living+kitchen+bedroom+bedroom+bathroom,anneau,5,pavage,16,0.50,False,True,5,0.5000,True,40,1.600,0.2799,0.0000,1,10.600,3.614312,0.3410,3.591,ok
hd0029,living+kitchen+bedroom+bedroom+bathroom,anneau,5,pavage,16,0.00,False,True,5,0.4518,False,40,1.600,0.2799,0.0000,1,10.600,3.614312,0.3410,3.557,ok
hd0029,living+kitchen+bedroom+bedroom+bathroom,anneau,5,pavage,16,0.25,False,True,5,0.4518,False,40,1.600,0.2799,0.0000,1,10.600,3.614312,0.3410,4.733,ok
hd0029,living+kitchen+bedroom+bedroom+bathroom,anneau,5,pavage,16,1.00,False,True,5,1.0000,True,40,1.600,0.2799,0.0000,1,10.600,3.614312,0.3410,3.856,ok
hd0029,living+kitchen+bedroom+bedroom+bathroom,anneau,5,pavage,16,1.80,False,True,5,1.8000,True,40,1.600,0.2799,0.0000,1,10.600,3.614312,0.3410,3.758,ok
hd0030,living+kitchen+bedroom+bedroom+bathroom,anneau,5,base,,0.50,False,False,,,,24,0.400,0.1334,0.0000,4,11.618,,,2.382,invariant_viole
hd0030,living+kitchen+bedroom+bedroom+bathroom,anneau,5,pavage,0,0.50,False,False,,,,24,0.400,0.1334,0.0000,4,11.618,,,0.707,trame
hd0030,living+kitchen+bedroom+bedroom+bathroom,anneau,5,pavage,4,0.50,False,True,5,1.7168,True,24,0.400,0.1334,0.0000,4,11.618,2.258945,0.1944,5.769,ok
hd0030,living+kitchen+bedroom+bedroom+bathroom,anneau,5,pavage,8,0.50,False,True,5,1.7168,True,24,0.400,0.1334,0.0000,4,11.618,2.258945,0.1944,3.663,ok
hd0030,living+kitchen+bedroom+bedroom+bathroom,anneau,5,pavage,16,0.50,False,True,5,1.7168,True,24,0.400,0.1334,0.0000,4,11.618,2.258945,0.1944,3.987,ok
hd0030,living+kitchen+bedroom+bedroom+bathroom,anneau,5,pavage,16,0.00,False,True,5,1.7168,True,24,0.400,0.1334,0.0000,4,11.618,2.258945,0.1944,5.043,ok
hd0030,living+kitchen+bedroom+bedroom+bathroom,anneau,5,pavage,16,0.25,False,True,5,1.7168,True,24,0.400,0.1334,0.0000,4,11.618,2.258945,0.1944,4.657,ok
hd0030,living+kitchen+bedroom+bedroom+bathroom,anneau,5,pavage,16,1.00,False,True,5,1.7168,True,24,0.400,0.1334,0.0000,4,11.618,2.258945,0.1944,3.115,ok
hd0030,living+kitchen+bedroom+bedroom+bathroom,anneau,5,pavage,16,1.80,False,True,5,1.8000,True,24,0.400,0.1334,0.0000,4,11.618,2.258945,0.1944,3.158,ok
hd0031,living+kitchen+bedroom+bedroom+bathroom,anneau,5,base,,0.50,False,False,,,,48,0.400,0.3711,0.0000,4,11.475,,,2.550,invariant_viole
hd0031,living+kitchen+bedroom+bedroom+bathroom,anneau,5,pavage,0,0.50,False,False,,,,48,0.400,0.3711,0.0000,4,11.475,,,0.799,trame
hd0031,living+kitchen+bedroom+bedroom+bathroom,anneau,5,pavage,4,0.50,False,False,,,,48,0.400,0.3711,0.0000,4,11.475,,,0.888,trame
hd0031,living+kitchen+bedroom+bedroom+bathroom,anneau,5,pavage,8,0.50,False,False,,,,48,0.400,0.3711,0.0000,4,11.475,,,3.837,infaisable
hd0031,living+kitchen+bedroom+bedroom+bathroom,anneau,5,pavage,16,0.50,False,False,,,,48,0.400,0.3711,0.0000,4,11.475,,,3.950,infaisable
hd0031,living+kitchen+bedroom+bedroom+bathroom,anneau,5,pavage,16,0.00,False,True,5,0.0000,False,48,0.400,0.3711,0.0000,4,11.475,5.060036,0.4409,3.181,ok
hd0031,living+kitchen+bedroom+bedroom+bathroom,anneau,5,pavage,16,0.25,False,False,,,,48,0.400,0.3711,0.0000,4,11.475,,,7.474,infaisable
hd0031,living+kitchen+bedroom+bedroom+bathroom,anneau,5,pavage,16,1.00,False,False,,,,48,0.400,0.3711,0.0000,4,11.475,,,5.929,infaisable
hd0031,living+kitchen+bedroom+bedroom+bathroom,anneau,5,pavage,16,1.80,False,False,,,,48,0.400,0.3711,0.0000,4,11.475,,,5.636,infaisable
hd0032,living+kitchen+bedroom+bathroom+office,etoile,5,base,,0.50,False,False,,,,63,0.400,0.3988,0.0000,4,10.570,,,2.205,invariant_viole
hd0032,living+kitchen+bedroom+bathroom+office,etoile,5,pavage,0,0.50,False,False,,,,63,0.400,0.3988,0.0000,4,10.570,,,0.755,trame
hd0032,living+kitchen+bedroom+bathroom+office,etoile,5,pavage,4,0.50,False,True,5,0.9939,True,63,0.400,0.3988,0.0000,4,10.570,5.150394,0.4873,3.064,ok
hd0032,living+kitchen+bedroom+bathroom+office,etoile,5,pavage,8,0.50,False,True,5,0.9939,True,63,0.400,0.3988,0.0000,4,10.570,5.150394,0.4873,2.911,ok
hd0032,living+kitchen+bedroom+bathroom+office,etoile,5,pavage,16,0.50,False,True,5,0.9939,True,63,0.400,0.3988,0.0000,4,10.570,5.150394,0.4873,2.951,ok
hd0032,living+kitchen+bedroom+bathroom+office,etoile,5,pavage,16,0.00,False,True,5,0.9939,True,63,0.400,0.3988,0.0000,4,10.570,5.150394,0.4873,5.726,ok
hd0032,living+kitchen+bedroom+bathroom+office,etoile,5,pavage,16,0.25,False,True,5,0.9939,True,63,0.400,0.3988,0.0000,4,10.570,5.150394,0.4873,4.511,ok
hd0032,living+kitchen+bedroom+bathroom+office,etoile,5,pavage,16,1.00,False,True,5,1.0000,True,63,0.400,0.3988,0.0000,4,10.570,5.150394,0.4873,3.277,ok
hd0032,living+kitchen+bedroom+bathroom+office,etoile,5,pavage,16,1.80,False,True,5,1.8000,True,63,0.400,0.3988,0.0000,4,10.570,5.150394,0.4873,4.362,ok
hd0033,living+kitchen+bedroom+bathroom+office,etoile,5,base,,0.50,False,False,,,,42,0.800,0.2393,0.0000,3,9.895,,,2.139,invariant_viole
hd0033,living+kitchen+bedroom+bathroom+office,etoile,5,pavage,0,0.50,False,False,,,,42,0.800,0.2393,0.0000,3,9.895,,,0.650,trame
hd0033,living+kitchen+bedroom+bathroom+office,etoile,5,pavage,4,0.50,False,False,,,,42,0.800,0.2393,0.0000,3,9.895,,,3.323,infaisable
hd0033,living+kitchen+bedroom+bathroom+office,etoile,5,pavage,8,0.50,False,False,,,,42,0.800,0.2393,0.0000,3,9.895,,,3.199,infaisable
hd0033,living+kitchen+bedroom+bathroom+office,etoile,5,pavage,16,0.50,False,False,,,,42,0.800,0.2393,0.0000,3,9.895,,,4.992,infaisable
hd0033,living+kitchen+bedroom+bathroom+office,etoile,5,pavage,16,0.00,False,True,5,0.0000,False,42,0.800,0.2393,0.0000,3,9.895,14.818678,1.4975,2.854,ok
hd0033,living+kitchen+bedroom+bathroom+office,etoile,5,pavage,16,0.25,False,False,,,,42,0.800,0.2393,0.0000,3,9.895,,,3.020,infaisable
hd0033,living+kitchen+bedroom+bathroom+office,etoile,5,pavage,16,1.00,False,False,,,,42,0.800,0.2393,0.0000,3,9.895,,,3.083,infaisable
hd0033,living+kitchen+bedroom+bathroom+office,etoile,5,pavage,16,1.80,False,False,,,,42,0.800,0.2393,0.0000,3,9.895,,,3.043,infaisable
hd0034,living+kitchen+bedroom+bathroom+office,etoile,5,base,,0.50,False,False,,,,42,0.400,0.3639,0.0000,4,10.533,,,2.344,invariant_viole
hd0034,living+kitchen+bedroom+bathroom+office,etoile,5,pavage,0,0.50,False,False,,,,42,0.400,0.3639,0.0000,4,10.533,,,0.636,trame
hd0034,living+kitchen+bedroom+bathroom+office,etoile,5,pavage,4,0.50,False,False,,,,42,0.400,0.3639,0.0000,4,10.533,,,0.859,trame
hd0034,living+kitchen+bedroom+bathroom+office,etoile,5,pavage,8,0.50,False,False,,,,42,0.400,0.3639,0.0000,4,10.533,,,1.076,trame
hd0034,living+kitchen+bedroom+bathroom+office,etoile,5,pavage,16,0.50,False,False,,,,42,0.400,0.3639,0.0000,4,10.533,,,1.038,trame
hd0034,living+kitchen+bedroom+bathroom+office,etoile,5,pavage,16,0.00,False,False,,,,42,0.400,0.3639,0.0000,4,10.533,,,1.098,trame
hd0034,living+kitchen+bedroom+bathroom+office,etoile,5,pavage,16,0.25,False,False,,,,42,0.400,0.3639,0.0000,4,10.533,,,1.059,trame
hd0034,living+kitchen+bedroom+bathroom+office,etoile,5,pavage,16,1.00,False,False,,,,42,0.400,0.3639,0.0000,4,10.533,,,1.086,trame
hd0034,living+kitchen+bedroom+bathroom+office,etoile,5,pavage,16,1.80,False,False,,,,42,0.400,0.3639,0.0000,4,10.533,,,1.080,trame
hd0035,living+kitchen+bedroom+bathroom+office,etoile,5,base,,0.50,False,False,,,,48,0.400,0.3121,0.0000,4,10.493,,,3.259,invariant_viole
hd0035,living+kitchen+bedroom+bathroom+office,etoile,5,pavage,0,0.50,False,False,,,,48,0.400,0.3121,0.0000,4,10.493,,,1.388,trame
hd0035,living+kitchen+bedroom+bathroom+office,etoile,5,pavage,4,0.50,False,False,,,,48,0.400,0.3121,0.0000,4,10.493,,,1.158,trame
hd0035,living+kitchen+bedroom+bathroom+office,etoile,5,pavage,8,0.50,False,False,,,,48,0.400,0.3121,0.0000,4,10.493,,,2.738,trame
hd0035,living+kitchen+bedroom+bathroom+office,etoile,5,pavage,16,0.50,False,False,,,,48,0.400,0.3121,0.0000,4,10.493,,,1.329,trame
hd0035,living+kitchen+bedroom+bathroom+office,etoile,5,pavage,16,0.00,False,False,,,,48,0.400,0.3121,0.0000,4,10.493,,,0.804,trame
hd0035,living+kitchen+bedroom+bathroom+office,etoile,5,pavage,16,0.25,False,False,,,,48,0.400,0.3121,0.0000,4,10.493,,,0.742,trame
hd0035,living+kitchen+bedroom+bathroom+office,etoile,5,pavage,16,1.00,False,False,,,,48,0.400,0.3121,0.0000,4,10.493,,,0.720,trame
hd0035,living+kitchen+bedroom+bathroom+office,etoile,5,pavage,16,1.80,False,False,,,,48,0.400,0.3121,0.0000,4,10.493,,,0.697,trame
hd0036,living+kitchen+bedroom+bathroom+storage,plausible,5,base,,0.50,False,False,,,,36,1.200,0.1250,0.0000,2,11.618,,,2.753,invariant_viole
hd0036,living+kitchen+bedroom+bathroom+storage,plausible,5,pavage,0,0.50,False,False,,,,36,1.200,0.1250,0.0000,2,11.618,,,0.693,trame
hd0036,living+kitchen+bedroom+bathroom+storage,plausible,5,pavage,4,0.50,False,True,5,0.6325,True,36,1.200,0.1250,0.0000,2,11.618,4.337174,0.3733,3.907,ok
hd0036,living+kitchen+bedroom+bathroom+storage,plausible,5,pavage,8,0.50,False,True,5,0.6325,True,36,1.200,0.1250,0.0000,2,11.618,4.337174,0.3733,4.326,ok
hd0036,living+kitchen+bedroom+bathroom+storage,plausible,5,pavage,16,0.50,False,True,5,0.6325,True,36,1.200,0.1250,0.0000,2,11.618,4.337174,0.3733,5.839,ok
hd0036,living+kitchen+bedroom+bathroom+storage,plausible,5,pavage,16,0.00,False,True,5,0.6325,True,36,1.200,0.1250,0.0000,2,11.618,4.337174,0.3733,5.292,ok
hd0036,living+kitchen+bedroom+bathroom+storage,plausible,5,pavage,16,0.25,False,True,5,0.6325,True,36,1.200,0.1250,0.0000,2,11.618,4.337174,0.3733,4.671,ok
hd0036,living+kitchen+bedroom+bathroom+storage,plausible,5,pavage,16,1.00,False,True,5,1.0000,True,36,1.200,0.1250,0.0000,2,11.618,4.337174,0.3733,4.754,ok
hd0036,living+kitchen+bedroom+bathroom+storage,plausible,5,pavage,16,1.80,False,True,5,1.8000,True,36,1.200,0.1250,0.0000,2,11.618,4.337174,0.3733,4.026,ok
hd0037,living+kitchen+bedroom+bathroom+storage,plausible,5,base,,0.50,False,False,,,,49,0.400,0.3801,0.0000,4,9.981,,,2.404,invariant_viole
hd0037,living+kitchen+bedroom+bathroom+storage,plausible,5,pavage,0,0.50,False,False,,,,49,0.400,0.3801,0.0000,4,9.981,,,0.717,trame
hd0037,living+kitchen+bedroom+bathroom+storage,plausible,5,pavage,4,0.50,False,False,,,,49,0.400,0.3801,0.0000,4,9.981,,,3.090,infaisable
hd0037,living+kitchen+bedroom+bathroom+storage,plausible,5,pavage,8,0.50,False,False,,,,49,0.400,0.3801,0.0000,4,9.981,,,3.129,infaisable
hd0037,living+kitchen+bedroom+bathroom+storage,plausible,5,pavage,16,0.50,False,False,,,,49,0.400,0.3801,0.0000,4,9.981,,,3.923,infaisable
hd0037,living+kitchen+bedroom+bathroom+storage,plausible,5,pavage,16,0.00,False,True,5,0.0000,False,49,0.400,0.3801,0.0000,4,9.981,11.927229,1.1950,3.441,ok
hd0037,living+kitchen+bedroom+bathroom+storage,plausible,5,pavage,16,0.25,False,False,,,,49,0.400,0.3801,0.0000,4,9.981,,,3.162,infaisable
hd0037,living+kitchen+bedroom+bathroom+storage,plausible,5,pavage,16,1.00,False,False,,,,49,0.400,0.3801,0.0000,4,9.981,,,3.024,infaisable
hd0037,living+kitchen+bedroom+bathroom+storage,plausible,5,pavage,16,1.80,False,False,,,,49,0.400,0.3801,0.0000,4,9.981,,,3.008,infaisable
hd0038,living+kitchen+bedroom+bathroom+storage,plausible,5,base,,0.50,False,False,,,,72,0.800,0.4151,0.0000,3,11.337,,,2.089,invariant_viole
hd0038,living+kitchen+bedroom+bathroom+storage,plausible,5,pavage,0,0.50,False,False,,,,72,0.800,0.4151,0.0000,3,11.337,,,1.006,trame
hd0038,living+kitchen+bedroom+bathroom+storage,plausible,5,pavage,4,0.50,False,False,,,,72,0.800,0.4151,0.0000,3,11.337,,,1.039,trame
hd0038,living+kitchen+bedroom+bathroom+storage,plausible,5,pavage,8,0.50,False,False,,,,72,0.800,0.4151,0.0000,3,11.337,,,4.981,infaisable
hd0038,living+kitchen+bedroom+bathroom+storage,plausible,5,pavage,16,0.50,False,False,,,,72,0.800,0.4151,0.0000,3,11.337,,,3.413,infaisable
hd0038,living+kitchen+bedroom+bathroom+storage,plausible,5,pavage,16,0.00,False,True,5,0.0000,False,72,0.800,0.4151,0.0000,3,11.337,11.927229,1.0521,3.831,ok
hd0038,living+kitchen+bedroom+bathroom+storage,plausible,5,pavage,16,0.25,False,False,,,,72,0.800,0.4151,0.0000,3,11.337,,,3.339,infaisable
hd0038,living+kitchen+bedroom+bathroom+storage,plausible,5,pavage,16,1.00,False,False,,,,72,0.800,0.4151,0.0000,3,11.337,,,3.093,infaisable
hd0038,living+kitchen+bedroom+bathroom+storage,plausible,5,pavage,16,1.80,False,False,,,,72,0.800,0.4151,0.0000,3,11.337,,,3.097,infaisable
hd0039,living+kitchen+bedroom+bathroom+storage,plausible,5,base,,0.50,False,False,,,,42,1.200,0.3604,0.0000,2,11.831,,,2.064,invariant_viole
hd0039,living+kitchen+bedroom+bathroom+storage,plausible,5,pavage,0,0.50,False,False,,,,42,1.200,0.3604,0.0000,2,11.831,,,0.643,trame
hd0039,living+kitchen+bedroom+bathroom+storage,plausible,5,pavage,4,0.50,False,False,,,,42,1.200,0.3604,0.0000,2,11.831,,,3.377,infaisable
hd0039,living+kitchen+bedroom+bathroom+storage,plausible,5,pavage,8,0.50,False,False,,,,42,1.200,0.3604,0.0000,2,11.831,,,4.410,infaisable
hd0039,living+kitchen+bedroom+bathroom+storage,plausible,5,pavage,16,0.50,False,False,,,,42,1.200,0.3604,0.0000,2,11.831,,,3.910,infaisable
hd0039,living+kitchen+bedroom+bathroom+storage,plausible,5,pavage,16,0.00,False,True,5,0.0000,False,42,1.200,0.3604,0.0000,2,11.831,7.409339,0.6262,2.982,ok
hd0039,living+kitchen+bedroom+bathroom+storage,plausible,5,pavage,16,0.25,False,False,,,,42,1.200,0.3604,0.0000,2,11.831,,,3.164,infaisable
hd0039,living+kitchen+bedroom+bathroom+storage,plausible,5,pavage,16,1.00,False,False,,,,42,1.200,0.3604,0.0000,2,11.831,,,3.575,infaisable
hd0039,living+kitchen+bedroom+bathroom+storage,plausible,5,pavage,16,1.80,False,False,,,,42,1.200,0.3604,0.0000,2,11.831,,,3.154,infaisable
hd0040,living+dining+kitchen+bedroom+bathroom,chaine,5,base,,0.50,False,False,,,,54,1.600,0.1983,0.0000,1,10.015,,,1.983,invariant_viole
hd0040,living+dining+kitchen+bedroom+bathroom,chaine,5,pavage,0,0.50,False,False,,,,54,1.600,0.1983,0.0000,1,10.015,,,0.636,trame
hd0040,living+dining+kitchen+bedroom+bathroom,chaine,5,pavage,4,0.50,False,False,,,,54,1.600,0.1983,0.0000,1,10.015,,,0.857,trame
hd0040,living+dining+kitchen+bedroom+bathroom,chaine,5,pavage,8,0.50,False,False,,,,54,1.600,0.1983,0.0000,1,10.015,,,1.010,trame
hd0040,living+dining+kitchen+bedroom+bathroom,chaine,5,pavage,16,0.50,False,False,,,,54,1.600,0.1983,0.0000,1,10.015,,,1.228,trame
hd0040,living+dining+kitchen+bedroom+bathroom,chaine,5,pavage,16,0.00,False,False,,,,54,1.600,0.1983,0.0000,1,10.015,,,1.013,trame
hd0040,living+dining+kitchen+bedroom+bathroom,chaine,5,pavage,16,0.25,False,False,,,,54,1.600,0.1983,0.0000,1,10.015,,,1.002,trame
hd0040,living+dining+kitchen+bedroom+bathroom,chaine,5,pavage,16,1.00,False,False,,,,54,1.600,0.1983,0.0000,1,10.015,,,1.561,trame
hd0040,living+dining+kitchen+bedroom+bathroom,chaine,5,pavage,16,1.80,False,False,,,,54,1.600,0.1983,0.0000,1,10.015,,,1.723,trame
hd0041,living+dining+kitchen+bedroom+bathroom,chaine,5,base,,0.50,False,False,,,,72,2.000,0.4100,0.0000,1,11.478,,,3.808,invariant_viole
hd0041,living+dining+kitchen+bedroom+bathroom,chaine,5,pavage,0,0.50,False,False,,,,72,2.000,0.4100,0.0000,1,11.478,,,0.798,trame
hd0041,living+dining+kitchen+bedroom+bathroom,chaine,5,pavage,4,0.50,False,False,,,,72,2.000,0.4100,0.0000,1,11.478,,,0.977,trame
hd0041,living+dining+kitchen+bedroom+bathroom,chaine,5,pavage,8,0.50,False,False,,,,72,2.000,0.4100,0.0000,1,11.478,,,0.930,trame
hd0041,living+dining+kitchen+bedroom+bathroom,chaine,5,pavage,16,0.50,False,False,,,,72,2.000,0.4100,0.0000,1,11.478,,,0.904,trame
hd0041,living+dining+kitchen+bedroom+bathroom,chaine,5,pavage,16,0.00,False,False,,,,72,2.000,0.4100,0.0000,1,11.478,,,0.901,trame
hd0041,living+dining+kitchen+bedroom+bathroom,chaine,5,pavage,16,0.25,False,False,,,,72,2.000,0.4100,0.0000,1,11.478,,,0.884,trame
hd0041,living+dining+kitchen+bedroom+bathroom,chaine,5,pavage,16,1.00,False,False,,,,72,2.000,0.4100,0.0000,1,11.478,,,0.861,trame
hd0041,living+dining+kitchen+bedroom+bathroom,chaine,5,pavage,16,1.80,False,False,,,,72,2.000,0.4100,0.0000,1,11.478,,,1.168,trame
hd0042,living+dining+kitchen+bedroom+bathroom,chaine,5,base,,0.50,False,False,,,,36,1.200,0.2407,0.0000,2,9.737,,,2.377,invariant_viole
hd0042,living+dining+kitchen+bedroom+bathroom,chaine,5,pavage,0,0.50,False,False,,,,36,1.200,0.2407,0.0000,2,9.737,,,0.661,trame
hd0042,living+dining+kitchen+bedroom+bathroom,chaine,5,pavage,4,0.50,False,False,,,,36,1.200,0.2407,0.0000,2,9.737,,,0.900,trame
hd0042,living+dining+kitchen+bedroom+bathroom,chaine,5,pavage,8,0.50,False,False,,,,36,1.200,0.2407,0.0000,2,9.737,,,3.863,infaisable
hd0042,living+dining+kitchen+bedroom+bathroom,chaine,5,pavage,16,0.50,False,False,,,,36,1.200,0.2407,0.0000,2,9.737,,,3.252,infaisable
hd0042,living+dining+kitchen+bedroom+bathroom,chaine,5,pavage,16,0.00,False,True,5,0.0000,False,36,1.200,0.2407,0.0000,2,9.737,6.415403,0.6588,3.350,ok
hd0042,living+dining+kitchen+bedroom+bathroom,chaine,5,pavage,16,0.25,False,False,,,,36,1.200,0.2407,0.0000,2,9.737,,,4.993,infaisable
hd0042,living+dining+kitchen+bedroom+bathroom,chaine,5,pavage,16,1.00,False,False,,,,36,1.200,0.2407,0.0000,2,9.737,,,3.524,infaisable
hd0042,living+dining+kitchen+bedroom+bathroom,chaine,5,pavage,16,1.80,False,False,,,,36,1.200,0.2407,0.0000,2,9.737,,,3.281,infaisable
hd0043,living+dining+kitchen+bedroom+bathroom,chaine,5,base,,0.50,False,False,,,,64,1.200,0.3631,0.0000,2,10.965,,,2.462,invariant_viole
hd0043,living+dining+kitchen+bedroom+bathroom,chaine,5,pavage,0,0.50,False,False,,,,64,1.200,0.3631,0.0000,2,10.965,,,0.772,trame
hd0043,living+dining+kitchen+bedroom+bathroom,chaine,5,pavage,4,0.50,False,False,,,,64,1.200,0.3631,0.0000,2,10.965,,,0.877,trame
hd0043,living+dining+kitchen+bedroom+bathroom,chaine,5,pavage,8,0.50,False,False,,,,64,1.200,0.3631,0.0000,2,10.965,,,0.961,trame
hd0043,living+dining+kitchen+bedroom+bathroom,chaine,5,pavage,16,0.50,False,False,,,,64,1.200,0.3631,0.0000,2,10.965,,,0.924,trame
hd0043,living+dining+kitchen+bedroom+bathroom,chaine,5,pavage,16,0.00,False,False,,,,64,1.200,0.3631,0.0000,2,10.965,,,0.836,trame
hd0043,living+dining+kitchen+bedroom+bathroom,chaine,5,pavage,16,0.25,False,False,,,,64,1.200,0.3631,0.0000,2,10.965,,,0.833,trame
hd0043,living+dining+kitchen+bedroom+bathroom,chaine,5,pavage,16,1.00,False,False,,,,64,1.200,0.3631,0.0000,2,10.965,,,0.837,trame
hd0043,living+dining+kitchen+bedroom+bathroom,chaine,5,pavage,16,1.80,False,False,,,,64,1.200,0.3631,0.0000,2,10.965,,,0.835,trame
hd0044,living+kitchen+bedroom+bathroom+hallway,anneau,5,base,,0.50,False,False,,,,42,0.800,0.0377,0.0000,3,10.379,,,2.160,invariant_viole
hd0044,living+kitchen+bedroom+bathroom+hallway,anneau,5,pavage,0,0.50,False,False,,,,42,0.800,0.0377,0.0000,3,10.379,,,0.651,trame
hd0044,living+kitchen+bedroom+bathroom+hallway,anneau,5,pavage,4,0.50,False,True,5,0.6325,True,42,0.800,0.0377,0.0000,3,10.379,1.445725,0.1393,5.653,ok
hd0044,living+kitchen+bedroom+bathroom+hallway,anneau,5,pavage,8,0.50,False,True,5,0.6325,True,42,0.800,0.0377,0.0000,3,10.379,1.445725,0.1393,5.026,ok
hd0044,living+kitchen+bedroom+bathroom+hallway,anneau,5,pavage,16,0.50,False,True,5,0.6325,True,42,0.800,0.0377,0.0000,3,10.379,1.445725,0.1393,3.401,ok
hd0044,living+kitchen+bedroom+bathroom+hallway,anneau,5,pavage,16,0.00,False,True,5,0.6325,True,42,0.800,0.0377,0.0000,3,10.379,1.445725,0.1393,4.490,ok
hd0044,living+kitchen+bedroom+bathroom+hallway,anneau,5,pavage,16,0.25,False,True,5,0.6325,True,42,0.800,0.0377,0.0000,3,10.379,1.445725,0.1393,4.532,ok
hd0044,living+kitchen+bedroom+bathroom+hallway,anneau,5,pavage,16,1.00,False,True,5,1.0000,True,42,0.800,0.0377,0.0000,3,10.379,1.078229,0.1039,3.462,ok
hd0044,living+kitchen+bedroom+bathroom+hallway,anneau,5,pavage,16,1.80,False,True,5,1.8000,True,42,0.800,0.0377,0.0000,3,10.379,1.167495,0.1125,2.874,ok
hd0045,living+kitchen+bedroom+bathroom+hallway,anneau,5,base,,0.50,False,False,,,,56,0.400,0.3517,0.0000,4,10.869,,,2.673,invariant_viole
hd0045,living+kitchen+bedroom+bathroom+hallway,anneau,5,pavage,0,0.50,False,False,,,,56,0.400,0.3517,0.0000,4,10.869,,,0.891,trame
hd0045,living+kitchen+bedroom+bathroom+hallway,anneau,5,pavage,4,0.50,False,False,,,,56,0.400,0.3517,0.0000,4,10.869,,,0.861,trame
hd0045,living+kitchen+bedroom+bathroom+hallway,anneau,5,pavage,8,0.50,False,False,,,,56,0.400,0.3517,0.0000,4,10.869,,,1.026,trame
hd0045,living+kitchen+bedroom+bathroom+hallway,anneau,5,pavage,16,0.50,False,False,,,,56,0.400,0.3517,0.0000,4,10.869,,,0.919,trame
hd0045,living+kitchen+bedroom+bathroom+hallway,anneau,5,pavage,16,0.00,False,False,,,,56,0.400,0.3517,0.0000,4,10.869,,,0.893,trame
hd0045,living+kitchen+bedroom+bathroom+hallway,anneau,5,pavage,16,0.25,False,False,,,,56,0.400,0.3517,0.0000,4,10.869,,,0.853,trame
hd0045,living+kitchen+bedroom+bathroom+hallway,anneau,5,pavage,16,1.00,False,False,,,,56,0.400,0.3517,0.0000,4,10.869,,,0.929,trame
hd0045,living+kitchen+bedroom+bathroom+hallway,anneau,5,pavage,16,1.80,False,False,,,,56,0.400,0.3517,0.0000,4,10.869,,,0.879,trame
hd0046,living+kitchen+bedroom+bathroom+hallway,anneau,5,base,,0.50,False,False,,,,56,0.800,0.3540,0.0000,3,9.867,,,2.217,invariant_viole
hd0046,living+kitchen+bedroom+bathroom+hallway,anneau,5,pavage,0,0.50,False,False,,,,56,0.800,0.3540,0.0000,3,9.867,,,0.620,trame
hd0046,living+kitchen+bedroom+bathroom+hallway,anneau,5,pavage,4,0.50,False,False,,,,56,0.800,0.3540,0.0000,3,9.867,,,0.829,trame
hd0046,living+kitchen+bedroom+bathroom+hallway,anneau,5,pavage,8,0.50,False,True,5,1.0843,True,56,0.800,0.3540,0.0000,3,9.867,3.343238,0.3388,3.892,ok
hd0046,living+kitchen+bedroom+bathroom+hallway,anneau,5,pavage,16,0.50,False,True,5,1.0843,True,56,0.800,0.3540,0.0000,3,9.867,3.343238,0.3388,3.810,ok
hd0046,living+kitchen+bedroom+bathroom+hallway,anneau,5,pavage,16,0.00,False,True,5,1.0843,True,56,0.800,0.3540,0.0000,3,9.867,3.343238,0.3388,3.496,ok
hd0046,living+kitchen+bedroom+bathroom+hallway,anneau,5,pavage,16,0.25,False,True,5,1.0843,True,56,0.800,0.3540,0.0000,3,9.867,3.343238,0.3388,2.996,ok
hd0046,living+kitchen+bedroom+bathroom+hallway,anneau,5,pavage,16,1.00,False,True,5,1.0843,True,56,0.800,0.3540,0.0000,3,9.867,3.343238,0.3388,4.979,ok
hd0046,living+kitchen+bedroom+bathroom+hallway,anneau,5,pavage,16,1.80,False,True,5,1.8000,True,56,0.800,0.3540,0.0000,3,9.867,3.343238,0.3388,5.219,ok
hd0047,living+kitchen+bedroom+bathroom+hallway,anneau,5,base,,0.50,False,False,,,,49,1.600,0.4788,0.0000,2,12.131,,,3.878,invariant_viole
hd0047,living+kitchen+bedroom+bathroom+hallway,anneau,5,pavage,0,0.50,False,False,,,,49,1.600,0.4788,0.0000,2,12.131,,,0.899,trame
hd0047,living+kitchen+bedroom+bathroom+hallway,anneau,5,pavage,4,0.50,False,False,,,,49,1.600,0.4788,0.0000,2,12.131,,,3.055,trame
hd0047,living+kitchen+bedroom+bathroom+hallway,anneau,5,pavage,8,0.50,False,False,,,,49,1.600,0.4788,0.0000,2,12.131,,,1.976,trame
hd0047,living+kitchen+bedroom+bathroom+hallway,anneau,5,pavage,16,0.50,False,False,,,,49,1.600,0.4788,0.0000,2,12.131,,,1.513,trame
hd0047,living+kitchen+bedroom+bathroom+hallway,anneau,5,pavage,16,0.00,False,False,,,,49,1.600,0.4788,0.0000,2,12.131,,,1.553,trame
hd0047,living+kitchen+bedroom+bathroom+hallway,anneau,5,pavage,16,0.25,False,False,,,,49,1.600,0.4788,0.0000,2,12.131,,,1.306,trame
hd0047,living+kitchen+bedroom+bathroom+hallway,anneau,5,pavage,16,1.00,False,False,,,,49,1.600,0.4788,0.0000,2,12.131,,,0.967,trame
hd0047,living+kitchen+bedroom+bathroom+hallway,anneau,5,pavage,16,1.80,False,False,,,,49,1.600,0.4788,0.0000,2,12.131,,,1.236,trame
hd0048,living+kitchen+bedroom+bedroom+bathroom+hallway,etoile,6,base,,0.50,False,False,,,,70,0.333,0.2290,0.0000,5,10.196,,,2.478,invariant_viole
hd0048,living+kitchen+bedroom+bedroom+bathroom+hallway,etoile,6,pavage,0,0.50,False,False,,,,70,0.333,0.2290,0.0000,5,10.196,,,0.917,trame
hd0048,living+kitchen+bedroom+bedroom+bathroom+hallway,etoile,6,pavage,4,0.50,False,False,,,,70,0.333,0.2290,0.0000,5,10.196,,,1.423,trame
hd0048,living+kitchen+bedroom+bedroom+bathroom+hallway,etoile,6,pavage,8,0.50,False,False,,,,70,0.333,0.2290,0.0000,5,10.196,,,3.935,infaisable
hd0048,living+kitchen+bedroom+bedroom+bathroom+hallway,etoile,6,pavage,16,0.50,False,False,,,,70,0.333,0.2290,0.0000,5,10.196,,,3.707,infaisable
hd0048,living+kitchen+bedroom+bedroom+bathroom+hallway,etoile,6,pavage,16,0.00,False,True,6,0.0000,False,70,0.333,0.2290,0.0000,5,10.196,3.614312,0.3545,4.173,ok
hd0048,living+kitchen+bedroom+bedroom+bathroom+hallway,etoile,6,pavage,16,0.25,False,False,,,,70,0.333,0.2290,0.0000,5,10.196,,,4.127,infaisable
hd0048,living+kitchen+bedroom+bedroom+bathroom+hallway,etoile,6,pavage,16,1.00,False,False,,,,70,0.333,0.2290,0.0000,5,10.196,,,4.297,infaisable
hd0048,living+kitchen+bedroom+bedroom+bathroom+hallway,etoile,6,pavage,16,1.80,False,False,,,,70,0.333,0.2290,0.0000,5,10.196,,,3.751,infaisable
hd0049,living+kitchen+bedroom+bedroom+bathroom+hallway,etoile,6,base,,0.50,False,False,,,,63,0.000,0.2341,0.0000,6,12.193,,,2.281,invariant_viole
hd0049,living+kitchen+bedroom+bedroom+bathroom+hallway,etoile,6,pavage,0,0.50,False,False,,,,63,0.000,0.2341,0.0000,6,12.193,,,0.690,trame
hd0049,living+kitchen+bedroom+bedroom+bathroom+hallway,etoile,6,pavage,4,0.50,False,False,,,,63,0.000,0.2341,0.0000,6,12.193,,,0.914,trame
hd0049,living+kitchen+bedroom+bedroom+bathroom+hallway,etoile,6,pavage,8,0.50,False,True,6,1.3554,True,63,0.000,0.2341,0.0000,6,12.193,6.234688,0.5113,3.927,ok
hd0049,living+kitchen+bedroom+bedroom+bathroom+hallway,etoile,6,pavage,16,0.50,False,True,6,1.3554,True,63,0.000,0.2341,0.0000,6,12.193,6.234688,0.5113,3.472,ok
hd0049,living+kitchen+bedroom+bedroom+bathroom+hallway,etoile,6,pavage,16,0.00,False,True,6,1.3554,True,63,0.000,0.2341,0.0000,6,12.193,6.234688,0.5113,3.509,ok
hd0049,living+kitchen+bedroom+bedroom+bathroom+hallway,etoile,6,pavage,16,0.25,False,True,6,1.3554,True,63,0.000,0.2341,0.0000,6,12.193,6.234688,0.5113,3.445,ok
hd0049,living+kitchen+bedroom+bedroom+bathroom+hallway,etoile,6,pavage,16,1.00,False,True,6,1.3554,True,63,0.000,0.2341,0.0000,6,12.193,6.234688,0.5113,4.261,ok
hd0049,living+kitchen+bedroom+bedroom+bathroom+hallway,etoile,6,pavage,16,1.80,False,True,6,1.8000,True,63,0.000,0.2341,0.0000,6,12.193,6.234688,0.5113,4.291,ok
hd0050,living+kitchen+bedroom+bedroom+bathroom+hallway,etoile,6,base,,0.50,False,False,,,,81,0.333,0.3941,0.0000,5,10.920,,,2.304,invariant_viole
hd0050,living+kitchen+bedroom+bedroom+bathroom+hallway,etoile,6,pavage,0,0.50,False,False,,,,81,0.333,0.3941,0.0000,5,10.920,,,0.724,trame
hd0050,living+kitchen+bedroom+bedroom+bathroom+hallway,etoile,6,pavage,4,0.50,False,False,,,,81,0.333,0.3941,0.0000,5,10.920,,,0.988,trame
hd0050,living+kitchen+bedroom+bedroom+bathroom+hallway,etoile,6,pavage,8,0.50,False,False,,,,81,0.333,0.3941,0.0000,5,10.920,,,4.727,infaisable
hd0050,living+kitchen+bedroom+bedroom+bathroom+hallway,etoile,6,pavage,16,0.50,False,False,,,,81,0.333,0.3941,0.0000,5,10.920,,,4.006,infaisable
hd0050,living+kitchen+bedroom+bedroom+bathroom+hallway,etoile,6,pavage,16,0.00,False,True,6,0.0000,False,81,0.333,0.3941,0.0000,5,10.920,5.060036,0.4634,3.836,ok
hd0050,living+kitchen+bedroom+bedroom+bathroom+hallway,etoile,6,pavage,16,0.25,False,False,,,,81,0.333,0.3941,0.0000,5,10.920,,,3.772,infaisable
hd0050,living+kitchen+bedroom+bedroom+bathroom+hallway,etoile,6,pavage,16,1.00,False,False,,,,81,0.333,0.3941,0.0000,5,10.920,,,4.512,infaisable
hd0050,living+kitchen+bedroom+bedroom+bathroom+hallway,etoile,6,pavage,16,1.80,False,False,,,,81,0.333,0.3941,0.0000,5,10.920,,,4.010,infaisable
hd0051,living+kitchen+bedroom+bedroom+bathroom+hallway,etoile,6,base,,0.50,False,False,,,,110,1.000,0.2825,0.0000,3,10.570,,,2.483,invariant_viole
hd0051,living+kitchen+bedroom+bedroom+bathroom+hallway,etoile,6,pavage,0,0.50,False,False,,,,110,1.000,0.2825,0.0000,3,10.570,,,0.769,trame
hd0051,living+kitchen+bedroom+bedroom+bathroom+hallway,etoile,6,pavage,4,0.50,False,False,,,,110,1.000,0.2825,0.0000,3,10.570,,,0.951,trame
hd0051,living+kitchen+bedroom+bedroom+bathroom+hallway,etoile,6,pavage,8,0.50,False,False,,,,110,1.000,0.2825,0.0000,3,10.570,,,0.955,trame
hd0051,living+kitchen+bedroom+bedroom+bathroom+hallway,etoile,6,pavage,16,0.50,False,False,,,,110,1.000,0.2825,0.0000,3,10.570,,,0.937,trame
hd0051,living+kitchen+bedroom+bedroom+bathroom+hallway,etoile,6,pavage,16,0.00,False,False,,,,110,1.000,0.2825,0.0000,3,10.570,,,0.909,trame
hd0051,living+kitchen+bedroom+bedroom+bathroom+hallway,etoile,6,pavage,16,0.25,False,False,,,,110,1.000,0.2825,0.0000,3,10.570,,,1.354,trame
hd0051,living+kitchen+bedroom+bedroom+bathroom+hallway,etoile,6,pavage,16,1.00,False,False,,,,110,1.000,0.2825,0.0000,3,10.570,,,0.967,trame
hd0051,living+kitchen+bedroom+bedroom+bathroom+hallway,etoile,6,pavage,16,1.80,False,False,,,,110,1.000,0.2825,0.0000,3,10.570,,,0.909,trame
hd0052,living+kitchen+bedroom+bedroom+bathroom+storage,plausible,6,base,,0.50,False,False,,,,100,0.667,0.4701,0.0000,4,10.385,,,2.454,invariant_viole
hd0052,living+kitchen+bedroom+bedroom+bathroom+storage,plausible,6,pavage,0,0.50,False,False,,,,100,0.667,0.4701,0.0000,4,10.385,,,0.739,trame
hd0052,living+kitchen+bedroom+bedroom+bathroom+storage,plausible,6,pavage,4,0.50,False,False,,,,100,0.667,0.4701,0.0000,4,10.385,,,0.996,trame
hd0052,living+kitchen+bedroom+bedroom+bathroom+storage,plausible,6,pavage,8,0.50,False,False,,,,100,0.667,0.4701,0.0000,4,10.385,,,1.223,trame
hd0052,living+kitchen+bedroom+bedroom+bathroom+storage,plausible,6,pavage,16,0.50,False,False,,,,100,0.667,0.4701,0.0000,4,10.385,,,4.107,infaisable
hd0052,living+kitchen+bedroom+bedroom+bathroom+storage,plausible,6,pavage,16,0.00,False,True,6,0.0000,False,100,0.667,0.4701,0.0000,4,10.385,7.228623,0.6961,4.183,ok
hd0052,living+kitchen+bedroom+bedroom+bathroom+storage,plausible,6,pavage,16,0.25,False,False,,,,100,0.667,0.4701,0.0000,4,10.385,,,4.038,infaisable
hd0052,living+kitchen+bedroom+bedroom+bathroom+storage,plausible,6,pavage,16,1.00,False,False,,,,100,0.667,0.4701,0.0000,4,10.385,,,3.960,infaisable
hd0052,living+kitchen+bedroom+bedroom+bathroom+storage,plausible,6,pavage,16,1.80,False,False,,,,100,0.667,0.4701,0.0000,4,10.385,,,3.864,infaisable
hd0053,living+kitchen+bedroom+bedroom+bathroom+storage,plausible,6,base,,0.50,False,False,,,,72,2.000,0.3868,0.0000,1,8.813,,,2.414,invariant_viole
hd0053,living+kitchen+bedroom+bedroom+bathroom+storage,plausible,6,pavage,0,0.50,False,False,,,,72,2.000,0.3868,0.0000,1,8.813,,,0.734,trame
hd0053,living+kitchen+bedroom+bedroom+bathroom+storage,plausible,6,pavage,4,0.50,False,False,,,,72,2.000,0.3868,0.0000,1,8.813,,,0.940,trame
hd0053,living+kitchen+bedroom+bedroom+bathroom+storage,plausible,6,pavage,8,0.50,False,False,,,,72,2.000,0.3868,0.0000,1,8.813,,,3.761,infaisable
hd0053,living+kitchen+bedroom+bedroom+bathroom+storage,plausible,6,pavage,16,0.50,False,False,,,,72,2.000,0.3868,0.0000,1,8.813,,,3.720,infaisable
hd0053,living+kitchen+bedroom+bedroom+bathroom+storage,plausible,6,pavage,16,0.00,False,True,6,0.0000,False,72,2.000,0.3868,0.0000,1,8.813,4.698605,0.5331,3.571,ok
hd0053,living+kitchen+bedroom+bedroom+bathroom+storage,plausible,6,pavage,16,0.25,False,False,,,,72,2.000,0.3868,0.0000,1,8.813,,,3.997,infaisable
hd0053,living+kitchen+bedroom+bedroom+bathroom+storage,plausible,6,pavage,16,1.00,False,False,,,,72,2.000,0.3868,0.0000,1,8.813,,,3.746,infaisable
hd0053,living+kitchen+bedroom+bedroom+bathroom+storage,plausible,6,pavage,16,1.80,False,False,,,,72,2.000,0.3868,0.0000,1,8.813,,,4.120,infaisable
hd0054,living+kitchen+bedroom+bedroom+bathroom+storage,plausible,6,base,,0.50,False,False,,,,90,1.000,0.4192,0.0000,3,10.728,,,4.410,invariant_viole
hd0054,living+kitchen+bedroom+bedroom+bathroom+storage,plausible,6,pavage,0,0.50,False,False,,,,90,1.000,0.4192,0.0000,3,10.728,,,1.128,trame
hd0054,living+kitchen+bedroom+bedroom+bathroom+storage,plausible,6,pavage,4,0.50,False,False,,,,90,1.000,0.4192,0.0000,3,10.728,,,1.179,trame
hd0054,living+kitchen+bedroom+bedroom+bathroom+storage,plausible,6,pavage,8,0.50,False,False,,,,90,1.000,0.4192,0.0000,3,10.728,,,1.215,trame
hd0054,living+kitchen+bedroom+bedroom+bathroom+storage,plausible,6,pavage,16,0.50,False,False,,,,90,1.000,0.4192,0.0000,3,10.728,,,1.224,trame
hd0054,living+kitchen+bedroom+bedroom+bathroom+storage,plausible,6,pavage,16,0.00,False,False,,,,90,1.000,0.4192,0.0000,3,10.728,,,1.219,trame
hd0054,living+kitchen+bedroom+bedroom+bathroom+storage,plausible,6,pavage,16,0.25,False,False,,,,90,1.000,0.4192,0.0000,3,10.728,,,1.192,trame
hd0054,living+kitchen+bedroom+bedroom+bathroom+storage,plausible,6,pavage,16,1.00,False,False,,,,90,1.000,0.4192,0.0000,3,10.728,,,1.212,trame
hd0054,living+kitchen+bedroom+bedroom+bathroom+storage,plausible,6,pavage,16,1.80,False,False,,,,90,1.000,0.4192,0.0000,3,10.728,,,1.133,trame
hd0055,living+kitchen+bedroom+bedroom+bathroom+storage,plausible,6,base,,0.50,False,False,,,,64,1.000,0.1037,0.0000,3,10.015,,,3.309,invariant_viole
hd0055,living+kitchen+bedroom+bedroom+bathroom+storage,plausible,6,pavage,0,0.50,False,False,,,,64,1.000,0.1037,0.0000,3,10.015,,,0.867,trame
hd0055,living+kitchen+bedroom+bedroom+bathroom+storage,plausible,6,pavage,4,0.50,False,True,6,1.0843,True,64,1.000,0.1037,0.0000,3,10.015,1.897514,0.1895,4.593,ok
hd0055,living+kitchen+bedroom+bedroom+bathroom+storage,plausible,6,pavage,8,0.50,False,True,6,1.0843,True,64,1.000,0.1037,0.0000,3,10.015,1.897514,0.1895,3.568,ok
hd0055,living+kitchen+bedroom+bedroom+bathroom+storage,plausible,6,pavage,16,0.50,False,True,6,1.0843,True,64,1.000,0.1037,0.0000,3,10.015,1.897514,0.1895,4.537,ok
hd0055,living+kitchen+bedroom+bedroom+bathroom+storage,plausible,6,pavage,16,0.00,False,True,6,1.0843,True,64,1.000,0.1037,0.0000,3,10.015,1.897514,0.1895,3.644,ok
hd0055,living+kitchen+bedroom+bedroom+bathroom+storage,plausible,6,pavage,16,0.25,False,True,6,1.0843,True,64,1.000,0.1037,0.0000,3,10.015,1.897514,0.1895,3.522,ok
hd0055,living+kitchen+bedroom+bedroom+bathroom+storage,plausible,6,pavage,16,1.00,False,True,6,1.0843,True,64,1.000,0.1037,0.0000,3,10.015,1.897514,0.1895,3.694,ok
hd0055,living+kitchen+bedroom+bedroom+bathroom+storage,plausible,6,pavage,16,1.80,False,True,6,1.8000,True,64,1.000,0.1037,0.0000,3,10.015,1.897514,0.1895,5.165,ok
hd0056,living+kitchen+dining+bedroom+bathroom+office,chaine,6,base,,0.50,False,False,,,,66,1.000,0.2792,0.0000,3,11.269,,,4.912,invariant_viole
hd0056,living+kitchen+dining+bedroom+bathroom+office,chaine,6,pavage,0,0.50,False,False,,,,66,1.000,0.2792,0.0000,3,11.269,,,1.211,trame
hd0056,living+kitchen+dining+bedroom+bathroom+office,chaine,6,pavage,4,0.50,False,False,,,,66,1.000,0.2792,0.0000,3,11.269,,,1.204,trame
hd0056,living+kitchen+dining+bedroom+bathroom+office,chaine,6,pavage,8,0.50,False,False,,,,66,1.000,0.2792,0.0000,3,11.269,,,6.454,infaisable
hd0056,living+kitchen+dining+bedroom+bathroom+office,chaine,6,pavage,16,0.50,False,False,,,,66,1.000,0.2792,0.0000,3,11.269,,,4.587,infaisable
hd0056,living+kitchen+dining+bedroom+bathroom+office,chaine,6,pavage,16,0.00,False,True,6,0.0000,False,66,1.000,0.2792,0.0000,3,11.269,5.421468,0.4811,3.708,ok
hd0056,living+kitchen+dining+bedroom+bathroom+office,chaine,6,pavage,16,0.25,False,False,,,,66,1.000,0.2792,0.0000,3,11.269,,,4.891,infaisable
hd0056,living+kitchen+dining+bedroom+bathroom+office,chaine,6,pavage,16,1.00,False,False,,,,66,1.000,0.2792,0.0000,3,11.269,,,4.824,infaisable
hd0056,living+kitchen+dining+bedroom+bathroom+office,chaine,6,pavage,16,1.80,False,False,,,,66,1.000,0.2792,0.0000,3,11.269,,,5.242,infaisable
hd0057,living+kitchen+dining+bedroom+bathroom+office,chaine,6,base,,0.50,False,False,,,,80,1.333,0.2418,0.0000,2,11.224,,,3.334,invariant_viole
hd0057,living+kitchen+dining+bedroom+bathroom+office,chaine,6,pavage,0,0.50,False,False,,,,80,1.333,0.2418,0.0000,2,11.224,,,1.247,trame
hd0057,living+kitchen+dining+bedroom+bathroom+office,chaine,6,pavage,4,0.50,False,False,,,,80,1.333,0.2418,0.0000,2,11.224,,,1.346,trame
hd0057,living+kitchen+dining+bedroom+bathroom+office,chaine,6,pavage,8,0.50,False,False,,,,80,1.333,0.2418,0.0000,2,11.224,,,4.762,infaisable
hd0057,living+kitchen+dining+bedroom+bathroom+office,chaine,6,pavage,16,0.50,False,False,,,,80,1.333,0.2418,0.0000,2,11.224,,,4.187,infaisable
hd0057,living+kitchen+dining+bedroom+bathroom+office,chaine,6,pavage,16,0.00,False,True,6,0.0000,False,80,1.333,0.2418,0.0000,2,11.224,7.590055,0.6763,5.130,ok
hd0057,living+kitchen+dining+bedroom+bathroom+office,chaine,6,pavage,16,0.25,False,False,,,,80,1.333,0.2418,0.0000,2,11.224,,,4.220,infaisable
hd0057,living+kitchen+dining+bedroom+bathroom+office,chaine,6,pavage,16,1.00,False,False,,,,80,1.333,0.2418,0.0000,2,11.224,,,3.673,infaisable
hd0057,living+kitchen+dining+bedroom+bathroom+office,chaine,6,pavage,16,1.80,False,False,,,,80,1.333,0.2418,0.0000,2,11.224,,,3.924,infaisable
hd0058,living+kitchen+dining+bedroom+bathroom+office,chaine,6,base,,0.50,False,False,,,,54,1.000,0.2877,0.0000,3,12.004,,,2.407,invariant_viole
hd0058,living+kitchen+dining+bedroom+bathroom+office,chaine,6,pavage,0,0.50,False,False,,,,54,1.000,0.2877,0.0000,3,12.004,,,0.717,trame
hd0058,living+kitchen+dining+bedroom+bathroom+office,chaine,6,pavage,4,0.50,False,False,,,,54,1.000,0.2877,0.0000,3,12.004,,,0.946,trame
hd0058,living+kitchen+dining+bedroom+bathroom+office,chaine,6,pavage,8,0.50,False,False,,,,54,1.000,0.2877,0.0000,3,12.004,,,4.436,infaisable
hd0058,living+kitchen+dining+bedroom+bathroom+office,chaine,6,pavage,16,0.50,False,False,,,,54,1.000,0.2877,0.0000,3,12.004,,,4.295,infaisable
hd0058,living+kitchen+dining+bedroom+bathroom+office,chaine,6,pavage,16,0.00,False,True,6,0.0000,False,54,1.000,0.2877,0.0000,3,12.004,5.511825,0.4592,4.167,ok
hd0058,living+kitchen+dining+bedroom+bathroom+office,chaine,6,pavage,16,0.25,False,False,,,,54,1.000,0.2877,0.0000,3,12.004,,,5.772,infaisable
hd0058,living+kitchen+dining+bedroom+bathroom+office,chaine,6,pavage,16,1.00,False,False,,,,54,1.000,0.2877,0.0000,3,12.004,,,4.857,infaisable
hd0058,living+kitchen+dining+bedroom+bathroom+office,chaine,6,pavage,16,1.80,False,False,,,,54,1.000,0.2877,0.0000,3,12.004,,,6.065,infaisable
hd0059,living+kitchen+dining+bedroom+bathroom+office,chaine,6,base,,0.50,False,False,,,,64,0.667,0.5184,0.0000,4,11.478,,,3.310,invariant_viole
hd0059,living+kitchen+dining+bedroom+bathroom+office,chaine,6,pavage,0,0.50,False,False,,,,64,0.667,0.5184,0.0000,4,11.478,,,1.051,trame
hd0059,living+kitchen+dining+bedroom+bathroom+office,chaine,6,pavage,4,0.50,False,False,,,,64,0.667,0.5184,0.0000,4,11.478,,,1.449,trame
hd0059,living+kitchen+dining+bedroom+bathroom+office,chaine,6,pavage,8,0.50,False,False,,,,64,0.667,0.5184,0.0000,4,11.478,,,5.480,infaisable
hd0059,living+kitchen+dining+bedroom+bathroom+office,chaine,6,pavage,16,0.50,False,False,,,,64,0.667,0.5184,0.0000,4,11.478,,,9.992,infaisable
hd0059,living+kitchen+dining+bedroom+bathroom+office,chaine,6,pavage,16,0.00,False,True,6,0.0000,False,64,0.667,0.5184,0.0000,4,11.478,6.867192,0.5983,6.617,ok
hd0059,living+kitchen+dining+bedroom+bathroom+office,chaine,6,pavage,16,0.25,False,False,,,,64,0.667,0.5184,0.0000,4,11.478,,,4.472,infaisable
hd0059,living+kitchen+dining+bedroom+bathroom+office,chaine,6,pavage,16,1.00,False,False,,,,64,0.667,0.5184,0.0000,4,11.478,,,4.438,infaisable
hd0059,living+kitchen+dining+bedroom+bathroom+office,chaine,6,pavage,16,1.80,False,False,,,,64,0.667,0.5184,0.0000,4,11.478,,,4.655,infaisable
hd0060,living+kitchen+bedroom+bathroom+bathroom+storage,anneau,6,base,,0.50,False,False,,,,88,1.667,0.2792,0.0000,1,12.378,,,2.464,invariant_viole
hd0060,living+kitchen+bedroom+bathroom+bathroom+storage,anneau,6,pavage,0,0.50,False,False,,,,88,1.667,0.2792,0.0000,1,12.378,,,0.772,trame
hd0060,living+kitchen+bedroom+bathroom+bathroom+storage,anneau,6,pavage,4,0.50,False,False,,,,88,1.667,0.2792,0.0000,1,12.378,,,1.039,trame
hd0060,living+kitchen+bedroom+bathroom+bathroom+storage,anneau,6,pavage,8,0.50,False,False,,,,88,1.667,0.2792,0.0000,1,12.378,,,1.089,trame
hd0060,living+kitchen+bedroom+bathroom+bathroom+storage,anneau,6,pavage,16,0.50,False,False,,,,88,1.667,0.2792,0.0000,1,12.378,,,1.056,trame
hd0060,living+kitchen+bedroom+bathroom+bathroom+storage,anneau,6,pavage,16,0.00,False,False,,,,88,1.667,0.2792,0.0000,1,12.378,,,1.049,trame
hd0060,living+kitchen+bedroom+bathroom+bathroom+storage,anneau,6,pavage,16,0.25,False,False,,,,88,1.667,0.2792,0.0000,1,12.378,,,1.039,trame
hd0060,living+kitchen+bedroom+bathroom+bathroom+storage,anneau,6,pavage,16,1.00,False,False,,,,88,1.667,0.2792,0.0000,1,12.378,,,1.105,trame
hd0060,living+kitchen+bedroom+bathroom+bathroom+storage,anneau,6,pavage,16,1.80,False,False,,,,88,1.667,0.2792,0.0000,1,12.378,,,1.065,trame
hd0061,living+kitchen+bedroom+bathroom+bathroom+storage,anneau,6,base,,0.50,False,False,,,,80,1.000,0.2905,0.0000,3,11.259,,,3.395,invariant_viole
hd0061,living+kitchen+bedroom+bathroom+bathroom+storage,anneau,6,pavage,0,0.50,False,False,,,,80,1.000,0.2905,0.0000,3,11.259,,,0.827,trame
hd0061,living+kitchen+bedroom+bathroom+bathroom+storage,anneau,6,pavage,4,0.50,False,True,6,0.9939,True,80,1.000,0.2905,0.0000,3,11.259,5.511825,0.4896,3.639,ok
hd0061,living+kitchen+bedroom+bathroom+bathroom+storage,anneau,6,pavage,8,0.50,False,True,6,0.9939,True,80,1.000,0.2905,0.0000,3,11.259,5.511825,0.4896,3.300,ok
hd0061,living+kitchen+bedroom+bathroom+bathroom+storage,anneau,6,pavage,16,0.50,False,True,6,0.9939,True,80,1.000,0.2905,0.0000,3,11.259,5.511825,0.4896,3.575,ok
hd0061,living+kitchen+bedroom+bathroom+bathroom+storage,anneau,6,pavage,16,0.00,False,True,6,0.9939,True,80,1.000,0.2905,0.0000,3,11.259,5.511825,0.4896,6.052,ok
hd0061,living+kitchen+bedroom+bathroom+bathroom+storage,anneau,6,pavage,16,0.25,False,True,6,0.9939,True,80,1.000,0.2905,0.0000,3,11.259,5.511825,0.4896,3.451,ok
hd0061,living+kitchen+bedroom+bathroom+bathroom+storage,anneau,6,pavage,16,1.00,False,True,6,1.0000,True,80,1.000,0.2905,0.0000,3,11.259,5.511825,0.4896,3.446,ok
hd0061,living+kitchen+bedroom+bathroom+bathroom+storage,anneau,6,pavage,16,1.80,False,True,6,1.8000,True,80,1.000,0.2905,0.0000,3,11.259,5.511825,0.4896,4.081,ok
hd0062,living+kitchen+bedroom+bathroom+bathroom+storage,anneau,6,base,,0.50,False,False,,,,88,1.333,0.3777,0.0000,2,11.118,,,3.270,invariant_viole
hd0062,living+kitchen+bedroom+bathroom+bathroom+storage,anneau,6,pavage,0,0.50,False,False,,,,88,1.333,0.3777,0.0000,2,11.118,,,0.876,trame
hd0062,living+kitchen+bedroom+bathroom+bathroom+storage,anneau,6,pavage,4,0.50,False,False,,,,88,1.333,0.3777,0.0000,2,11.118,,,1.140,trame
hd0062,living+kitchen+bedroom+bathroom+bathroom+storage,anneau,6,pavage,8,0.50,False,False,,,,88,1.333,0.3777,0.0000,2,11.118,,,4.709,infaisable
hd0062,living+kitchen+bedroom+bathroom+bathroom+storage,anneau,6,pavage,16,0.50,False,False,,,,88,1.333,0.3777,0.0000,2,11.118,,,5.821,infaisable
hd0062,living+kitchen+bedroom+bathroom+bathroom+storage,anneau,6,pavage,16,0.00,False,True,6,0.0000,False,88,1.333,0.3777,0.0000,2,11.118,12.288660,1.1053,3.951,ok
hd0062,living+kitchen+bedroom+bathroom+bathroom+storage,anneau,6,pavage,16,0.25,False,False,,,,88,1.333,0.3777,0.0000,2,11.118,,,4.406,infaisable
hd0062,living+kitchen+bedroom+bathroom+bathroom+storage,anneau,6,pavage,16,1.00,False,False,,,,88,1.333,0.3777,0.0000,2,11.118,,,4.958,infaisable
hd0062,living+kitchen+bedroom+bathroom+bathroom+storage,anneau,6,pavage,16,1.80,False,False,,,,88,1.333,0.3777,0.0000,2,11.118,,,39.958,infaisable
hd0063,living+kitchen+bedroom+bathroom+bathroom+storage,anneau,6,base,,0.50,False,False,,,,80,1.333,0.2904,0.0000,2,14.933,,,2.819,invariant_viole
hd0063,living+kitchen+bedroom+bathroom+bathroom+storage,anneau,6,pavage,0,0.50,False,False,,,,80,1.333,0.2904,0.0000,2,14.933,,,1.791,trame
hd0063,living+kitchen+bedroom+bathroom+bathroom+storage,anneau,6,pavage,4,0.50,False,False,,,,80,1.333,0.2904,0.0000,2,14.933,,,1.993,trame
hd0063,living+kitchen+bedroom+bathroom+bathroom+storage,anneau,6,pavage,8,0.50,False,True,6,0.9939,True,80,1.333,0.2904,0.0000,2,14.933,9.035779,0.6051,4.597,ok
hd0063,living+kitchen+bedroom+bathroom+bathroom+storage,anneau,6,pavage,16,0.50,False,True,6,0.9939,True,80,1.333,0.2904,0.0000,2,14.933,9.035779,0.6051,4.050,ok
hd0063,living+kitchen+bedroom+bathroom+bathroom+storage,anneau,6,pavage,16,0.00,False,True,6,0.9939,True,80,1.333,0.2904,0.0000,2,14.933,9.035779,0.6051,5.135,ok
hd0063,living+kitchen+bedroom+bathroom+bathroom+storage,anneau,6,pavage,16,0.25,False,True,6,0.9939,True,80,1.333,0.2904,0.0000,2,14.933,9.035779,0.6051,4.556,ok
hd0063,living+kitchen+bedroom+bathroom+bathroom+storage,anneau,6,pavage,16,1.00,False,True,6,1.0000,True,80,1.333,0.2904,0.0000,2,14.933,9.035779,0.6051,3.814,ok
hd0063,living+kitchen+bedroom+bathroom+bathroom+storage,anneau,6,pavage,16,1.80,False,True,6,1.8000,True,80,1.333,0.2904,0.0000,2,14.933,9.035779,0.6051,3.838,ok
hd0064,living+kitchen+bedroom+bedroom+bedroom+bathroom+hallway,etoile,7,base,,0.50,False,False,,,,77,1.143,0.1690,0.0000,3,9.194,,,3.363,invariant_viole
hd0064,living+kitchen+bedroom+bedroom+bedroom+bathroom+hallway,etoile,7,pavage,0,0.50,False,False,,,,77,1.143,0.1690,0.0000,3,9.194,,,0.876,trame
hd0064,living+kitchen+bedroom+bedroom+bedroom+bathroom+hallway,etoile,7,pavage,4,0.50,False,False,,,,77,1.143,0.1690,0.0000,3,9.194,,,1.376,trame
hd0064,living+kitchen+bedroom+bedroom+bedroom+bathroom+hallway,etoile,7,pavage,8,0.50,False,False,,,,77,1.143,0.1690,0.0000,3,9.194,,,4.217,infaisable
hd0064,living+kitchen+bedroom+bedroom+bedroom+bathroom+hallway,etoile,7,pavage,16,0.50,False,False,,,,77,1.143,0.1690,0.0000,3,9.194,,,4.962,infaisable
hd0064,living+kitchen+bedroom+bedroom+bedroom+bathroom+hallway,etoile,7,pavage,16,0.00,False,True,7,0.0000,False,77,1.143,0.1690,0.0000,3,9.194,2.891449,0.3145,6.476,ok
hd0064,living+kitchen+bedroom+bedroom+bedroom+bathroom+hallway,etoile,7,pavage,16,0.25,False,False,,,,77,1.143,0.1690,0.0000,3,9.194,,,4.392,infaisable
hd0064,living+kitchen+bedroom+bedroom+bedroom+bathroom+hallway,etoile,7,pavage,16,1.00,False,False,,,,77,1.143,0.1690,0.0000,3,9.194,,,5.072,infaisable
hd0064,living+kitchen+bedroom+bedroom+bedroom+bathroom+hallway,etoile,7,pavage,16,1.80,False,False,,,,77,1.143,0.1690,0.0000,3,9.194,,,6.784,infaisable
hd0065,living+kitchen+bedroom+bedroom+bedroom+bathroom+hallway,etoile,7,base,,0.50,False,False,,,,80,1.429,0.1220,0.0000,4,8.844,,,2.983,invariant_viole
hd0065,living+kitchen+bedroom+bedroom+bedroom+bathroom+hallway,etoile,7,pavage,0,0.50,False,False,,,,80,1.429,0.1220,0.0000,4,8.844,,,0.830,trame
hd0065,living+kitchen+bedroom+bedroom+bedroom+bathroom+hallway,etoile,7,pavage,4,0.50,False,False,,,,80,1.429,0.1220,0.0000,4,8.844,,,1.307,trame
hd0065,living+kitchen+bedroom+bedroom+bedroom+bathroom+hallway,etoile,7,pavage,8,0.50,False,False,,,,80,1.429,0.1220,0.0000,4,8.844,,,1.789,trame
hd0065,living+kitchen+bedroom+bedroom+bedroom+bathroom+hallway,etoile,7,pavage,16,0.50,False,False,,,,80,1.429,0.1220,0.0000,4,8.844,,,1.765,trame
hd0065,living+kitchen+bedroom+bedroom+bedroom+bathroom+hallway,etoile,7,pavage,16,0.00,False,False,,,,80,1.429,0.1220,0.0000,4,8.844,,,1.419,trame
hd0065,living+kitchen+bedroom+bedroom+bedroom+bathroom+hallway,etoile,7,pavage,16,0.25,False,False,,,,80,1.429,0.1220,0.0000,4,8.844,,,1.709,trame
hd0065,living+kitchen+bedroom+bedroom+bedroom+bathroom+hallway,etoile,7,pavage,16,1.00,False,False,,,,80,1.429,0.1220,0.0000,4,8.844,,,3.200,trame
hd0065,living+kitchen+bedroom+bedroom+bedroom+bathroom+hallway,etoile,7,pavage,16,1.80,False,False,,,,80,1.429,0.1220,0.0000,4,8.844,,,2.175,trame
hd0066,living+kitchen+bedroom+bedroom+bedroom+bathroom+hallway,etoile,7,base,,0.50,False,False,,,,108,0.286,0.4330,0.0000,6,11.907,,,5.049,invariant_viole
hd0066,living+kitchen+bedroom+bedroom+bedroom+bathroom+hallway,etoile,7,pavage,0,0.50,False,False,,,,108,0.286,0.4330,0.0000,6,11.907,,,1.098,trame
hd0066,living+kitchen+bedroom+bedroom+bedroom+bathroom+hallway,etoile,7,pavage,4,0.50,False,False,,,,108,0.286,0.4330,0.0000,6,11.907,,,1.173,trame
hd0066,living+kitchen+bedroom+bedroom+bedroom+bathroom+hallway,etoile,7,pavage,8,0.50,False,False,,,,108,0.286,0.4330,0.0000,6,11.907,,,1.410,trame
hd0066,living+kitchen+bedroom+bedroom+bedroom+bathroom+hallway,etoile,7,pavage,16,0.50,False,False,,,,108,0.286,0.4330,0.0000,6,11.907,,,5.442,infaisable
hd0066,living+kitchen+bedroom+bedroom+bedroom+bathroom+hallway,etoile,7,pavage,16,0.00,False,True,7,0.0000,False,108,0.286,0.4330,0.0000,6,11.907,7.318981,0.6147,4.773,ok
hd0066,living+kitchen+bedroom+bedroom+bedroom+bathroom+hallway,etoile,7,pavage,16,0.25,False,False,,,,108,0.286,0.4330,0.0000,6,11.907,,,5.061,infaisable
hd0066,living+kitchen+bedroom+bedroom+bedroom+bathroom+hallway,etoile,7,pavage,16,1.00,False,False,,,,108,0.286,0.4330,0.0000,6,11.907,,,4.811,infaisable
hd0066,living+kitchen+bedroom+bedroom+bedroom+bathroom+hallway,etoile,7,pavage,16,1.80,False,False,,,,108,0.286,0.4330,0.0000,6,11.907,,,5.638,infaisable
hd0067,living+kitchen+bedroom+bedroom+bedroom+bathroom+hallway,etoile,7,base,,0.50,False,False,,,,84,0.857,0.5812,0.0000,4,10.765,,,2.607,invariant_viole
hd0067,living+kitchen+bedroom+bedroom+bedroom+bathroom+hallway,etoile,7,pavage,0,0.50,False,False,,,,84,0.857,0.5812,0.0000,4,10.765,,,0.764,trame
hd0067,living+kitchen+bedroom+bedroom+bedroom+bathroom+hallway,etoile,7,pavage,4,0.50,False,False,,,,84,0.857,0.5812,0.0000,4,10.765,,,1.122,trame
hd0067,living+kitchen+bedroom+bedroom+bedroom+bathroom+hallway,etoile,7,pavage,8,0.50,False,False,,,,84,0.857,0.5812,0.0000,4,10.765,,,1.491,trame
hd0067,living+kitchen+bedroom+bedroom+bedroom+bathroom+hallway,etoile,7,pavage,16,0.50,False,False,,,,84,0.857,0.5812,0.0000,4,10.765,,,5.095,infaisable
hd0067,living+kitchen+bedroom+bedroom+bedroom+bathroom+hallway,etoile,7,pavage,16,0.00,False,True,7,0.0000,False,84,0.857,0.5812,0.0000,4,10.765,13.734385,1.2759,4.566,ok
hd0067,living+kitchen+bedroom+bedroom+bedroom+bathroom+hallway,etoile,7,pavage,16,0.25,False,False,,,,84,0.857,0.5812,0.0000,4,10.765,,,4.766,infaisable
hd0067,living+kitchen+bedroom+bedroom+bedroom+bathroom+hallway,etoile,7,pavage,16,1.00,False,False,,,,84,0.857,0.5812,0.0000,4,10.765,,,5.885,infaisable
hd0067,living+kitchen+bedroom+bedroom+bedroom+bathroom+hallway,etoile,7,pavage,16,1.80,False,False,,,,84,0.857,0.5812,0.0000,4,10.765,,,5.793,infaisable
hd0068,living+kitchen+dining+bedroom+bedroom+bathroom+office,plausible,7,base,,0.50,False,False,,,,99,2.000,0.5448,0.0000,1,11.587,,,2.914,invariant_viole
hd0068,living+kitchen+dining+bedroom+bedroom+bathroom+office,plausible,7,pavage,0,0.50,False,False,,,,99,2.000,0.5448,0.0000,1,11.587,,,1.081,trame
hd0068,living+kitchen+dining+bedroom+bedroom+bathroom+office,plausible,7,pavage,4,0.50,False,False,,,,99,2.000,0.5448,0.0000,1,11.587,,,1.227,trame
hd0068,living+kitchen+dining+bedroom+bedroom+bathroom+office,plausible,7,pavage,8,0.50,False,False,,,,99,2.000,0.5448,0.0000,1,11.587,,,2.075,trame
hd0068,living+kitchen+dining+bedroom+bedroom+bathroom+office,plausible,7,pavage,16,0.50,False,False,,,,99,2.000,0.5448,0.0000,1,11.587,,,1.497,trame
hd0068,living+kitchen+dining+bedroom+bedroom+bathroom+office,plausible,7,pavage,16,0.00,False,False,,,,99,2.000,0.5448,0.0000,1,11.587,,,1.409,trame
hd0068,living+kitchen+dining+bedroom+bedroom+bathroom+office,plausible,7,pavage,16,0.25,False,False,,,,99,2.000,0.5448,0.0000,1,11.587,,,1.403,trame
hd0068,living+kitchen+dining+bedroom+bedroom+bathroom+office,plausible,7,pavage,16,1.00,False,False,,,,99,2.000,0.5448,0.0000,1,11.587,,,1.353,trame
hd0068,living+kitchen+dining+bedroom+bedroom+bathroom+office,plausible,7,pavage,16,1.80,False,False,,,,99,2.000,0.5448,0.0000,1,11.587,,,1.343,trame
hd0069,living+kitchen+dining+bedroom+bedroom+bathroom+office,plausible,7,base,,0.50,False,False,,,,90,0.857,0.1944,0.0000,4,10.728,,,2.908,invariant_viole
hd0069,living+kitchen+dining+bedroom+bedroom+bathroom+office,plausible,7,pavage,0,0.50,False,False,,,,90,0.857,0.1944,0.0000,4,10.728,,,0.798,trame
hd0069,living+kitchen+dining+bedroom+bedroom+bathroom+office,plausible,7,pavage,4,0.50,False,False,,,,90,0.857,0.1944,0.0000,4,10.728,,,1.708,trame
hd0069,living+kitchen+dining+bedroom+bedroom+bathroom+office,plausible,7,pavage,8,0.50,False,False,,,,90,0.857,0.1944,0.0000,4,10.728,,,1.399,trame
hd0069,living+kitchen+dining+bedroom+bedroom+bathroom+office,plausible,7,pavage,16,0.50,False,False,,,,90,0.857,0.1944,0.0000,4,10.728,,,1.418,trame
hd0069,living+kitchen+dining+bedroom+bedroom+bathroom+office,plausible,7,pavage,16,0.00,False,False,,,,90,0.857,0.1944,0.0000,4,10.728,,,1.372,trame
hd0069,living+kitchen+dining+bedroom+bedroom+bathroom+office,plausible,7,pavage,16,0.25,False,False,,,,90,0.857,0.1944,0.0000,4,10.728,,,1.297,trame
hd0069,living+kitchen+dining+bedroom+bedroom+bathroom+office,plausible,7,pavage,16,1.00,False,False,,,,90,0.857,0.1944,0.0000,4,10.728,,,1.291,trame
hd0069,living+kitchen+dining+bedroom+bedroom+bathroom+office,plausible,7,pavage,16,1.80,False,False,,,,90,0.857,0.1944,0.0000,4,10.728,,,1.271,trame
hd0070,living+kitchen+dining+bedroom+bedroom+bathroom+office,plausible,7,base,,0.50,False,False,,,,99,1.429,0.2872,0.0000,3,10.451,,,2.828,invariant_viole
hd0070,living+kitchen+dining+bedroom+bedroom+bathroom+office,plausible,7,pavage,0,0.50,False,False,,,,99,1.429,0.2872,0.0000,3,10.451,,,0.756,trame
hd0070,living+kitchen+dining+bedroom+bedroom+bathroom+office,plausible,7,pavage,4,0.50,False,False,,,,99,1.429,0.2872,0.0000,3,10.451,,,1.153,trame
hd0070,living+kitchen+dining+bedroom+bedroom+bathroom+office,plausible,7,pavage,8,0.50,False,False,,,,99,1.429,0.2872,0.0000,3,10.451,,,2.062,trame
hd0070,living+kitchen+dining+bedroom+bedroom+bathroom+office,plausible,7,pavage,16,0.50,False,False,,,,99,1.429,0.2872,0.0000,3,10.451,,,1.876,trame
hd0070,living+kitchen+dining+bedroom+bedroom+bathroom+office,plausible,7,pavage,16,0.00,False,False,,,,99,1.429,0.2872,0.0000,3,10.451,,,2.748,trame
hd0070,living+kitchen+dining+bedroom+bedroom+bathroom+office,plausible,7,pavage,16,0.25,False,False,,,,99,1.429,0.2872,0.0000,3,10.451,,,3.724,trame
hd0070,living+kitchen+dining+bedroom+bedroom+bathroom+office,plausible,7,pavage,16,1.00,False,False,,,,99,1.429,0.2872,0.0000,3,10.451,,,1.684,trame
hd0070,living+kitchen+dining+bedroom+bedroom+bathroom+office,plausible,7,pavage,16,1.80,False,False,,,,99,1.429,0.2872,0.0000,3,10.451,,,2.114,trame
hd0071,living+kitchen+dining+bedroom+bedroom+bathroom+office,plausible,7,base,,0.50,False,False,,,,90,1.429,0.1961,0.0000,2,10.592,,,5.077,invariant_viole
hd0071,living+kitchen+dining+bedroom+bedroom+bathroom+office,plausible,7,pavage,0,0.50,False,False,,,,90,1.429,0.1961,0.0000,2,10.592,,,0.967,trame
hd0071,living+kitchen+dining+bedroom+bedroom+bathroom+office,plausible,7,pavage,4,0.50,False,False,,,,90,1.429,0.1961,0.0000,2,10.592,,,1.149,trame
hd0071,living+kitchen+dining+bedroom+bedroom+bathroom+office,plausible,7,pavage,8,0.50,False,True,7,0.9939,True,90,1.429,0.1961,0.0000,2,10.592,2.258945,0.2133,4.239,ok
hd0071,living+kitchen+dining+bedroom+bedroom+bathroom+office,plausible,7,pavage,16,0.50,False,True,7,0.9939,True,90,1.429,0.1961,0.0000,2,10.592,2.258945,0.2133,4.764,ok
hd0071,living+kitchen+dining+bedroom+bedroom+bathroom+office,plausible,7,pavage,16,0.00,False,True,7,0.9939,True,90,1.429,0.1961,0.0000,2,10.592,2.258945,0.2133,4.118,ok
hd0071,living+kitchen+dining+bedroom+bedroom+bathroom+office,plausible,7,pavage,16,0.25,False,True,7,0.9939,True,90,1.429,0.1961,0.0000,2,10.592,2.258945,0.2133,3.649,ok
hd0071,living+kitchen+dining+bedroom+bedroom+bathroom+office,plausible,7,pavage,16,1.00,False,True,7,1.0000,True,90,1.429,0.1961,0.0000,2,10.592,2.252881,0.2127,3.946,ok
hd0071,living+kitchen+dining+bedroom+bedroom+bathroom+office,plausible,7,pavage,16,1.80,False,True,7,1.8000,True,90,1.429,0.1961,0.0000,2,10.592,1.452881,0.1372,7.081,ok
hd0072,living+kitchen+bedroom+bedroom+bathroom+storage+hallway,chaine,7,base,,0.50,False,False,,,,80,1.714,0.4062,0.0000,2,12.674,,,2.632,invariant_viole
hd0072,living+kitchen+bedroom+bedroom+bathroom+storage+hallway,chaine,7,pavage,0,0.50,False,False,,,,80,1.714,0.4062,0.0000,2,12.674,,,0.791,trame
hd0072,living+kitchen+bedroom+bedroom+bathroom+storage+hallway,chaine,7,pavage,4,0.50,False,False,,,,80,1.714,0.4062,0.0000,2,12.674,,,1.069,trame
hd0072,living+kitchen+bedroom+bedroom+bathroom+storage+hallway,chaine,7,pavage,8,0.50,False,False,,,,80,1.714,0.4062,0.0000,2,12.674,,,1.326,trame
hd0072,living+kitchen+bedroom+bedroom+bathroom+storage+hallway,chaine,7,pavage,16,0.50,False,False,,,,80,1.714,0.4062,0.0000,2,12.674,,,2.162,trame
hd0072,living+kitchen+bedroom+bedroom+bathroom+storage+hallway,chaine,7,pavage,16,0.00,False,False,,,,80,1.714,0.4062,0.0000,2,12.674,,,1.717,trame
hd0072,living+kitchen+bedroom+bedroom+bathroom+storage+hallway,chaine,7,pavage,16,0.25,False,False,,,,80,1.714,0.4062,0.0000,2,12.674,,,1.679,trame
hd0072,living+kitchen+bedroom+bedroom+bathroom+storage+hallway,chaine,7,pavage,16,1.00,False,False,,,,80,1.714,0.4062,0.0000,2,12.674,,,1.590,trame
hd0072,living+kitchen+bedroom+bedroom+bathroom+storage+hallway,chaine,7,pavage,16,1.80,False,False,,,,80,1.714,0.4062,0.0000,2,12.674,,,1.584,trame
hd0073,living+kitchen+bedroom+bedroom+bathroom+storage+hallway,chaine,7,base,,0.50,False,False,,,,117,1.714,0.4394,0.0000,2,12.358,,,2.497,invariant_viole
hd0073,living+kitchen+bedroom+bedroom+bathroom+storage+hallway,chaine,7,pavage,0,0.50,False,False,,,,117,1.714,0.4394,0.0000,2,12.358,,,1.002,trame
hd0073,living+kitchen+bedroom+bedroom+bathroom+storage+hallway,chaine,7,pavage,4,0.50,False,False,,,,117,1.714,0.4394,0.0000,2,12.358,,,1.388,trame
hd0073,living+kitchen+bedroom+bedroom+bathroom+storage+hallway,chaine,7,pavage,8,0.50,False,False,,,,117,1.714,0.4394,0.0000,2,12.358,,,1.960,trame
hd0073,living+kitchen+bedroom+bedroom+bathroom+storage+hallway,chaine,7,pavage,16,0.50,False,False,,,,117,1.714,0.4394,0.0000,2,12.358,,,7.299,infaisable
hd0073,living+kitchen+bedroom+bedroom+bathroom+storage+hallway,chaine,7,pavage,16,0.00,False,True,7,0.0000,False,117,1.714,0.4394,0.0000,2,12.358,5.060036,0.4095,4.803,ok
hd0073,living+kitchen+bedroom+bedroom+bathroom+storage+hallway,chaine,7,pavage,16,0.25,False,False,,,,117,1.714,0.4394,0.0000,2,12.358,,,6.117,infaisable
hd0073,living+kitchen+bedroom+bedroom+bathroom+storage+hallway,chaine,7,pavage,16,1.00,False,False,,,,117,1.714,0.4394,0.0000,2,12.358,,,4.813,infaisable
hd0073,living+kitchen+bedroom+bedroom+bathroom+storage+hallway,chaine,7,pavage,16,1.80,False,False,,,,117,1.714,0.4394,0.0000,2,12.358,,,4.622,infaisable
hd0074,living+kitchen+bedroom+bedroom+bathroom+storage+hallway,chaine,7,base,,0.50,False,False,,,,64,0.571,0.3681,0.0000,5,11.563,,,4.305,invariant_viole
hd0074,living+kitchen+bedroom+bedroom+bathroom+storage+hallway,chaine,7,pavage,0,0.50,False,False,,,,64,0.571,0.3681,0.0000,5,11.563,,,0.836,trame
hd0074,living+kitchen+bedroom+bedroom+bathroom+storage+hallway,chaine,7,pavage,4,0.50,False,False,,,,64,0.571,0.3681,0.0000,5,11.563,,,1.056,trame
hd0074,living+kitchen+bedroom+bedroom+bathroom+storage+hallway,chaine,7,pavage,8,0.50,False,False,,,,64,0.571,0.3681,0.0000,5,11.563,,,1.322,trame
hd0074,living+kitchen+bedroom+bedroom+bathroom+storage+hallway,chaine,7,pavage,16,0.50,False,False,,,,64,0.571,0.3681,0.0000,5,11.563,,,1.806,trame
hd0074,living+kitchen+bedroom+bedroom+bathroom+storage+hallway,chaine,7,pavage,16,0.00,False,False,,,,64,0.571,0.3681,0.0000,5,11.563,,,1.598,trame
hd0074,living+kitchen+bedroom+bedroom+bathroom+storage+hallway,chaine,7,pavage,16,0.25,False,False,,,,64,0.571,0.3681,0.0000,5,11.563,,,1.558,trame
hd0074,living+kitchen+bedroom+bedroom+bathroom+storage+hallway,chaine,7,pavage,16,1.00,False,False,,,,64,0.571,0.3681,0.0000,5,11.563,,,1.748,trame
hd0074,living+kitchen+bedroom+bedroom+bathroom+storage+hallway,chaine,7,pavage,16,1.80,False,False,,,,64,0.571,0.3681,0.0000,5,11.563,,,1.647,trame
hd0075,living+kitchen+bedroom+bedroom+bathroom+storage+hallway,chaine,7,base,,0.50,False,False,,,,63,1.714,0.1447,0.0000,2,9.792,,,3.001,invariant_viole
hd0075,living+kitchen+bedroom+bedroom+bathroom+storage+hallway,chaine,7,pavage,0,0.50,False,False,,,,63,1.714,0.1447,0.0000,2,9.792,,,0.767,trame
hd0075,living+kitchen+bedroom+bedroom+bathroom+storage+hallway,chaine,7,pavage,4,0.50,False,False,,,,63,1.714,0.1447,0.0000,2,9.792,,,1.053,trame
hd0075,living+kitchen+bedroom+bedroom+bathroom+storage+hallway,chaine,7,pavage,8,0.50,False,True,7,0.5000,True,63,1.714,0.1447,0.0000,2,9.792,2.662523,0.2719,5.250,ok
hd0075,living+kitchen+bedroom+bedroom+bathroom+storage+hallway,chaine,7,pavage,16,0.50,False,True,7,0.5000,True,63,1.714,0.1447,0.0000,2,9.792,2.662523,0.2719,6.893,ok
hd0075,living+kitchen+bedroom+bedroom+bathroom+storage+hallway,chaine,7,pavage,16,0.00,False,True,7,0.3614,False,63,1.714,0.1447,0.0000,2,9.792,2.801092,0.2860,5.260,ok
hd0075,living+kitchen+bedroom+bedroom+bathroom+storage+hallway,chaine,7,pavage,16,0.25,False,True,7,0.3614,False,63,1.714,0.1447,0.0000,2,9.792,2.801092,0.2860,5.886,ok
hd0075,living+kitchen+bedroom+bedroom+bathroom+storage+hallway,chaine,7,pavage,16,1.00,False,True,7,1.0000,True,63,1.714,0.1447,0.0000,2,9.792,2.168587,0.2215,5.005,ok
hd0075,living+kitchen+bedroom+bedroom+bathroom+storage+hallway,chaine,7,pavage,16,1.80,False,True,7,1.8000,True,63,1.714,0.1447,0.0000,2,9.792,2.168587,0.2215,4.025,ok
hd0076,living+kitchen+bedroom+bedroom+bedroom+bathroom+bathroom+hallway,anneau,8,base,,0.50,False,False,,,,180,1.250,0.3535,0.0000,3,11.637,,,3.520,invariant_viole
hd0076,living+kitchen+bedroom+bedroom+bedroom+bathroom+bathroom+hallway,anneau,8,pavage,0,0.50,False,False,,,,180,1.250,0.3535,0.0000,3,11.637,,,0.931,trame
hd0076,living+kitchen+bedroom+bedroom+bedroom+bathroom+bathroom+hallway,anneau,8,pavage,4,0.50,False,False,,,,180,1.250,0.3535,0.0000,3,11.637,,,1.337,trame
hd0076,living+kitchen+bedroom+bedroom+bedroom+bathroom+bathroom+hallway,anneau,8,pavage,8,0.50,False,False,,,,180,1.250,0.3535,0.0000,3,11.637,,,2.097,trame
hd0076,living+kitchen+bedroom+bedroom+bedroom+bathroom+bathroom+hallway,anneau,8,pavage,16,0.50,False,False,,,,180,1.250,0.3535,0.0000,3,11.637,,,2.520,trame
hd0076,living+kitchen+bedroom+bedroom+bedroom+bathroom+bathroom+hallway,anneau,8,pavage,16,0.00,False,False,,,,180,1.250,0.3535,0.0000,3,11.637,,,2.409,trame
hd0076,living+kitchen+bedroom+bedroom+bedroom+bathroom+bathroom+hallway,anneau,8,pavage,16,0.25,False,False,,,,180,1.250,0.3535,0.0000,3,11.637,,,2.403,trame
hd0076,living+kitchen+bedroom+bedroom+bedroom+bathroom+bathroom+hallway,anneau,8,pavage,16,1.00,False,False,,,,180,1.250,0.3535,0.0000,3,11.637,,,2.371,trame
hd0076,living+kitchen+bedroom+bedroom+bedroom+bathroom+bathroom+hallway,anneau,8,pavage,16,1.80,False,False,,,,180,1.250,0.3535,0.0000,3,11.637,,,3.482,trame
hd0077,living+kitchen+bedroom+bedroom+bedroom+bathroom+bathroom+hallway,anneau,8,base,,0.50,False,False,,,,117,0.750,0.3299,0.0000,5,12.522,,,3.214,invariant_viole
hd0077,living+kitchen+bedroom+bedroom+bedroom+bathroom+bathroom+hallway,anneau,8,pavage,0,0.50,False,False,,,,117,0.750,0.3299,0.0000,5,12.522,,,0.833,trame
hd0077,living+kitchen+bedroom+bedroom+bedroom+bathroom+bathroom+hallway,anneau,8,pavage,4,0.50,False,False,,,,117,0.750,0.3299,0.0000,5,12.522,,,1.220,trame
hd0077,living+kitchen+bedroom+bedroom+bedroom+bathroom+bathroom+hallway,anneau,8,pavage,8,0.50,False,False,,,,117,0.750,0.3299,0.0000,5,12.522,,,1.687,trame
hd0077,living+kitchen+bedroom+bedroom+bedroom+bathroom+bathroom+hallway,anneau,8,pavage,16,0.50,False,False,,,,117,0.750,0.3299,0.0000,5,12.522,,,8.161,infaisable
hd0077,living+kitchen+bedroom+bedroom+bedroom+bathroom+bathroom+hallway,anneau,8,pavage,16,0.00,False,True,8,0.0000,False,117,0.750,0.3299,0.0000,5,12.522,10.842935,0.8659,6.593,ok
hd0077,living+kitchen+bedroom+bedroom+bedroom+bathroom+bathroom+hallway,anneau,8,pavage,16,0.25,False,False,,,,117,0.750,0.3299,0.0000,5,12.522,,,6.669,infaisable
hd0077,living+kitchen+bedroom+bedroom+bedroom+bathroom+bathroom+hallway,anneau,8,pavage,16,1.00,False,False,,,,117,0.750,0.3299,0.0000,5,12.522,,,7.912,infaisable
hd0077,living+kitchen+bedroom+bedroom+bedroom+bathroom+bathroom+hallway,anneau,8,pavage,16,1.80,False,False,,,,117,0.750,0.3299,0.0000,5,12.522,,,8.763,infaisable
hd0078,living+kitchen+bedroom+bedroom+bedroom+bathroom+bathroom+hallway,anneau,8,base,,0.50,False,False,,,,99,1.500,0.1213,0.0000,3,11.478,,,6.279,invariant_viole
hd0078,living+kitchen+bedroom+bedroom+bedroom+bathroom+bathroom+hallway,anneau,8,pavage,0,0.50,False,False,,,,99,1.500,0.1213,0.0000,3,11.478,,,1.472,trame
hd0078,living+kitchen+bedroom+bedroom+bedroom+bathroom+bathroom+hallway,anneau,8,pavage,4,0.50,False,False,,,,99,1.500,0.1213,0.0000,3,11.478,,,2.781,trame
hd0078,living+kitchen+bedroom+bedroom+bedroom+bathroom+bathroom+hallway,anneau,8,pavage,8,0.50,False,False,,,,99,1.500,0.1213,0.0000,3,11.478,,,3.096,trame
hd0078,living+kitchen+bedroom+bedroom+bedroom+bathroom+bathroom+hallway,anneau,8,pavage,16,0.50,False,False,,,,99,1.500,0.1213,0.0000,3,11.478,,,2.813,trame
hd0078,living+kitchen+bedroom+bedroom+bedroom+bathroom+bathroom+hallway,anneau,8,pavage,16,0.00,False,False,,,,99,1.500,0.1213,0.0000,3,11.478,,,2.177,trame
hd0078,living+kitchen+bedroom+bedroom+bedroom+bathroom+bathroom+hallway,anneau,8,pavage,16,0.25,False,False,,,,99,1.500,0.1213,0.0000,3,11.478,,,1.979,trame
hd0078,living+kitchen+bedroom+bedroom+bedroom+bathroom+bathroom+hallway,anneau,8,pavage,16,1.00,False,False,,,,99,1.500,0.1213,0.0000,3,11.478,,,2.413,trame
hd0078,living+kitchen+bedroom+bedroom+bedroom+bathroom+bathroom+hallway,anneau,8,pavage,16,1.80,False,False,,,,99,1.500,0.1213,0.0000,3,11.478,,,2.544,trame
hd0079,living+kitchen+bedroom+bedroom+bedroom+bathroom+bathroom+hallway,anneau,8,base,,0.50,False,False,,,,132,2.000,0.2753,0.0000,2,11.417,,,5.001,invariant_viole
hd0079,living+kitchen+bedroom+bedroom+bedroom+bathroom+bathroom+hallway,anneau,8,pavage,0,0.50,False,False,,,,132,2.000,0.2753,0.0000,2,11.417,,,0.981,trame
hd0079,living+kitchen+bedroom+bedroom+bedroom+bathroom+bathroom+hallway,anneau,8,pavage,4,0.50,False,False,,,,132,2.000,0.2753,0.0000,2,11.417,,,3.941,trame
hd0079,living+kitchen+bedroom+bedroom+bedroom+bathroom+bathroom+hallway,anneau,8,pavage,8,0.50,False,False,,,,132,2.000,0.2753,0.0000,2,11.417,,,2.018,trame
hd0079,living+kitchen+bedroom+bedroom+bedroom+bathroom+bathroom+hallway,anneau,8,pavage,16,0.50,False,False,,,,132,2.000,0.2753,0.0000,2,11.417,,,2.153,trame
hd0079,living+kitchen+bedroom+bedroom+bedroom+bathroom+bathroom+hallway,anneau,8,pavage,16,0.00,False,False,,,,132,2.000,0.2753,0.0000,2,11.417,,,2.159,trame
hd0079,living+kitchen+bedroom+bedroom+bedroom+bathroom+bathroom+hallway,anneau,8,pavage,16,0.25,False,False,,,,132,2.000,0.2753,0.0000,2,11.417,,,2.148,trame
hd0079,living+kitchen+bedroom+bedroom+bedroom+bathroom+bathroom+hallway,anneau,8,pavage,16,1.00,False,False,,,,132,2.000,0.2753,0.0000,2,11.417,,,2.245,trame
hd0079,living+kitchen+bedroom+bedroom+bedroom+bathroom+bathroom+hallway,anneau,8,pavage,16,1.80,False,False,,,,132,2.000,0.2753,0.0000,2,11.417,,,2.398,trame
hd0080,living+kitchen+dining+bedroom+bedroom+bathroom+office+hallway,etoile,8,base,,0.50,False,False,,,,135,1.000,0.1744,0.0000,4,10.451,,,4.375,invariant_viole
hd0080,living+kitchen+dining+bedroom+bedroom+bathroom+office+hallway,etoile,8,pavage,0,0.50,False,False,,,,135,1.000,0.1744,0.0000,4,10.451,,,1.076,trame
hd0080,living+kitchen+dining+bedroom+bedroom+bathroom+office+hallway,etoile,8,pavage,4,0.50,False,False,,,,135,1.000,0.1744,0.0000,4,10.451,,,1.660,trame
hd0080,living+kitchen+dining+bedroom+bedroom+bathroom+office+hallway,etoile,8,pavage,8,0.50,False,False,,,,135,1.000,0.1744,0.0000,4,10.451,,,1.892,trame
hd0080,living+kitchen+dining+bedroom+bedroom+bathroom+office+hallway,etoile,8,pavage,16,0.50,False,False,,,,135,1.000,0.1744,0.0000,4,10.451,,,2.109,trame
hd0080,living+kitchen+dining+bedroom+bedroom+bathroom+office+hallway,etoile,8,pavage,16,0.00,False,False,,,,135,1.000,0.1744,0.0000,4,10.451,,,2.349,trame
hd0080,living+kitchen+dining+bedroom+bedroom+bathroom+office+hallway,etoile,8,pavage,16,0.25,False,False,,,,135,1.000,0.1744,0.0000,4,10.451,,,2.057,trame
hd0080,living+kitchen+dining+bedroom+bedroom+bathroom+office+hallway,etoile,8,pavage,16,1.00,False,False,,,,135,1.000,0.1744,0.0000,4,10.451,,,2.219,trame
hd0080,living+kitchen+dining+bedroom+bedroom+bathroom+office+hallway,etoile,8,pavage,16,1.80,False,False,,,,135,1.000,0.1744,0.0000,4,10.451,,,2.094,trame
hd0081,living+kitchen+dining+bedroom+bedroom+bathroom+office+hallway,etoile,8,base,,0.50,False,False,,,,108,1.500,0.1779,0.0000,4,9.488,,,3.421,invariant_viole
hd0081,living+kitchen+dining+bedroom+bedroom+bathroom+office+hallway,etoile,8,pavage,0,0.50,False,False,,,,108,1.500,0.1779,0.0000,4,9.488,,,0.936,trame
hd0081,living+kitchen+dining+bedroom+bedroom+bathroom+office+hallway,etoile,8,pavage,4,0.50,False,False,,,,108,1.500,0.1779,0.0000,4,9.488,,,2.093,trame
hd0081,living+kitchen+dining+bedroom+bedroom+bathroom+office+hallway,etoile,8,pavage,8,0.50,False,False,,,,108,1.500,0.1779,0.0000,4,9.488,,,2.147,trame
hd0081,living+kitchen+dining+bedroom+bedroom+bathroom+office+hallway,etoile,8,pavage,16,0.50,False,False,,,,108,1.500,0.1779,0.0000,4,9.488,,,2.754,trame
hd0081,living+kitchen+dining+bedroom+bedroom+bathroom+office+hallway,etoile,8,pavage,16,0.00,False,False,,,,108,1.500,0.1779,0.0000,4,9.488,,,2.553,trame
hd0081,living+kitchen+dining+bedroom+bedroom+bathroom+office+hallway,etoile,8,pavage,16,0.25,False,False,,,,108,1.500,0.1779,0.0000,4,9.488,,,2.012,trame
hd0081,living+kitchen+dining+bedroom+bedroom+bathroom+office+hallway,etoile,8,pavage,16,1.00,False,False,,,,108,1.500,0.1779,0.0000,4,9.488,,,2.058,trame
hd0081,living+kitchen+dining+bedroom+bedroom+bathroom+office+hallway,etoile,8,pavage,16,1.80,False,False,,,,108,1.500,0.1779,0.0000,4,9.488,,,2.344,trame
hd0082,living+kitchen+dining+bedroom+bedroom+bathroom+office+hallway,etoile,8,base,,0.50,False,False,,,,140,1.500,0.4204,0.0000,2,11.403,,,3.525,invariant_viole
hd0082,living+kitchen+dining+bedroom+bedroom+bathroom+office+hallway,etoile,8,pavage,0,0.50,False,False,,,,140,1.500,0.4204,0.0000,2,11.403,,,0.934,trame
hd0082,living+kitchen+dining+bedroom+bedroom+bathroom+office+hallway,etoile,8,pavage,4,0.50,False,False,,,,140,1.500,0.4204,0.0000,2,11.403,,,1.440,trame
hd0082,living+kitchen+dining+bedroom+bedroom+bathroom+office+hallway,etoile,8,pavage,8,0.50,False,False,,,,140,1.500,0.4204,0.0000,2,11.403,,,1.922,trame
hd0082,living+kitchen+dining+bedroom+bedroom+bathroom+office+hallway,etoile,8,pavage,16,0.50,False,False,,,,140,1.500,0.4204,0.0000,2,11.403,,,7.655,infaisable
hd0082,living+kitchen+dining+bedroom+bedroom+bathroom+office+hallway,etoile,8,pavage,16,0.00,False,True,8,0.0000,False,140,1.500,0.4204,0.0000,2,11.403,3.614312,0.3170,9.149,ok
hd0082,living+kitchen+dining+bedroom+bedroom+bathroom+office+hallway,etoile,8,pavage,16,0.25,False,False,,,,140,1.500,0.4204,0.0000,2,11.403,,,8.471,infaisable
hd0082,living+kitchen+dining+bedroom+bedroom+bathroom+office+hallway,etoile,8,pavage,16,1.00,False,False,,,,140,1.500,0.4204,0.0000,2,11.403,,,7.290,infaisable
hd0082,living+kitchen+dining+bedroom+bedroom+bathroom+office+hallway,etoile,8,pavage,16,1.80,False,False,,,,140,1.500,0.4204,0.0000,2,11.403,,,8.104,infaisable
hd0083,living+kitchen+dining+bedroom+bedroom+bathroom+office+hallway,etoile,8,base,,0.50,False,False,,,,156,1.250,0.3578,0.0000,4,10.920,,,3.425,invariant_viole
hd0083,living+kitchen+dining+bedroom+bedroom+bathroom+office+hallway,etoile,8,pavage,0,0.50,False,False,,,,156,1.250,0.3578,0.0000,4,10.920,,,0.963,trame
hd0083,living+kitchen+dining+bedroom+bedroom+bathroom+office+hallway,etoile,8,pavage,4,0.50,False,False,,,,156,1.250,0.3578,0.0000,4,10.920,,,1.302,trame
hd0083,living+kitchen+dining+bedroom+bedroom+bathroom+office+hallway,etoile,8,pavage,8,0.50,False,False,,,,156,1.250,0.3578,0.0000,4,10.920,,,2.512,trame
hd0083,living+kitchen+dining+bedroom+bedroom+bathroom+office+hallway,etoile,8,pavage,16,0.50,False,False,,,,156,1.250,0.3578,0.0000,4,10.920,,,1.738,trame
hd0083,living+kitchen+dining+bedroom+bedroom+bathroom+office+hallway,etoile,8,pavage,16,0.00,False,False,,,,156,1.250,0.3578,0.0000,4,10.920,,,1.680,trame
hd0083,living+kitchen+dining+bedroom+bedroom+bathroom+office+hallway,etoile,8,pavage,16,0.25,False,False,,,,156,1.250,0.3578,0.0000,4,10.920,,,2.456,trame
hd0083,living+kitchen+dining+bedroom+bedroom+bathroom+office+hallway,etoile,8,pavage,16,1.00,False,False,,,,156,1.250,0.3578,0.0000,4,10.920,,,1.645,trame
hd0083,living+kitchen+dining+bedroom+bedroom+bathroom+office+hallway,etoile,8,pavage,16,1.80,False,False,,,,156,1.250,0.3578,0.0000,4,10.920,,,1.593,trame
hd0084,living+kitchen+bedroom+bedroom+bathroom+storage+office+hallway,plausible,8,base,,0.50,False,False,,,,90,2.750,0.0637,0.0000,2,11.020,,,3.544,invariant_viole
hd0084,living+kitchen+bedroom+bedroom+bathroom+storage+office+hallway,plausible,8,pavage,0,0.50,False,False,,,,90,2.750,0.0637,0.0000,2,11.020,,,0.851,trame
hd0084,living+kitchen+bedroom+bedroom+bathroom+storage+office+hallway,plausible,8,pavage,4,0.50,False,False,,,,90,2.750,0.0637,0.0000,2,11.020,,,1.191,trame
hd0084,living+kitchen+bedroom+bedroom+bathroom+storage+office+hallway,plausible,8,pavage,8,0.50,False,False,,,,90,2.750,0.0637,0.0000,2,11.020,,,1.593,trame
hd0084,living+kitchen+bedroom+bedroom+bathroom+storage+office+hallway,plausible,8,pavage,16,0.50,False,False,,,,90,2.750,0.0637,0.0000,2,11.020,,,5.062,infaisable
hd0084,living+kitchen+bedroom+bedroom+bathroom+storage+office+hallway,plausible,8,pavage,16,0.00,False,True,8,0.0000,False,90,2.750,0.0637,0.0000,2,11.020,4.969679,0.4510,4.426,ok
hd0084,living+kitchen+bedroom+bedroom+bathroom+storage+office+hallway,plausible,8,pavage,16,0.25,False,False,,,,90,2.750,0.0637,0.0000,2,11.020,,,5.420,infaisable
hd0084,living+kitchen+bedroom+bedroom+bathroom+storage+office+hallway,plausible,8,pavage,16,1.00,False,False,,,,90,2.750,0.0637,0.0000,2,11.020,,,4.954,infaisable
hd0084,living+kitchen+bedroom+bedroom+bathroom+storage+office+hallway,plausible,8,pavage,16,1.80,False,False,,,,90,2.750,0.0637,0.0000,2,11.020,,,4.935,infaisable
hd0085,living+kitchen+bedroom+bedroom+bathroom+storage+office+hallway,plausible,8,base,,0.50,False,False,,,,132,2.500,0.3177,0.0001,2,12.112,,,3.555,invariant_viole
hd0085,living+kitchen+bedroom+bedroom+bathroom+storage+office+hallway,plausible,8,pavage,0,0.50,False,False,,,,132,2.500,0.3177,0.0001,2,12.112,,,0.873,trame
hd0085,living+kitchen+bedroom+bedroom+bathroom+storage+office+hallway,plausible,8,pavage,4,0.50,False,False,,,,132,2.500,0.3177,0.0001,2,12.112,,,1.315,trame
hd0085,living+kitchen+bedroom+bedroom+bathroom+storage+office+hallway,plausible,8,pavage,8,0.50,False,False,,,,132,2.500,0.3177,0.0001,2,12.112,,,1.721,trame
hd0085,living+kitchen+bedroom+bedroom+bathroom+storage+office+hallway,plausible,8,pavage,16,0.50,False,False,,,,132,2.500,0.3177,0.0001,2,12.112,,,5.005,infaisable
hd0085,living+kitchen+bedroom+bedroom+bathroom+storage+office+hallway,plausible,8,pavage,16,0.00,False,True,8,0.0000,False,132,2.500,0.3177,0.0001,2,12.112,7.951486,0.6565,4.986,ok
hd0085,living+kitchen+bedroom+bedroom+bathroom+storage+office+hallway,plausible,8,pavage,16,0.25,False,False,,,,132,2.500,0.3177,0.0001,2,12.112,,,5.587,infaisable
hd0085,living+kitchen+bedroom+bedroom+bathroom+storage+office+hallway,plausible,8,pavage,16,1.00,False,False,,,,132,2.500,0.3177,0.0001,2,12.112,,,6.147,infaisable
hd0085,living+kitchen+bedroom+bedroom+bathroom+storage+office+hallway,plausible,8,pavage,16,1.80,False,False,,,,132,2.500,0.3177,0.0001,2,12.112,,,11.554,infaisable
hd0086,living+kitchen+bedroom+bedroom+bathroom+storage+office+hallway,plausible,8,base,,0.50,False,False,,,,56,2.500,0.1499,0.0000,2,11.269,,,3.870,invariant_viole
hd0086,living+kitchen+bedroom+bedroom+bathroom+storage+office+hallway,plausible,8,pavage,0,0.50,False,False,,,,56,2.500,0.1499,0.0000,2,11.269,,,0.985,trame
hd0086,living+kitchen+bedroom+bedroom+bathroom+storage+office+hallway,plausible,8,pavage,4,0.50,False,False,,,,56,2.500,0.1499,0.0000,2,11.269,,,1.269,trame
hd0086,living+kitchen+bedroom+bedroom+bathroom+storage+office+hallway,plausible,8,pavage,8,0.50,False,False,,,,56,2.500,0.1499,0.0000,2,11.269,,,1.602,trame
hd0086,living+kitchen+bedroom+bedroom+bathroom+storage+office+hallway,plausible,8,pavage,16,0.50,False,False,,,,56,2.500,0.1499,0.0000,2,11.269,,,1.797,trame
hd0086,living+kitchen+bedroom+bedroom+bathroom+storage+office+hallway,plausible,8,pavage,16,0.00,False,False,,,,56,2.500,0.1499,0.0000,2,11.269,,,1.798,trame
hd0086,living+kitchen+bedroom+bedroom+bathroom+storage+office+hallway,plausible,8,pavage,16,0.25,False,False,,,,56,2.500,0.1499,0.0000,2,11.269,,,2.174,trame
hd0086,living+kitchen+bedroom+bedroom+bathroom+storage+office+hallway,plausible,8,pavage,16,1.00,False,False,,,,56,2.500,0.1499,0.0000,2,11.269,,,1.922,trame
hd0086,living+kitchen+bedroom+bedroom+bathroom+storage+office+hallway,plausible,8,pavage,16,1.80,False,False,,,,56,2.500,0.1499,0.0000,2,11.269,,,1.949,trame
hd0087,living+kitchen+bedroom+bedroom+bathroom+storage+office+hallway,plausible,8,base,,0.50,False,False,,,,120,3.000,0.1788,0.0001,1,12.112,,,4.047,invariant_viole
hd0087,living+kitchen+bedroom+bedroom+bathroom+storage+office+hallway,plausible,8,pavage,0,0.50,False,False,,,,120,3.000,0.1788,0.0001,1,12.112,,,0.944,trame
hd0087,living+kitchen+bedroom+bedroom+bathroom+storage+office+hallway,plausible,8,pavage,4,0.50,False,False,,,,120,3.000,0.1788,0.0001,1,12.112,,,1.384,trame
hd0087,living+kitchen+bedroom+bedroom+bathroom+storage+office+hallway,plausible,8,pavage,8,0.50,False,False,,,,120,3.000,0.1788,0.0001,1,12.112,,,1.949,trame
hd0087,living+kitchen+bedroom+bedroom+bathroom+storage+office+hallway,plausible,8,pavage,16,0.50,False,False,,,,120,3.000,0.1788,0.0001,1,12.112,,,1.825,trame
hd0087,living+kitchen+bedroom+bedroom+bathroom+storage+office+hallway,plausible,8,pavage,16,0.00,False,False,,,,120,3.000,0.1788,0.0001,1,12.112,,,1.785,trame
hd0087,living+kitchen+bedroom+bedroom+bathroom+storage+office+hallway,plausible,8,pavage,16,0.25,False,False,,,,120,3.000,0.1788,0.0001,1,12.112,,,1.761,trame
hd0087,living+kitchen+bedroom+bedroom+bathroom+storage+office+hallway,plausible,8,pavage,16,1.00,False,False,,,,120,3.000,0.1788,0.0001,1,12.112,,,1.760,trame
hd0087,living+kitchen+bedroom+bedroom+bathroom+storage+office+hallway,plausible,8,pavage,16,1.80,False,False,,,,120,3.000,0.1788,0.0001,1,12.112,,,1.749,trame
hd0088,living+kitchen+dining+bedroom+bedroom+bedroom+bathroom+bathroom+hallway,chaine,9,base,,0.50,False,False,,,,140,2.222,0.1878,0.0000,2,11.417,,,3.599,invariant_viole
hd0088,living+kitchen+dining+bedroom+bedroom+bedroom+bathroom+bathroom+hallway,chaine,9,pavage,0,0.50,False,False,,,,140,2.222,0.1878,0.0000,2,11.417,,,0.952,trame
hd0088,living+kitchen+dining+bedroom+bedroom+bedroom+bathroom+bathroom+hallway,chaine,9,pavage,4,0.50,False,False,,,,140,2.222,0.1878,0.0000,2,11.417,,,1.551,trame
hd0088,living+kitchen+dining+bedroom+bedroom+bedroom+bathroom+bathroom+hallway,chaine,9,pavage,8,0.50,False,False,,,,140,2.222,0.1878,0.0000,2,11.417,,,1.804,trame
hd0088,living+kitchen+dining+bedroom+bedroom+bedroom+bathroom+bathroom+hallway,chaine,9,pavage,16,0.50,False,False,,,,140,2.222,0.1878,0.0000,2,11.417,,,2.250,trame
hd0088,living+kitchen+dining+bedroom+bedroom+bedroom+bathroom+bathroom+hallway,chaine,9,pavage,16,0.00,False,False,,,,140,2.222,0.1878,0.0000,2,11.417,,,2.230,trame
hd0088,living+kitchen+dining+bedroom+bedroom+bedroom+bathroom+bathroom+hallway,chaine,9,pavage,16,0.25,False,False,,,,140,2.222,0.1878,0.0000,2,11.417,,,2.214,trame
hd0088,living+kitchen+dining+bedroom+bedroom+bedroom+bathroom+bathroom+hallway,chaine,9,pavage,16,1.00,False,False,,,,140,2.222,0.1878,0.0000,2,11.417,,,2.230,trame
hd0088,living+kitchen+dining+bedroom+bedroom+bedroom+bathroom+bathroom+hallway,chaine,9,pavage,16,1.80,False,False,,,,140,2.222,0.1878,0.0000,2,11.417,,,2.604,trame
hd0089,living+kitchen+dining+bedroom+bedroom+bedroom+bathroom+bathroom+hallway,chaine,9,base,,0.50,False,False,,,,132,1.333,0.3376,0.0000,4,13.334,,,3.429,invariant_viole
hd0089,living+kitchen+dining+bedroom+bedroom+bedroom+bathroom+bathroom+hallway,chaine,9,pavage,0,0.50,False,False,,,,132,1.333,0.3376,0.0000,4,13.334,,,0.909,trame
hd0089,living+kitchen+dining+bedroom+bedroom+bedroom+bathroom+bathroom+hallway,chaine,9,pavage,4,0.50,False,False,,,,132,1.333,0.3376,0.0000,4,13.334,,,1.343,trame
hd0089,living+kitchen+dining+bedroom+bedroom+bedroom+bathroom+bathroom+hallway,chaine,9,pavage,8,0.50,False,False,,,,132,1.333,0.3376,0.0000,4,13.334,,,1.942,trame
hd0089,living+kitchen+dining+bedroom+bedroom+bedroom+bathroom+bathroom+hallway,chaine,9,pavage,16,0.50,False,False,,,,132,1.333,0.3376,0.0000,4,13.334,,,2.534,trame
hd0089,living+kitchen+dining+bedroom+bedroom+bedroom+bathroom+bathroom+hallway,chaine,9,pavage,16,0.00,False,False,,,,132,1.333,0.3376,0.0000,4,13.334,,,3.783,trame
hd0089,living+kitchen+dining+bedroom+bedroom+bedroom+bathroom+bathroom+hallway,chaine,9,pavage,16,0.25,False,False,,,,132,1.333,0.3376,0.0000,4,13.334,,,2.834,trame
hd0089,living+kitchen+dining+bedroom+bedroom+bedroom+bathroom+bathroom+hallway,chaine,9,pavage,16,1.00,False,False,,,,132,1.333,0.3376,0.0000,4,13.334,,,3.135,trame
hd0089,living+kitchen+dining+bedroom+bedroom+bedroom+bathroom+bathroom+hallway,chaine,9,pavage,16,1.80,False,False,,,,132,1.333,0.3376,0.0000,4,13.334,,,3.141,trame
hd0090,living+kitchen+dining+bedroom+bedroom+bedroom+bathroom+bathroom+hallway,chaine,9,base,,0.50,False,False,,,,132,1.556,0.5255,0.0000,3,11.907,,,4.327,invariant_viole
hd0090,living+kitchen+dining+bedroom+bedroom+bedroom+bathroom+bathroom+hallway,chaine,9,pavage,0,0.50,False,False,,,,132,1.556,0.5255,0.0000,3,11.907,,,1.457,trame
hd0090,living+kitchen+dining+bedroom+bedroom+bedroom+bathroom+bathroom+hallway,chaine,9,pavage,4,0.50,False,False,,,,132,1.556,0.5255,0.0000,3,11.907,,,1.977,trame
hd0090,living+kitchen+dining+bedroom+bedroom+bedroom+bathroom+bathroom+hallway,chaine,9,pavage,8,0.50,False,False,,,,132,1.556,0.5255,0.0000,3,11.907,,,2.859,trame
hd0090,living+kitchen+dining+bedroom+bedroom+bedroom+bathroom+bathroom+hallway,chaine,9,pavage,16,0.50,False,False,,,,132,1.556,0.5255,0.0000,3,11.907,,,9.527,infaisable
hd0090,living+kitchen+dining+bedroom+bedroom+bedroom+bathroom+bathroom+hallway,chaine,9,pavage,16,0.00,False,True,9,0.0000,False,132,1.556,0.5255,0.0000,3,11.907,9.668284,0.8120,11.121,ok
hd0090,living+kitchen+dining+bedroom+bedroom+bedroom+bathroom+bathroom+hallway,chaine,9,pavage,16,0.25,False,False,,,,132,1.556,0.5255,0.0000,3,11.907,,,10.754,infaisable
hd0090,living+kitchen+dining+bedroom+bedroom+bedroom+bathroom+bathroom+hallway,chaine,9,pavage,16,1.00,False,False,,,,132,1.556,0.5255,0.0000,3,11.907,,,7.687,infaisable
hd0090,living+kitchen+dining+bedroom+bedroom+bedroom+bathroom+bathroom+hallway,chaine,9,pavage,16,1.80,False,False,,,,132,1.556,0.5255,0.0000,3,11.907,,,10.087,infaisable
hd0091,living+kitchen+dining+bedroom+bedroom+bedroom+bathroom+bathroom+hallway,chaine,9,base,,0.50,False,False,,,,130,1.556,0.2780,0.0000,3,12.298,,,5.963,invariant_viole
hd0091,living+kitchen+dining+bedroom+bedroom+bedroom+bathroom+bathroom+hallway,chaine,9,pavage,0,0.50,False,False,,,,130,1.556,0.2780,0.0000,3,12.298,,,1.255,trame
hd0091,living+kitchen+dining+bedroom+bedroom+bedroom+bathroom+bathroom+hallway,chaine,9,pavage,4,0.50,False,False,,,,130,1.556,0.2780,0.0000,3,12.298,,,2.252,trame
hd0091,living+kitchen+dining+bedroom+bedroom+bedroom+bathroom+bathroom+hallway,chaine,9,pavage,8,0.50,False,False,,,,130,1.556,0.2780,0.0000,3,12.298,,,3.093,trame
hd0091,living+kitchen+dining+bedroom+bedroom+bedroom+bathroom+bathroom+hallway,chaine,9,pavage,16,0.50,False,False,,,,130,1.556,0.2780,0.0000,3,12.298,,,5.682,trame
hd0091,living+kitchen+dining+bedroom+bedroom+bedroom+bathroom+bathroom+hallway,chaine,9,pavage,16,0.00,False,False,,,,130,1.556,0.2780,0.0000,3,12.298,,,4.269,trame
hd0091,living+kitchen+dining+bedroom+bedroom+bedroom+bathroom+bathroom+hallway,chaine,9,pavage,16,0.25,False,False,,,,130,1.556,0.2780,0.0000,3,12.298,,,3.866,trame
hd0091,living+kitchen+dining+bedroom+bedroom+bedroom+bathroom+bathroom+hallway,chaine,9,pavage,16,1.00,False,False,,,,130,1.556,0.2780,0.0000,3,12.298,,,4.322,trame
hd0091,living+kitchen+dining+bedroom+bedroom+bedroom+bathroom+bathroom+hallway,chaine,9,pavage,16,1.80,False,False,,,,130,1.556,0.2780,0.0000,3,12.298,,,3.913,trame
hd0092,living+kitchen+bedroom+bedroom+bedroom+bathroom+bathroom+storage+office,anneau,9,base,,0.50,False,False,,,,99,1.556,0.1188,0.0000,3,11.105,,,5.799,invariant_viole
hd0092,living+kitchen+bedroom+bedroom+bedroom+bathroom+bathroom+storage+office,anneau,9,pavage,0,0.50,False,False,,,,99,1.556,0.1188,0.0000,3,11.105,,,1.086,trame
hd0092,living+kitchen+bedroom+bedroom+bedroom+bathroom+bathroom+storage+office,anneau,9,pavage,4,0.50,False,False,,,,99,1.556,0.1188,0.0000,3,11.105,,,1.632,trame
hd0092,living+kitchen+bedroom+bedroom+bedroom+bathroom+bathroom+storage+office,anneau,9,pavage,8,0.50,False,False,,,,99,1.556,0.1188,0.0000,3,11.105,,,1.895,trame
hd0092,living+kitchen+bedroom+bedroom+bedroom+bathroom+bathroom+storage+office,anneau,9,pavage,16,0.50,False,False,,,,99,1.556,0.1188,0.0000,3,11.105,,,2.387,trame
hd0092,living+kitchen+bedroom+bedroom+bedroom+bathroom+bathroom+storage+office,anneau,9,pavage,16,0.00,False,False,,,,99,1.556,0.1188,0.0000,3,11.105,,,2.586,trame
hd0092,living+kitchen+bedroom+bedroom+bedroom+bathroom+bathroom+storage+office,anneau,9,pavage,16,0.25,False,False,,,,99,1.556,0.1188,0.0000,3,11.105,,,2.371,trame
hd0092,living+kitchen+bedroom+bedroom+bedroom+bathroom+bathroom+storage+office,anneau,9,pavage,16,1.00,False,False,,,,99,1.556,0.1188,0.0000,3,11.105,,,2.301,trame
hd0092,living+kitchen+bedroom+bedroom+bedroom+bathroom+bathroom+storage+office,anneau,9,pavage,16,1.80,False,False,,,,99,1.556,0.1188,0.0000,3,11.105,,,3.821,trame
hd0093,living+kitchen+bedroom+bedroom+bedroom+bathroom+bathroom+storage+office,anneau,9,base,,0.50,False,False,,,,130,1.333,0.0989,0.0000,4,12.314,,,4.082,invariant_viole
hd0093,living+kitchen+bedroom+bedroom+bedroom+bathroom+bathroom+storage+office,anneau,9,pavage,0,0.50,False,False,,,,130,1.333,0.0989,0.0000,4,12.314,,,0.982,trame
hd0093,living+kitchen+bedroom+bedroom+bedroom+bathroom+bathroom+storage+office,anneau,9,pavage,4,0.50,False,False,,,,130,1.333,0.0989,0.0000,4,12.314,,,2.105,trame
hd0093,living+kitchen+bedroom+bedroom+bedroom+bathroom+bathroom+storage+office,anneau,9,pavage,8,0.50,False,False,,,,130,1.333,0.0989,0.0000,4,12.314,,,1.747,trame
hd0093,living+kitchen+bedroom+bedroom+bedroom+bathroom+bathroom+storage+office,anneau,9,pavage,16,0.50,False,False,,,,130,1.333,0.0989,0.0000,4,12.314,,,1.757,trame
hd0093,living+kitchen+bedroom+bedroom+bedroom+bathroom+bathroom+storage+office,anneau,9,pavage,16,0.00,False,False,,,,130,1.333,0.0989,0.0000,4,12.314,,,1.940,trame
hd0093,living+kitchen+bedroom+bedroom+bedroom+bathroom+bathroom+storage+office,anneau,9,pavage,16,0.25,False,False,,,,130,1.333,0.0989,0.0000,4,12.314,,,1.719,trame
hd0093,living+kitchen+bedroom+bedroom+bedroom+bathroom+bathroom+storage+office,anneau,9,pavage,16,1.00,False,False,,,,130,1.333,0.0989,0.0000,4,12.314,,,1.621,trame
hd0093,living+kitchen+bedroom+bedroom+bedroom+bathroom+bathroom+storage+office,anneau,9,pavage,16,1.80,False,False,,,,130,1.333,0.0989,0.0000,4,12.314,,,1.620,trame
hd0094,living+kitchen+bedroom+bedroom+bedroom+bathroom+bathroom+storage+office,anneau,9,base,,0.50,False,False,,,,143,1.111,0.1369,0.0000,5,10.900,,,5.269,invariant_viole
hd0094,living+kitchen+bedroom+bedroom+bedroom+bathroom+bathroom+storage+office,anneau,9,pavage,0,0.50,False,False,,,,143,1.111,0.1369,0.0000,5,10.900,,,1.241,trame
hd0094,living+kitchen+bedroom+bedroom+bedroom+bathroom+bathroom+storage+office,anneau,9,pavage,4,0.50,False,False,,,,143,1.111,0.1369,0.0000,5,10.900,,,1.361,trame
hd0094,living+kitchen+bedroom+bedroom+bedroom+bathroom+bathroom+storage+office,anneau,9,pavage,8,0.50,False,False,,,,143,1.111,0.1369,0.0000,5,10.900,,,5.572,infaisable
hd0094,living+kitchen+bedroom+bedroom+bedroom+bathroom+bathroom+storage+office,anneau,9,pavage,16,0.50,False,False,,,,143,1.111,0.1369,0.0000,5,10.900,,,6.368,infaisable
hd0094,living+kitchen+bedroom+bedroom+bedroom+bathroom+bathroom+storage+office,anneau,9,pavage,16,0.00,False,True,9,0.0000,False,143,1.111,0.1369,0.0000,5,10.900,3.614312,0.3316,5.467,ok
hd0094,living+kitchen+bedroom+bedroom+bedroom+bathroom+bathroom+storage+office,anneau,9,pavage,16,0.25,False,False,,,,143,1.111,0.1369,0.0000,5,10.900,,,5.616,infaisable
hd0094,living+kitchen+bedroom+bedroom+bedroom+bathroom+bathroom+storage+office,anneau,9,pavage,16,1.00,False,False,,,,143,1.111,0.1369,0.0000,5,10.900,,,8.759,infaisable
hd0094,living+kitchen+bedroom+bedroom+bedroom+bathroom+bathroom+storage+office,anneau,9,pavage,16,1.80,False,False,,,,143,1.111,0.1369,0.0000,5,10.900,,,6.245,infaisable
hd0095,living+kitchen+bedroom+bedroom+bedroom+bathroom+bathroom+storage+office,anneau,9,base,,0.50,False,False,,,,120,0.889,0.2622,0.0000,5,11.282,,,3.314,invariant_viole
hd0095,living+kitchen+bedroom+bedroom+bedroom+bathroom+bathroom+storage+office,anneau,9,pavage,0,0.50,False,False,,,,120,0.889,0.2622,0.0000,5,11.282,,,0.889,trame
hd0095,living+kitchen+bedroom+bedroom+bedroom+bathroom+bathroom+storage+office,anneau,9,pavage,4,0.50,False,False,,,,120,0.889,0.2622,0.0000,5,11.282,,,1.328,trame
hd0095,living+kitchen+bedroom+bedroom+bedroom+bathroom+bathroom+storage+office,anneau,9,pavage,8,0.50,False,False,,,,120,0.889,0.2622,0.0000,5,11.282,,,1.797,trame
hd0095,living+kitchen+bedroom+bedroom+bedroom+bathroom+bathroom+storage+office,anneau,9,pavage,16,0.50,False,False,,,,120,0.889,0.2622,0.0000,5,11.282,,,2.037,trame
hd0095,living+kitchen+bedroom+bedroom+bedroom+bathroom+bathroom+storage+office,anneau,9,pavage,16,0.00,False,False,,,,120,0.889,0.2622,0.0000,5,11.282,,,2.026,trame
hd0095,living+kitchen+bedroom+bedroom+bedroom+bathroom+bathroom+storage+office,anneau,9,pavage,16,0.25,False,False,,,,120,0.889,0.2622,0.0000,5,11.282,,,3.394,trame
hd0095,living+kitchen+bedroom+bedroom+bedroom+bathroom+bathroom+storage+office,anneau,9,pavage,16,1.00,False,False,,,,120,0.889,0.2622,0.0000,5,11.282,,,2.632,trame
hd0095,living+kitchen+bedroom+bedroom+bedroom+bathroom+bathroom+storage+office,anneau,9,pavage,16,1.80,False,False,,,,120,0.889,0.2622,0.0000,5,11.282,,,2.681,trame
hd0096,living+kitchen+dining+bedroom+bedroom+bedroom+bathroom+bathroom+office+hallway,etoile,10,base,,0.50,False,False,,,,156,1.000,0.2526,0.0000,5,10.533,,,4.715,invariant_viole
hd0096,living+kitchen+dining+bedroom+bedroom+bedroom+bathroom+bathroom+office+hallway,etoile,10,pavage,0,0.50,False,False,,,,156,1.000,0.2526,0.0000,5,10.533,,,1.668,trame
hd0096,living+kitchen+dining+bedroom+bedroom+bedroom+bathroom+bathroom+office+hallway,etoile,10,pavage,4,0.50,False,False,,,,156,1.000,0.2526,0.0000,5,10.533,,,2.160,trame
hd0096,living+kitchen+dining+bedroom+bedroom+bedroom+bathroom+bathroom+office+hallway,etoile,10,pavage,8,0.50,False,False,,,,156,1.000,0.2526,0.0000,5,10.533,,,2.638,trame
hd0096,living+kitchen+dining+bedroom+bedroom+bedroom+bathroom+bathroom+office+hallway,etoile,10,pavage,16,0.50,False,False,,,,156,1.000,0.2526,0.0000,5,10.533,,,3.488,trame
hd0096,living+kitchen+dining+bedroom+bedroom+bedroom+bathroom+bathroom+office+hallway,etoile,10,pavage,16,0.00,False,False,,,,156,1.000,0.2526,0.0000,5,10.533,,,3.263,trame
hd0096,living+kitchen+dining+bedroom+bedroom+bedroom+bathroom+bathroom+office+hallway,etoile,10,pavage,16,0.25,False,False,,,,156,1.000,0.2526,0.0000,5,10.533,,,4.612,trame
hd0096,living+kitchen+dining+bedroom+bedroom+bedroom+bathroom+bathroom+office+hallway,etoile,10,pavage,16,1.00,False,False,,,,156,1.000,0.2526,0.0000,5,10.533,,,4.676,trame
hd0096,living+kitchen+dining+bedroom+bedroom+bedroom+bathroom+bathroom+office+hallway,etoile,10,pavage,16,1.80,False,False,,,,156,1.000,0.2526,0.0000,5,10.533,,,3.474,trame
hd0097,living+kitchen+dining+bedroom+bedroom+bedroom+bathroom+bathroom+office+hallway,etoile,10,base,,0.50,False,False,,,,182,1.600,0.3089,0.0000,3,11.453,,,4.827,invariant_viole
hd0097,living+kitchen+dining+bedroom+bedroom+bedroom+bathroom+bathroom+office+hallway,etoile,10,pavage,0,0.50,False,False,,,,182,1.600,0.3089,0.0000,3,11.453,,,1.154,trame
hd0097,living+kitchen+dining+bedroom+bedroom+bedroom+bathroom+bathroom+office+hallway,etoile,10,pavage,4,0.50,False,False,,,,182,1.600,0.3089,0.0000,3,11.453,,,1.774,trame
hd0097,living+kitchen+dining+bedroom+bedroom+bedroom+bathroom+bathroom+office+hallway,etoile,10,pavage,8,0.50,False,False,,,,182,1.600,0.3089,0.0000,3,11.453,,,2.200,trame
hd0097,living+kitchen+dining+bedroom+bedroom+bedroom+bathroom+bathroom+office+hallway,etoile,10,pavage,16,0.50,False,False,,,,182,1.600,0.3089,0.0000,3,11.453,,,8.117,infaisable
hd0097,living+kitchen+dining+bedroom+bedroom+bedroom+bathroom+bathroom+office+hallway,etoile,10,pavage,16,0.00,False,True,10,0.0000,False,182,1.600,0.3089,0.0000,3,11.453,4.698605,0.4103,9.874,ok
hd0097,living+kitchen+dining+bedroom+bedroom+bedroom+bathroom+bathroom+office+hallway,etoile,10,pavage,16,0.25,False,False,,,,182,1.600,0.3089,0.0000,3,11.453,,,8.647,infaisable
hd0097,living+kitchen+dining+bedroom+bedroom+bedroom+bathroom+bathroom+office+hallway,etoile,10,pavage,16,1.00,False,False,,,,182,1.600,0.3089,0.0000,3,11.453,,,7.590,infaisable
hd0097,living+kitchen+dining+bedroom+bedroom+bedroom+bathroom+bathroom+office+hallway,etoile,10,pavage,16,1.80,False,False,,,,182,1.600,0.3089,0.0000,3,11.453,,,9.369,infaisable
hd0098,living+kitchen+dining+bedroom+bedroom+bedroom+bathroom+bathroom+office+hallway,etoile,10,base,,0.50,False,False,,,,180,1.600,0.3010,0.0000,4,11.851,,,3.717,invariant_viole
hd0098,living+kitchen+dining+bedroom+bedroom+bedroom+bathroom+bathroom+office+hallway,etoile,10,pavage,0,0.50,False,False,,,,180,1.600,0.3010,0.0000,4,11.851,,,1.279,trame
hd0098,living+kitchen+dining+bedroom+bedroom+bedroom+bathroom+bathroom+office+hallway,etoile,10,pavage,4,0.50,False,False,,,,180,1.600,0.3010,0.0000,4,11.851,,,1.542,trame
hd0098,living+kitchen+dining+bedroom+bedroom+bedroom+bathroom+bathroom+office+hallway,etoile,10,pavage,8,0.50,False,False,,,,180,1.600,0.3010,0.0000,4,11.851,,,2.019,trame
hd0098,living+kitchen+dining+bedroom+bedroom+bedroom+bathroom+bathroom+office+hallway,etoile,10,pavage,16,0.50,False,False,,,,180,1.600,0.3010,0.0000,4,11.851,,,7.576,infaisable
hd0098,living+kitchen+dining+bedroom+bedroom+bedroom+bathroom+bathroom+office+hallway,etoile,10,pavage,16,0.00,False,True,10,0.0000,False,180,1.600,0.3010,0.0000,4,11.851,5.150394,0.4346,8.074,ok
hd0098,living+kitchen+dining+bedroom+bedroom+bedroom+bathroom+bathroom+office+hallway,etoile,10,pavage,16,0.25,False,False,,,,180,1.600,0.3010,0.0000,4,11.851,,,7.325,infaisable
hd0098,living+kitchen+dining+bedroom+bedroom+bedroom+bathroom+bathroom+office+hallway,etoile,10,pavage,16,1.00,False,False,,,,180,1.600,0.3010,0.0000,4,11.851,,,7.251,infaisable
hd0098,living+kitchen+dining+bedroom+bedroom+bedroom+bathroom+bathroom+office+hallway,etoile,10,pavage,16,1.80,False,False,,,,180,1.600,0.3010,0.0000,4,11.851,,,7.013,infaisable
hd0099,living+kitchen+dining+bedroom+bedroom+bedroom+bathroom+bathroom+office+hallway,etoile,10,base,,0.50,False,False,,,,182,1.200,0.3566,0.0000,5,10.751,,,5.387,invariant_viole
hd0099,living+kitchen+dining+bedroom+bedroom+bedroom+bathroom+bathroom+office+hallway,etoile,10,pavage,0,0.50,False,False,,,,182,1.200,0.3566,0.0000,5,10.751,,,1.791,trame
hd0099,living+kitchen+dining+bedroom+bedroom+bedroom+bathroom+bathroom+office+hallway,etoile,10,pavage,4,0.50,False,False,,,,182,1.200,0.3566,0.0000,5,10.751,,,1.903,trame
hd0099,living+kitchen+dining+bedroom+bedroom+bedroom+bathroom+bathroom+office+hallway,etoile,10,pavage,8,0.50,False,False,,,,182,1.200,0.3566,0.0000,5,10.751,,,3.249,trame
hd0099,living+kitchen+dining+bedroom+bedroom+bedroom+bathroom+bathroom+office+hallway,etoile,10,pavage,16,0.50,False,False,,,,182,1.200,0.3566,0.0000,5,10.751,,,3.224,trame
hd0099,living+kitchen+dining+bedroom+bedroom+bedroom+bathroom+bathroom+office+hallway,etoile,10,pavage,16,0.00,False,False,,,,182,1.200,0.3566,0.0000,5,10.751,,,3.094,trame
hd0099,living+kitchen+dining+bedroom+bedroom+bedroom+bathroom+bathroom+office+hallway,etoile,10,pavage,16,0.25,False,False,,,,182,1.200,0.3566,0.0000,5,10.751,,,3.167,trame
hd0099,living+kitchen+dining+bedroom+bedroom+bedroom+bathroom+bathroom+office+hallway,etoile,10,pavage,16,1.00,False,False,,,,182,1.200,0.3566,0.0000,5,10.751,,,2.682,trame
hd0099,living+kitchen+dining+bedroom+bedroom+bedroom+bathroom+bathroom+office+hallway,etoile,10,pavage,16,1.80,False,False,,,,182,1.200,0.3566,0.0000,5,10.751,,,2.860,trame
