plan_id,mode,amplitude_m,pavage,n_pieces,valide_avant,valide_apres,deplacement_max_m,temps_ms,statut,seed
3c3b1d6ca8b4b9092480b8c75f9eaa81,deplacer,0.1,False,8,False,True,0.100000,8.824,ok,3931919789
3c3b1d6ca8b4b9092480b8c75f9eaa81,deplacer,0.1,True,8,False,True,0.100000,4.682,ok,3931919789
3c3b1d6ca8b4b9092480b8c75f9eaa81,deplacer,0.25,False,8,False,False,,5.201,invariant_viole,3998781761
3c3b1d6ca8b4b9092480b8c75f9eaa81,deplacer,0.25,True,8,False,True,0.250000,5.537,ok,3998781761
3c3b1d6ca8b4b9092480b8c75f9eaa81,deplacer,0.5,False,8,False,True,0.500000,4.203,ok,1674447150
3c3b1d6ca8b4b9092480b8c75f9eaa81,deplacer,0.5,True,8,False,True,0.500000,4.456,ok,1674447150
3c3b1d6ca8b4b9092480b8c75f9eaa81,deplacer,1.0,False,8,False,True,1.000000,4.573,ok,1569009713
3c3b1d6ca8b4b9092480b8c75f9eaa81,deplacer,1.0,True,8,False,True,1.000000,4.397,ok,1569009713
3c3b1d6ca8b4b9092480b8c75f9eaa81,elargir,0.1,False,8,False,True,0.100000,4.224,ok,2446489698
3c3b1d6ca8b4b9092480b8c75f9eaa81,elargir,0.1,True,8,False,True,0.100000,5.906,ok,2446489698
3c3b1d6ca8b4b9092480b8c75f9eaa81,elargir,0.25,False,8,False,True,0.250000,4.636,ok,2659803047
3c3b1d6ca8b4b9092480b8c75f9eaa81,elargir,0.25,True,8,False,True,0.250000,6.703,ok,2659803047
3c3b1d6ca8b4b9092480b8c75f9eaa81,elargir,0.5,False,8,False,False,,4.207,invariant_viole,2742065235
3c3b1d6ca8b4b9092480b8c75f9eaa81,elargir,0.5,True,8,False,True,0.500000,4.383,ok,2742065235
3c3b1d6ca8b4b9092480b8c75f9eaa81,elargir,1.0,False,8,False,True,1.000000,5.167,ok,2613018435
3c3b1d6ca8b4b9092480b8c75f9eaa81,elargir,1.0,True,8,False,True,1.000000,4.462,ok,2613018435
3c3b1d6ca8b4b9092480b8c75f9eaa81,retrecir,0.1,False,8,False,False,,4.329,invariant_viole,849125174
3c3b1d6ca8b4b9092480b8c75f9eaa81,retrecir,0.1,True,8,False,True,0.100000,5.510,ok,849125174
3c3b1d6ca8b4b9092480b8c75f9eaa81,retrecir,0.25,False,8,False,False,,4.829,invariant_viole,3191681208
3c3b1d6ca8b4b9092480b8c75f9eaa81,retrecir,0.25,True,8,False,True,0.250000,4.562,ok,3191681208
3c3b1d6ca8b4b9092480b8c75f9eaa81,retrecir,0.5,False,8,False,False,,4.829,invariant_viole,3512181173
3c3b1d6ca8b4b9092480b8c75f9eaa81,retrecir,0.5,True,8,False,True,0.500000,4.391,ok,3512181173
3c3b1d6ca8b4b9092480b8c75f9eaa81,retrecir,1.0,False,8,False,False,,4.030,invariant_viole,2133621670
3c3b1d6ca8b4b9092480b8c75f9eaa81,retrecir,1.0,True,8,False,True,1.000000,4.482,ok,2133621670
3c3b1d6ca8b4b9092480b8c75f9eaa81,aplatir,0.1,False,8,False,False,,4.100,invariant_viole,1578270451
3c3b1d6ca8b4b9092480b8c75f9eaa81,aplatir,0.1,True,8,False,True,0.100000,4.398,ok,1578270451
3c3b1d6ca8b4b9092480b8c75f9eaa81,aplatir,0.25,False,8,False,False,,4.655,invariant_viole,1546579944
3c3b1d6ca8b4b9092480b8c75f9eaa81,aplatir,0.25,True,8,False,True,0.250000,4.614,ok,1546579944
3c3b1d6ca8b4b9092480b8c75f9eaa81,aplatir,0.5,False,8,False,False,,4.083,invariant_viole,507515737
3c3b1d6ca8b4b9092480b8c75f9eaa81,aplatir,0.5,True,8,False,True,0.500000,5.328,ok,507515737
3c3b1d6ca8b4b9092480b8c75f9eaa81,aplatir,1.0,False,8,False,False,,4.185,invariant_viole,3004287528
3c3b1d6ca8b4b9092480b8c75f9eaa81,aplatir,1.0,True,8,False,True,1.000000,4.462,ok,3004287528
6536fd46e1b65f6988c18ebfb21b7203,deplacer,0.1,False,3,False,True,0.100000,3.345,ok,356029691
6536fd46e1b65f6988c18ebfb21b7203,deplacer,0.1,True,3,False,True,0.100000,2.700,ok,356029691
6536fd46e1b65f6988c18ebfb21b7203,deplacer,0.25,False,3,False,True,0.250000,2.954,ok,2673891020
6536fd46e1b65f6988c18ebfb21b7203,deplacer,0.25,True,3,False,True,0.250000,2.619,ok,2673891020
6536fd46e1b65f6988c18ebfb21b7203,deplacer,0.5,False,3,False,True,0.500000,2.099,ok,2882201916
6536fd46e1b65f6988c18ebfb21b7203,deplacer,0.5,True,3,False,True,0.500000,2.798,ok,2882201916
6536fd46e1b65f6988c18ebfb21b7203,deplacer,1.0,False,3,False,True,1.000000,3.357,ok,333370290
6536fd46e1b65f6988c18ebfb21b7203,deplacer,1.0,True,3,False,True,1.000000,2.560,ok,333370290
6536fd46e1b65f6988c18ebfb21b7203,elargir,0.1,False,3,False,True,0.100000,2.090,ok,39718851
6536fd46e1b65f6988c18ebfb21b7203,elargir,0.1,True,3,False,True,0.100000,2.500,ok,39718851
6536fd46e1b65f6988c18ebfb21b7203,elargir,0.25,False,3,False,True,0.250000,2.073,ok,782538465
6536fd46e1b65f6988c18ebfb21b7203,elargir,0.25,True,3,False,True,0.250000,4.082,ok,782538465
6536fd46e1b65f6988c18ebfb21b7203,elargir,0.5,False,3,False,True,0.500000,2.730,ok,3631043606
6536fd46e1b65f6988c18ebfb21b7203,elargir,0.5,True,3,False,True,0.500000,2.719,ok,3631043606
6536fd46e1b65f6988c18ebfb21b7203,elargir,1.0,False,3,False,True,1.000000,2.128,ok,2409257678
6536fd46e1b65f6988c18ebfb21b7203,elargir,1.0,True,3,False,True,1.000000,3.204,ok,2409257678
6536fd46e1b65f6988c18ebfb21b7203,retrecir,0.1,False,3,False,False,,2.145,invariant_viole,3914412110
6536fd46e1b65f6988c18ebfb21b7203,retrecir,0.1,True,3,False,True,0.100000,2.497,ok,3914412110
6536fd46e1b65f6988c18ebfb21b7203,retrecir,0.25,False,3,False,False,,2.091,invariant_viole,3699287642
6536fd46e1b65f6988c18ebfb21b7203,retrecir,0.25,True,3,False,True,0.250000,2.712,ok,3699287642
6536fd46e1b65f6988c18ebfb21b7203,retrecir,0.5,False,3,False,False,,2.269,invariant_viole,3463254684
6536fd46e1b65f6988c18ebfb21b7203,retrecir,0.5,True,3,False,True,0.500000,2.827,ok,3463254684
6536fd46e1b65f6988c18ebfb21b7203,retrecir,1.0,False,3,False,False,,2.286,invariant_viole,341334079
6536fd46e1b65f6988c18ebfb21b7203,retrecir,1.0,True,3,False,True,1.000000,2.602,ok,341334079
6536fd46e1b65f6988c18ebfb21b7203,aplatir,0.1,False,3,False,False,,2.058,invariant_viole,1722846034
6536fd46e1b65f6988c18ebfb21b7203,aplatir,0.1,True,3,False,True,0.100000,2.828,ok,1722846034
6536fd46e1b65f6988c18ebfb21b7203,aplatir,0.25,False,3,False,False,,2.195,invariant_viole,726893620
6536fd46e1b65f6988c18ebfb21b7203,aplatir,0.25,True,3,False,True,0.250000,2.643,ok,726893620
6536fd46e1b65f6988c18ebfb21b7203,aplatir,0.5,False,3,False,False,,2.045,invariant_viole,4002727576
6536fd46e1b65f6988c18ebfb21b7203,aplatir,0.5,True,3,False,True,0.500000,2.497,ok,4002727576
6536fd46e1b65f6988c18ebfb21b7203,aplatir,1.0,False,3,False,False,,2.074,invariant_viole,3084020101
6536fd46e1b65f6988c18ebfb21b7203,aplatir,1.0,True,3,False,True,1.000000,2.489,ok,3084020101
9999769f786b7d6d8f54505934df1f97,deplacer,0.1,False,6,False,False,,3.450,invariant_viole,2021883480
9999769f786b7d6d8f54505934df1f97,deplacer,0.1,True,6,False,True,0.100000,3.693,ok,2021883480
9999769f786b7d6d8f54505934df1f97,deplacer,0.25,False,6,False,True,0.250000,3.814,ok,3919889693
9999769f786b7d6d8f54505934df1f97,deplacer,0.25,True,6,False,True,0.250000,3.888,ok,3919889693
9999769f786b7d6d8f54505934df1f97,deplacer,0.5,False,6,False,False,,3.265,invariant_viole,4220184654
9999769f786b7d6d8f54505934df1f97,deplacer,0.5,True,6,False,True,0.500000,3.815,ok,4220184654
9999769f786b7d6d8f54505934df1f97,deplacer,1.0,False,6,False,True,1.000000,3.294,ok,2001220816
9999769f786b7d6d8f54505934df1f97,deplacer,1.0,True,6,False,True,1.000000,3.859,ok,2001220816
9999769f786b7d6d8f54505934df1f97,elargir,0.1,False,6,False,True,0.100000,3.245,ok,3584740723
9999769f786b7d6d8f54505934df1f97,elargir,0.1,True,6,False,True,0.100000,6.679,ok,3584740723
9999769f786b7d6d8f54505934df1f97,elargir,0.25,False,6,False,True,0.250000,4.451,ok,3231772091
9999769f786b7d6d8f54505934df1f97,elargir,0.25,True,6,False,True,0.250000,4.992,ok,3231772091
9999769f786b7d6d8f54505934df1f97,elargir,0.5,False,6,False,True,0.500000,3.464,ok,1855916303
9999769f786b7d6d8f54505934df1f97,elargir,0.5,True,6,False,True,0.500000,5.367,ok,1855916303
9999769f786b7d6d8f54505934df1f97,elargir,1.0,False,6,False,True,1.000000,6.311,ok,1996233204
9999769f786b7d6d8f54505934df1f97,elargir,1.0,True,6,False,True,1.000000,6.214,ok,1996233204
9999769f786b7d6d8f54505934df1f97,retrecir,0.1,False,6,False,False,,4.159,invariant_viole,1485360649
9999769f786b7d6d8f54505934df1f97,retrecir,0.1,True,6,False,True,0.100000,4.411,ok,1485360649
9999769f786b7d6d8f54505934df1f97,retrecir,0.25,False,6,False,False,,3.317,invariant_viole,147021532
9999769f786b7d6d8f54505934df1f97,retrecir,0.25,True,6,False,True,0.250000,3.708,ok,147021532
9999769f786b7d6d8f54505934df1f97,retrecir,0.5,False,6,False,False,,4.277,invariant_viole,3043801128
9999769f786b7d6d8f54505934df1f97,retrecir,0.5,True,6,False,True,0.500000,5.872,ok,3043801128
9999769f786b7d6d8f54505934df1f97,retrecir,1.0,False,6,False,False,,3.519,invariant_viole,3939597396
9999769f786b7d6d8f54505934df1f97,retrecir,1.0,True,6,False,True,1.000000,3.886,ok,3939597396
9999769f786b7d6d8f54505934df1f97,aplatir,0.1,False,6,False,False,,4.698,invariant_viole,3417360173
9999769f786b7d6d8f54505934df1f97,aplatir,0.1,True,6,False,True,0.100000,5.684,ok,3417360173
9999769f786b7d6d8f54505934df1f97,aplatir,0.25,False,6,False,False,,3.750,invariant_viole,2587264800
9999769f786b7d6d8f54505934df1f97,aplatir,0.25,True,6,False,True,0.250000,6.763,ok,2587264800
9999769f786b7d6d8f54505934df1f97,aplatir,0.5,False,6,False,False,,3.292,invariant_viole,1657054776
9999769f786b7d6d8f54505934df1f97,aplatir,0.5,True,6,False,True,0.500000,5.039,ok,1657054776
9999769f786b7d6d8f54505934df1f97,aplatir,1.0,False,6,False,False,,3.270,invariant_viole,2865977105
9999769f786b7d6d8f54505934df1f97,aplatir,1.0,True,6,False,True,1.796673,3.785,ok,2865977105
cb2183d5d18b893308a1aa4918f492dc,deplacer,0.1,False,8,False,False,,6.185,invariant_viole,423368900
cb2183d5d18b893308a1aa4918f492dc,deplacer,0.1,True,8,False,True,0.100000,10.184,ok,423368900
cb2183d5d18b893308a1aa4918f492dc,deplacer,0.25,False,8,False,False,,4.765,invariant_viole,3022919026
cb2183d5d18b893308a1aa4918f492dc,deplacer,0.25,True,8,False,True,0.250000,9.098,ok,3022919026
cb2183d5d18b893308a1aa4918f492dc,deplacer,0.5,False,8,False,False,,4.802,invariant_viole,3710642581
cb2183d5d18b893308a1aa4918f492dc,deplacer,0.5,True,8,False,False,,7.184,infaisable,3710642581
cb2183d5d18b893308a1aa4918f492dc,deplacer,1.0,False,8,False,False,,5.334,invariant_viole,4194952568
cb2183d5d18b893308a1aa4918f492dc,deplacer,1.0,True,8,False,True,1.000000,8.732,ok,4194952568
cb2183d5d18b893308a1aa4918f492dc,elargir,0.1,False,8,False,True,0.100000,7.485,ok,1042727893
cb2183d5d18b893308a1aa4918f492dc,elargir,0.1,True,8,False,True,0.100000,8.778,ok,1042727893
cb2183d5d18b893308a1aa4918f492dc,elargir,0.25,False,8,False,True,0.250000,9.029,ok,2750310394
cb2183d5d18b893308a1aa4918f492dc,elargir,0.25,True,8,False,True,0.250000,8.357,ok,2750310394
cb2183d5d18b893308a1aa4918f492dc,elargir,0.5,False,8,False,False,,6.121,invariant_viole,2428226958
cb2183d5d18b893308a1aa4918f492dc,elargir,0.5,True,8,False,True,0.500000,8.633,ok,2428226958
cb2183d5d18b893308a1aa4918f492dc,elargir,1.0,False,8,False,True,1.000000,8.730,ok,3226908598
cb2183d5d18b893308a1aa4918f492dc,elargir,1.0,True,8,False,True,1.000000,8.358,ok,3226908598
cb2183d5d18b893308a1aa4918f492dc,retrecir,0.1,False,8,False,False,,4.661,invariant_viole,338322701
cb2183d5d18b893308a1aa4918f492dc,retrecir,0.1,True,8,False,True,0.100000,7.732,ok,338322701
cb2183d5d18b893308a1aa4918f492dc,retrecir,0.25,False,8,False,True,0.250000,7.707,ok,1494704345
cb2183d5d18b893308a1aa4918f492dc,retrecir,0.25,True,8,False,True,0.250000,8.165,ok,1494704345
cb2183d5d18b893308a1aa4918f492dc,retrecir,0.5,False,8,False,False,,5.868,invariant_viole,2853313765
cb2183d5d18b893308a1aa4918f492dc,retrecir,0.5,True,8,False,True,0.500000,8.063,ok,2853313765
cb2183d5d18b893308a1aa4918f492dc,retrecir,1.0,False,8,False,False,,5.962,invariant_viole,3245696349
cb2183d5d18b893308a1aa4918f492dc,retrecir,1.0,True,8,False,True,1.000000,8.749,ok,3245696349
cb2183d5d18b893308a1aa4918f492dc,aplatir,0.1,False,8,False,False,,4.557,invariant_viole,410932423
cb2183d5d18b893308a1aa4918f492dc,aplatir,0.1,True,8,False,True,0.100000,9.121,ok,410932423
cb2183d5d18b893308a1aa4918f492dc,aplatir,0.25,False,8,False,False,,5.592,invariant_viole,3693511113
cb2183d5d18b893308a1aa4918f492dc,aplatir,0.25,True,8,False,True,0.250000,8.870,ok,3693511113
cb2183d5d18b893308a1aa4918f492dc,aplatir,0.5,False,8,False,False,,4.931,invariant_viole,3641449025
cb2183d5d18b893308a1aa4918f492dc,aplatir,0.5,True,8,False,True,0.500000,9.683,ok,3641449025
cb2183d5d18b893308a1aa4918f492dc,aplatir,1.0,False,8,False,False,,7.261,invariant_viole,2022655614
cb2183d5d18b893308a1aa4918f492dc,aplatir,1.0,True,8,False,True,1.000000,9.297,ok,2022655614
b344712aedd977ff94edd5d6064e6f27,deplacer,0.1,False,8,False,True,0.100000,5.686,ok,512339463
b344712aedd977ff94edd5d6064e6f27,deplacer,0.1,True,8,False,True,0.100000,8.590,ok,512339463
b344712aedd977ff94edd5d6064e6f27,deplacer,0.25,False,8,False,True,0.250000,6.271,ok,1423477655
b344712aedd977ff94edd5d6064e6f27,deplacer,0.25,True,8,False,True,0.250000,8.701,ok,1423477655
b344712aedd977ff94edd5d6064e6f27,deplacer,0.5,False,8,False,False,,5.538,invariant_viole,3345742089
b344712aedd977ff94edd5d6064e6f27,deplacer,0.5,True,8,False,True,0.500000,8.431,ok,3345742089
b344712aedd977ff94edd5d6064e6f27,deplacer,1.0,False,8,False,False,,5.130,invariant_viole,3270759670
b344712aedd977ff94edd5d6064e6f27,deplacer,1.0,True,8,False,False,,6.610,infaisable,3270759670
b344712aedd977ff94edd5d6064e6f27,elargir,0.1,False,8,False,False,,5.062,invariant_viole,2396167521
b344712aedd977ff94edd5d6064e6f27,elargir,0.1,True,8,False,True,0.100000,9.692,ok,2396167521
b344712aedd977ff94edd5d6064e6f27,elargir,0.25,False,8,False,True,0.250000,5.236,ok,2107076173
b344712aedd977ff94edd5d6064e6f27,elargir,0.25,True,8,False,True,0.250000,7.474,ok,2107076173
b344712aedd977ff94edd5d6064e6f27,elargir,0.5,False,8,False,False,,4.537,invariant_viole,3801549219
b344712aedd977ff94edd5d6064e6f27,elargir,0.5,True,8,False,True,0.500000,9.068,ok,3801549219
b344712aedd977ff94edd5d6064e6f27,elargir,1.0,False,8,False,False,,4.776,invariant_viole,628696626
b344712aedd977ff94edd5d6064e6f27,elargir,1.0,True,8,False,False,,5.779,invariant_viole,628696626
b344712aedd977ff94edd5d6064e6f27,retrecir,0.1,False,8,False,False,,4.878,invariant_viole,3603049103
b344712aedd977ff94edd5d6064e6f27,retrecir,0.1,True,8,False,True,0.100000,7.352,ok,3603049103
b344712aedd977ff94edd5d6064e6f27,retrecir,0.25,False,8,False,False,,5.720,invariant_viole,3420282278
b344712aedd977ff94edd5d6064e6f27,retrecir,0.25,True,8,False,True,0.250000,8.256,ok,3420282278
b344712aedd977ff94edd5d6064e6f27,retrecir,0.5,False,8,False,False,,4.647,invariant_viole,3937506363
b344712aedd977ff94edd5d6064e6f27,retrecir,0.5,True,8,False,True,0.500000,8.890,ok,3937506363
b344712aedd977ff94edd5d6064e6f27,retrecir,1.0,False,8,False,True,0.993385,6.786,ok,882429913
b344712aedd977ff94edd5d6064e6f27,retrecir,1.0,True,8,False,True,0.993385,7.625,ok,882429913
b344712aedd977ff94edd5d6064e6f27,aplatir,0.1,False,8,False,False,,4.872,invariant_viole,36373322
b344712aedd977ff94edd5d6064e6f27,aplatir,0.1,True,8,False,True,0.100000,7.281,ok,36373322
b344712aedd977ff94edd5d6064e6f27,aplatir,0.25,False,8,False,False,,5.099,invariant_viole,2010572191
b344712aedd977ff94edd5d6064e6f27,aplatir,0.25,True,8,False,True,0.250000,8.926,ok,2010572191
b344712aedd977ff94edd5d6064e6f27,aplatir,0.5,False,8,False,False,,4.711,invariant_viole,3839118022
b344712aedd977ff94edd5d6064e6f27,aplatir,0.5,True,8,False,True,0.500000,7.667,ok,3839118022
b344712aedd977ff94edd5d6064e6f27,aplatir,1.0,False,8,False,False,,4.484,invariant_viole,2339384207
b344712aedd977ff94edd5d6064e6f27,aplatir,1.0,True,8,False,True,1.000000,9.862,ok,2339384207
f018226b3c45b2499741cfa0408c9ff8,deplacer,0.1,False,11,False,True,0.100000,5.771,ok,2966084143
f018226b3c45b2499741cfa0408c9ff8,deplacer,0.1,True,11,False,True,0.100000,6.425,ok,2966084143
f018226b3c45b2499741cfa0408c9ff8,deplacer,0.25,False,11,False,True,0.250000,5.529,ok,1408834641
f018226b3c45b2499741cfa0408c9ff8,deplacer,0.25,True,11,False,True,0.250000,6.136,ok,1408834641
f018226b3c45b2499741cfa0408c9ff8,deplacer,0.5,False,11,False,True,0.500000,6.276,ok,200194164
f018226b3c45b2499741cfa0408c9ff8,deplacer,0.5,True,11,False,True,0.500000,6.339,ok,200194164
f018226b3c45b2499741cfa0408c9ff8,deplacer,1.0,False,11,False,False,,5.452,invariant_viole,757889906
f018226b3c45b2499741cfa0408c9ff8,deplacer,1.0,True,11,False,True,1.000000,6.251,ok,757889906
f018226b3c45b2499741cfa0408c9ff8,elargir,0.1,False,11,False,True,0.100000,5.770,ok,2977156607
f018226b3c45b2499741cfa0408c9ff8,elargir,0.1,True,11,False,True,0.100000,6.291,ok,2977156607
f018226b3c45b2499741cfa0408c9ff8,elargir,0.25,False,11,False,True,0.250000,5.652,ok,906814900
f018226b3c45b2499741cfa0408c9ff8,elargir,0.25,True,11,False,True,0.250000,6.296,ok,906814900
f018226b3c45b2499741cfa0408c9ff8,elargir,0.5,False,11,False,True,0.500000,7.231,ok,3583769830
f018226b3c45b2499741cfa0408c9ff8,elargir,0.5,True,11,False,True,0.500000,7.042,ok,3583769830
f018226b3c45b2499741cfa0408c9ff8,elargir,1.0,False,11,False,False,,7.556,invariant_viole,1949556582
f018226b3c45b2499741cfa0408c9ff8,elargir,1.0,True,11,False,True,1.000000,10.750,ok,1949556582
f018226b3c45b2499741cfa0408c9ff8,retrecir,0.1,False,11,False,False,,5.892,invariant_viole,2539648878
f018226b3c45b2499741cfa0408c9ff8,retrecir,0.1,True,11,False,True,0.100000,6.337,ok,2539648878
f018226b3c45b2499741cfa0408c9ff8,retrecir,0.25,False,11,False,False,,6.215,invariant_viole,939544355
f018226b3c45b2499741cfa0408c9ff8,retrecir,0.25,True,11,False,True,0.250000,6.807,ok,939544355
f018226b3c45b2499741cfa0408c9ff8,retrecir,0.5,False,11,False,False,,5.661,invariant_viole,3878479901
f018226b3c45b2499741cfa0408c9ff8,retrecir,0.5,True,11,False,True,0.500000,6.111,ok,3878479901
f018226b3c45b2499741cfa0408c9ff8,retrecir,1.0,False,11,False,False,,5.179,invariant_viole,3167040148
f018226b3c45b2499741cfa0408c9ff8,retrecir,1.0,True,11,False,True,0.827621,7.186,ok,3167040148
f018226b3c45b2499741cfa0408c9ff8,aplatir,0.1,False,11,False,False,,5.292,invariant_viole,4121674676
f018226b3c45b2499741cfa0408c9ff8,aplatir,0.1,True,11,False,True,0.100000,7.230,ok,4121674676
f018226b3c45b2499741cfa0408c9ff8,aplatir,0.25,False,11,False,False,,5.355,invariant_viole,1352809480
f018226b3c45b2499741cfa0408c9ff8,aplatir,0.25,True,11,False,True,0.250000,8.831,ok,1352809480
f018226b3c45b2499741cfa0408c9ff8,aplatir,0.5,False,11,False,False,,5.364,invariant_viole,917933670
f018226b3c45b2499741cfa0408c9ff8,aplatir,0.5,True,11,False,True,0.500000,7.422,ok,917933670
f018226b3c45b2499741cfa0408c9ff8,aplatir,1.0,False,11,False,False,,5.667,invariant_viole,3251708622
f018226b3c45b2499741cfa0408c9ff8,aplatir,1.0,True,11,False,False,,8.172,infaisable,3251708622
20917a5d24ce60081db23b3ebd20be19,deplacer,0.1,False,9,False,True,0.100000,7.468,ok,3770069012
20917a5d24ce60081db23b3ebd20be19,deplacer,0.1,True,9,False,True,0.100000,6.158,ok,3770069012
20917a5d24ce60081db23b3ebd20be19,deplacer,0.25,False,9,False,True,0.250000,7.143,ok,1368284833
20917a5d24ce60081db23b3ebd20be19,deplacer,0.25,True,9,False,True,0.250000,5.629,ok,1368284833
20917a5d24ce60081db23b3ebd20be19,deplacer,0.5,False,9,False,False,,4.805,invariant_viole,3944732254
20917a5d24ce60081db23b3ebd20be19,deplacer,0.5,True,9,False,False,,6.692,infaisable,3944732254
20917a5d24ce60081db23b3ebd20be19,deplacer,1.0,False,9,False,False,,4.941,invariant_viole,1718908675
20917a5d24ce60081db23b3ebd20be19,deplacer,1.0,True,9,False,True,1.094417,5.593,ok,1718908675
20917a5d24ce60081db23b3ebd20be19,elargir,0.1,False,9,False,False,,5.094,invariant_viole,2201006864
20917a5d24ce60081db23b3ebd20be19,elargir,0.1,True,9,False,False,,6.382,infaisable,2201006864
20917a5d24ce60081db23b3ebd20be19,elargir,0.25,False,9,False,False,,5.041,invariant_viole,1030372499
20917a5d24ce60081db23b3ebd20be19,elargir,0.25,True,9,False,False,,6.798,infaisable,1030372499
20917a5d24ce60081db23b3ebd20be19,elargir,0.5,False,9,False,False,,4.865,invariant_viole,2094518125
20917a5d24ce60081db23b3ebd20be19,elargir,0.5,True,9,False,True,1.094417,6.476,ok,2094518125
20917a5d24ce60081db23b3ebd20be19,elargir,1.0,False,9,False,False,,6.140,invariant_viole,4046642394
20917a5d24ce60081db23b3ebd20be19,elargir,1.0,True,9,False,False,,8.885,infaisable,4046642394
20917a5d24ce60081db23b3ebd20be19,retrecir,0.1,False,9,False,False,,5.153,invariant_viole,3810235419
20917a5d24ce60081db23b3ebd20be19,retrecir,0.1,True,9,False,True,0.100000,6.173,ok,3810235419
20917a5d24ce60081db23b3ebd20be19,retrecir,0.25,False,9,False,False,,4.849,invariant_viole,2335032613
20917a5d24ce60081db23b3ebd20be19,retrecir,0.25,True,9,False,True,0.250000,5.430,ok,2335032613
20917a5d24ce60081db23b3ebd20be19,retrecir,0.5,False,9,False,False,,5.158,invariant_viole,3959256366
20917a5d24ce60081db23b3ebd20be19,retrecir,0.5,True,9,False,True,0.500000,5.450,ok,3959256366
20917a5d24ce60081db23b3ebd20be19,retrecir,1.0,False,9,False,False,,4.994,invariant_viole,679146264
20917a5d24ce60081db23b3ebd20be19,retrecir,1.0,True,9,False,True,1.000000,5.358,ok,679146264
20917a5d24ce60081db23b3ebd20be19,aplatir,0.1,False,9,False,False,,4.800,invariant_viole,1346909901
20917a5d24ce60081db23b3ebd20be19,aplatir,0.1,True,9,False,True,0.100000,5.624,ok,1346909901
20917a5d24ce60081db23b3ebd20be19,aplatir,0.25,False,9,False,False,,4.847,invariant_viole,3588241139
20917a5d24ce60081db23b3ebd20be19,aplatir,0.25,True,9,False,True,0.250000,5.770,ok,3588241139
20917a5d24ce60081db23b3ebd20be19,aplatir,0.5,False,9,False,False,,4.879,invariant_viole,1454205727
20917a5d24ce60081db23b3ebd20be19,aplatir,0.5,True,9,False,True,0.500000,5.541,ok,1454205727
20917a5d24ce60081db23b3ebd20be19,aplatir,1.0,False,9,False,False,,5.241,invariant_viole,1407203551
20917a5d24ce60081db23b3ebd20be19,aplatir,1.0,True,9,False,True,1.000000,5.763,ok,1407203551
d91312751179196ba2cf9138bd79674e,deplacer,0.1,False,10,False,False,,5.908,invariant_viole,3925896679
d91312751179196ba2cf9138bd79674e,deplacer,0.1,True,10,False,True,0.100000,6.281,ok,3925896679
d91312751179196ba2cf9138bd79674e,deplacer,0.25,False,10,False,False,,5.547,invariant_viole,3276186858
d91312751179196ba2cf9138bd79674e,deplacer,0.25,True,10,False,True,0.250000,6.007,ok,3276186858
d91312751179196ba2cf9138bd79674e,deplacer,0.5,False,10,False,True,0.500000,6.306,ok,429057800
d91312751179196ba2cf9138bd79674e,deplacer,0.5,True,10,False,True,0.500000,6.249,ok,429057800
d91312751179196ba2cf9138bd79674e,deplacer,1.0,False,10,False,False,,5.501,invariant_viole,2096176631
d91312751179196ba2cf9138bd79674e,deplacer,1.0,True,10,False,False,,2.118,trame,2096176631
d91312751179196ba2cf9138bd79674e,elargir,0.1,False,10,False,False,,5.301,invariant_viole,4249133600
d91312751179196ba2cf9138bd79674e,elargir,0.1,True,10,False,True,0.100000,7.042,ok,4249133600
d91312751179196ba2cf9138bd79674e,elargir,0.25,False,10,False,False,,5.453,invariant_viole,4097342261
d91312751179196ba2cf9138bd79674e,elargir,0.25,True,10,False,True,0.250000,6.138,ok,4097342261
d91312751179196ba2cf9138bd79674e,elargir,0.5,False,10,False,False,,5.360,invariant_viole,2811581691
d91312751179196ba2cf9138bd79674e,elargir,0.5,True,10,False,True,0.500000,6.120,ok,2811581691
d91312751179196ba2cf9138bd79674e,elargir,1.0,False,10,False,True,1.000000,5.805,ok,1488590832
d91312751179196ba2cf9138bd79674e,elargir,1.0,True,10,False,True,1.000000,5.930,ok,1488590832
d91312751179196ba2cf9138bd79674e,retrecir,0.1,False,10,False,False,,7.463,invariant_viole,3214755803
d91312751179196ba2cf9138bd79674e,retrecir,0.1,True,10,False,True,0.100000,8.960,ok,3214755803
d91312751179196ba2cf9138bd79674e,retrecir,0.25,False,10,False,False,,5.823,invariant_viole,898216390
d91312751179196ba2cf9138bd79674e,retrecir,0.25,True,10,False,True,0.250000,7.108,ok,898216390
d91312751179196ba2cf9138bd79674e,retrecir,0.5,False,10,False,False,,6.749,invariant_viole,3682174481
d91312751179196ba2cf9138bd79674e,retrecir,0.5,True,10,False,True,0.500000,6.376,ok,3682174481
d91312751179196ba2cf9138bd79674e,retrecir,1.0,False,10,False,False,,6.371,invariant_viole,3083166364
d91312751179196ba2cf9138bd79674e,retrecir,1.0,True,10,False,True,1.000000,6.754,ok,3083166364
d91312751179196ba2cf9138bd79674e,aplatir,0.1,False,10,False,False,,8.071,invariant_viole,4176546679
d91312751179196ba2cf9138bd79674e,aplatir,0.1,True,10,False,True,0.100000,6.167,ok,4176546679
d91312751179196ba2cf9138bd79674e,aplatir,0.25,False,10,False,False,,5.759,invariant_viole,3682252411
d91312751179196ba2cf9138bd79674e,aplatir,0.25,True,10,False,True,0.250000,6.039,ok,3682252411
d91312751179196ba2cf9138bd79674e,aplatir,0.5,False,10,False,False,,6.338,invariant_viole,3384324875
d91312751179196ba2cf9138bd79674e,aplatir,0.5,True,10,False,True,0.500000,8.438,ok,3384324875
d91312751179196ba2cf9138bd79674e,aplatir,1.0,False,10,False,False,,5.602,invariant_viole,2141032076
d91312751179196ba2cf9138bd79674e,aplatir,1.0,True,10,False,True,0.816811,6.112,ok,2141032076
f89991bec058eb96c9501e638f0f8908,deplacer,0.1,False,11,False,True,0.100000,6.468,ok,2201997116
f89991bec058eb96c9501e638f0f8908,deplacer,0.1,True,11,False,True,0.100000,5.933,ok,2201997116
f89991bec058eb96c9501e638f0f8908,deplacer,0.25,False,11,False,True,0.250000,7.563,ok,3411456206
f89991bec058eb96c9501e638f0f8908,deplacer,0.25,True,11,False,True,0.250000,6.158,ok,3411456206
f89991bec058eb96c9501e638f0f8908,deplacer,0.5,False,11,False,True,0.500000,7.131,ok,4191985358
f89991bec058eb96c9501e638f0f8908,deplacer,0.5,True,11,False,True,0.617652,5.898,ok,4191985358
f89991bec058eb96c9501e638f0f8908,deplacer,1.0,False,11,False,True,1.000000,6.885,ok,435144659
f89991bec058eb96c9501e638f0f8908,deplacer,1.0,True,11,False,False,,7.739,infaisable,435144659
f89991bec058eb96c9501e638f0f8908,elargir,0.1,False,11,False,True,0.100000,6.883,ok,2992911988
f89991bec058eb96c9501e638f0f8908,elargir,0.1,True,11,False,True,0.100000,5.837,ok,2992911988
f89991bec058eb96c9501e638f0f8908,elargir,0.25,False,11,False,False,,7.851,invariant_viole,74904443
f89991bec058eb96c9501e638f0f8908,elargir,0.25,True,11,False,True,0.617652,6.232,ok,74904443
f89991bec058eb96c9501e638f0f8908,elargir,0.5,False,11,False,True,0.500000,6.651,ok,543505855
f89991bec058eb96c9501e638f0f8908,elargir,0.5,True,11,False,True,0.500000,5.762,ok,543505855
f89991bec058eb96c9501e638f0f8908,elargir,1.0,False,11,False,True,1.000000,8.211,ok,872180957
f89991bec058eb96c9501e638f0f8908,elargir,1.0,True,11,False,True,1.000000,6.442,ok,872180957
f89991bec058eb96c9501e638f0f8908,retrecir,0.1,False,11,False,False,,6.730,invariant_viole,646243044
f89991bec058eb96c9501e638f0f8908,retrecir,0.1,True,11,False,True,0.100000,5.632,ok,646243044
f89991bec058eb96c9501e638f0f8908,retrecir,0.25,False,11,False,False,,6.433,invariant_viole,3794330711
f89991bec058eb96c9501e638f0f8908,retrecir,0.25,True,11,False,True,0.250000,6.331,ok,3794330711
f89991bec058eb96c9501e638f0f8908,retrecir,0.5,False,11,False,False,,5.951,invariant_viole,1735453440
f89991bec058eb96c9501e638f0f8908,retrecir,0.5,True,11,False,True,0.500000,7.082,ok,1735453440
f89991bec058eb96c9501e638f0f8908,retrecir,1.0,False,11,False,False,,5.722,invariant_viole,2112641143
f89991bec058eb96c9501e638f0f8908,retrecir,1.0,True,11,False,True,0.317652,5.839,ok,2112641143
f89991bec058eb96c9501e638f0f8908,aplatir,0.1,False,11,False,False,,5.552,invariant_viole,2086973404
f89991bec058eb96c9501e638f0f8908,aplatir,0.1,True,11,False,True,0.100000,6.721,ok,2086973404
f89991bec058eb96c9501e638f0f8908,aplatir,0.25,False,11,False,False,,5.555,invariant_viole,959888424
f89991bec058eb96c9501e638f0f8908,aplatir,0.25,True,11,False,True,0.250000,5.737,ok,959888424
f89991bec058eb96c9501e638f0f8908,aplatir,0.5,False,11,False,False,,5.707,invariant_viole,3024998925
f89991bec058eb96c9501e638f0f8908,aplatir,0.5,True,11,False,False,,7.659,infaisable,3024998925
f89991bec058eb96c9501e638f0f8908,aplatir,1.0,False,11,False,False,,7.057,invariant_viole,1161954499
f89991bec058eb96c9501e638f0f8908,aplatir,1.0,True,11,False,True,1.000000,5.911,ok,1161954499
e34d0050bc5796e6140d03aea71ce730,deplacer,0.1,False,10,False,True,0.100000,5.948,ok,1297388189
e34d0050bc5796e6140d03aea71ce730,deplacer,0.1,True,10,False,True,0.100000,5.937,ok,1297388189
e34d0050bc5796e6140d03aea71ce730,deplacer,0.25,False,10,False,True,0.250000,5.632,ok,3549934150
e34d0050bc5796e6140d03aea71ce730,deplacer,0.25,True,10,False,True,0.250000,5.874,ok,3549934150
e34d0050bc5796e6140d03aea71ce730,deplacer,0.5,False,10,False,False,,5.347,invariant_viole,3973415748
e34d0050bc5796e6140d03aea71ce730,deplacer,0.5,True,10,False,False,,7.409,infaisable,3973415748
e34d0050bc5796e6140d03aea71ce730,deplacer,1.0,False,10,False,True,1.000000,5.575,ok,1679260816
e34d0050bc5796e6140d03aea71ce730,deplacer,1.0,True,10,False,True,1.177030,6.601,ok,1679260816
e34d0050bc5796e6140d03aea71ce730,elargir,0.1,False,10,False,False,,5.818,invariant_viole,1236805900
e34d0050bc5796e6140d03aea71ce730,elargir,0.1,True,10,False,True,0.100000,5.611,ok,1236805900
e34d0050bc5796e6140d03aea71ce730,elargir,0.25,False,10,False,False,,6.447,invariant_viole,835070202
e34d0050bc5796e6140d03aea71ce730,elargir,0.25,True,10,False,True,0.250000,5.679,ok,835070202
e34d0050bc5796e6140d03aea71ce730,elargir,0.5,False,10,False,True,0.500000,5.699,ok,3476354514
e34d0050bc5796e6140d03aea71ce730,elargir,0.5,True,10,False,True,0.500000,7.057,ok,3476354514
e34d0050bc5796e6140d03aea71ce730,elargir,1.0,False,10,False,True,1.000000,7.856,ok,1860768007
e34d0050bc5796e6140d03aea71ce730,elargir,1.0,True,10,False,True,1.000000,7.857,ok,1860768007
e34d0050bc5796e6140d03aea71ce730,retrecir,0.1,False,10,False,True,0.100000,6.660,ok,4080155905
e34d0050bc5796e6140d03aea71ce730,retrecir,0.1,True,10,False,True,0.100000,6.610,ok,4080155905
e34d0050bc5796e6140d03aea71ce730,retrecir,0.25,False,10,False,False,,6.643,invariant_viole,2505841340
e34d0050bc5796e6140d03aea71ce730,retrecir,0.25,True,10,False,True,0.250000,7.359,ok,2505841340
e34d0050bc5796e6140d03aea71ce730,retrecir,0.5,False,10,False,False,,6.340,invariant_viole,3656881254
e34d0050bc5796e6140d03aea71ce730,retrecir,0.5,True,10,False,False,,5.758,invariant_viole,3656881254
e34d0050bc5796e6140d03aea71ce730,retrecir,1.0,False,10,False,False,,5.282,invariant_viole,597979055
e34d0050bc5796e6140d03aea71ce730,retrecir,1.0,True,10,False,True,1.000000,6.780,ok,597979055
e34d0050bc5796e6140d03aea71ce730,aplatir,0.1,False,10,False,False,,5.621,invariant_viole,2436890430
e34d0050bc5796e6140d03aea71ce730,aplatir,0.1,True,10,False,True,0.100000,5.824,ok,2436890430
e34d0050bc5796e6140d03aea71ce730,aplatir,0.25,False,10,False,False,,5.556,invariant_viole,523523590
e34d0050bc5796e6140d03aea71ce730,aplatir,0.25,True,10,False,True,0.250000,6.559,ok,523523590
e34d0050bc5796e6140d03aea71ce730,aplatir,0.5,False,10,False,False,,6.731,invariant_viole,3685379805
e34d0050bc5796e6140d03aea71ce730,aplatir,0.5,True,10,False,True,0.500000,6.111,ok,3685379805
e34d0050bc5796e6140d03aea71ce730,aplatir,1.0,False,10,False,False,,5.599,invariant_viole,158331242
e34d0050bc5796e6140d03aea71ce730,aplatir,1.0,True,10,False,True,1.000000,6.143,ok,158331242
702c8d9954cf247a31289d7d7df84052,deplacer,0.1,False,9,False,False,,6.168,invariant_viole,2021342806
702c8d9954cf247a31289d7d7df84052,deplacer,0.1,True,9,False,True,0.100000,8.356,ok,2021342806
702c8d9954cf247a31289d7d7df84052,deplacer,0.25,False,9,False,True,0.250000,8.197,ok,484321082
702c8d9954cf247a31289d7d7df84052,deplacer,0.25,True,9,False,True,0.250000,7.364,ok,484321082
702c8d9954cf247a31289d7d7df84052,deplacer,0.5,False,9,False,True,0.500000,4.980,ok,1800071116
702c8d9954cf247a31289d7d7df84052,deplacer,0.5,True,9,False,True,0.500000,6.924,ok,1800071116
702c8d9954cf247a31289d7d7df84052,deplacer,1.0,False,9,False,False,,5.138,invariant_viole,1547525869
702c8d9954cf247a31289d7d7df84052,deplacer,1.0,True,9,False,False,,6.668,infaisable,1547525869
702c8d9954cf247a31289d7d7df84052,elargir,0.1,False,9,False,True,0.100000,5.029,ok,2173104336
702c8d9954cf247a31289d7d7df84052,elargir,0.1,True,9,False,True,0.100000,6.759,ok,2173104336
702c8d9954cf247a31289d7d7df84052,elargir,0.25,False,9,False,True,0.250000,9.515,ok,29045522
702c8d9954cf247a31289d7d7df84052,elargir,0.25,True,9,False,True,0.250000,6.979,ok,29045522
702c8d9954cf247a31289d7d7df84052,elargir,0.5,False,9,False,True,0.500000,8.108,ok,2223813445
702c8d9954cf247a31289d7d7df84052,elargir,0.5,True,9,False,True,0.500000,9.640,ok,2223813445
702c8d9954cf247a31289d7d7df84052,elargir,1.0,False,9,False,False,,6.067,invariant_viole,1796671809
702c8d9954cf247a31289d7d7df84052,elargir,1.0,True,9,False,False,,8.049,infaisable,1796671809
702c8d9954cf247a31289d7d7df84052,retrecir,0.1,False,9,False,False,,5.238,invariant_viole,2441886296
702c8d9954cf247a31289d7d7df84052,retrecir,0.1,True,9,False,True,0.100000,7.969,ok,2441886296
702c8d9954cf247a31289d7d7df84052,retrecir,0.25,False,9,False,False,,5.162,invariant_viole,114847976
702c8d9954cf247a31289d7d7df84052,retrecir,0.25,True,9,False,True,0.250000,7.223,ok,114847976
702c8d9954cf247a31289d7d7df84052,retrecir,0.5,False,9,False,False,,5.054,invariant_viole,2442939279
702c8d9954cf247a31289d7d7df84052,retrecir,0.5,True,9,False,True,0.417798,6.680,ok,2442939279
702c8d9954cf247a31289d7d7df84052,retrecir,1.0,False,9,False,False,,5.056,invariant_viole,3040294384
702c8d9954cf247a31289d7d7df84052,retrecir,1.0,True,9,False,True,1.000000,7.333,ok,3040294384
702c8d9954cf247a31289d7d7df84052,aplatir,0.1,False,9,False,False,,7.587,invariant_viole,618281054
702c8d9954cf247a31289d7d7df84052,aplatir,0.1,True,9,False,True,0.100000,6.830,ok,618281054
702c8d9954cf247a31289d7d7df84052,aplatir,0.25,False,9,False,False,,6.470,invariant_viole,689643130
702c8d9954cf247a31289d7d7df84052,aplatir,0.25,True,9,False,True,0.250000,6.791,ok,689643130
702c8d9954cf247a31289d7d7df84052,aplatir,0.5,False,9,False,False,,7.080,invariant_viole,1135650680
702c8d9954cf247a31289d7d7df84052,aplatir,0.5,True,9,False,True,0.500000,8.288,ok,1135650680
702c8d9954cf247a31289d7d7df84052,aplatir,1.0,False,9,False,False,,6.719,invariant_viole,759018331
702c8d9954cf247a31289d7d7df84052,aplatir,1.0,True,9,False,True,1.000000,7.457,ok,759018331
6a3d449dd1925cefd2536da98e5c8df5,deplacer,0.1,False,12,False,False,,6.365,invariant_viole,2200431534
6a3d449dd1925cefd2536da98e5c8df5,deplacer,0.1,True,12,False,True,0.100000,6.796,ok,2200431534
6a3d449dd1925cefd2536da98e5c8df5,deplacer,0.25,False,12,False,True,0.250000,6.202,ok,2698711664
6a3d449dd1925cefd2536da98e5c8df5,deplacer,0.25,True,12,False,True,0.250000,7.178,ok,2698711664
6a3d449dd1925cefd2536da98e5c8df5,deplacer,0.5,False,12,False,True,0.500000,13.663,ok,2784444692
6a3d449dd1925cefd2536da98e5c8df5,deplacer,0.5,True,12,False,True,0.500000,7.160,ok,2784444692
6a3d449dd1925cefd2536da98e5c8df5,deplacer,1.0,False,12,False,False,,6.411,invariant_viole,1911512193
6a3d449dd1925cefd2536da98e5c8df5,deplacer,1.0,True,12,False,True,1.000000,7.144,ok,1911512193
6a3d449dd1925cefd2536da98e5c8df5,elargir,0.1,False,12,False,True,0.100000,6.540,ok,3842543193
6a3d449dd1925cefd2536da98e5c8df5,elargir,0.1,True,12,False,True,0.100000,6.623,ok,3842543193
6a3d449dd1925cefd2536da98e5c8df5,elargir,0.25,False,12,False,True,0.250000,6.318,ok,1310108379
6a3d449dd1925cefd2536da98e5c8df5,elargir,0.25,True,12,False,True,0.250000,6.453,ok,1310108379
6a3d449dd1925cefd2536da98e5c8df5,elargir,0.5,False,12,False,False,,6.204,invariant_viole,3771807368
6a3d449dd1925cefd2536da98e5c8df5,elargir,0.5,True,12,False,True,0.500000,6.849,ok,3771807368
6a3d449dd1925cefd2536da98e5c8df5,elargir,1.0,False,12,False,True,1.000000,6.513,ok,2760022856
6a3d449dd1925cefd2536da98e5c8df5,elargir,1.0,True,12,False,True,1.000000,7.156,ok,2760022856
6a3d449dd1925cefd2536da98e5c8df5,retrecir,0.1,False,12,False,False,,6.656,invariant_viole,3671482679
6a3d449dd1925cefd2536da98e5c8df5,retrecir,0.1,True,12,False,True,0.100000,6.553,ok,3671482679
6a3d449dd1925cefd2536da98e5c8df5,retrecir,0.25,False,12,False,False,,6.302,invariant_viole,2948637418
6a3d449dd1925cefd2536da98e5c8df5,retrecir,0.25,True,12,False,True,0.250000,6.926,ok,2948637418
6a3d449dd1925cefd2536da98e5c8df5,retrecir,0.5,False,12,False,False,,6.329,invariant_viole,272639897
6a3d449dd1925cefd2536da98e5c8df5,retrecir,0.5,True,12,False,True,0.500000,6.575,ok,272639897
6a3d449dd1925cefd2536da98e5c8df5,retrecir,1.0,False,12,False,False,,7.716,invariant_viole,3604378942
6a3d449dd1925cefd2536da98e5c8df5,retrecir,1.0,True,12,False,True,0.907642,7.424,ok,3604378942
6a3d449dd1925cefd2536da98e5c8df5,aplatir,0.1,False,12,False,False,,6.368,invariant_viole,3616268637
6a3d449dd1925cefd2536da98e5c8df5,aplatir,0.1,True,12,False,True,0.100000,6.553,ok,3616268637
6a3d449dd1925cefd2536da98e5c8df5,aplatir,0.25,False,12,False,False,,6.255,invariant_viole,910314063
6a3d449dd1925cefd2536da98e5c8df5,aplatir,0.25,True,12,False,True,0.250000,6.535,ok,910314063
6a3d449dd1925cefd2536da98e5c8df5,aplatir,0.5,False,12,False,False,,6.294,invariant_viole,3023613876
6a3d449dd1925cefd2536da98e5c8df5,aplatir,0.5,True,12,False,True,0.500000,6.730,ok,3023613876
6a3d449dd1925cefd2536da98e5c8df5,aplatir,1.0,False,12,False,False,,6.305,invariant_viole,1133239673
6a3d449dd1925cefd2536da98e5c8df5,aplatir,1.0,True,12,False,True,0.643708,6.746,ok,1133239673
2d0cdbdd57e757a7f1ce3d830a337640,deplacer,0.1,False,10,False,False,,5.888,invariant_viole,1289403462
2d0cdbdd57e757a7f1ce3d830a337640,deplacer,0.1,True,10,False,True,0.100000,6.272,ok,1289403462
2d0cdbdd57e757a7f1ce3d830a337640,deplacer,0.25,False,10,False,False,,5.463,invariant_viole,4174121000
2d0cdbdd57e757a7f1ce3d830a337640,deplacer,0.25,True,10,False,False,,7.014,infaisable,4174121000
2d0cdbdd57e757a7f1ce3d830a337640,deplacer,0.5,False,10,False,False,,5.928,invariant_viole,4148944015
2d0cdbdd57e757a7f1ce3d830a337640,deplacer,0.5,True,10,False,True,0.500000,7.020,ok,4148944015
2d0cdbdd57e757a7f1ce3d830a337640,deplacer,1.0,False,10,False,False,,5.711,invariant_viole,4136703338
2d0cdbdd57e757a7f1ce3d830a337640,deplacer,1.0,True,10,False,True,1.000000,6.551,ok,4136703338
2d0cdbdd57e757a7f1ce3d830a337640,elargir,0.1,False,10,False,False,,5.621,invariant_viole,2388837200
2d0cdbdd57e757a7f1ce3d830a337640,elargir,0.1,True,10,False,False,,7.084,infaisable,2388837200
2d0cdbdd57e757a7f1ce3d830a337640,elargir,0.25,False,10,False,False,,5.744,invariant_viole,2664274847
2d0cdbdd57e757a7f1ce3d830a337640,elargir,0.25,True,10,False,True,0.250000,5.714,ok,2664274847
2d0cdbdd57e757a7f1ce3d830a337640,elargir,0.5,False,10,False,False,,5.848,invariant_viole,209415360
2d0cdbdd57e757a7f1ce3d830a337640,elargir,0.5,True,10,False,False,,6.944,infaisable,209415360
2d0cdbdd57e757a7f1ce3d830a337640,elargir,1.0,False,10,False,False,,6.167,invariant_viole,3285304154
2d0cdbdd57e757a7f1ce3d830a337640,elargir,1.0,True,10,False,False,,7.594,infaisable,3285304154
2d0cdbdd57e757a7f1ce3d830a337640,retrecir,0.1,False,10,False,True,0.100000,8.656,ok,986697351
2d0cdbdd57e757a7f1ce3d830a337640,retrecir,0.1,True,10,False,True,0.100000,6.267,ok,986697351
2d0cdbdd57e757a7f1ce3d830a337640,retrecir,0.25,False,10,False,False,,6.397,invariant_viole,118393431
2d0cdbdd57e757a7f1ce3d830a337640,retrecir,0.25,True,10,False,True,0.250000,6.244,ok,118393431
2d0cdbdd57e757a7f1ce3d830a337640,retrecir,0.5,False,10,False,False,,5.408,invariant_viole,1861774122
2d0cdbdd57e757a7f1ce3d830a337640,retrecir,0.5,True,10,False,True,0.500000,6.001,ok,1861774122
2d0cdbdd57e757a7f1ce3d830a337640,retrecir,1.0,False,10,False,False,,5.312,invariant_viole,3358036939
2d0cdbdd57e757a7f1ce3d830a337640,retrecir,1.0,True,10,False,True,1.000000,8.334,ok,3358036939
2d0cdbdd57e757a7f1ce3d830a337640,aplatir,0.1,False,10,False,False,,5.472,invariant_viole,2273509323
2d0cdbdd57e757a7f1ce3d830a337640,aplatir,0.1,True,10,False,True,0.100000,6.817,ok,2273509323
2d0cdbdd57e757a7f1ce3d830a337640,aplatir,0.25,False,10,False,False,,6.412,invariant_viole,1959357315
2d0cdbdd57e757a7f1ce3d830a337640,aplatir,0.25,True,10,False,True,0.250000,6.484,ok,1959357315
2d0cdbdd57e757a7f1ce3d830a337640,aplatir,0.5,False,10,False,False,,5.303,invariant_viole,3240036560
2d0cdbdd57e757a7f1ce3d830a337640,aplatir,0.5,True,10,False,True,0.500000,5.628,ok,3240036560
2d0cdbdd57e757a7f1ce3d830a337640,aplatir,1.0,False,10,False,False,,5.606,invariant_viole,3130429185
2d0cdbdd57e757a7f1ce3d830a337640,aplatir,1.0,True,10,False,True,1.000000,6.125,ok,3130429185
fd06e94b641665a05f164e92a2afe85c,deplacer,0.1,False,9,False,True,0.100000,5.540,ok,1487878641
fd06e94b641665a05f164e92a2afe85c,deplacer,0.1,True,9,False,True,0.100000,5.103,ok,1487878641
fd06e94b641665a05f164e92a2afe85c,deplacer,0.25,False,9,False,False,,5.792,invariant_viole,1690562817
fd06e94b641665a05f164e92a2afe85c,deplacer,0.25,True,9,False,True,0.250000,10.334,ok,1690562817
fd06e94b641665a05f164e92a2afe85c,deplacer,0.5,False,9,False,True,0.500000,6.282,ok,4149386275
fd06e94b641665a05f164e92a2afe85c,deplacer,0.5,True,9,False,True,0.500000,5.179,ok,4149386275
fd06e94b641665a05f164e92a2afe85c,deplacer,1.0,False,9,False,True,1.000000,5.780,ok,2397664246
fd06e94b641665a05f164e92a2afe85c,deplacer,1.0,True,9,False,True,1.492797,5.811,ok,2397664246
fd06e94b641665a05f164e92a2afe85c,elargir,0.1,False,9,False,True,0.100000,5.556,ok,68603930
fd06e94b641665a05f164e92a2afe85c,elargir,0.1,True,9,False,True,0.100000,5.832,ok,68603930
fd06e94b641665a05f164e92a2afe85c,elargir,0.25,False,9,False,True,0.250000,5.003,ok,878745396
fd06e94b641665a05f164e92a2afe85c,elargir,0.25,True,9,False,True,0.250000,6.509,ok,878745396
fd06e94b641665a05f164e92a2afe85c,elargir,0.5,False,9,False,True,0.500000,5.518,ok,2827424563
fd06e94b641665a05f164e92a2afe85c,elargir,0.5,True,9,False,True,0.500000,5.297,ok,2827424563
fd06e94b641665a05f164e92a2afe85c,elargir,1.0,False,9,False,True,1.000000,6.680,ok,3881025556
fd06e94b641665a05f164e92a2afe85c,elargir,1.0,True,9,False,True,1.132784,5.403,ok,3881025556
fd06e94b641665a05f164e92a2afe85c,retrecir,0.1,False,9,False,False,,6.401,invariant_viole,1180391714
fd06e94b641665a05f164e92a2afe85c,retrecir,0.1,True,9,False,True,0.100000,5.898,ok,1180391714
fd06e94b641665a05f164e92a2afe85c,retrecir,0.25,False,9,False,False,,5.552,invariant_viole,3453619835
fd06e94b641665a05f164e92a2afe85c,retrecir,0.25,True,9,False,True,0.250000,5.111,ok,3453619835
fd06e94b641665a05f164e92a2afe85c,retrecir,0.5,False,9,False,False,,6.012,invariant_viole,2939124481
fd06e94b641665a05f164e92a2afe85c,retrecir,0.5,True,9,False,True,0.500000,7.296,ok,2939124481
fd06e94b641665a05f164e92a2afe85c,retrecir,1.0,False,9,False,False,,5.336,invariant_viole,2868412553
fd06e94b641665a05f164e92a2afe85c,retrecir,1.0,True,9,False,True,0.860793,6.460,ok,2868412553
fd06e94b641665a05f164e92a2afe85c,aplatir,0.1,False,9,False,False,,5.373,invariant_viole,2421163363
fd06e94b641665a05f164e92a2afe85c,aplatir,0.1,True,9,False,True,0.100000,6.449,ok,2421163363
fd06e94b641665a05f164e92a2afe85c,aplatir,0.25,False,9,False,False,,6.147,invariant_viole,3062833762
fd06e94b641665a05f164e92a2afe85c,aplatir,0.25,True,9,False,True,0.250000,6.334,ok,3062833762
fd06e94b641665a05f164e92a2afe85c,aplatir,0.5,False,9,False,False,,4.979,invariant_viole,2016721985
fd06e94b641665a05f164e92a2afe85c,aplatir,0.5,True,9,False,True,0.500000,5.050,ok,2016721985
fd06e94b641665a05f164e92a2afe85c,aplatir,1.0,False,9,False,False,,5.216,invariant_viole,2827074253
fd06e94b641665a05f164e92a2afe85c,aplatir,1.0,True,9,False,True,0.860793,5.116,ok,2827074253
6ccb4aded6ddc99e0b098153b7b9f8f2,deplacer,0.1,False,11,False,False,,5.696,invariant_viole,4197959134
6ccb4aded6ddc99e0b098153b7b9f8f2,deplacer,0.1,True,11,False,True,0.616161,7.561,ok,4197959134
6ccb4aded6ddc99e0b098153b7b9f8f2,deplacer,0.25,False,11,False,True,0.250000,5.801,ok,1674502619
6ccb4aded6ddc99e0b098153b7b9f8f2,deplacer,0.25,True,11,False,True,0.250000,8.100,ok,1674502619
6ccb4aded6ddc99e0b098153b7b9f8f2,deplacer,0.5,False,11,False,True,0.500000,8.049,ok,3546459977
6ccb4aded6ddc99e0b098153b7b9f8f2,deplacer,0.5,True,11,False,True,0.500000,7.559,ok,3546459977
6ccb4aded6ddc99e0b098153b7b9f8f2,deplacer,1.0,False,11,False,True,1.000000,5.721,ok,1853008394
6ccb4aded6ddc99e0b098153b7b9f8f2,deplacer,1.0,True,11,False,True,1.000000,7.650,ok,1853008394
6ccb4aded6ddc99e0b098153b7b9f8f2,elargir,0.1,False,11,False,True,0.100000,5.690,ok,165466012
6ccb4aded6ddc99e0b098153b7b9f8f2,elargir,0.1,True,11,False,True,0.100000,7.497,ok,165466012
6ccb4aded6ddc99e0b098153b7b9f8f2,elargir,0.25,False,11,False,True,0.250000,5.966,ok,566894717
6ccb4aded6ddc99e0b098153b7b9f8f2,elargir,0.25,True,11,False,True,0.250000,7.259,ok,566894717
6ccb4aded6ddc99e0b098153b7b9f8f2,elargir,0.5,False,11,False,True,0.500000,5.733,ok,1438483053
6ccb4aded6ddc99e0b098153b7b9f8f2,elargir,0.5,True,11,False,True,0.500000,7.363,ok,1438483053
6ccb4aded6ddc99e0b098153b7b9f8f2,elargir,1.0,False,11,False,True,1.000000,5.788,ok,486479890
6ccb4aded6ddc99e0b098153b7b9f8f2,elargir,1.0,True,11,False,True,1.000000,7.300,ok,486479890
6ccb4aded6ddc99e0b098153b7b9f8f2,retrecir,0.1,False,11,False,True,0.100000,7.777,ok,3725737167
6ccb4aded6ddc99e0b098153b7b9f8f2,retrecir,0.1,True,11,False,True,0.100000,7.570,ok,3725737167
6ccb4aded6ddc99e0b098153b7b9f8f2,retrecir,0.25,False,11,False,False,,5.751,invariant_viole,3719777729
6ccb4aded6ddc99e0b098153b7b9f8f2,retrecir,0.25,True,11,False,True,0.250000,9.192,ok,3719777729
6ccb4aded6ddc99e0b098153b7b9f8f2,retrecir,0.5,False,11,False,False,,6.466,invariant_viole,3023025426
6ccb4aded6ddc99e0b098153b7b9f8f2,retrecir,0.5,True,11,False,True,0.500000,7.979,ok,3023025426
6ccb4aded6ddc99e0b098153b7b9f8f2,retrecir,1.0,False,11,False,False,,5.686,invariant_viole,792676087
6ccb4aded6ddc99e0b098153b7b9f8f2,retrecir,1.0,True,11,False,True,1.000000,7.723,ok,792676087
6ccb4aded6ddc99e0b098153b7b9f8f2,aplatir,0.1,False,11,False,False,,5.778,invariant_viole,1152442920
6ccb4aded6ddc99e0b098153b7b9f8f2,aplatir,0.1,True,11,False,True,0.100000,7.549,ok,1152442920
6ccb4aded6ddc99e0b098153b7b9f8f2,aplatir,0.25,False,11,False,False,,5.673,invariant_viole,1034962399
6ccb4aded6ddc99e0b098153b7b9f8f2,aplatir,0.25,True,11,False,True,0.250000,7.457,ok,1034962399
6ccb4aded6ddc99e0b098153b7b9f8f2,aplatir,0.5,False,11,False,False,,6.983,invariant_viole,222378645
6ccb4aded6ddc99e0b098153b7b9f8f2,aplatir,0.5,True,11,False,True,0.500000,9.008,ok,222378645
6ccb4aded6ddc99e0b098153b7b9f8f2,aplatir,1.0,False,11,False,False,,8.525,invariant_viole,2203809787
6ccb4aded6ddc99e0b098153b7b9f8f2,aplatir,1.0,True,11,False,True,1.000000,10.393,ok,2203809787
1c16bc7f64cc7452e689fb34402f502f,deplacer,0.1,False,10,False,True,0.100000,6.869,ok,1534813369
1c16bc7f64cc7452e689fb34402f502f,deplacer,0.1,True,10,False,True,0.100000,7.419,ok,1534813369
1c16bc7f64cc7452e689fb34402f502f,deplacer,0.25,False,10,False,False,,5.377,invariant_viole,3240989866
1c16bc7f64cc7452e689fb34402f502f,deplacer,0.25,True,10,False,True,1.124159,6.442,ok,3240989866
1c16bc7f64cc7452e689fb34402f502f,deplacer,0.5,False,10,False,False,,6.513,invariant_viole,3319337118
1c16bc7f64cc7452e689fb34402f502f,deplacer,0.5,True,10,False,True,0.500000,7.237,ok,3319337118
1c16bc7f64cc7452e689fb34402f502f,deplacer,1.0,False,10,False,True,1.000000,5.488,ok,3800255598
1c16bc7f64cc7452e689fb34402f502f,deplacer,1.0,True,10,False,True,1.156445,7.878,ok,3800255598
1c16bc7f64cc7452e689fb34402f502f,elargir,0.1,False,10,False,True,0.100000,5.394,ok,4123766584
1c16bc7f64cc7452e689fb34402f502f,elargir,0.1,True,10,False,True,0.100000,7.730,ok,4123766584
1c16bc7f64cc7452e689fb34402f502f,elargir,0.25,False,10,False,True,0.250000,5.574,ok,2298609915
1c16bc7f64cc7452e689fb34402f502f,elargir,0.25,True,10,False,True,0.250000,7.087,ok,2298609915
1c16bc7f64cc7452e689fb34402f502f,elargir,0.5,False,10,False,False,,5.718,invariant_viole,3222315575
1c16bc7f64cc7452e689fb34402f502f,elargir,0.5,True,10,False,True,0.500000,8.071,ok,3222315575
1c16bc7f64cc7452e689fb34402f502f,elargir,1.0,False,10,False,True,1.000000,5.921,ok,4158231026
1c16bc7f64cc7452e689fb34402f502f,elargir,1.0,True,10,False,True,1.000000,7.127,ok,4158231026
1c16bc7f64cc7452e689fb34402f502f,retrecir,0.1,False,10,False,False,,6.642,invariant_viole,1694494157
1c16bc7f64cc7452e689fb34402f502f,retrecir,0.1,True,10,False,True,0.100000,8.056,ok,1694494157
1c16bc7f64cc7452e689fb34402f502f,retrecir,0.25,False,10,False,True,0.250000,5.559,ok,2250500338
1c16bc7f64cc7452e689fb34402f502f,retrecir,0.25,True,10,False,True,0.250000,7.263,ok,2250500338
1c16bc7f64cc7452e689fb34402f502f,retrecir,0.5,False,10,False,False,,5.946,invariant_viole,1602307679
1c16bc7f64cc7452e689fb34402f502f,retrecir,0.5,True,10,False,True,0.500000,9.175,ok,1602307679
1c16bc7f64cc7452e689fb34402f502f,retrecir,1.0,False,10,False,False,,5.434,invariant_viole,1736595740
1c16bc7f64cc7452e689fb34402f502f,retrecir,1.0,True,10,False,True,0.406394,7.300,ok,1736595740
1c16bc7f64cc7452e689fb34402f502f,aplatir,0.1,False,10,False,False,,6.506,invariant_viole,3435138577
1c16bc7f64cc7452e689fb34402f502f,aplatir,0.1,True,10,False,True,0.100000,7.950,ok,3435138577
1c16bc7f64cc7452e689fb34402f502f,aplatir,0.25,False,10,False,False,,5.242,invariant_viole,1512087242
1c16bc7f64cc7452e689fb34402f502f,aplatir,0.25,True,10,False,True,0.250000,6.589,ok,1512087242
1c16bc7f64cc7452e689fb34402f502f,aplatir,0.5,False,10,False,False,,5.276,invariant_viole,2560789796
1c16bc7f64cc7452e689fb34402f502f,aplatir,0.5,True,10,False,True,0.500000,11.097,ok,2560789796
1c16bc7f64cc7452e689fb34402f502f,aplatir,1.0,False,10,False,False,,5.740,invariant_viole,2609351162
1c16bc7f64cc7452e689fb34402f502f,aplatir,1.0,True,10,False,True,1.000000,8.360,ok,2609351162
3f7bddf75a647da1c947e7a4cbe19fa1,deplacer,0.1,False,9,False,True,0.100000,6.130,ok,302911918
3f7bddf75a647da1c947e7a4cbe19fa1,deplacer,0.1,True,9,False,True,0.100000,5.657,ok,302911918
3f7bddf75a647da1c947e7a4cbe19fa1,deplacer,0.25,False,9,False,False,,5.776,invariant_viole,4203722950
3f7bddf75a647da1c947e7a4cbe19fa1,deplacer,0.25,True,9,False,False,,6.452,infaisable,4203722950
3f7bddf75a647da1c947e7a4cbe19fa1,deplacer,0.5,False,9,False,True,0.500000,5.435,ok,952351465
3f7bddf75a647da1c947e7a4cbe19fa1,deplacer,0.5,True,9,False,True,0.500000,5.498,ok,952351465
3f7bddf75a647da1c947e7a4cbe19fa1,deplacer,1.0,False,9,False,False,,5.029,invariant_viole,1420920322
3f7bddf75a647da1c947e7a4cbe19fa1,deplacer,1.0,True,9,False,True,1.000000,6.079,ok,1420920322
3f7bddf75a647da1c947e7a4cbe19fa1,elargir,0.1,False,9,False,True,0.100000,5.230,ok,772952779
3f7bddf75a647da1c947e7a4cbe19fa1,elargir,0.1,True,9,False,True,0.100000,5.910,ok,772952779
3f7bddf75a647da1c947e7a4cbe19fa1,elargir,0.25,False,9,False,True,0.250000,5.214,ok,2442237862
3f7bddf75a647da1c947e7a4cbe19fa1,elargir,0.25,True,9,False,True,0.250000,5.119,ok,2442237862
3f7bddf75a647da1c947e7a4cbe19fa1,elargir,0.5,False,9,False,True,0.500000,7.193,ok,2910243217
3f7bddf75a647da1c947e7a4cbe19fa1,elargir,0.5,True,9,False,True,0.500000,5.465,ok,2910243217
3f7bddf75a647da1c947e7a4cbe19fa1,elargir,1.0,False,9,False,False,,5.608,invariant_viole,1235439351
3f7bddf75a647da1c947e7a4cbe19fa1,elargir,1.0,True,9,False,True,1.470043,6.211,ok,1235439351
3f7bddf75a647da1c947e7a4cbe19fa1,retrecir,0.1,False,9,False,False,,7.930,invariant_viole,3271218755
3f7bddf75a647da1c947e7a4cbe19fa1,retrecir,0.1,True,9,False,True,0.100000,7.466,ok,3271218755
3f7bddf75a647da1c947e7a4cbe19fa1,retrecir,0.25,False,9,False,True,0.250000,5.833,ok,656045123
3f7bddf75a647da1c947e7a4cbe19fa1,retrecir,0.25,True,9,False,True,0.250000,5.303,ok,656045123
3f7bddf75a647da1c947e7a4cbe19fa1,retrecir,0.5,False,9,False,False,,5.251,invariant_viole,542463049
3f7bddf75a647da1c947e7a4cbe19fa1,retrecir,0.5,True,9,False,True,0.500000,6.292,ok,542463049
3f7bddf75a647da1c947e7a4cbe19fa1,retrecir,1.0,False,9,False,False,,5.097,invariant_viole,4280599911
3f7bddf75a647da1c947e7a4cbe19fa1,retrecir,1.0,True,9,False,True,0.310964,5.874,ok,4280599911
3f7bddf75a647da1c947e7a4cbe19fa1,aplatir,0.1,False,9,False,False,,5.089,invariant_viole,2576314865
3f7bddf75a647da1c947e7a4cbe19fa1,aplatir,0.1,True,9,False,True,0.100000,5.388,ok,2576314865
3f7bddf75a647da1c947e7a4cbe19fa1,aplatir,0.25,False,9,False,False,,5.304,invariant_viole,2545685410
3f7bddf75a647da1c947e7a4cbe19fa1,aplatir,0.25,True,9,False,True,0.250000,5.411,ok,2545685410
3f7bddf75a647da1c947e7a4cbe19fa1,aplatir,0.5,False,9,False,False,,5.391,invariant_viole,1743465983
3f7bddf75a647da1c947e7a4cbe19fa1,aplatir,0.5,True,9,False,True,0.500000,5.135,ok,1743465983
3f7bddf75a647da1c947e7a4cbe19fa1,aplatir,1.0,False,9,False,False,,5.547,invariant_viole,2080498787
3f7bddf75a647da1c947e7a4cbe19fa1,aplatir,1.0,True,9,False,True,1.000000,6.407,ok,2080498787
f4380fc8f3c434d1a1721a6dd210ab1c,deplacer,0.1,False,8,False,True,0.100000,6.400,ok,1180031186
f4380fc8f3c434d1a1721a6dd210ab1c,deplacer,0.1,True,8,False,True,0.100000,6.152,ok,1180031186
f4380fc8f3c434d1a1721a6dd210ab1c,deplacer,0.25,False,8,False,True,0.250000,7.465,ok,3737055224
f4380fc8f3c434d1a1721a6dd210ab1c,deplacer,0.25,True,8,False,True,0.250000,5.469,ok,3737055224
f4380fc8f3c434d1a1721a6dd210ab1c,deplacer,0.5,False,8,False,True,0.500000,6.221,ok,963848637
f4380fc8f3c434d1a1721a6dd210ab1c,deplacer,0.5,True,8,False,True,0.500000,5.835,ok,963848637
f4380fc8f3c434d1a1721a6dd210ab1c,deplacer,1.0,False,8,False,True,1.000000,7.766,ok,1379099754
f4380fc8f3c434d1a1721a6dd210ab1c,deplacer,1.0,True,8,False,False,,5.709,invariant_viole,1379099754
f4380fc8f3c434d1a1721a6dd210ab1c,elargir,0.1,False,8,False,True,0.100000,6.302,ok,2191928588
f4380fc8f3c434d1a1721a6dd210ab1c,elargir,0.1,True,8,False,True,0.100000,5.448,ok,2191928588
f4380fc8f3c434d1a1721a6dd210ab1c,elargir,0.25,False,8,False,True,0.250000,6.693,ok,4097803355
f4380fc8f3c434d1a1721a6dd210ab1c,elargir,0.25,True,8,False,True,0.250000,4.932,ok,4097803355
f4380fc8f3c434d1a1721a6dd210ab1c,elargir,0.5,False,8,False,True,0.500000,6.926,ok,1605643576
f4380fc8f3c434d1a1721a6dd210ab1c,elargir,0.5,True,8,False,True,0.500000,5.237,ok,1605643576
f4380fc8f3c434d1a1721a6dd210ab1c,elargir,1.0,False,8,False,True,1.000000,7.646,ok,1811849133
f4380fc8f3c434d1a1721a6dd210ab1c,elargir,1.0,True,8,False,True,1.000000,5.745,ok,1811849133
f4380fc8f3c434d1a1721a6dd210ab1c,retrecir,0.1,False,8,False,False,,6.956,invariant_viole,3465060793
f4380fc8f3c434d1a1721a6dd210ab1c,retrecir,0.1,True,8,False,True,0.100000,5.816,ok,3465060793
f4380fc8f3c434d1a1721a6dd210ab1c,retrecir,0.25,False,8,False,False,,4.673,invariant_viole,28218701
f4380fc8f3c434d1a1721a6dd210ab1c,retrecir,0.25,True,8,False,True,0.250000,6.767,ok,28218701
f4380fc8f3c434d1a1721a6dd210ab1c,retrecir,0.5,False,8,False,False,,4.543,invariant_viole,2350747499
f4380fc8f3c434d1a1721a6dd210ab1c,retrecir,0.5,True,8,False,True,0.500000,4.850,ok,2350747499
f4380fc8f3c434d1a1721a6dd210ab1c,retrecir,1.0,False,8,False,False,,5.475,invariant_viole,4156198055
f4380fc8f3c434d1a1721a6dd210ab1c,retrecir,1.0,True,8,False,False,,5.219,invariant_viole,4156198055
f4380fc8f3c434d1a1721a6dd210ab1c,aplatir,0.1,False,8,False,False,,6.071,invariant_viole,1831027763
f4380fc8f3c434d1a1721a6dd210ab1c,aplatir,0.1,True,8,False,True,0.100000,5.283,ok,1831027763
f4380fc8f3c434d1a1721a6dd210ab1c,aplatir,0.25,False,8,False,False,,4.940,invariant_viole,2047370866
f4380fc8f3c434d1a1721a6dd210ab1c,aplatir,0.25,True,8,False,True,0.250000,5.250,ok,2047370866
f4380fc8f3c434d1a1721a6dd210ab1c,aplatir,0.5,False,8,False,False,,4.482,invariant_viole,3212140106
f4380fc8f3c434d1a1721a6dd210ab1c,aplatir,0.5,True,8,False,True,0.500000,5.013,ok,3212140106
f4380fc8f3c434d1a1721a6dd210ab1c,aplatir,1.0,False,8,False,False,,5.132,invariant_viole,103573764
f4380fc8f3c434d1a1721a6dd210ab1c,aplatir,1.0,True,8,False,True,1.000000,5.041,ok,103573764
009312a18bc47f38e7d5743dc00d2c72,deplacer,0.1,False,11,False,False,,6.629,invariant_viole,2016334674
009312a18bc47f38e7d5743dc00d2c72,deplacer,0.1,True,11,False,True,0.100000,6.090,ok,2016334674
009312a18bc47f38e7d5743dc00d2c72,deplacer,0.25,False,11,False,True,0.250000,6.220,ok,432437470
009312a18bc47f38e7d5743dc00d2c72,deplacer,0.25,True,11,False,True,0.250000,5.952,ok,432437470
009312a18bc47f38e7d5743dc00d2c72,deplacer,0.5,False,11,False,True,0.500000,6.807,ok,194422713
009312a18bc47f38e7d5743dc00d2c72,deplacer,0.5,True,11,False,True,0.500000,6.415,ok,194422713
009312a18bc47f38e7d5743dc00d2c72,deplacer,1.0,False,11,False,False,,6.402,invariant_viole,250256945
009312a18bc47f38e7d5743dc00d2c72,deplacer,1.0,True,11,False,False,,2.506,trame,250256945
009312a18bc47f38e7d5743dc00d2c72,elargir,0.1,False,11,False,False,,5.852,invariant_viole,2917679584
009312a18bc47f38e7d5743dc00d2c72,elargir,0.1,True,11,False,True,0.100000,6.644,ok,2917679584
009312a18bc47f38e7d5743dc00d2c72,elargir,0.25,False,11,False,False,,5.817,invariant_viole,1252887401
009312a18bc47f38e7d5743dc00d2c72,elargir,0.25,True,11,False,True,0.250000,6.083,ok,1252887401
009312a18bc47f38e7d5743dc00d2c72,elargir,0.5,False,11,False,True,0.500000,5.851,ok,3107696147
009312a18bc47f38e7d5743dc00d2c72,elargir,0.5,True,11,False,True,0.500000,6.275,ok,3107696147
009312a18bc47f38e7d5743dc00d2c72,elargir,1.0,False,11,False,False,,5.832,invariant_viole,179087287
009312a18bc47f38e7d5743dc00d2c72,elargir,1.0,True,11,False,False,,7.864,infaisable,179087287
009312a18bc47f38e7d5743dc00d2c72,retrecir,0.1,False,11,False,False,,6.709,invariant_viole,3986170541
009312a18bc47f38e7d5743dc00d2c72,retrecir,0.1,True,11,False,True,0.100000,6.163,ok,3986170541
009312a18bc47f38e7d5743dc00d2c72,retrecir,0.25,False,11,False,False,,5.921,invariant_viole,3204066395
009312a18bc47f38e7d5743dc00d2c72,retrecir,0.25,True,11,False,True,0.250000,8.781,ok,3204066395
009312a18bc47f38e7d5743dc00d2c72,retrecir,0.5,False,11,False,False,,6.191,invariant_viole,2716284814
009312a18bc47f38e7d5743dc00d2c72,retrecir,0.5,True,11,False,True,0.500000,6.072,ok,2716284814
009312a18bc47f38e7d5743dc00d2c72,retrecir,1.0,False,11,False,False,,7.458,invariant_viole,1100046404
009312a18bc47f38e7d5743dc00d2c72,retrecir,1.0,True,11,False,True,1.000000,6.892,ok,1100046404
009312a18bc47f38e7d5743dc00d2c72,aplatir,0.1,False,11,False,False,,5.901,invariant_viole,2684040255
009312a18bc47f38e7d5743dc00d2c72,aplatir,0.1,True,11,False,True,0.100000,8.327,ok,2684040255
009312a18bc47f38e7d5743dc00d2c72,aplatir,0.25,False,11,False,False,,8.366,invariant_viole,2984885140
009312a18bc47f38e7d5743dc00d2c72,aplatir,0.25,True,11,False,True,0.250000,7.735,ok,2984885140
009312a18bc47f38e7d5743dc00d2c72,aplatir,0.5,False,11,False,False,,6.226,invariant_viole,1588251525
009312a18bc47f38e7d5743dc00d2c72,aplatir,0.5,True,11,False,True,0.500000,8.044,ok,1588251525
009312a18bc47f38e7d5743dc00d2c72,aplatir,1.0,False,11,False,False,,9.555,invariant_viole,1482078539
009312a18bc47f38e7d5743dc00d2c72,aplatir,1.0,True,11,False,True,1.000000,7.014,ok,1482078539
1db78eabb669d4e98c444727cadf95a9,deplacer,0.1,False,7,False,True,0.100000,6.166,ok,2735540873
1db78eabb669d4e98c444727cadf95a9,deplacer,0.1,True,7,False,True,0.100000,6.633,ok,2735540873
1db78eabb669d4e98c444727cadf95a9,deplacer,0.25,False,7,False,True,0.250000,5.053,ok,2039498030
1db78eabb669d4e98c444727cadf95a9,deplacer,0.25,True,7,False,True,0.250000,6.271,ok,2039498030
1db78eabb669d4e98c444727cadf95a9,deplacer,0.5,False,7,False,True,0.500000,7.333,ok,2377122829
1db78eabb669d4e98c444727cadf95a9,deplacer,0.5,True,7,False,False,,5.262,invariant_viole,2377122829
1db78eabb669d4e98c444727cadf95a9,deplacer,1.0,False,7,False,False,,4.006,invariant_viole,3866049432
1db78eabb669d4e98c444727cadf95a9,deplacer,1.0,True,7,False,True,1.000000,4.733,ok,3866049432
1db78eabb669d4e98c444727cadf95a9,elargir,0.1,False,7,False,True,0.100000,5.144,ok,785369641
1db78eabb669d4e98c444727cadf95a9,elargir,0.1,True,7,False,True,0.100000,5.009,ok,785369641
1db78eabb669d4e98c444727cadf95a9,elargir,0.25,False,7,False,False,,3.713,invariant_viole,1663043680
1db78eabb669d4e98c444727cadf95a9,elargir,0.25,True,7,False,True,1.057427,4.806,ok,1663043680
1db78eabb669d4e98c444727cadf95a9,elargir,0.5,False,7,False,True,0.500000,4.521,ok,2611233381
1db78eabb669d4e98c444727cadf95a9,elargir,0.5,True,7,False,True,0.500000,4.644,ok,2611233381
1db78eabb669d4e98c444727cadf95a9,elargir,1.0,False,7,False,False,,5.176,invariant_viole,1868581562
1db78eabb669d4e98c444727cadf95a9,elargir,1.0,True,7,False,False,,9.116,infaisable,1868581562
1db78eabb669d4e98c444727cadf95a9,retrecir,0.1,False,7,False,False,,4.693,invariant_viole,884216553
1db78eabb669d4e98c444727cadf95a9,retrecir,0.1,True,7,False,True,0.100000,4.768,ok,884216553
1db78eabb669d4e98c444727cadf95a9,retrecir,0.25,False,7,False,False,,3.865,invariant_viole,3114076235
1db78eabb669d4e98c444727cadf95a9,retrecir,0.25,True,7,False,True,0.250000,6.029,ok,3114076235
1db78eabb669d4e98c444727cadf95a9,retrecir,0.5,False,7,False,False,,4.427,invariant_viole,4191213167
1db78eabb669d4e98c444727cadf95a9,retrecir,0.5,True,7,False,True,0.500000,4.963,ok,4191213167
1db78eabb669d4e98c444727cadf95a9,retrecir,1.0,False,7,False,False,,4.862,invariant_viole,665755482
1db78eabb669d4e98c444727cadf95a9,retrecir,1.0,True,7,False,True,0.195470,7.359,ok,665755482
1db78eabb669d4e98c444727cadf95a9,aplatir,0.1,False,7,False,False,,4.680,invariant_viole,2302334859
1db78eabb669d4e98c444727cadf95a9,aplatir,0.1,True,7,False,True,0.100000,5.255,ok,2302334859
1db78eabb669d4e98c444727cadf95a9,aplatir,0.25,False,7,False,False,,3.998,invariant_viole,446510300
1db78eabb669d4e98c444727cadf95a9,aplatir,0.25,True,7,False,True,0.250000,5.380,ok,446510300
1db78eabb669d4e98c444727cadf95a9,aplatir,0.5,False,7,False,False,,3.756,invariant_viole,2713942106
1db78eabb669d4e98c444727cadf95a9,aplatir,0.5,True,7,False,True,0.500000,4.690,ok,2713942106
1db78eabb669d4e98c444727cadf95a9,aplatir,1.0,False,7,False,False,,3.975,invariant_viole,1963460728
1db78eabb669d4e98c444727cadf95a9,aplatir,1.0,True,7,False,True,1.000000,4.991,ok,1963460728
1efa79f2c339f4f5c0a8c65a3ad9c269,deplacer,0.1,False,6,False,False,,3.269,invariant_viole,88235374
1efa79f2c339f4f5c0a8c65a3ad9c269,deplacer,0.1,True,6,False,True,0.100000,3.806,ok,88235374
1efa79f2c339f4f5c0a8c65a3ad9c269,deplacer,0.25,False,6,False,False,,3.204,invariant_viole,3926058625
1efa79f2c339f4f5c0a8c65a3ad9c269,deplacer,0.25,True,6,False,True,0.250000,5.198,ok,3926058625
1efa79f2c339f4f5c0a8c65a3ad9c269,deplacer,0.5,False,6,False,False,,4.582,invariant_viole,2679787146
1efa79f2c339f4f5c0a8c65a3ad9c269,deplacer,0.5,True,6,False,True,0.500000,3.886,ok,2679787146
1efa79f2c339f4f5c0a8c65a3ad9c269,deplacer,1.0,False,6,False,True,1.000000,4.401,ok,4249318077
1efa79f2c339f4f5c0a8c65a3ad9c269,deplacer,1.0,True,6,False,True,1.000000,4.062,ok,4249318077
1efa79f2c339f4f5c0a8c65a3ad9c269,elargir,0.1,False,6,False,True,0.100000,3.244,ok,1414352717
1efa79f2c339f4f5c0a8c65a3ad9c269,elargir,0.1,True,6,False,True,0.100000,3.706,ok,1414352717
1efa79f2c339f4f5c0a8c65a3ad9c269,elargir,0.25,False,6,False,True,0.250000,3.258,ok,1646594165
1efa79f2c339f4f5c0a8c65a3ad9c269,elargir,0.25,True,6,False,True,0.250000,3.947,ok,1646594165
1efa79f2c339f4f5c0a8c65a3ad9c269,elargir,0.5,False,6,False,True,0.500000,3.216,ok,3707159044
1efa79f2c339f4f5c0a8c65a3ad9c269,elargir,0.5,True,6,False,True,0.500000,3.770,ok,3707159044
1efa79f2c339f4f5c0a8c65a3ad9c269,elargir,1.0,False,6,False,True,1.000000,3.310,ok,1831811114
1efa79f2c339f4f5c0a8c65a3ad9c269,elargir,1.0,True,6,False,True,1.000000,3.698,ok,1831811114
1efa79f2c339f4f5c0a8c65a3ad9c269,retrecir,0.1,False,6,False,False,,3.157,invariant_viole,579237690
1efa79f2c339f4f5c0a8c65a3ad9c269,retrecir,0.1,True,6,False,True,0.100000,4.171,ok,579237690
1efa79f2c339f4f5c0a8c65a3ad9c269,retrecir,0.25,False,6,False,False,,3.207,invariant_viole,1715811870
1efa79f2c339f4f5c0a8c65a3ad9c269,retrecir,0.25,True,6,False,True,0.250000,3.707,ok,1715811870
1efa79f2c339f4f5c0a8c65a3ad9c269,retrecir,0.5,False,6,False,False,,75.479,invariant_viole,2862659287
1efa79f2c339f4f5c0a8c65a3ad9c269,retrecir,0.5,True,6,False,True,0.500000,3.954,ok,2862659287
1efa79f2c339f4f5c0a8c65a3ad9c269,retrecir,1.0,False,6,False,False,,3.663,invariant_viole,4063237553
1efa79f2c339f4f5c0a8c65a3ad9c269,retrecir,1.0,True,6,False,True,1.000000,4.903,ok,4063237553
1efa79f2c339f4f5c0a8c65a3ad9c269,aplatir,0.1,False,6,False,False,,3.182,invariant_viole,2483291672
1efa79f2c339f4f5c0a8c65a3ad9c269,aplatir,0.1,True,6,False,True,0.100000,3.744,ok,2483291672
1efa79f2c339f4f5c0a8c65a3ad9c269,aplatir,0.25,False,6,False,False,,3.600,invariant_viole,701821740
1efa79f2c339f4f5c0a8c65a3ad9c269,aplatir,0.25,True,6,False,True,0.250000,3.822,ok,701821740
1efa79f2c339f4f5c0a8c65a3ad9c269,aplatir,0.5,False,6,False,False,,3.153,invariant_viole,543141094
1efa79f2c339f4f5c0a8c65a3ad9c269,aplatir,0.5,True,6,False,True,0.500000,3.728,ok,543141094
1efa79f2c339f4f5c0a8c65a3ad9c269,aplatir,1.0,False,6,False,False,,3.199,invariant_viole,34124467
1efa79f2c339f4f5c0a8c65a3ad9c269,aplatir,1.0,True,6,False,True,1.000000,3.871,ok,34124467
1c2846ee5de0711d666d165a20304eaf,deplacer,0.1,False,8,False,True,0.100000,4.764,ok,3585088806
1c2846ee5de0711d666d165a20304eaf,deplacer,0.1,True,8,False,True,0.100000,6.058,ok,3585088806
1c2846ee5de0711d666d165a20304eaf,deplacer,0.25,False,8,False,False,,4.285,invariant_viole,2349428473
1c2846ee5de0711d666d165a20304eaf,deplacer,0.25,True,8,False,True,0.250000,5.752,ok,2349428473
1c2846ee5de0711d666d165a20304eaf,deplacer,0.5,False,8,False,True,0.500000,6.726,ok,3622294510
1c2846ee5de0711d666d165a20304eaf,deplacer,0.5,True,8,False,True,0.500000,7.820,ok,3622294510
1c2846ee5de0711d666d165a20304eaf,deplacer,1.0,False,8,False,False,,4.299,invariant_viole,2748769055
1c2846ee5de0711d666d165a20304eaf,deplacer,1.0,True,8,False,True,1.000000,5.268,ok,2748769055
1c2846ee5de0711d666d165a20304eaf,elargir,0.1,False,8,False,True,0.100000,4.888,ok,3026185665
1c2846ee5de0711d666d165a20304eaf,elargir,0.1,True,8,False,True,0.100000,4.802,ok,3026185665
1c2846ee5de0711d666d165a20304eaf,elargir,0.25,False,8,False,True,0.250000,5.751,ok,464439493
1c2846ee5de0711d666d165a20304eaf,elargir,0.25,True,8,False,True,0.250000,7.293,ok,464439493
1c2846ee5de0711d666d165a20304eaf,elargir,0.5,False,8,False,False,,4.352,invariant_viole,293700330
1c2846ee5de0711d666d165a20304eaf,elargir,0.5,True,8,False,True,0.500000,6.322,ok,293700330
1c2846ee5de0711d666d165a20304eaf,elargir,1.0,False,8,False,False,,4.534,invariant_viole,3520599585
1c2846ee5de0711d666d165a20304eaf,elargir,1.0,True,8,False,True,1.000000,5.048,ok,3520599585
1c2846ee5de0711d666d165a20304eaf,retrecir,0.1,False,8,False,False,,4.268,invariant_viole,3003022049
1c2846ee5de0711d666d165a20304eaf,retrecir,0.1,True,8,False,True,0.100000,5.148,ok,3003022049
1c2846ee5de0711d666d165a20304eaf,retrecir,0.25,False,8,False,False,,4.626,invariant_viole,3122184558
1c2846ee5de0711d666d165a20304eaf,retrecir,0.25,True,8,False,True,0.250000,5.484,ok,3122184558
1c2846ee5de0711d666d165a20304eaf,retrecir,0.5,False,8,False,False,,4.644,invariant_viole,3323291336
1c2846ee5de0711d666d165a20304eaf,retrecir,0.5,True,8,False,True,0.500000,7.285,ok,3323291336
1c2846ee5de0711d666d165a20304eaf,retrecir,1.0,False,8,False,False,,4.824,invariant_viole,3089406772
1c2846ee5de0711d666d165a20304eaf,retrecir,1.0,True,8,False,True,1.000000,5.068,ok,3089406772
1c2846ee5de0711d666d165a20304eaf,aplatir,0.1,False,8,False,False,,6.480,invariant_viole,2530550995
1c2846ee5de0711d666d165a20304eaf,aplatir,0.1,True,8,False,True,0.100000,5.593,ok,2530550995
1c2846ee5de0711d666d165a20304eaf,aplatir,0.25,False,8,False,False,,7.121,invariant_viole,1786513514
1c2846ee5de0711d666d165a20304eaf,aplatir,0.25,True,8,False,True,0.250000,5.374,ok,1786513514
1c2846ee5de0711d666d165a20304eaf,aplatir,0.5,False,8,False,False,,6.500,invariant_viole,2523853693
1c2846ee5de0711d666d165a20304eaf,aplatir,0.5,True,8,False,True,0.500000,6.970,ok,2523853693
1c2846ee5de0711d666d165a20304eaf,aplatir,1.0,False,8,False,False,,4.818,invariant_viole,1494973423
1c2846ee5de0711d666d165a20304eaf,aplatir,1.0,True,8,False,True,1.000000,5.036,ok,1494973423
1950ef240673e83baa2310d7d1d66409,deplacer,0.1,False,6,False,True,0.100000,4.830,ok,3375648619
1950ef240673e83baa2310d7d1d66409,deplacer,0.1,True,6,False,True,0.100000,3.997,ok,3375648619
1950ef240673e83baa2310d7d1d66409,deplacer,0.25,False,6,False,True,0.250000,3.531,ok,2979380709
1950ef240673e83baa2310d7d1d66409,deplacer,0.25,True,6,False,True,0.250000,5.905,ok,2979380709
1950ef240673e83baa2310d7d1d66409,deplacer,0.5,False,6,False,True,0.500000,3.907,ok,4130113617
1950ef240673e83baa2310d7d1d66409,deplacer,0.5,True,6,False,True,0.500000,4.076,ok,4130113617
1950ef240673e83baa2310d7d1d66409,deplacer,1.0,False,6,False,True,1.000000,7.504,ok,4025832788
1950ef240673e83baa2310d7d1d66409,deplacer,1.0,True,6,False,True,1.000000,4.408,ok,4025832788
1950ef240673e83baa2310d7d1d66409,elargir,0.1,False,6,False,True,0.100000,5.292,ok,2152797306
1950ef240673e83baa2310d7d1d66409,elargir,0.1,True,6,False,True,0.100000,4.158,ok,2152797306
1950ef240673e83baa2310d7d1d66409,elargir,0.25,False,6,False,True,0.250000,4.069,ok,1784338738
1950ef240673e83baa2310d7d1d66409,elargir,0.25,True,6,False,True,0.250000,8.729,ok,1784338738
1950ef240673e83baa2310d7d1d66409,elargir,0.5,False,6,False,True,0.500000,4.119,ok,1087621295
1950ef240673e83baa2310d7d1d66409,elargir,0.5,True,6,False,True,0.500000,5.469,ok,1087621295
1950ef240673e83baa2310d7d1d66409,elargir,1.0,False,6,False,True,1.000000,3.835,ok,343724040
1950ef240673e83baa2310d7d1d66409,elargir,1.0,True,6,False,True,1.000000,4.156,ok,343724040
1950ef240673e83baa2310d7d1d66409,retrecir,0.1,False,6,False,False,,4.212,invariant_viole,1726585908
1950ef240673e83baa2310d7d1d66409,retrecir,0.1,True,6,False,True,0.100000,6.210,ok,1726585908
1950ef240673e83baa2310d7d1d66409,retrecir,0.25,False,6,False,False,,3.118,invariant_viole,1339376472
1950ef240673e83baa2310d7d1d66409,retrecir,0.25,True,6,False,True,0.250000,4.950,ok,1339376472
1950ef240673e83baa2310d7d1d66409,retrecir,0.5,False,6,False,False,,3.302,invariant_viole,3735680156
1950ef240673e83baa2310d7d1d66409,retrecir,0.5,True,6,False,True,0.500000,4.078,ok,3735680156
1950ef240673e83baa2310d7d1d66409,retrecir,1.0,False,6,False,False,,4.140,invariant_viole,1569353825
1950ef240673e83baa2310d7d1d66409,retrecir,1.0,True,6,False,True,1.000000,4.390,ok,1569353825
1950ef240673e83baa2310d7d1d66409,aplatir,0.1,False,6,False,False,,3.155,invariant_viole,2291431427
1950ef240673e83baa2310d7d1d66409,aplatir,0.1,True,6,False,True,0.100000,4.134,ok,2291431427
1950ef240673e83baa2310d7d1d66409,aplatir,0.25,False,6,False,False,,3.252,invariant_viole,2914542365
1950ef240673e83baa2310d7d1d66409,aplatir,0.25,True,6,False,True,0.250000,3.855,ok,2914542365
1950ef240673e83baa2310d7d1d66409,aplatir,0.5,False,6,False,False,,3.285,invariant_viole,817213676
1950ef240673e83baa2310d7d1d66409,aplatir,0.5,True,6,False,True,0.500000,5.645,ok,817213676
1950ef240673e83baa2310d7d1d66409,aplatir,1.0,False,6,False,False,,4.002,invariant_viole,1880359061
1950ef240673e83baa2310d7d1d66409,aplatir,1.0,True,6,False,True,1.000000,4.572,ok,1880359061
ed924f616f02522c78a6b224e13ccdfc,deplacer,0.1,False,7,False,True,0.100000,4.748,ok,271414513
ed924f616f02522c78a6b224e13ccdfc,deplacer,0.1,True,7,False,True,0.100000,4.726,ok,271414513
ed924f616f02522c78a6b224e13ccdfc,deplacer,0.25,False,7,False,True,0.250000,4.163,ok,2277360388
ed924f616f02522c78a6b224e13ccdfc,deplacer,0.25,True,7,False,True,0.250000,4.472,ok,2277360388
ed924f616f02522c78a6b224e13ccdfc,deplacer,0.5,False,7,False,True,0.500000,4.808,ok,1787200456
ed924f616f02522c78a6b224e13ccdfc,deplacer,0.5,True,7,False,True,0.500000,5.180,ok,1787200456
ed924f616f02522c78a6b224e13ccdfc,deplacer,1.0,False,7,False,True,1.000000,4.404,ok,604683425
ed924f616f02522c78a6b224e13ccdfc,deplacer,1.0,True,7,False,True,1.000000,4.826,ok,604683425
ed924f616f02522c78a6b224e13ccdfc,elargir,0.1,False,7,False,False,,3.646,invariant_viole,2115353683
ed924f616f02522c78a6b224e13ccdfc,elargir,0.1,True,7,False,True,1.069543,4.444,ok,2115353683
ed924f616f02522c78a6b224e13ccdfc,elargir,0.25,False,7,False,False,,4.465,invariant_viole,400515963
ed924f616f02522c78a6b224e13ccdfc,elargir,0.25,True,7,False,True,0.250000,4.571,ok,400515963
ed924f616f02522c78a6b224e13ccdfc,elargir,0.5,False,7,False,True,0.500000,4.388,ok,2513947403
ed924f616f02522c78a6b224e13ccdfc,elargir,0.5,True,7,False,False,,4.944,invariant_viole,2513947403
ed924f616f02522c78a6b224e13ccdfc,elargir,1.0,False,7,False,False,,3.730,invariant_viole,188157882
ed924f616f02522c78a6b224e13ccdfc,elargir,1.0,True,7,False,True,1.000000,4.511,ok,188157882
ed924f616f02522c78a6b224e13ccdfc,retrecir,0.1,False,7,False,False,,3.871,invariant_viole,194081233
ed924f616f02522c78a6b224e13ccdfc,retrecir,0.1,True,7,False,True,0.100000,4.664,ok,194081233
ed924f616f02522c78a6b224e13ccdfc,retrecir,0.25,False,7,False,False,,3.741,invariant_viole,1441086501
ed924f616f02522c78a6b224e13ccdfc,retrecir,0.25,True,7,False,True,0.250000,4.445,ok,1441086501
ed924f616f02522c78a6b224e13ccdfc,retrecir,0.5,False,7,False,False,,3.837,invariant_viole,893728914
ed924f616f02522c78a6b224e13ccdfc,retrecir,0.5,True,7,False,True,0.500000,5.009,ok,893728914
ed924f616f02522c78a6b224e13ccdfc,retrecir,1.0,False,7,False,False,,3.854,invariant_viole,1549854108
ed924f616f02522c78a6b224e13ccdfc,retrecir,1.0,True,7,False,True,1.000000,5.569,ok,1549854108
ed924f616f02522c78a6b224e13ccdfc,aplatir,0.1,False,7,False,False,,3.783,invariant_viole,351113066
ed924f616f02522c78a6b224e13ccdfc,aplatir,0.1,True,7,False,True,0.100000,4.434,ok,351113066
ed924f616f02522c78a6b224e13ccdfc,aplatir,0.25,False,7,False,False,,3.909,invariant_viole,1313235726
ed924f616f02522c78a6b224e13ccdfc,aplatir,0.25,True,7,False,True,0.250000,4.559,ok,1313235726
ed924f616f02522c78a6b224e13ccdfc,aplatir,0.5,False,7,False,False,,3.642,invariant_viole,3163528564
ed924f616f02522c78a6b224e13ccdfc,aplatir,0.5,True,7,False,False,,5.538,invariant_viole,3163528564
ed924f616f02522c78a6b224e13ccdfc,aplatir,1.0,False,7,False,False,,4.818,invariant_viole,3699390075
ed924f616f02522c78a6b224e13ccdfc,aplatir,1.0,True,7,False,True,1.000000,4.810,ok,3699390075
096da0f8a3459f087c537cc58e8e04ab,deplacer,0.1,False,8,False,False,,6.328,invariant_viole,127760243
096da0f8a3459f087c537cc58e8e04ab,deplacer,0.1,True,8,False,True,0.100000,4.881,ok,127760243
096da0f8a3459f087c537cc58e8e04ab,deplacer,0.25,False,8,False,True,0.250000,5.773,ok,1321421696
096da0f8a3459f087c537cc58e8e04ab,deplacer,0.25,True,8,False,True,0.250000,5.634,ok,1321421696
096da0f8a3459f087c537cc58e8e04ab,deplacer,0.5,False,8,False,True,0.500000,4.803,ok,1744536205
096da0f8a3459f087c537cc58e8e04ab,deplacer,0.5,True,8,False,True,0.500000,5.985,ok,1744536205
096da0f8a3459f087c537cc58e8e04ab,deplacer,1.0,False,8,False,False,,4.413,invariant_viole,4173060086
096da0f8a3459f087c537cc58e8e04ab,deplacer,1.0,True,8,False,True,1.000000,4.626,ok,4173060086
096da0f8a3459f087c537cc58e8e04ab,elargir,0.1,False,8,False,True,0.100000,5.093,ok,364164502
096da0f8a3459f087c537cc58e8e04ab,elargir,0.1,True,8,False,True,0.100000,5.497,ok,364164502
096da0f8a3459f087c537cc58e8e04ab,elargir,0.25,False,8,False,False,,4.805,invariant_viole,2688112382
096da0f8a3459f087c537cc58e8e04ab,elargir,0.25,True,8,False,False,,6.319,infaisable,2688112382
096da0f8a3459f087c537cc58e8e04ab,elargir,0.5,False,8,False,False,,4.271,invariant_viole,3671213368
096da0f8a3459f087c537cc58e8e04ab,elargir,0.5,True,8,False,True,0.500000,5.755,ok,3671213368
096da0f8a3459f087c537cc58e8e04ab,elargir,1.0,False,8,False,True,1.000000,4.549,ok,3125713216
096da0f8a3459f087c537cc58e8e04ab,elargir,1.0,True,8,False,True,1.000000,4.786,ok,3125713216
096da0f8a3459f087c537cc58e8e04ab,retrecir,0.1,False,8,False,False,,5.765,invariant_viole,3695927875
096da0f8a3459f087c537cc58e8e04ab,retrecir,0.1,True,8,False,True,0.100000,4.639,ok,3695927875
096da0f8a3459f087c537cc58e8e04ab,retrecir,0.25,False,8,False,False,,5.718,invariant_viole,3028797745
096da0f8a3459f087c537cc58e8e04ab,retrecir,0.25,True,8,False,True,0.250000,5.467,ok,3028797745
096da0f8a3459f087c537cc58e8e04ab,retrecir,0.5,False,8,False,False,,4.749,invariant_viole,1920884153
096da0f8a3459f087c537cc58e8e04ab,retrecir,0.5,True,8,False,True,0.500000,5.776,ok,1920884153
096da0f8a3459f087c537cc58e8e04ab,retrecir,1.0,False,8,False,False,,4.702,invariant_viole,96917486
096da0f8a3459f087c537cc58e8e04ab,retrecir,1.0,True,8,False,True,1.000000,4.704,ok,96917486
096da0f8a3459f087c537cc58e8e04ab,aplatir,0.1,False,8,False,False,,4.478,invariant_viole,916983156
096da0f8a3459f087c537cc58e8e04ab,aplatir,0.1,True,8,False,True,0.100000,4.729,ok,916983156
096da0f8a3459f087c537cc58e8e04ab,aplatir,0.25,False,8,False,False,,4.378,invariant_viole,1548984278
096da0f8a3459f087c537cc58e8e04ab,aplatir,0.25,True,8,False,True,0.250000,5.423,ok,1548984278
096da0f8a3459f087c537cc58e8e04ab,aplatir,0.5,False,8,False,False,,4.367,invariant_viole,788742032
096da0f8a3459f087c537cc58e8e04ab,aplatir,0.5,True,8,False,True,0.500000,5.297,ok,788742032
096da0f8a3459f087c537cc58e8e04ab,aplatir,1.0,False,8,False,False,,4.745,invariant_viole,4130529011
096da0f8a3459f087c537cc58e8e04ab,aplatir,1.0,True,8,False,True,1.000000,6.765,ok,4130529011
b092cc65171018419e2b3f321ca81df7,deplacer,0.1,False,7,False,True,0.100000,4.235,ok,218020734
b092cc65171018419e2b3f321ca81df7,deplacer,0.1,True,7,False,True,0.100000,5.237,ok,218020734
b092cc65171018419e2b3f321ca81df7,deplacer,0.25,False,7,False,False,,3.838,invariant_viole,3215745785
b092cc65171018419e2b3f321ca81df7,deplacer,0.25,True,7,False,True,0.250000,4.597,ok,3215745785
b092cc65171018419e2b3f321ca81df7,deplacer,0.5,False,7,False,True,0.500000,5.690,ok,2812899646
b092cc65171018419e2b3f321ca81df7,deplacer,0.5,True,7,False,True,0.500000,4.782,ok,2812899646
b092cc65171018419e2b3f321ca81df7,deplacer,1.0,False,7,False,True,1.000000,3.812,ok,2467520362
b092cc65171018419e2b3f321ca81df7,deplacer,1.0,True,7,False,True,1.000000,5.742,ok,2467520362
b092cc65171018419e2b3f321ca81df7,elargir,0.1,False,7,False,True,0.100000,3.832,ok,916597836
b092cc65171018419e2b3f321ca81df7,elargir,0.1,True,7,False,True,0.100000,4.582,ok,916597836
b092cc65171018419e2b3f321ca81df7,elargir,0.25,False,7,False,True,0.250000,3.819,ok,1822100998
b092cc65171018419e2b3f321ca81df7,elargir,0.25,True,7,False,True,0.250000,5.162,ok,1822100998
b092cc65171018419e2b3f321ca81df7,elargir,0.5,False,7,False,False,,3.836,invariant_viole,3966228746
b092cc65171018419e2b3f321ca81df7,elargir,0.5,True,7,False,True,0.500000,4.860,ok,3966228746
b092cc65171018419e2b3f321ca81df7,elargir,1.0,False,7,False,True,1.000000,3.978,ok,3906456910
b092cc65171018419e2b3f321ca81df7,elargir,1.0,True,7,False,True,1.000000,4.738,ok,3906456910
b092cc65171018419e2b3f321ca81df7,retrecir,0.1,False,7,False,False,,3.843,invariant_viole,2603258238
b092cc65171018419e2b3f321ca81df7,retrecir,0.1,True,7,False,True,0.100000,4.801,ok,2603258238
b092cc65171018419e2b3f321ca81df7,retrecir,0.25,False,7,False,False,,3.807,invariant_viole,30752623
b092cc65171018419e2b3f321ca81df7,retrecir,0.25,True,7,False,True,0.194156,5.552,ok,30752623
b092cc65171018419e2b3f321ca81df7,retrecir,0.5,False,7,False,False,,5.704,invariant_viole,3408223317
b092cc65171018419e2b3f321ca81df7,retrecir,0.5,True,7,False,True,0.500000,4.821,ok,3408223317
b092cc65171018419e2b3f321ca81df7,retrecir,1.0,False,7,False,False,,4.685,invariant_viole,2930872575
b092cc65171018419e2b3f321ca81df7,retrecir,1.0,True,7,False,True,1.000000,5.749,ok,2930872575
b092cc65171018419e2b3f321ca81df7,aplatir,0.1,False,7,False,False,,4.243,invariant_viole,4168774557
b092cc65171018419e2b3f321ca81df7,aplatir,0.1,True,7,False,True,0.100000,5.135,ok,4168774557
b092cc65171018419e2b3f321ca81df7,aplatir,0.25,False,7,False,False,,3.785,invariant_viole,1104343831
b092cc65171018419e2b3f321ca81df7,aplatir,0.25,True,7,False,True,0.250000,6.957,ok,1104343831
b092cc65171018419e2b3f321ca81df7,aplatir,0.5,False,7,False,False,,4.464,invariant_viole,2416133937
b092cc65171018419e2b3f321ca81df7,aplatir,0.5,True,7,False,True,0.500000,5.333,ok,2416133937
b092cc65171018419e2b3f321ca81df7,aplatir,1.0,False,7,False,False,,3.943,invariant_viole,266828229
b092cc65171018419e2b3f321ca81df7,aplatir,1.0,True,7,False,False,,5.377,infaisable,266828229
54feea91e779a1cd909a789868336cd9,deplacer,0.1,False,6,False,True,0.100000,3.979,ok,4170209077
54feea91e779a1cd909a789868336cd9,deplacer,0.1,True,6,False,True,0.100000,3.793,ok,4170209077
54feea91e779a1cd909a789868336cd9,deplacer,0.25,False,6,False,True,0.250000,3.750,ok,1752314383
54feea91e779a1cd909a789868336cd9,deplacer,0.25,True,6,False,True,0.250000,3.666,ok,1752314383
54feea91e779a1cd909a789868336cd9,deplacer,0.5,False,6,False,True,0.500000,4.036,ok,4276346061
54feea91e779a1cd909a789868336cd9,deplacer,0.5,True,6,False,True,0.500000,3.742,ok,4276346061
54feea91e779a1cd909a789868336cd9,deplacer,1.0,False,6,False,True,1.000000,4.614,ok,2538395614
54feea91e779a1cd909a789868336cd9,deplacer,1.0,True,6,False,True,1.000000,5.686,ok,2538395614
54feea91e779a1cd909a789868336cd9,elargir,0.1,False,6,False,True,0.100000,4.780,ok,1559891206
54feea91e779a1cd909a789868336cd9,elargir,0.1,True,6,False,True,0.100000,3.758,ok,1559891206
54feea91e779a1cd909a789868336cd9,elargir,0.25,False,6,False,True,0.250000,3.838,ok,3773720044
54feea91e779a1cd909a789868336cd9,elargir,0.25,True,6,False,True,0.250000,3.641,ok,3773720044
54feea91e779a1cd909a789868336cd9,elargir,0.5,False,6,False,True,0.500000,4.740,ok,14822936
54feea91e779a1cd909a789868336cd9,elargir,0.5,True,6,False,True,0.500000,4.328,ok,14822936
54feea91e779a1cd909a789868336cd9,elargir,1.0,False,6,False,True,1.000000,4.055,ok,3874543533
54feea91e779a1cd909a789868336cd9,elargir,1.0,True,6,False,True,1.000000,3.749,ok,3874543533
54feea91e779a1cd909a789868336cd9,retrecir,0.1,False,6,False,False,,3.546,invariant_viole,2522908863
54feea91e779a1cd909a789868336cd9,retrecir,0.1,True,6,False,True,0.100000,3.630,ok,2522908863
54feea91e779a1cd909a789868336cd9,retrecir,0.25,False,6,False,False,,3.813,invariant_viole,3585900527
54feea91e779a1cd909a789868336cd9,retrecir,0.25,True,6,False,True,0.250000,4.700,ok,3585900527
54feea91e779a1cd909a789868336cd9,retrecir,0.5,False,6,False,False,,3.271,invariant_viole,151467029
54feea91e779a1cd909a789868336cd9,retrecir,0.5,True,6,False,True,0.500000,3.638,ok,151467029
54feea91e779a1cd909a789868336cd9,retrecir,1.0,False,6,False,False,,3.763,invariant_viole,749892674
54feea91e779a1cd909a789868336cd9,retrecir,1.0,True,6,False,True,1.000000,3.799,ok,749892674
54feea91e779a1cd909a789868336cd9,aplatir,0.1,False,6,False,False,,3.553,invariant_viole,1782840967
54feea91e779a1cd909a789868336cd9,aplatir,0.1,True,6,False,True,0.100000,4.480,ok,1782840967
54feea91e779a1cd909a789868336cd9,aplatir,0.25,False,6,False,False,,3.506,invariant_viole,573695858
54feea91e779a1cd909a789868336cd9,aplatir,0.25,True,6,False,True,0.250000,3.681,ok,573695858
54feea91e779a1cd909a789868336cd9,aplatir,0.5,False,6,False,False,,3.289,invariant_viole,3522032777
54feea91e779a1cd909a789868336cd9,aplatir,0.5,True,6,False,True,0.500000,4.668,ok,3522032777
54feea91e779a1cd909a789868336cd9,aplatir,1.0,False,6,False,False,,3.571,invariant_viole,2366724933
54feea91e779a1cd909a789868336cd9,aplatir,1.0,True,6,False,True,1.000000,4.000,ok,2366724933
15eb1a31fa8d83a799cc56115c5d2a85,deplacer,0.1,False,8,False,True,0.100000,5.345,ok,3058353987
15eb1a31fa8d83a799cc56115c5d2a85,deplacer,0.1,True,8,False,True,0.100000,4.646,ok,3058353987
15eb1a31fa8d83a799cc56115c5d2a85,deplacer,0.25,False,8,False,False,,4.324,invariant_viole,2995178656
15eb1a31fa8d83a799cc56115c5d2a85,deplacer,0.25,True,8,False,True,0.250000,5.711,ok,2995178656
15eb1a31fa8d83a799cc56115c5d2a85,deplacer,0.5,False,8,False,True,0.500000,4.326,ok,3791866860
15eb1a31fa8d83a799cc56115c5d2a85,deplacer,0.5,True,8,False,True,0.500000,4.660,ok,3791866860
15eb1a31fa8d83a799cc56115c5d2a85,deplacer,1.0,False,8,False,True,1.000000,4.317,ok,1247733935
15eb1a31fa8d83a799cc56115c5d2a85,deplacer,1.0,True,8,False,True,1.000000,5.306,ok,1247733935
15eb1a31fa8d83a799cc56115c5d2a85,elargir,0.1,False,8,False,True,0.100000,4.664,ok,338908343
15eb1a31fa8d83a799cc56115c5d2a85,elargir,0.1,True,8,False,True,0.100000,5.835,ok,338908343
15eb1a31fa8d83a799cc56115c5d2a85,elargir,0.25,False,8,False,True,0.250000,4.334,ok,1918898054
15eb1a31fa8d83a799cc56115c5d2a85,elargir,0.25,True,8,False,True,0.250000,4.812,ok,1918898054
15eb1a31fa8d83a799cc56115c5d2a85,elargir,0.5,False,8,False,False,,4.203,invariant_viole,2261226959
15eb1a31fa8d83a799cc56115c5d2a85,elargir,0.5,True,8,False,True,0.500000,4.780,ok,2261226959
15eb1a31fa8d83a799cc56115c5d2a85,elargir,1.0,False,8,False,True,1.000000,4.705,ok,709094342
15eb1a31fa8d83a799cc56115c5d2a85,elargir,1.0,True,8,False,True,1.000000,4.657,ok,709094342
15eb1a31fa8d83a799cc56115c5d2a85,retrecir,0.1,False,8,False,False,,4.287,invariant_viole,3636890801
15eb1a31fa8d83a799cc56115c5d2a85,retrecir,0.1,True,8,False,True,0.100000,7.610,ok,3636890801
15eb1a31fa8d83a799cc56115c5d2a85,retrecir,0.25,False,8,False,False,,5.227,invariant_viole,2444446871
15eb1a31fa8d83a799cc56115c5d2a85,retrecir,0.25,True,8,False,True,0.250000,6.002,ok,2444446871
15eb1a31fa8d83a799cc56115c5d2a85,retrecir,0.5,False,8,False,False,,4.282,invariant_viole,1541075682
15eb1a31fa8d83a799cc56115c5d2a85,retrecir,0.5,True,8,False,True,0.500000,4.595,ok,1541075682
15eb1a31fa8d83a799cc56115c5d2a85,retrecir,1.0,False,8,False,False,,5.051,invariant_viole,4134785535
15eb1a31fa8d83a799cc56115c5d2a85,retrecir,1.0,True,8,False,True,1.000000,4.534,ok,4134785535
15eb1a31fa8d83a799cc56115c5d2a85,aplatir,0.1,False,8,False,False,,5.768,invariant_viole,2532591924
15eb1a31fa8d83a799cc56115c5d2a85,aplatir,0.1,True,8,False,True,0.100000,4.658,ok,2532591924
15eb1a31fa8d83a799cc56115c5d2a85,aplatir,0.25,False,8,False,False,,4.207,invariant_viole,3439814546
15eb1a31fa8d83a799cc56115c5d2a85,aplatir,0.25,True,8,False,True,0.250000,4.879,ok,3439814546
15eb1a31fa8d83a799cc56115c5d2a85,aplatir,0.5,False,8,False,False,,4.227,invariant_viole,2673892798
15eb1a31fa8d83a799cc56115c5d2a85,aplatir,0.5,True,8,False,True,0.500000,4.929,ok,2673892798
15eb1a31fa8d83a799cc56115c5d2a85,aplatir,1.0,False,8,False,False,,6.240,invariant_viole,1583546965
15eb1a31fa8d83a799cc56115c5d2a85,aplatir,1.0,True,8,False,True,1.000000,5.288,ok,1583546965
d491698844e99daf5676b7cbbe779c1b,deplacer,0.1,False,7,False,False,,4.118,invariant_viole,1858096144
d491698844e99daf5676b7cbbe779c1b,deplacer,0.1,True,7,False,True,1.072132,5.032,ok,1858096144
d491698844e99daf5676b7cbbe779c1b,deplacer,0.25,False,7,False,False,,3.919,invariant_viole,3579175147
d491698844e99daf5676b7cbbe779c1b,deplacer,0.25,True,7,False,True,0.250000,4.455,ok,3579175147
d491698844e99daf5676b7cbbe779c1b,deplacer,0.5,False,7,False,False,,3.732,invariant_viole,3040425498
d491698844e99daf5676b7cbbe779c1b,deplacer,0.5,True,7,False,True,1.072132,4.355,ok,3040425498
d491698844e99daf5676b7cbbe779c1b,deplacer,1.0,False,7,False,False,,3.759,invariant_viole,2431946808
d491698844e99daf5676b7cbbe779c1b,deplacer,1.0,True,7,False,True,1.000000,4.344,ok,2431946808
d491698844e99daf5676b7cbbe779c1b,elargir,0.1,False,7,False,True,0.100000,4.857,ok,3339796471
d491698844e99daf5676b7cbbe779c1b,elargir,0.1,True,7,False,True,0.100000,4.886,ok,3339796471
d491698844e99daf5676b7cbbe779c1b,elargir,0.25,False,7,False,True,0.250000,4.323,ok,1562491284
d491698844e99daf5676b7cbbe779c1b,elargir,0.25,True,7,False,True,0.250000,4.574,ok,1562491284
d491698844e99daf5676b7cbbe779c1b,elargir,0.5,False,7,False,True,0.500000,4.338,ok,1463048110
d491698844e99daf5676b7cbbe779c1b,elargir,0.5,True,7,False,False,,4.992,infaisable,1463048110
d491698844e99daf5676b7cbbe779c1b,elargir,1.0,False,7,False,True,1.000000,4.766,ok,3235723005
d491698844e99daf5676b7cbbe779c1b,elargir,1.0,True,7,False,True,1.000000,5.828,ok,3235723005
d491698844e99daf5676b7cbbe779c1b,retrecir,0.1,False,7,False,False,,3.990,invariant_viole,1279914515
d491698844e99daf5676b7cbbe779c1b,retrecir,0.1,True,7,False,True,0.100000,5.071,ok,1279914515
d491698844e99daf5676b7cbbe779c1b,retrecir,0.25,False,7,False,False,,4.106,invariant_viole,269215604
d491698844e99daf5676b7cbbe779c1b,retrecir,0.25,True,7,False,True,0.250000,4.926,ok,269215604
d491698844e99daf5676b7cbbe779c1b,retrecir,0.5,False,7,False,False,,4.057,invariant_viole,1207146211
d491698844e99daf5676b7cbbe779c1b,retrecir,0.5,True,7,False,True,0.500000,4.792,ok,1207146211
d491698844e99daf5676b7cbbe779c1b,retrecir,1.0,False,7,False,False,,5.096,invariant_viole,668014506
d491698844e99daf5676b7cbbe779c1b,retrecir,1.0,True,7,False,True,1.000000,4.604,ok,668014506
d491698844e99daf5676b7cbbe779c1b,aplatir,0.1,False,7,False,False,,3.771,invariant_viole,2453060681
d491698844e99daf5676b7cbbe779c1b,aplatir,0.1,True,7,False,True,0.100000,4.518,ok,2453060681
d491698844e99daf5676b7cbbe779c1b,aplatir,0.25,False,7,False,False,,3.772,invariant_viole,4277176233
d491698844e99daf5676b7cbbe779c1b,aplatir,0.25,True,7,False,True,0.250000,4.352,ok,4277176233
d491698844e99daf5676b7cbbe779c1b,aplatir,0.5,False,7,False,False,,3.733,invariant_viole,2750383914
d491698844e99daf5676b7cbbe779c1b,aplatir,0.5,True,7,False,True,0.500000,4.570,ok,2750383914
d491698844e99daf5676b7cbbe779c1b,aplatir,1.0,False,7,False,False,,3.745,invariant_viole,2440293941
d491698844e99daf5676b7cbbe779c1b,aplatir,1.0,True,7,False,True,1.000000,4.366,ok,2440293941
fa0a2b8533ee1ee5d22c4141a403514e,deplacer,0.1,False,6,False,True,0.100000,3.530,ok,2782863443
fa0a2b8533ee1ee5d22c4141a403514e,deplacer,0.1,True,6,False,True,0.100000,4.010,ok,2782863443
fa0a2b8533ee1ee5d22c4141a403514e,deplacer,0.25,False,6,False,False,,3.287,invariant_viole,3100335625
fa0a2b8533ee1ee5d22c4141a403514e,deplacer,0.25,True,6,False,True,0.250000,3.918,ok,3100335625
fa0a2b8533ee1ee5d22c4141a403514e,deplacer,0.5,False,6,False,False,,3.219,invariant_viole,2916994831
fa0a2b8533ee1ee5d22c4141a403514e,deplacer,0.5,True,6,False,True,0.500000,5.055,ok,2916994831
fa0a2b8533ee1ee5d22c4141a403514e,deplacer,1.0,False,6,False,False,,3.427,invariant_viole,4084290259
fa0a2b8533ee1ee5d22c4141a403514e,deplacer,1.0,True,6,False,True,1.000000,3.991,ok,4084290259
fa0a2b8533ee1ee5d22c4141a403514e,elargir,0.1,False,6,False,True,0.100000,3.307,ok,1808596819
fa0a2b8533ee1ee5d22c4141a403514e,elargir,0.1,True,6,False,True,0.100000,4.420,ok,1808596819
fa0a2b8533ee1ee5d22c4141a403514e,elargir,0.25,False,6,False,True,0.250000,3.327,ok,1917171923
fa0a2b8533ee1ee5d22c4141a403514e,elargir,0.25,True,6,False,True,0.250000,3.628,ok,1917171923
fa0a2b8533ee1ee5d22c4141a403514e,elargir,0.5,False,6,False,True,0.500000,3.572,ok,1352887652
fa0a2b8533ee1ee5d22c4141a403514e,elargir,0.5,True,6,False,True,0.500000,3.629,ok,1352887652
fa0a2b8533ee1ee5d22c4141a403514e,elargir,1.0,False,6,False,True,1.000000,3.289,ok,637950717
fa0a2b8533ee1ee5d22c4141a403514e,elargir,1.0,True,6,False,True,1.830828,4.015,ok,637950717
fa0a2b8533ee1ee5d22c4141a403514e,retrecir,0.1,False,6,False,False,,3.414,invariant_viole,1560429515
fa0a2b8533ee1ee5d22c4141a403514e,retrecir,0.1,True,6,False,True,0.100000,4.031,ok,1560429515
fa0a2b8533ee1ee5d22c4141a403514e,retrecir,0.25,False,6,False,False,,3.178,invariant_viole,2949736762
fa0a2b8533ee1ee5d22c4141a403514e,retrecir,0.25,True,6,False,True,0.250000,3.633,ok,2949736762
fa0a2b8533ee1ee5d22c4141a403514e,retrecir,0.5,False,6,False,False,,3.200,invariant_viole,3349321271
fa0a2b8533ee1ee5d22c4141a403514e,retrecir,0.5,True,6,False,True,0.500000,3.604,ok,3349321271
fa0a2b8533ee1ee5d22c4141a403514e,retrecir,1.0,False,6,False,False,,3.106,invariant_viole,3819047163
fa0a2b8533ee1ee5d22c4141a403514e,retrecir,1.0,True,6,False,True,1.000000,4.108,ok,3819047163
fa0a2b8533ee1ee5d22c4141a403514e,aplatir,0.1,False,6,False,False,,6.250,invariant_viole,3365534276
fa0a2b8533ee1ee5d22c4141a403514e,aplatir,0.1,True,6,False,True,0.100000,3.955,ok,3365534276
fa0a2b8533ee1ee5d22c4141a403514e,aplatir,0.25,False,6,False,False,,3.374,invariant_viole,1853098906
fa0a2b8533ee1ee5d22c4141a403514e,aplatir,0.25,True,6,False,True,0.250000,4.600,ok,1853098906
fa0a2b8533ee1ee5d22c4141a403514e,aplatir,0.5,False,6,False,False,,3.250,invariant_viole,3747298455
fa0a2b8533ee1ee5d22c4141a403514e,aplatir,0.5,True,6,False,True,0.500000,4.027,ok,3747298455
fa0a2b8533ee1ee5d22c4141a403514e,aplatir,1.0,False,6,False,False,,7.135,invariant_viole,2576068036
fa0a2b8533ee1ee5d22c4141a403514e,aplatir,1.0,True,6,False,True,1.000000,3.758,ok,2576068036
8d7ecd63a188247d05d522b0f304eb61,deplacer,0.1,False,8,False,True,0.100000,4.360,ok,1780066184
8d7ecd63a188247d05d522b0f304eb61,deplacer,0.1,True,8,False,True,0.100000,5.631,ok,1780066184
8d7ecd63a188247d05d522b0f304eb61,deplacer,0.25,False,8,False,False,,4.171,invariant_viole,383645432
8d7ecd63a188247d05d522b0f304eb61,deplacer,0.25,True,8,False,True,0.250000,4.704,ok,383645432
8d7ecd63a188247d05d522b0f304eb61,deplacer,0.5,False,8,False,False,,4.164,invariant_viole,903636800
8d7ecd63a188247d05d522b0f304eb61,deplacer,0.5,True,8,False,True,0.500000,4.643,ok,903636800
8d7ecd63a188247d05d522b0f304eb61,deplacer,1.0,False,8,False,True,1.000000,4.670,ok,4242718742
8d7ecd63a188247d05d522b0f304eb61,deplacer,1.0,True,8,False,True,1.000000,7.649,ok,4242718742
8d7ecd63a188247d05d522b0f304eb61,elargir,0.1,False,8,False,False,,4.418,invariant_viole,3778957463
8d7ecd63a188247d05d522b0f304eb61,elargir,0.1,True,8,False,False,,6.560,infaisable,3778957463
8d7ecd63a188247d05d522b0f304eb61,elargir,0.25,False,8,False,False,,5.501,invariant_viole,2596861731
8d7ecd63a188247d05d522b0f304eb61,elargir,0.25,True,8,False,True,0.250000,5.410,ok,2596861731
8d7ecd63a188247d05d522b0f304eb61,elargir,0.5,False,8,False,False,,5.652,invariant_viole,57567105
8d7ecd63a188247d05d522b0f304eb61,elargir,0.5,True,8,False,True,0.500000,7.001,ok,57567105
8d7ecd63a188247d05d522b0f304eb61,elargir,1.0,False,8,False,True,1.000000,4.340,ok,2074666480
8d7ecd63a188247d05d522b0f304eb61,elargir,1.0,True,8,False,True,1.000000,5.225,ok,2074666480
8d7ecd63a188247d05d522b0f304eb61,retrecir,0.1,False,8,False,False,,7.346,invariant_viole,4198317156
8d7ecd63a188247d05d522b0f304eb61,retrecir,0.1,True,8,False,True,0.100000,6.354,ok,4198317156
8d7ecd63a188247d05d522b0f304eb61,retrecir,0.25,False,8,False,False,,5.094,invariant_viole,3251014243
8d7ecd63a188247d05d522b0f304eb61,retrecir,0.25,True,8,False,True,0.250000,5.049,ok,3251014243
8d7ecd63a188247d05d522b0f304eb61,retrecir,0.5,False,8,False,False,,4.089,invariant_viole,2231978484
8d7ecd63a188247d05d522b0f304eb61,retrecir,0.5,True,8,False,True,0.500000,5.210,ok,2231978484
8d7ecd63a188247d05d522b0f304eb61,retrecir,1.0,False,8,False,False,,4.137,invariant_viole,194530200
8d7ecd63a188247d05d522b0f304eb61,retrecir,1.0,True,8,False,True,1.000000,4.612,ok,194530200
8d7ecd63a188247d05d522b0f304eb61,aplatir,0.1,False,8,False,False,,4.563,invariant_viole,1543729004
8d7ecd63a188247d05d522b0f304eb61,aplatir,0.1,True,8,False,True,0.100000,4.804,ok,1543729004
8d7ecd63a188247d05d522b0f304eb61,aplatir,0.25,False,8,False,False,,4.061,invariant_viole,4260786671
8d7ecd63a188247d05d522b0f304eb61,aplatir,0.25,True,8,False,True,0.250000,5.202,ok,4260786671
8d7ecd63a188247d05d522b0f304eb61,aplatir,0.5,False,8,False,False,,4.641,invariant_viole,2395698604
8d7ecd63a188247d05d522b0f304eb61,aplatir,0.5,True,8,False,True,0.500000,5.307,ok,2395698604
8d7ecd63a188247d05d522b0f304eb61,aplatir,1.0,False,8,False,False,,6.746,invariant_viole,3064511521
8d7ecd63a188247d05d522b0f304eb61,aplatir,1.0,True,8,False,True,1.000000,5.998,ok,3064511521
527ddce6d0426299cb1965efd3b281dd,deplacer,0.1,False,8,False,False,,5.039,invariant_viole,1530717576
527ddce6d0426299cb1965efd3b281dd,deplacer,0.1,True,8,False,True,0.100000,6.207,ok,1530717576
527ddce6d0426299cb1965efd3b281dd,deplacer,0.25,False,8,False,False,,5.829,invariant_viole,1591820564
527ddce6d0426299cb1965efd3b281dd,deplacer,0.25,True,8,False,True,0.250000,5.348,ok,1591820564
527ddce6d0426299cb1965efd3b281dd,deplacer,0.5,False,8,False,True,0.500000,7.283,ok,2092161387
527ddce6d0426299cb1965efd3b281dd,deplacer,0.5,True,8,False,True,0.500000,7.040,ok,2092161387
527ddce6d0426299cb1965efd3b281dd,deplacer,1.0,False,8,False,False,,4.797,invariant_viole,763307728
527ddce6d0426299cb1965efd3b281dd,deplacer,1.0,True,8,False,False,,7.477,infaisable,763307728
527ddce6d0426299cb1965efd3b281dd,elargir,0.1,False,8,False,True,0.100000,6.108,ok,464002162
527ddce6d0426299cb1965efd3b281dd,elargir,0.1,True,8,False,True,0.100000,8.749,ok,464002162
527ddce6d0426299cb1965efd3b281dd,elargir,0.25,False,8,False,True,0.250000,8.105,ok,2005313426
527ddce6d0426299cb1965efd3b281dd,elargir,0.25,True,8,False,True,0.250000,4.973,ok,2005313426
527ddce6d0426299cb1965efd3b281dd,elargir,0.5,False,8,False,True,0.500000,6.186,ok,775688071
527ddce6d0426299cb1965efd3b281dd,elargir,0.5,True,8,False,True,0.500000,9.050,ok,775688071
527ddce6d0426299cb1965efd3b281dd,elargir,1.0,False,8,False,False,,4.386,invariant_viole,1764211945
527ddce6d0426299cb1965efd3b281dd,elargir,1.0,True,8,False,False,,6.125,invariant_viole,1764211945
527ddce6d0426299cb1965efd3b281dd,retrecir,0.1,False,8,False,False,,5.317,invariant_viole,3995893388
527ddce6d0426299cb1965efd3b281dd,retrecir,0.1,True,8,False,True,0.100000,5.489,ok,3995893388
527ddce6d0426299cb1965efd3b281dd,retrecir,0.25,False,8,False,False,,4.546,invariant_viole,4134939551
527ddce6d0426299cb1965efd3b281dd,retrecir,0.25,True,8,False,True,0.250000,4.868,ok,4134939551
527ddce6d0426299cb1965efd3b281dd,retrecir,0.5,False,8,False,False,,5.878,invariant_viole,2956148848
527ddce6d0426299cb1965efd3b281dd,retrecir,0.5,True,8,False,True,0.500000,5.150,ok,2956148848
527ddce6d0426299cb1965efd3b281dd,retrecir,1.0,False,8,False,False,,4.424,invariant_viole,2596579417
527ddce6d0426299cb1965efd3b281dd,retrecir,1.0,True,8,False,False,,6.778,infaisable,2596579417
527ddce6d0426299cb1965efd3b281dd,aplatir,0.1,False,8,False,False,,4.341,invariant_viole,956058337
527ddce6d0426299cb1965efd3b281dd,aplatir,0.1,True,8,False,True,0.100000,5.352,ok,956058337
527ddce6d0426299cb1965efd3b281dd,aplatir,0.25,False,8,False,False,,4.556,invariant_viole,2900292059
527ddce6d0426299cb1965efd3b281dd,aplatir,0.25,True,8,False,True,0.250000,6.920,ok,2900292059
527ddce6d0426299cb1965efd3b281dd,aplatir,0.5,False,8,False,False,,6.951,invariant_viole,2792418038
527ddce6d0426299cb1965efd3b281dd,aplatir,0.5,True,8,False,True,0.500000,5.289,ok,2792418038
527ddce6d0426299cb1965efd3b281dd,aplatir,1.0,False,8,False,False,,4.721,invariant_viole,2312308535
527ddce6d0426299cb1965efd3b281dd,aplatir,1.0,True,8,False,False,,6.077,infaisable,2312308535
8b42fee1123848fb4dd989367cd6c973,deplacer,0.1,False,11,False,False,,7.380,invariant_viole,1863582190
8b42fee1123848fb4dd989367cd6c973,deplacer,0.1,True,11,False,True,0.100000,6.515,ok,1863582190
8b42fee1123848fb4dd989367cd6c973,deplacer,0.25,False,11,False,False,,7.999,invariant_viole,2913030646
8b42fee1123848fb4dd989367cd6c973,deplacer,0.25,True,11,False,True,0.250000,6.918,ok,2913030646
8b42fee1123848fb4dd989367cd6c973,deplacer,0.5,False,11,False,True,0.500000,7.566,ok,2385356540
8b42fee1123848fb4dd989367cd6c973,deplacer,0.5,True,11,False,True,0.500000,6.412,ok,2385356540
8b42fee1123848fb4dd989367cd6c973,deplacer,1.0,False,11,False,True,1.000000,7.913,ok,3373473976
8b42fee1123848fb4dd989367cd6c973,deplacer,1.0,True,11,False,True,1.000000,6.747,ok,3373473976
8b42fee1123848fb4dd989367cd6c973,elargir,0.1,False,11,False,True,0.100000,6.278,ok,2988910262
8b42fee1123848fb4dd989367cd6c973,elargir,0.1,True,11,False,True,0.100000,6.246,ok,2988910262
8b42fee1123848fb4dd989367cd6c973,elargir,0.25,False,11,False,False,,8.225,invariant_viole,2977989303
8b42fee1123848fb4dd989367cd6c973,elargir,0.25,True,11,False,True,0.250000,7.760,ok,2977989303
8b42fee1123848fb4dd989367cd6c973,elargir,0.5,False,11,False,False,,5.887,invariant_viole,2027593987
8b42fee1123848fb4dd989367cd6c973,elargir,0.5,True,11,False,True,0.500000,10.738,ok,2027593987
8b42fee1123848fb4dd989367cd6c973,elargir,1.0,False,11,False,False,,6.210,invariant_viole,1205548496
8b42fee1123848fb4dd989367cd6c973,elargir,1.0,True,11,False,False,,8.360,infaisable,1205548496
8b42fee1123848fb4dd989367cd6c973,retrecir,0.1,False,11,False,False,,5.733,invariant_viole,1476211972
8b42fee1123848fb4dd989367cd6c973,retrecir,0.1,True,11,False,True,0.100000,8.206,ok,1476211972
8b42fee1123848fb4dd989367cd6c973,retrecir,0.25,False,11,False,False,,6.369,invariant_viole,766692388
8b42fee1123848fb4dd989367cd6c973,retrecir,0.25,True,11,False,True,0.250000,7.646,ok,766692388
8b42fee1123848fb4dd989367cd6c973,retrecir,0.5,False,11,False,False,,5.896,invariant_viole,849971814
8b42fee1123848fb4dd989367cd6c973,retrecir,0.5,True,11,False,True,0.500000,7.997,ok,849971814
8b42fee1123848fb4dd989367cd6c973,retrecir,1.0,False,11,False,False,,6.412,invariant_viole,2046992900
8b42fee1123848fb4dd989367cd6c973,retrecir,1.0,True,11,False,True,1.000000,7.992,ok,2046992900
8b42fee1123848fb4dd989367cd6c973,aplatir,0.1,False,11,False,False,,7.527,invariant_viole,1165794212
8b42fee1123848fb4dd989367cd6c973,aplatir,0.1,True,11,False,True,0.100000,6.901,ok,1165794212
8b42fee1123848fb4dd989367cd6c973,aplatir,0.25,False,11,False,False,,5.824,invariant_viole,210249240
8b42fee1123848fb4dd989367cd6c973,aplatir,0.25,True,11,False,True,0.250000,10.733,ok,210249240
8b42fee1123848fb4dd989367cd6c973,aplatir,0.5,False,11,False,False,,7.399,invariant_viole,1271362864
8b42fee1123848fb4dd989367cd6c973,aplatir,0.5,True,11,False,True,0.500000,8.123,ok,1271362864
8b42fee1123848fb4dd989367cd6c973,aplatir,1.0,False,11,False,False,,6.587,invariant_viole,341459052
8b42fee1123848fb4dd989367cd6c973,aplatir,1.0,True,11,False,True,1.000000,6.748,ok,341459052
d0d79f2ebd7f879adc967a8253fc5413,deplacer,0.1,False,7,False,True,0.100000,3.920,ok,49962554
d0d79f2ebd7f879adc967a8253fc5413,deplacer,0.1,True,7,False,True,0.100000,4.261,ok,49962554
d0d79f2ebd7f879adc967a8253fc5413,deplacer,0.25,False,7,False,True,0.250000,4.219,ok,181846632
d0d79f2ebd7f879adc967a8253fc5413,deplacer,0.25,True,7,False,True,0.250000,4.339,ok,181846632
d0d79f2ebd7f879adc967a8253fc5413,deplacer,0.5,False,7,False,True,0.500000,3.873,ok,4178318043
d0d79f2ebd7f879adc967a8253fc5413,deplacer,0.5,True,7,False,True,0.500000,4.698,ok,4178318043
d0d79f2ebd7f879adc967a8253fc5413,deplacer,1.0,False,7,False,True,1.000000,3.942,ok,1020614157
d0d79f2ebd7f879adc967a8253fc5413,deplacer,1.0,True,7,False,True,1.000000,4.205,ok,1020614157
d0d79f2ebd7f879adc967a8253fc5413,elargir,0.1,False,7,False,True,0.100000,4.049,ok,2314414883
d0d79f2ebd7f879adc967a8253fc5413,elargir,0.1,True,7,False,True,0.100000,4.269,ok,2314414883
d0d79f2ebd7f879adc967a8253fc5413,elargir,0.25,False,7,False,True,0.250000,3.822,ok,2713264434
d0d79f2ebd7f879adc967a8253fc5413,elargir,0.25,True,7,False,True,0.250000,5.499,ok,2713264434
d0d79f2ebd7f879adc967a8253fc5413,elargir,0.5,False,7,False,True,0.500000,3.875,ok,3609242222
d0d79f2ebd7f879adc967a8253fc5413,elargir,0.5,True,7,False,True,0.500000,4.348,ok,3609242222
d0d79f2ebd7f879adc967a8253fc5413,elargir,1.0,False,7,False,False,,4.873,invariant_viole,1518626424
d0d79f2ebd7f879adc967a8253fc5413,elargir,1.0,True,7,False,True,1.000000,5.326,ok,1518626424
d0d79f2ebd7f879adc967a8253fc5413,retrecir,0.1,False,7,False,False,,6.094,invariant_viole,2853101244
d0d79f2ebd7f879adc967a8253fc5413,retrecir,0.1,True,7,False,True,0.100000,4.960,ok,2853101244
d0d79f2ebd7f879adc967a8253fc5413,retrecir,0.25,False,7,False,False,,3.922,invariant_viole,1855340430
d0d79f2ebd7f879adc967a8253fc5413,retrecir,0.25,True,7,False,True,0.250000,4.958,ok,1855340430
d0d79f2ebd7f879adc967a8253fc5413,retrecir,0.5,False,7,False,False,,4.020,invariant_viole,2027877491
d0d79f2ebd7f879adc967a8253fc5413,retrecir,0.5,True,7,False,True,0.500000,4.295,ok,2027877491
d0d79f2ebd7f879adc967a8253fc5413,retrecir,1.0,False,7,False,False,,3.760,invariant_viole,1801782583
d0d79f2ebd7f879adc967a8253fc5413,retrecir,1.0,True,7,False,True,1.000000,4.818,ok,1801782583
d0d79f2ebd7f879adc967a8253fc5413,aplatir,0.1,False,7,False,False,,3.758,invariant_viole,2552663405
d0d79f2ebd7f879adc967a8253fc5413,aplatir,0.1,True,7,False,True,0.100000,4.249,ok,2552663405
d0d79f2ebd7f879adc967a8253fc5413,aplatir,0.25,False,7,False,False,,3.935,invariant_viole,190720006
d0d79f2ebd7f879adc967a8253fc5413,aplatir,0.25,True,7,False,True,0.250000,4.251,ok,190720006
d0d79f2ebd7f879adc967a8253fc5413,aplatir,0.5,False,7,False,False,,3.701,invariant_viole,4082588853
d0d79f2ebd7f879adc967a8253fc5413,aplatir,0.5,True,7,False,True,0.500000,4.473,ok,4082588853
d0d79f2ebd7f879adc967a8253fc5413,aplatir,1.0,False,7,False,False,,3.804,invariant_viole,758557001
d0d79f2ebd7f879adc967a8253fc5413,aplatir,1.0,True,7,False,True,1.049088,4.072,ok,758557001
562089b38edb7b323f8c4a825382c232,deplacer,0.1,False,6,False,True,0.100000,3.213,ok,1690480800
562089b38edb7b323f8c4a825382c232,deplacer,0.1,True,6,False,True,0.100000,3.789,ok,1690480800
562089b38edb7b323f8c4a825382c232,deplacer,0.25,False,6,False,True,0.250000,3.234,ok,2868863262
562089b38edb7b323f8c4a825382c232,deplacer,0.25,True,6,False,True,0.250000,3.732,ok,2868863262
562089b38edb7b323f8c4a825382c232,deplacer,0.5,False,6,False,True,0.500000,3.298,ok,2925040398
562089b38edb7b323f8c4a825382c232,deplacer,0.5,True,6,False,True,0.500000,3.772,ok,2925040398
562089b38edb7b323f8c4a825382c232,deplacer,1.0,False,6,False,True,1.000000,3.339,ok,2808140453
562089b38edb7b323f8c4a825382c232,deplacer,1.0,True,6,False,True,1.818464,6.326,ok,2808140453
562089b38edb7b323f8c4a825382c232,elargir,0.1,False,6,False,True,0.100000,3.312,ok,4147411371
562089b38edb7b323f8c4a825382c232,elargir,0.1,True,6,False,True,0.100000,5.181,ok,4147411371
562089b38edb7b323f8c4a825382c232,elargir,0.25,False,6,False,True,0.250000,3.542,ok,866420753
562089b38edb7b323f8c4a825382c232,elargir,0.25,True,6,False,True,0.250000,3.877,ok,866420753
562089b38edb7b323f8c4a825382c232,elargir,0.5,False,6,False,True,0.500000,3.448,ok,705753382
562089b38edb7b323f8c4a825382c232,elargir,0.5,True,6,False,True,0.500000,5.585,ok,705753382
562089b38edb7b323f8c4a825382c232,elargir,1.0,False,6,False,True,1.000000,3.076,ok,195550024
562089b38edb7b323f8c4a825382c232,elargir,1.0,True,6,False,True,1.000000,3.890,ok,195550024
562089b38edb7b323f8c4a825382c232,retrecir,0.1,False,6,False,False,,3.461,invariant_viole,3564698530
562089b38edb7b323f8c4a825382c232,retrecir,0.1,True,6,False,True,0.100000,3.716,ok,3564698530
562089b38edb7b323f8c4a825382c232,retrecir,0.25,False,6,False,False,,3.412,invariant_viole,1168053264
562089b38edb7b323f8c4a825382c232,retrecir,0.25,True,6,False,True,0.250000,3.585,ok,1168053264
562089b38edb7b323f8c4a825382c232,retrecir,0.5,False,6,False,False,,4.213,invariant_viole,2777591034
562089b38edb7b323f8c4a825382c232,retrecir,0.5,True,6,False,True,0.500000,3.789,ok,2777591034
562089b38edb7b323f8c4a825382c232,retrecir,1.0,False,6,False,False,,3.012,invariant_viole,2820627907
562089b38edb7b323f8c4a825382c232,retrecir,1.0,True,6,False,True,1.000000,3.779,ok,2820627907
562089b38edb7b323f8c4a825382c232,aplatir,0.1,False,6,False,False,,3.220,invariant_viole,3701312944
562089b38edb7b323f8c4a825382c232,aplatir,0.1,True,6,False,True,0.100000,3.889,ok,3701312944
562089b38edb7b323f8c4a825382c232,aplatir,0.25,False,6,False,False,,2.951,invariant_viole,299620193
562089b38edb7b323f8c4a825382c232,aplatir,0.25,True,6,False,True,0.250000,6.794,ok,299620193
562089b38edb7b323f8c4a825382c232,aplatir,0.5,False,6,False,False,,2.991,invariant_viole,1700506182
562089b38edb7b323f8c4a825382c232,aplatir,0.5,True,6,False,True,0.500000,3.703,ok,1700506182
562089b38edb7b323f8c4a825382c232,aplatir,1.0,False,6,False,False,,2.978,invariant_viole,1106462278
562089b38edb7b323f8c4a825382c232,aplatir,1.0,True,6,False,True,1.000000,4.033,ok,1106462278
d2d2ef84ade5c708a7902124f36fffd6,deplacer,0.1,False,8,False,True,0.100000,4.772,ok,1926183638
d2d2ef84ade5c708a7902124f36fffd6,deplacer,0.1,True,8,False,True,0.100000,4.757,ok,1926183638
d2d2ef84ade5c708a7902124f36fffd6,deplacer,0.25,False,8,False,False,,7.108,invariant_viole,2568483721
d2d2ef84ade5c708a7902124f36fffd6,deplacer,0.25,True,8,False,False,,6.489,infaisable,2568483721
d2d2ef84ade5c708a7902124f36fffd6,deplacer,0.5,False,8,False,False,,5.580,invariant_viole,875168787
d2d2ef84ade5c708a7902124f36fffd6,deplacer,0.5,True,8,False,False,,5.015,invariant_viole,875168787
d2d2ef84ade5c708a7902124f36fffd6,deplacer,1.0,False,8,False,False,,4.381,invariant_viole,1693259599
d2d2ef84ade5c708a7902124f36fffd6,deplacer,1.0,True,8,False,False,,6.707,infaisable,1693259599
d2d2ef84ade5c708a7902124f36fffd6,elargir,0.1,False,8,False,True,0.100000,4.371,ok,1153894522
d2d2ef84ade5c708a7902124f36fffd6,elargir,0.1,True,8,False,True,0.100000,5.399,ok,1153894522
d2d2ef84ade5c708a7902124f36fffd6,elargir,0.25,False,8,False,True,0.250000,4.329,ok,1996319970
d2d2ef84ade5c708a7902124f36fffd6,elargir,0.25,True,8,False,True,0.250000,4.726,ok,1996319970
d2d2ef84ade5c708a7902124f36fffd6,elargir,0.5,False,8,False,True,0.500000,6.254,ok,1191505882
d2d2ef84ade5c708a7902124f36fffd6,elargir,0.5,True,8,False,True,0.500000,4.877,ok,1191505882
d2d2ef84ade5c708a7902124f36fffd6,elargir,1.0,False,8,False,True,1.000000,6.292,ok,2187084198
d2d2ef84ade5c708a7902124f36fffd6,elargir,1.0,True,8,False,True,1.000000,4.705,ok,2187084198
d2d2ef84ade5c708a7902124f36fffd6,retrecir,0.1,False,8,False,False,,4.181,invariant_viole,3851793837
d2d2ef84ade5c708a7902124f36fffd6,retrecir,0.1,True,8,False,True,0.100000,4.748,ok,3851793837
d2d2ef84ade5c708a7902124f36fffd6,retrecir,0.25,False,8,False,False,,6.247,invariant_viole,989536767
d2d2ef84ade5c708a7902124f36fffd6,retrecir,0.25,True,8,False,True,0.250000,6.562,ok,989536767
d2d2ef84ade5c708a7902124f36fffd6,retrecir,0.5,False,8,False,False,,4.483,invariant_viole,3906719377
d2d2ef84ade5c708a7902124f36fffd6,retrecir,0.5,True,8,False,True,0.500000,5.459,ok,3906719377
d2d2ef84ade5c708a7902124f36fffd6,retrecir,1.0,False,8,False,False,,4.618,invariant_viole,1796836434
d2d2ef84ade5c708a7902124f36fffd6,retrecir,1.0,True,8,False,True,1.000000,6.041,ok,1796836434
d2d2ef84ade5c708a7902124f36fffd6,aplatir,0.1,False,8,False,False,,4.538,invariant_viole,1304596168
d2d2ef84ade5c708a7902124f36fffd6,aplatir,0.1,True,8,False,True,0.100000,5.704,ok,1304596168
d2d2ef84ade5c708a7902124f36fffd6,aplatir,0.25,False,8,False,False,,4.429,invariant_viole,4090129990
d2d2ef84ade5c708a7902124f36fffd6,aplatir,0.25,True,8,False,True,0.250000,5.085,ok,4090129990
d2d2ef84ade5c708a7902124f36fffd6,aplatir,0.5,False,8,False,False,,5.115,invariant_viole,1203569141
d2d2ef84ade5c708a7902124f36fffd6,aplatir,0.5,True,8,False,True,0.500000,5.198,ok,1203569141
d2d2ef84ade5c708a7902124f36fffd6,aplatir,1.0,False,8,False,False,,4.316,invariant_viole,4006546728
d2d2ef84ade5c708a7902124f36fffd6,aplatir,1.0,True,8,False,True,1.000000,8.432,ok,4006546728
908068477a70d9fd1f457d6b4d146514,deplacer,0.1,False,11,False,False,,6.214,invariant_viole,3007203485
908068477a70d9fd1f457d6b4d146514,deplacer,0.1,True,11,False,True,0.100000,8.239,ok,3007203485
908068477a70d9fd1f457d6b4d146514,deplacer,0.25,False,11,False,True,0.250000,10.285,ok,2755910542
908068477a70d9fd1f457d6b4d146514,deplacer,0.25,True,11,False,True,0.250000,11.418,ok,2755910542
908068477a70d9fd1f457d6b4d146514,deplacer,0.5,False,11,False,False,,7.777,invariant_viole,3242244071
908068477a70d9fd1f457d6b4d146514,deplacer,0.5,True,11,False,True,0.500000,11.442,ok,3242244071
908068477a70d9fd1f457d6b4d146514,deplacer,1.0,False,11,False,False,,6.192,invariant_viole,2577811740
908068477a70d9fd1f457d6b4d146514,deplacer,1.0,True,11,False,True,1.000000,12.208,ok,2577811740
908068477a70d9fd1f457d6b4d146514,elargir,0.1,False,11,False,True,0.100000,9.067,ok,3183543982
908068477a70d9fd1f457d6b4d146514,elargir,0.1,True,11,False,True,0.100000,8.335,ok,3183543982
908068477a70d9fd1f457d6b4d146514,elargir,0.25,False,11,False,True,0.250000,6.498,ok,633478219
908068477a70d9fd1f457d6b4d146514,elargir,0.25,True,11,False,True,0.250000,8.492,ok,633478219
908068477a70d9fd1f457d6b4d146514,elargir,0.5,False,11,False,True,0.500000,8.448,ok,808789022
908068477a70d9fd1f457d6b4d146514,elargir,0.5,True,11,False,True,0.500000,9.075,ok,808789022
908068477a70d9fd1f457d6b4d146514,elargir,1.0,False,11,False,False,,5.941,invariant_viole,673826382
908068477a70d9fd1f457d6b4d146514,elargir,1.0,True,11,False,False,,9.351,infaisable,673826382
908068477a70d9fd1f457d6b4d146514,retrecir,0.1,False,11,False,False,,5.853,invariant_viole,100460437
908068477a70d9fd1f457d6b4d146514,retrecir,0.1,True,11,False,True,0.100000,10.373,ok,100460437
908068477a70d9fd1f457d6b4d146514,retrecir,0.25,False,11,False,True,0.250000,11.824,ok,273553167
908068477a70d9fd1f457d6b4d146514,retrecir,0.25,True,11,False,True,0.250000,8.930,ok,273553167
908068477a70d9fd1f457d6b4d146514,retrecir,0.5,False,11,False,False,,6.035,invariant_viole,3611384738
908068477a70d9fd1f457d6b4d146514,retrecir,0.5,True,11,False,True,0.228390,8.558,ok,3611384738
908068477a70d9fd1f457d6b4d146514,aplatir,0.1,False,11,False,False,,5.928,invariant_viole,1831817971
908068477a70d9fd1f457d6b4d146514,aplatir,0.1,True,11,False,True,0.100000,8.469,ok,1831817971
908068477a70d9fd1f457d6b4d146514,aplatir,0.25,False,11,False,False,,5.892,invariant_viole,3666691620
908068477a70d9fd1f457d6b4d146514,aplatir,0.25,True,11,False,True,0.250000,8.510,ok,3666691620
908068477a70d9fd1f457d6b4d146514,aplatir,0.5,False,11,False,False,,5.886,invariant_viole,1834158101
908068477a70d9fd1f457d6b4d146514,aplatir,0.5,True,11,False,True,0.500000,9.725,ok,1834158101
908068477a70d9fd1f457d6b4d146514,aplatir,1.0,False,11,False,False,,8.163,invariant_viole,60050119
908068477a70d9fd1f457d6b4d146514,aplatir,1.0,True,11,False,True,1.000000,9.950,ok,60050119
7079a32be10740a4bac5ee0eb9413339,deplacer,0.1,False,8,False,True,0.100000,4.836,ok,2689017186
7079a32be10740a4bac5ee0eb9413339,deplacer,0.1,True,8,False,True,0.100000,6.125,ok,2689017186
7079a32be10740a4bac5ee0eb9413339,deplacer,0.25,False,8,False,True,0.250000,4.682,ok,1873651184
7079a32be10740a4bac5ee0eb9413339,deplacer,0.25,True,8,False,True,0.250000,5.459,ok,1873651184
7079a32be10740a4bac5ee0eb9413339,deplacer,0.5,False,8,False,True,0.500000,4.534,ok,1847418427
7079a32be10740a4bac5ee0eb9413339,deplacer,0.5,True,8,False,True,0.500000,5.266,ok,1847418427
7079a32be10740a4bac5ee0eb9413339,deplacer,1.0,False,8,False,False,,4.819,invariant_viole,3751486094
7079a32be10740a4bac5ee0eb9413339,deplacer,1.0,True,8,False,True,1.000000,5.624,ok,3751486094
7079a32be10740a4bac5ee0eb9413339,elargir,0.1,False,8,False,True,0.100000,4.514,ok,2210222893
7079a32be10740a4bac5ee0eb9413339,elargir,0.1,True,8,False,True,0.100000,5.381,ok,2210222893
7079a32be10740a4bac5ee0eb9413339,elargir,0.25,False,8,False,True,0.250000,4.517,ok,2803207833
7079a32be10740a4bac5ee0eb9413339,elargir,0.25,True,8,False,True,0.250000,5.259,ok,2803207833
7079a32be10740a4bac5ee0eb9413339,elargir,0.5,False,8,False,True,0.500000,4.499,ok,413851236
7079a32be10740a4bac5ee0eb9413339,elargir,0.5,True,8,False,True,0.500000,5.346,ok,413851236
7079a32be10740a4bac5ee0eb9413339,elargir,1.0,False,8,False,True,1.000000,4.685,ok,2359171482
7079a32be10740a4bac5ee0eb9413339,elargir,1.0,True,8,False,True,1.000000,7.082,ok,2359171482
7079a32be10740a4bac5ee0eb9413339,retrecir,0.1,False,8,False,False,,4.873,invariant_viole,3078012555
7079a32be10740a4bac5ee0eb9413339,retrecir,0.1,True,8,False,True,0.100000,6.173,ok,3078012555
7079a32be10740a4bac5ee0eb9413339,retrecir,0.25,False,8,False,False,,4.557,invariant_viole,721620370
7079a32be10740a4bac5ee0eb9413339,retrecir,0.25,True,8,False,True,0.250000,5.526,ok,721620370
7079a32be10740a4bac5ee0eb9413339,retrecir,0.5,False,8,False,False,,4.856,invariant_viole,3963596120
7079a32be10740a4bac5ee0eb9413339,retrecir,0.5,True,8,False,True,0.500000,5.530,ok,3963596120
7079a32be10740a4bac5ee0eb9413339,retrecir,1.0,False,8,False,False,,4.805,invariant_viole,3386384358
7079a32be10740a4bac5ee0eb9413339,retrecir,1.0,True,8,False,True,1.000000,6.257,ok,3386384358
7079a32be10740a4bac5ee0eb9413339,aplatir,0.1,False,8,False,False,,5.204,invariant_viole,113865233
7079a32be10740a4bac5ee0eb9413339,aplatir,0.1,True,8,False,True,0.100000,9.215,ok,113865233
7079a32be10740a4bac5ee0eb9413339,aplatir,0.25,False,8,False,False,,5.627,invariant_viole,2078058866
7079a32be10740a4bac5ee0eb9413339,aplatir,0.25,True,8,False,True,0.250000,6.150,ok,2078058866
7079a32be10740a4bac5ee0eb9413339,aplatir,0.5,False,8,False,False,,4.491,invariant_viole,3659165646
7079a32be10740a4bac5ee0eb9413339,aplatir,0.5,True,8,False,True,0.500000,5.806,ok,3659165646
7079a32be10740a4bac5ee0eb9413339,aplatir,1.0,False,8,False,False,,4.483,invariant_viole,3416835447
7079a32be10740a4bac5ee0eb9413339,aplatir,1.0,True,8,False,False,,5.006,invariant_viole,3416835447
bd543905b5150b494e37978b7843a4b5,deplacer,0.1,False,7,False,True,0.100000,4.481,ok,3347592690
bd543905b5150b494e37978b7843a4b5,deplacer,0.1,True,7,False,True,0.100000,4.843,ok,3347592690
bd543905b5150b494e37978b7843a4b5,deplacer,0.25,False,7,False,False,,3.930,invariant_viole,101066307
bd543905b5150b494e37978b7843a4b5,deplacer,0.25,True,7,False,True,0.250000,4.468,ok,101066307
bd543905b5150b494e37978b7843a4b5,deplacer,0.5,False,7,False,True,0.500000,4.334,ok,3336583359
bd543905b5150b494e37978b7843a4b5,deplacer,0.5,True,7,False,False,,4.757,invariant_viole,3336583359
bd543905b5150b494e37978b7843a4b5,deplacer,1.0,False,7,False,True,1.000000,4.542,ok,2745971149
bd543905b5150b494e37978b7843a4b5,deplacer,1.0,True,7,False,True,1.000000,4.450,ok,2745971149
bd543905b5150b494e37978b7843a4b5,elargir,0.1,False,7,False,True,0.100000,4.415,ok,23049036
bd543905b5150b494e37978b7843a4b5,elargir,0.1,True,7,False,True,0.100000,4.464,ok,23049036
bd543905b5150b494e37978b7843a4b5,elargir,0.25,False,7,False,True,0.250000,4.233,ok,621928460
bd543905b5150b494e37978b7843a4b5,elargir,0.25,True,7,False,True,0.250000,4.724,ok,621928460
bd543905b5150b494e37978b7843a4b5,elargir,0.5,False,7,False,True,0.500000,4.394,ok,1097809854
bd543905b5150b494e37978b7843a4b5,elargir,0.5,True,7,False,True,0.500000,4.602,ok,1097809854
bd543905b5150b494e37978b7843a4b5,elargir,1.0,False,7,False,True,1.000000,4.898,ok,2179880234
bd543905b5150b494e37978b7843a4b5,elargir,1.0,True,7,False,True,1.000000,5.001,ok,2179880234
bd543905b5150b494e37978b7843a4b5,retrecir,0.1,False,7,False,False,,4.296,invariant_viole,600442709
bd543905b5150b494e37978b7843a4b5,retrecir,0.1,True,7,False,True,0.100000,5.184,ok,600442709
bd543905b5150b494e37978b7843a4b5,retrecir,0.25,False,7,False,False,,4.116,invariant_viole,2398094532
bd543905b5150b494e37978b7843a4b5,retrecir,0.25,True,7,False,True,0.250000,5.105,ok,2398094532
bd543905b5150b494e37978b7843a4b5,retrecir,0.5,False,7,False,False,,5.661,invariant_viole,3889126724
bd543905b5150b494e37978b7843a4b5,retrecir,0.5,True,7,False,True,0.500000,4.486,ok,3889126724
bd543905b5150b494e37978b7843a4b5,retrecir,1.0,False,7,False,False,,5.066,invariant_viole,3706738968
bd543905b5150b494e37978b7843a4b5,retrecir,1.0,True,7,False,True,1.000000,5.462,ok,3706738968
bd543905b5150b494e37978b7843a4b5,aplatir,0.1,False,7,False,False,,4.059,invariant_viole,1735931085
bd543905b5150b494e37978b7843a4b5,aplatir,0.1,True,7,False,True,0.100000,5.770,ok,1735931085
bd543905b5150b494e37978b7843a4b5,aplatir,0.25,False,7,False,False,,4.137,invariant_viole,716148255
bd543905b5150b494e37978b7843a4b5,aplatir,0.25,True,7,False,True,0.250000,4.601,ok,716148255
bd543905b5150b494e37978b7843a4b5,aplatir,0.5,False,7,False,False,,6.621,invariant_viole,2121663975
bd543905b5150b494e37978b7843a4b5,aplatir,0.5,True,7,False,True,0.500000,4.872,ok,2121663975
bd543905b5150b494e37978b7843a4b5,aplatir,1.0,False,7,False,False,,6.069,invariant_viole,2637238749
bd543905b5150b494e37978b7843a4b5,aplatir,1.0,True,7,False,True,1.000000,6.921,ok,2637238749
59c558d3c8d2925af84063e1afd9c0c3,deplacer,0.1,False,6,False,True,0.100000,3.335,ok,2323951734
59c558d3c8d2925af84063e1afd9c0c3,deplacer,0.1,True,6,False,True,0.100000,4.229,ok,2323951734
59c558d3c8d2925af84063e1afd9c0c3,deplacer,0.25,False,6,False,True,0.250000,3.411,ok,2275487420
59c558d3c8d2925af84063e1afd9c0c3,deplacer,0.25,True,6,False,True,0.250000,4.421,ok,2275487420
59c558d3c8d2925af84063e1afd9c0c3,deplacer,0.5,False,6,False,True,0.500000,3.303,ok,75952285
59c558d3c8d2925af84063e1afd9c0c3,deplacer,0.5,True,6,False,True,0.500000,4.202,ok,75952285
59c558d3c8d2925af84063e1afd9c0c3,deplacer,1.0,False,6,False,True,1.000000,3.400,ok,2258647378
59c558d3c8d2925af84063e1afd9c0c3,deplacer,1.0,True,6,False,True,1.000000,4.070,ok,2258647378
59c558d3c8d2925af84063e1afd9c0c3,elargir,0.1,False,6,False,True,0.100000,3.169,ok,1007230194
59c558d3c8d2925af84063e1afd9c0c3,elargir,0.1,True,6,False,True,0.100000,5.980,ok,1007230194
59c558d3c8d2925af84063e1afd9c0c3,elargir,0.25,False,6,False,True,0.250000,3.778,ok,2343048927
59c558d3c8d2925af84063e1afd9c0c3,elargir,0.25,True,6,False,True,0.250000,4.112,ok,2343048927
59c558d3c8d2925af84063e1afd9c0c3,elargir,0.5,False,6,False,True,0.500000,3.487,ok,2991657644
59c558d3c8d2925af84063e1afd9c0c3,elargir,0.5,True,6,False,True,0.500000,6.301,ok,2991657644
59c558d3c8d2925af84063e1afd9c0c3,elargir,1.0,False,6,False,True,1.000000,3.359,ok,616765294
59c558d3c8d2925af84063e1afd9c0c3,elargir,1.0,True,6,False,True,1.000000,4.118,ok,616765294
59c558d3c8d2925af84063e1afd9c0c3,retrecir,0.1,False,6,False,False,,3.609,invariant_viole,3716382642
59c558d3c8d2925af84063e1afd9c0c3,retrecir,0.1,True,6,False,True,0.100000,4.491,ok,3716382642
59c558d3c8d2925af84063e1afd9c0c3,retrecir,0.25,False,6,False,False,,5.243,invariant_viole,1727838253
59c558d3c8d2925af84063e1afd9c0c3,retrecir,0.25,True,6,False,True,0.250000,4.567,ok,1727838253
59c558d3c8d2925af84063e1afd9c0c3,retrecir,0.5,False,6,False,False,,3.787,invariant_viole,1161835887
59c558d3c8d2925af84063e1afd9c0c3,retrecir,0.5,True,6,False,True,0.500000,4.162,ok,1161835887
59c558d3c8d2925af84063e1afd9c0c3,retrecir,1.0,False,6,False,False,,3.408,invariant_viole,2839793656
59c558d3c8d2925af84063e1afd9c0c3,retrecir,1.0,True,6,False,True,1.000000,4.372,ok,2839793656
59c558d3c8d2925af84063e1afd9c0c3,aplatir,0.1,False,6,False,False,,3.107,invariant_viole,2039589828
59c558d3c8d2925af84063e1afd9c0c3,aplatir,0.1,True,6,False,True,0.100000,4.117,ok,2039589828
59c558d3c8d2925af84063e1afd9c0c3,aplatir,0.25,False,6,False,False,,3.159,invariant_viole,3438606373
59c558d3c8d2925af84063e1afd9c0c3,aplatir,0.25,True,6,False,True,0.250000,4.426,ok,3438606373
59c558d3c8d2925af84063e1afd9c0c3,aplatir,0.5,False,6,False,False,,3.736,invariant_viole,1498315086
59c558d3c8d2925af84063e1afd9c0c3,aplatir,0.5,True,6,False,True,0.500000,5.141,ok,1498315086
59c558d3c8d2925af84063e1afd9c0c3,aplatir,1.0,False,6,False,False,,3.189,invariant_viole,2376780635
59c558d3c8d2925af84063e1afd9c0c3,aplatir,1.0,True,6,False,True,1.000000,4.269,ok,2376780635
2433a07614c07897518b40f6300bb6a8,deplacer,0.1,False,8,False,False,,4.260,invariant_viole,630360559
2433a07614c07897518b40f6300bb6a8,deplacer,0.1,True,8,False,False,,6.310,infaisable,630360559
2433a07614c07897518b40f6300bb6a8,deplacer,0.25,False,8,False,True,0.250000,6.716,ok,294387743
2433a07614c07897518b40f6300bb6a8,deplacer,0.25,True,8,False,True,0.250000,8.208,ok,294387743
2433a07614c07897518b40f6300bb6a8,deplacer,0.5,False,8,False,True,0.500000,6.825,ok,3475045113
2433a07614c07897518b40f6300bb6a8,deplacer,0.5,True,8,False,True,0.500000,7.367,ok,3475045113
2433a07614c07897518b40f6300bb6a8,deplacer,1.0,False,8,False,True,1.000000,9.127,ok,1795180484
2433a07614c07897518b40f6300bb6a8,deplacer,1.0,True,8,False,True,1.000000,6.782,ok,1795180484
2433a07614c07897518b40f6300bb6a8,elargir,0.1,False,8,False,True,0.100000,4.425,ok,1178237364
2433a07614c07897518b40f6300bb6a8,elargir,0.1,True,8,False,True,0.100000,7.556,ok,1178237364
2433a07614c07897518b40f6300bb6a8,elargir,0.25,False,8,False,True,0.250000,6.923,ok,1399003842
2433a07614c07897518b40f6300bb6a8,elargir,0.25,True,8,False,True,0.250000,7.410,ok,1399003842
2433a07614c07897518b40f6300bb6a8,elargir,0.5,False,8,False,True,0.500000,6.565,ok,2357241258
2433a07614c07897518b40f6300bb6a8,elargir,0.5,True,8,False,True,0.500000,7.282,ok,2357241258
2433a07614c07897518b40f6300bb6a8,elargir,1.0,False,8,False,True,1.000000,6.711,ok,3796811405
2433a07614c07897518b40f6300bb6a8,elargir,1.0,True,8,False,True,1.000000,6.679,ok,3796811405
2433a07614c07897518b40f6300bb6a8,retrecir,0.1,False,8,False,False,,4.264,invariant_viole,4261528006
2433a07614c07897518b40f6300bb6a8,retrecir,0.1,True,8,False,True,0.100000,7.276,ok,4261528006
2433a07614c07897518b40f6300bb6a8,retrecir,0.25,False,8,False,False,,4.721,invariant_viole,1816195803
2433a07614c07897518b40f6300bb6a8,retrecir,0.25,True,8,False,True,0.250000,6.423,ok,1816195803
2433a07614c07897518b40f6300bb6a8,retrecir,0.5,False,8,False,False,,4.393,invariant_viole,523842739
2433a07614c07897518b40f6300bb6a8,retrecir,0.5,True,8,False,True,0.500000,6.218,ok,523842739
2433a07614c07897518b40f6300bb6a8,retrecir,1.0,False,8,False,False,,5.524,invariant_viole,490257905
2433a07614c07897518b40f6300bb6a8,retrecir,1.0,True,8,False,True,1.000000,6.937,ok,490257905
2433a07614c07897518b40f6300bb6a8,aplatir,0.1,False,8,False,False,,4.836,invariant_viole,617326233
2433a07614c07897518b40f6300bb6a8,aplatir,0.1,True,8,False,True,0.100000,6.674,ok,617326233
2433a07614c07897518b40f6300bb6a8,aplatir,0.25,False,8,False,False,,4.439,invariant_viole,338425933
2433a07614c07897518b40f6300bb6a8,aplatir,0.25,True,8,False,True,0.250000,6.584,ok,338425933
2433a07614c07897518b40f6300bb6a8,aplatir,0.5,False,8,False,False,,4.284,invariant_viole,2806306351
2433a07614c07897518b40f6300bb6a8,aplatir,0.5,True,8,False,True,0.500000,6.621,ok,2806306351
2433a07614c07897518b40f6300bb6a8,aplatir,1.0,False,8,False,False,,4.283,invariant_viole,2329000743
2433a07614c07897518b40f6300bb6a8,aplatir,1.0,True,8,False,True,1.000000,6.081,ok,2329000743
4c4894f449e2ef78a793680ccce3b9a4,deplacer,0.1,False,8,False,True,0.100000,4.792,ok,2939918813
4c4894f449e2ef78a793680ccce3b9a4,deplacer,0.1,True,8,False,True,0.100000,4.746,ok,2939918813
4c4894f449e2ef78a793680ccce3b9a4,deplacer,0.25,False,8,False,True,0.250000,4.482,ok,2431661745
4c4894f449e2ef78a793680ccce3b9a4,deplacer,0.25,True,8,False,True,0.250000,6.617,ok,2431661745
4c4894f449e2ef78a793680ccce3b9a4,deplacer,0.5,False,8,False,False,,4.456,invariant_viole,2762373730
4c4894f449e2ef78a793680ccce3b9a4,deplacer,0.5,True,8,False,True,0.500000,4.761,ok,2762373730
4c4894f449e2ef78a793680ccce3b9a4,deplacer,1.0,False,8,False,True,1.000000,4.670,ok,3280002354
4c4894f449e2ef78a793680ccce3b9a4,deplacer,1.0,True,8,False,True,1.000000,5.422,ok,3280002354
4c4894f449e2ef78a793680ccce3b9a4,elargir,0.1,False,8,False,False,,4.820,invariant_viole,108033092
4c4894f449e2ef78a793680ccce3b9a4,elargir,0.1,True,8,False,True,0.100000,5.332,ok,108033092
4c4894f449e2ef78a793680ccce3b9a4,elargir,0.25,False,8,False,False,,5.879,invariant_viole,744962552
4c4894f449e2ef78a793680ccce3b9a4,elargir,0.25,True,8,False,True,0.250000,5.271,ok,744962552
4c4894f449e2ef78a793680ccce3b9a4,elargir,0.5,False,8,False,False,,4.323,invariant_viole,3765458792
4c4894f449e2ef78a793680ccce3b9a4,elargir,0.5,True,8,False,False,,5.232,invariant_viole,3765458792
4c4894f449e2ef78a793680ccce3b9a4,elargir,1.0,False,8,False,False,,5.052,invariant_viole,288624551
4c4894f449e2ef78a793680ccce3b9a4,elargir,1.0,True,8,False,True,1.000000,4.916,ok,288624551
4c4894f449e2ef78a793680ccce3b9a4,retrecir,0.1,False,8,False,False,,4.233,invariant_viole,2611107891
4c4894f449e2ef78a793680ccce3b9a4,retrecir,0.1,True,8,False,True,0.100000,5.093,ok,2611107891
4c4894f449e2ef78a793680ccce3b9a4,retrecir,0.25,False,8,False,False,,4.349,invariant_viole,1236524830
4c4894f449e2ef78a793680ccce3b9a4,retrecir,0.25,True,8,False,True,0.250000,6.243,ok,1236524830
4c4894f449e2ef78a793680ccce3b9a4,retrecir,0.5,False,8,False,False,,4.628,invariant_viole,1117104222
4c4894f449e2ef78a793680ccce3b9a4,retrecir,0.5,True,8,False,True,0.500000,5.275,ok,1117104222
4c4894f449e2ef78a793680ccce3b9a4,retrecir,1.0,False,8,False,False,,4.764,invariant_viole,1899908517
4c4894f449e2ef78a793680ccce3b9a4,retrecir,1.0,True,8,False,True,1.000000,6.513,ok,1899908517
4c4894f449e2ef78a793680ccce3b9a4,aplatir,0.1,False,8,False,False,,5.335,invariant_viole,3795112401
4c4894f449e2ef78a793680ccce3b9a4,aplatir,0.1,True,8,False,True,0.100000,5.169,ok,3795112401
4c4894f449e2ef78a793680ccce3b9a4,aplatir,0.25,False,8,False,False,,4.323,invariant_viole,2483844995
4c4894f449e2ef78a793680ccce3b9a4,aplatir,0.25,True,8,False,True,0.250000,6.244,ok,2483844995
4c4894f449e2ef78a793680ccce3b9a4,aplatir,0.5,False,8,False,False,,4.335,invariant_viole,4043739680
4c4894f449e2ef78a793680ccce3b9a4,aplatir,0.5,True,8,False,True,0.500000,5.361,ok,4043739680
4c4894f449e2ef78a793680ccce3b9a4,aplatir,1.0,False,8,False,False,,4.576,invariant_viole,1541031039
4c4894f449e2ef78a793680ccce3b9a4,aplatir,1.0,True,8,False,True,1.000000,5.042,ok,1541031039
5b88d99af4686dd7ac64795ae183b29b,deplacer,0.1,False,6,False,False,,3.639,invariant_viole,1745564247
5b88d99af4686dd7ac64795ae183b29b,deplacer,0.1,True,6,False,True,0.100000,3.900,ok,1745564247
5b88d99af4686dd7ac64795ae183b29b,deplacer,0.25,False,6,False,False,,3.393,invariant_viole,3899736362
5b88d99af4686dd7ac64795ae183b29b,deplacer,0.25,True,6,False,True,0.250000,3.803,ok,3899736362
5b88d99af4686dd7ac64795ae183b29b,deplacer,0.5,False,6,False,True,0.500000,3.578,ok,381733667
5b88d99af4686dd7ac64795ae183b29b,deplacer,0.5,True,6,False,True,0.500000,4.095,ok,381733667
5b88d99af4686dd7ac64795ae183b29b,deplacer,1.0,False,6,False,True,1.000000,3.357,ok,1114476181
5b88d99af4686dd7ac64795ae183b29b,deplacer,1.0,True,6,False,True,1.000000,4.004,ok,1114476181
5b88d99af4686dd7ac64795ae183b29b,elargir,0.1,False,6,False,True,0.100000,3.225,ok,881609908
5b88d99af4686dd7ac64795ae183b29b,elargir,0.1,True,6,False,True,0.100000,4.756,ok,881609908
5b88d99af4686dd7ac64795ae183b29b,elargir,0.25,False,6,False,True,0.250000,3.265,ok,1856879855
5b88d99af4686dd7ac64795ae183b29b,elargir,0.25,True,6,False,True,0.250000,3.741,ok,1856879855
5b88d99af4686dd7ac64795ae183b29b,elargir,0.5,False,6,False,True,0.500000,4.227,ok,3199448463
5b88d99af4686dd7ac64795ae183b29b,elargir,0.5,True,6,False,True,0.500000,7.840,ok,3199448463
5b88d99af4686dd7ac64795ae183b29b,elargir,1.0,False,6,False,True,1.000000,3.516,ok,2336418904
5b88d99af4686dd7ac64795ae183b29b,elargir,1.0,True,6,False,True,1.000000,5.605,ok,2336418904
5b88d99af4686dd7ac64795ae183b29b,retrecir,0.1,False,6,False,False,,3.439,invariant_viole,938277894
5b88d99af4686dd7ac64795ae183b29b,retrecir,0.1,True,6,False,True,0.100000,5.486,ok,938277894
5b88d99af4686dd7ac64795ae183b29b,retrecir,0.25,False,6,False,False,,4.023,invariant_viole,846428281
5b88d99af4686dd7ac64795ae183b29b,retrecir,0.25,True,6,False,True,0.250000,3.886,ok,846428281
5b88d99af4686dd7ac64795ae183b29b,retrecir,0.5,False,6,False,False,,3.284,invariant_viole,1512936252
5b88d99af4686dd7ac64795ae183b29b,retrecir,0.5,True,6,False,True,0.500000,5.148,ok,1512936252
5b88d99af4686dd7ac64795ae183b29b,retrecir,1.0,False,6,False,False,,3.566,invariant_viole,3839464013
5b88d99af4686dd7ac64795ae183b29b,retrecir,1.0,True,6,False,True,1.000000,4.162,ok,3839464013
5b88d99af4686dd7ac64795ae183b29b,aplatir,0.1,False,6,False,False,,4.099,invariant_viole,3055091342
5b88d99af4686dd7ac64795ae183b29b,aplatir,0.1,True,6,False,True,0.100000,4.121,ok,3055091342
5b88d99af4686dd7ac64795ae183b29b,aplatir,0.25,False,6,False,False,,3.287,invariant_viole,2630270662
5b88d99af4686dd7ac64795ae183b29b,aplatir,0.25,True,6,False,True,0.250000,3.736,ok,2630270662
5b88d99af4686dd7ac64795ae183b29b,aplatir,0.5,False,6,False,False,,5.510,invariant_viole,3502128022
5b88d99af4686dd7ac64795ae183b29b,aplatir,0.5,True,6,False,True,0.500000,3.854,ok,3502128022
5b88d99af4686dd7ac64795ae183b29b,aplatir,1.0,False,6,False,False,,3.263,invariant_viole,862828003
5b88d99af4686dd7ac64795ae183b29b,aplatir,1.0,True,6,False,True,1.000000,5.469,ok,862828003
8efc9fda2f4fd17dd4ac1d3b770b28d6,deplacer,0.1,False,7,False,True,0.100000,5.110,ok,2853662872
8efc9fda2f4fd17dd4ac1d3b770b28d6,deplacer,0.1,True,7,False,True,0.100000,4.888,ok,2853662872
8efc9fda2f4fd17dd4ac1d3b770b28d6,deplacer,0.25,False,7,False,True,0.250000,4.490,ok,1797811226
8efc9fda2f4fd17dd4ac1d3b770b28d6,deplacer,0.25,True,7,False,True,0.250000,5.267,ok,1797811226
8efc9fda2f4fd17dd4ac1d3b770b28d6,deplacer,0.5,False,7,False,True,0.500000,4.429,ok,3893518434
8efc9fda2f4fd17dd4ac1d3b770b28d6,deplacer,0.5,True,7,False,True,0.500000,5.134,ok,3893518434
8efc9fda2f4fd17dd4ac1d3b770b28d6,deplacer,1.0,False,7,False,True,1.000000,4.622,ok,4288231716
8efc9fda2f4fd17dd4ac1d3b770b28d6,deplacer,1.0,True,7,False,True,1.000000,6.268,ok,4288231716
8efc9fda2f4fd17dd4ac1d3b770b28d6,elargir,0.1,False,7,False,True,0.100000,4.864,ok,3794960868
8efc9fda2f4fd17dd4ac1d3b770b28d6,elargir,0.1,True,7,False,True,0.100000,5.268,ok,3794960868
8efc9fda2f4fd17dd4ac1d3b770b28d6,elargir,0.25,False,7,False,True,0.250000,4.521,ok,341995370
8efc9fda2f4fd17dd4ac1d3b770b28d6,elargir,0.25,True,7,False,True,0.250000,5.500,ok,341995370
8efc9fda2f4fd17dd4ac1d3b770b28d6,elargir,0.5,False,7,False,False,,3.940,invariant_viole,3505890875
8efc9fda2f4fd17dd4ac1d3b770b28d6,elargir,0.5,True,7,False,True,0.500000,4.752,ok,3505890875
8efc9fda2f4fd17dd4ac1d3b770b28d6,elargir,1.0,False,7,False,True,1.000000,4.330,ok,3116604492
8efc9fda2f4fd17dd4ac1d3b770b28d6,elargir,1.0,True,7,False,True,1.000000,4.863,ok,3116604492
8efc9fda2f4fd17dd4ac1d3b770b28d6,retrecir,0.1,False,7,False,False,,3.700,invariant_viole,744015598
8efc9fda2f4fd17dd4ac1d3b770b28d6,retrecir,0.1,True,7,False,True,0.100000,4.990,ok,744015598
8efc9fda2f4fd17dd4ac1d3b770b28d6,retrecir,0.25,False,7,False,False,,3.917,invariant_viole,1425260698
8efc9fda2f4fd17dd4ac1d3b770b28d6,retrecir,0.25,True,7,False,True,0.250000,4.686,ok,1425260698
8efc9fda2f4fd17dd4ac1d3b770b28d6,retrecir,0.5,False,7,False,False,,4.336,invariant_viole,590513924
8efc9fda2f4fd17dd4ac1d3b770b28d6,retrecir,0.5,True,7,False,True,0.500000,4.784,ok,590513924
8efc9fda2f4fd17dd4ac1d3b770b28d6,retrecir,1.0,False,7,False,False,,3.784,invariant_viole,3678207354
8efc9fda2f4fd17dd4ac1d3b770b28d6,retrecir,1.0,True,7,False,True,0.191806,7.598,ok,3678207354
8efc9fda2f4fd17dd4ac1d3b770b28d6,aplatir,0.1,False,7,False,False,,3.805,invariant_viole,4256691035
8efc9fda2f4fd17dd4ac1d3b770b28d6,aplatir,0.1,True,7,False,True,0.100000,4.679,ok,4256691035
8efc9fda2f4fd17dd4ac1d3b770b28d6,aplatir,0.25,False,7,False,False,,4.277,invariant_viole,1749081262
8efc9fda2f4fd17dd4ac1d3b770b28d6,aplatir,0.25,True,7,False,True,0.250000,6.552,ok,1749081262
8efc9fda2f4fd17dd4ac1d3b770b28d6,aplatir,0.5,False,7,False,False,,4.422,invariant_viole,1538216336
8efc9fda2f4fd17dd4ac1d3b770b28d6,aplatir,0.5,True,7,False,True,0.500000,4.978,ok,1538216336
8efc9fda2f4fd17dd4ac1d3b770b28d6,aplatir,1.0,False,7,False,False,,3.942,invariant_viole,2493467532
8efc9fda2f4fd17dd4ac1d3b770b28d6,aplatir,1.0,True,7,False,True,1.054624,4.903,ok,2493467532
85c8b975d396571eaabc9cb035395995,deplacer,0.1,False,11,False,True,0.100000,6.273,ok,4183341169
85c8b975d396571eaabc9cb035395995,deplacer,0.1,True,11,False,True,0.100000,6.566,ok,4183341169
85c8b975d396571eaabc9cb035395995,deplacer,0.25,False,11,False,True,0.250000,6.035,ok,2796150544
85c8b975d396571eaabc9cb035395995,deplacer,0.25,True,11,False,True,0.250000,6.180,ok,2796150544
85c8b975d396571eaabc9cb035395995,deplacer,0.5,False,11,False,True,0.500000,6.128,ok,3776978434
85c8b975d396571eaabc9cb035395995,deplacer,0.5,True,11,False,True,0.500000,6.215,ok,3776978434
85c8b975d396571eaabc9cb035395995,deplacer,1.0,False,11,False,True,1.000000,6.290,ok,189395748
85c8b975d396571eaabc9cb035395995,deplacer,1.0,True,11,False,True,1.000000,6.499,ok,189395748
85c8b975d396571eaabc9cb035395995,elargir,0.1,False,11,False,True,0.100000,12.399,ok,3481301233
85c8b975d396571eaabc9cb035395995,elargir,0.1,True,11,False,True,0.100000,7.473,ok,3481301233
85c8b975d396571eaabc9cb035395995,elargir,0.25,False,11,False,True,0.250000,8.229,ok,2554610356
85c8b975d396571eaabc9cb035395995,elargir,0.25,True,11,False,True,0.250000,7.509,ok,2554610356
85c8b975d396571eaabc9cb035395995,elargir,0.5,False,11,False,False,,6.050,invariant_viole,3521417128
85c8b975d396571eaabc9cb035395995,elargir,0.5,True,11,False,True,1.465129,6.856,ok,3521417128
85c8b975d396571eaabc9cb035395995,elargir,1.0,False,11,False,True,1.000000,6.226,ok,2660361309
85c8b975d396571eaabc9cb035395995,elargir,1.0,True,11,False,True,1.000000,6.840,ok,2660361309
85c8b975d396571eaabc9cb035395995,retrecir,0.1,False,11,False,False,,5.899,invariant_viole,3727974987
85c8b975d396571eaabc9cb035395995,retrecir,0.1,True,11,False,True,0.100000,7.004,ok,3727974987
85c8b975d396571eaabc9cb035395995,retrecir,0.25,False,11,False,False,,5.911,invariant_viole,448884793
85c8b975d396571eaabc9cb035395995,retrecir,0.25,True,11,False,True,0.227151,7.162,ok,448884793
85c8b975d396571eaabc9cb035395995,retrecir,0.5,False,11,False,True,0.500000,5.836,ok,3885951160
85c8b975d396571eaabc9cb035395995,retrecir,0.5,True,11,False,True,0.500000,6.961,ok,3885951160
85c8b975d396571eaabc9cb035395995,retrecir,1.0,False,11,False,False,,6.109,invariant_viole,988690928
85c8b975d396571eaabc9cb035395995,retrecir,1.0,True,11,False,True,1.000000,8.643,ok,988690928
85c8b975d396571eaabc9cb035395995,aplatir,0.1,False,11,False,False,,6.389,invariant_viole,3432421162
85c8b975d396571eaabc9cb035395995,aplatir,0.1,True,11,False,True,0.100000,8.470,ok,3432421162
85c8b975d396571eaabc9cb035395995,aplatir,0.25,False,11,False,False,,7.766,invariant_viole,3900408275
85c8b975d396571eaabc9cb035395995,aplatir,0.25,True,11,False,True,0.250000,6.820,ok,3900408275
85c8b975d396571eaabc9cb035395995,aplatir,0.5,False,11,False,False,,6.596,invariant_viole,1676223010
85c8b975d396571eaabc9cb035395995,aplatir,0.5,True,11,False,True,0.500000,6.989,ok,1676223010
85c8b975d396571eaabc9cb035395995,aplatir,1.0,False,11,False,False,,6.143,invariant_viole,3150805291
85c8b975d396571eaabc9cb035395995,aplatir,1.0,True,11,False,True,1.000000,6.526,ok,3150805291
90d3069fcbea607124f8f5bc4efe2480,deplacer,0.1,False,8,False,True,0.100000,6.915,ok,214601982
90d3069fcbea607124f8f5bc4efe2480,deplacer,0.1,True,8,False,True,0.100000,6.943,ok,214601982
90d3069fcbea607124f8f5bc4efe2480,deplacer,0.25,False,8,False,False,,4.544,invariant_viole,51947983
90d3069fcbea607124f8f5bc4efe2480,deplacer,0.25,True,8,False,True,0.250000,7.055,ok,51947983
90d3069fcbea607124f8f5bc4efe2480,deplacer,0.5,False,8,False,False,,5.194,invariant_viole,3423408264
90d3069fcbea607124f8f5bc4efe2480,deplacer,0.5,True,8,False,True,0.500000,7.646,ok,3423408264
90d3069fcbea607124f8f5bc4efe2480,deplacer,1.0,False,8,False,False,,5.073,invariant_viole,1196921881
90d3069fcbea607124f8f5bc4efe2480,deplacer,1.0,True,8,False,False,,7.463,infaisable,1196921881
90d3069fcbea607124f8f5bc4efe2480,elargir,0.1,False,8,False,False,,4.924,invariant_viole,2617780881
90d3069fcbea607124f8f5bc4efe2480,elargir,0.1,True,8,False,True,0.100000,7.252,ok,2617780881
90d3069fcbea607124f8f5bc4efe2480,elargir,0.25,False,8,False,False,,4.805,invariant_viole,945202737
90d3069fcbea607124f8f5bc4efe2480,elargir,0.25,True,8,False,True,0.250000,6.819,ok,945202737
90d3069fcbea607124f8f5bc4efe2480,elargir,0.5,False,8,False,True,0.500000,4.502,ok,4062382478
90d3069fcbea607124f8f5bc4efe2480,elargir,0.5,True,8,False,True,0.500000,9.489,ok,4062382478
90d3069fcbea607124f8f5bc4efe2480,elargir,1.0,False,8,False,True,1.000000,4.786,ok,1752637762
90d3069fcbea607124f8f5bc4efe2480,elargir,1.0,True,8,False,True,1.000000,7.389,ok,1752637762
90d3069fcbea607124f8f5bc4efe2480,retrecir,0.1,False,8,False,False,,4.506,invariant_viole,3122434401
90d3069fcbea607124f8f5bc4efe2480,retrecir,0.1,True,8,False,True,0.100000,8.170,ok,3122434401
90d3069fcbea607124f8f5bc4efe2480,retrecir,0.25,False,8,False,False,,4.522,invariant_viole,817244229
90d3069fcbea607124f8f5bc4efe2480,retrecir,0.25,True,8,False,True,0.250000,7.790,ok,817244229
90d3069fcbea607124f8f5bc4efe2480,retrecir,0.5,False,8,False,False,,6.851,invariant_viole,2946722744
90d3069fcbea607124f8f5bc4efe2480,retrecir,0.5,True,8,False,True,0.500000,9.026,ok,2946722744
90d3069fcbea607124f8f5bc4efe2480,retrecir,1.0,False,8,False,False,,5.000,invariant_viole,411792428
90d3069fcbea607124f8f5bc4efe2480,retrecir,1.0,True,8,False,True,1.000000,7.497,ok,411792428
90d3069fcbea607124f8f5bc4efe2480,aplatir,0.1,False,8,False,False,,4.577,invariant_viole,3848895931
90d3069fcbea607124f8f5bc4efe2480,aplatir,0.1,True,8,False,True,0.100000,8.272,ok,3848895931
90d3069fcbea607124f8f5bc4efe2480,aplatir,0.25,False,8,False,True,0.250000,5.125,ok,746940333
90d3069fcbea607124f8f5bc4efe2480,aplatir,0.25,True,8,False,True,0.250000,7.279,ok,746940333
90d3069fcbea607124f8f5bc4efe2480,aplatir,0.5,False,8,False,False,,4.881,invariant_viole,2882146366
90d3069fcbea607124f8f5bc4efe2480,aplatir,0.5,True,8,False,True,0.500000,6.900,ok,2882146366
90d3069fcbea607124f8f5bc4efe2480,aplatir,1.0,False,8,False,False,,5.897,invariant_viole,4276836208
90d3069fcbea607124f8f5bc4efe2480,aplatir,1.0,True,8,False,False,,6.099,infaisable,4276836208
6355fdd6626c2a83698170e3279bee46,deplacer,0.1,False,8,False,False,,4.343,invariant_viole,2220333385
6355fdd6626c2a83698170e3279bee46,deplacer,0.1,True,8,False,True,0.100000,5.520,ok,2220333385
6355fdd6626c2a83698170e3279bee46,deplacer,0.25,False,8,False,True,0.250000,4.545,ok,3036727648
6355fdd6626c2a83698170e3279bee46,deplacer,0.25,True,8,False,True,0.250000,5.083,ok,3036727648
6355fdd6626c2a83698170e3279bee46,deplacer,0.5,False,8,False,True,0.500000,6.372,ok,1763275920
6355fdd6626c2a83698170e3279bee46,deplacer,0.5,True,8,False,True,0.500000,5.081,ok,1763275920
6355fdd6626c2a83698170e3279bee46,deplacer,1.0,False,8,False,True,1.000000,7.479,ok,2752636576
6355fdd6626c2a83698170e3279bee46,deplacer,1.0,True,8,False,True,1.000000,6.100,ok,2752636576
6355fdd6626c2a83698170e3279bee46,elargir,0.1,False,8,False,True,0.100000,6.900,ok,2994874544
6355fdd6626c2a83698170e3279bee46,elargir,0.1,True,8,False,True,0.100000,5.022,ok,2994874544
6355fdd6626c2a83698170e3279bee46,elargir,0.25,False,8,False,False,,4.328,invariant_viole,3359136682
6355fdd6626c2a83698170e3279bee46,elargir,0.25,True,8,False,False,,8.261,infaisable,3359136682
6355fdd6626c2a83698170e3279bee46,elargir,0.5,False,8,False,False,,4.406,invariant_viole,3953421960
6355fdd6626c2a83698170e3279bee46,elargir,0.5,True,8,False,True,0.500000,5.335,ok,3953421960
6355fdd6626c2a83698170e3279bee46,elargir,1.0,False,8,False,True,1.000000,6.090,ok,4033274488
6355fdd6626c2a83698170e3279bee46,elargir,1.0,True,8,False,True,1.000000,5.276,ok,4033274488
6355fdd6626c2a83698170e3279bee46,retrecir,0.1,False,8,False,False,,4.571,invariant_viole,645458029
6355fdd6626c2a83698170e3279bee46,retrecir,0.1,True,8,False,True,0.100000,4.773,ok,645458029
6355fdd6626c2a83698170e3279bee46,retrecir,0.25,False,8,False,False,,4.353,invariant_viole,1653560518
6355fdd6626c2a83698170e3279bee46,retrecir,0.25,True,8,False,True,0.250000,7.151,ok,1653560518
6355fdd6626c2a83698170e3279bee46,retrecir,0.5,False,8,False,False,,4.544,invariant_viole,3431886067
6355fdd6626c2a83698170e3279bee46,retrecir,0.5,True,8,False,True,0.500000,5.231,ok,3431886067
6355fdd6626c2a83698170e3279bee46,retrecir,1.0,False,8,False,False,,4.469,invariant_viole,3057086990
6355fdd6626c2a83698170e3279bee46,retrecir,1.0,True,8,False,True,1.000000,4.813,ok,3057086990
6355fdd6626c2a83698170e3279bee46,aplatir,0.1,False,8,False,False,,5.285,invariant_viole,1700212752
6355fdd6626c2a83698170e3279bee46,aplatir,0.1,True,8,False,True,0.100000,6.186,ok,1700212752
6355fdd6626c2a83698170e3279bee46,aplatir,0.25,False,8,False,False,,4.581,invariant_viole,594048402
6355fdd6626c2a83698170e3279bee46,aplatir,0.25,True,8,False,True,0.250000,7.632,ok,594048402
6355fdd6626c2a83698170e3279bee46,aplatir,0.5,False,8,False,False,,4.834,invariant_viole,4282089076
6355fdd6626c2a83698170e3279bee46,aplatir,0.5,True,8,False,True,0.500000,5.316,ok,4282089076
6355fdd6626c2a83698170e3279bee46,aplatir,1.0,False,8,False,False,,4.372,invariant_viole,2884722376
6355fdd6626c2a83698170e3279bee46,aplatir,1.0,True,8,False,True,1.000000,5.206,ok,2884722376
598e181a7b5a921144062fe143183619,deplacer,0.1,False,6,False,False,,4.376,invariant_viole,1655615698
598e181a7b5a921144062fe143183619,deplacer,0.1,True,6,False,True,0.100000,4.818,ok,1655615698
598e181a7b5a921144062fe143183619,deplacer,0.25,False,6,False,True,0.250000,3.350,ok,1135039009
598e181a7b5a921144062fe143183619,deplacer,0.25,True,6,False,True,0.250000,3.843,ok,1135039009
598e181a7b5a921144062fe143183619,deplacer,0.5,False,6,False,True,0.500000,3.486,ok,3917740526
598e181a7b5a921144062fe143183619,deplacer,0.5,True,6,False,True,0.500000,4.429,ok,3917740526
598e181a7b5a921144062fe143183619,deplacer,1.0,False,6,False,True,1.000000,3.845,ok,2000092457
598e181a7b5a921144062fe143183619,deplacer,1.0,True,6,False,True,1.000000,5.289,ok,2000092457
598e181a7b5a921144062fe143183619,elargir,0.1,False,6,False,True,0.100000,3.497,ok,419554271
598e181a7b5a921144062fe143183619,elargir,0.1,True,6,False,True,0.100000,3.742,ok,419554271
598e181a7b5a921144062fe143183619,elargir,0.25,False,6,False,True,0.250000,4.823,ok,2337210637
598e181a7b5a921144062fe143183619,elargir,0.25,True,6,False,True,0.250000,4.103,ok,2337210637
598e181a7b5a921144062fe143183619,elargir,0.5,False,6,False,True,0.500000,3.329,ok,3622624096
598e181a7b5a921144062fe143183619,elargir,0.5,True,6,False,True,0.500000,3.781,ok,3622624096
598e181a7b5a921144062fe143183619,elargir,1.0,False,6,False,True,1.000000,3.733,ok,3469641419
598e181a7b5a921144062fe143183619,elargir,1.0,True,6,False,True,1.000000,4.119,ok,3469641419
598e181a7b5a921144062fe143183619,retrecir,0.1,False,6,False,False,,3.405,invariant_viole,2420227250
598e181a7b5a921144062fe143183619,retrecir,0.1,True,6,False,True,0.100000,4.169,ok,2420227250
598e181a7b5a921144062fe143183619,retrecir,0.25,False,6,False,False,,3.375,invariant_viole,2403259197
598e181a7b5a921144062fe143183619,retrecir,0.25,True,6,False,True,0.250000,3.914,ok,2403259197
598e181a7b5a921144062fe143183619,retrecir,0.5,False,6,False,False,,3.231,invariant_viole,1625006780
598e181a7b5a921144062fe143183619,retrecir,0.5,True,6,False,True,0.500000,5.405,ok,1625006780
598e181a7b5a921144062fe143183619,retrecir,1.0,False,6,False,False,,3.458,invariant_viole,599481427
598e181a7b5a921144062fe143183619,retrecir,1.0,True,6,False,True,1.000000,4.308,ok,599481427
598e181a7b5a921144062fe143183619,aplatir,0.1,False,6,False,False,,5.054,invariant_viole,4148318428
598e181a7b5a921144062fe143183619,aplatir,0.1,True,6,False,True,0.100000,4.010,ok,4148318428
598e181a7b5a921144062fe143183619,aplatir,0.25,False,6,False,False,,3.250,invariant_viole,1775696562
598e181a7b5a921144062fe143183619,aplatir,0.25,True,6,False,True,0.250000,3.840,ok,1775696562
598e181a7b5a921144062fe143183619,aplatir,0.5,False,6,False,False,,3.483,invariant_viole,2201102845
598e181a7b5a921144062fe143183619,aplatir,0.5,True,6,False,True,0.500000,3.778,ok,2201102845
598e181a7b5a921144062fe143183619,aplatir,1.0,False,6,False,False,,3.429,invariant_viole,930817867
598e181a7b5a921144062fe143183619,aplatir,1.0,True,6,False,True,1.000000,4.232,ok,930817867
6e73f70caee1b74ea31c6e93c9c99ee2,deplacer,0.1,False,7,False,True,0.100000,5.070,ok,1567068181
6e73f70caee1b74ea31c6e93c9c99ee2,deplacer,0.1,True,7,False,True,0.100000,4.879,ok,1567068181
6e73f70caee1b74ea31c6e93c9c99ee2,deplacer,0.25,False,7,False,False,,4.132,invariant_viole,2294836510
6e73f70caee1b74ea31c6e93c9c99ee2,deplacer,0.25,True,7,False,True,0.250000,6.943,ok,2294836510
6e73f70caee1b74ea31c6e93c9c99ee2,deplacer,0.5,False,7,False,True,0.500000,4.356,ok,2054964651
6e73f70caee1b74ea31c6e93c9c99ee2,deplacer,0.5,True,7,False,False,,4.585,invariant_viole,2054964651
6e73f70caee1b74ea31c6e93c9c99ee2,deplacer,1.0,False,7,False,True,1.000000,5.605,ok,2662338998
6e73f70caee1b74ea31c6e93c9c99ee2,deplacer,1.0,True,7,False,True,1.000000,5.287,ok,2662338998
6e73f70caee1b74ea31c6e93c9c99ee2,elargir,0.1,False,7,False,False,,4.132,invariant_viole,2676517461
6e73f70caee1b74ea31c6e93c9c99ee2,elargir,0.1,True,7,False,True,1.047955,5.751,ok,2676517461
6e73f70caee1b74ea31c6e93c9c99ee2,elargir,0.25,False,7,False,True,0.250000,4.604,ok,239174469
6e73f70caee1b74ea31c6e93c9c99ee2,elargir,0.25,True,7,False,True,0.250000,5.481,ok,239174469
6e73f70caee1b74ea31c6e93c9c99ee2,elargir,0.5,False,7,False,True,0.500000,4.359,ok,1625740966
6e73f70caee1b74ea31c6e93c9c99ee2,elargir,0.5,True,7,False,True,0.500000,6.138,ok,1625740966
6e73f70caee1b74ea31c6e93c9c99ee2,elargir,1.0,False,7,False,True,1.000000,6.326,ok,2365604207
6e73f70caee1b74ea31c6e93c9c99ee2,elargir,1.0,True,7,False,True,1.000000,5.178,ok,2365604207
6e73f70caee1b74ea31c6e93c9c99ee2,retrecir,0.1,False,7,False,False,,4.840,invariant_viole,2860185087
6e73f70caee1b74ea31c6e93c9c99ee2,retrecir,0.1,True,7,False,True,0.100000,5.039,ok,2860185087
6e73f70caee1b74ea31c6e93c9c99ee2,retrecir,0.25,False,7,False,False,,4.142,invariant_viole,1211877566
6e73f70caee1b74ea31c6e93c9c99ee2,retrecir,0.25,True,7,False,True,0.201942,6.116,ok,1211877566
6e73f70caee1b74ea31c6e93c9c99ee2,retrecir,0.5,False,7,False,False,,4.939,invariant_viole,1010824915
6e73f70caee1b74ea31c6e93c9c99ee2,retrecir,0.5,True,7,False,True,0.500000,4.916,ok,1010824915
6e73f70caee1b74ea31c6e93c9c99ee2,retrecir,1.0,False,7,False,False,,3.869,invariant_viole,1853441777
6e73f70caee1b74ea31c6e93c9c99ee2,retrecir,1.0,True,7,False,True,1.000000,4.797,ok,1853441777
6e73f70caee1b74ea31c6e93c9c99ee2,aplatir,0.1,False,7,False,False,,3.880,invariant_viole,607703523
6e73f70caee1b74ea31c6e93c9c99ee2,aplatir,0.1,True,7,False,True,0.100000,6.337,ok,607703523
6e73f70caee1b74ea31c6e93c9c99ee2,aplatir,0.25,False,7,False,False,,4.288,invariant_viole,93589988
6e73f70caee1b74ea31c6e93c9c99ee2,aplatir,0.25,True,7,False,True,0.250000,4.939,ok,93589988
6e73f70caee1b74ea31c6e93c9c99ee2,aplatir,0.5,False,7,False,False,,4.289,invariant_viole,4257669644
6e73f70caee1b74ea31c6e93c9c99ee2,aplatir,0.5,True,7,False,True,0.500000,4.874,ok,4257669644
6e73f70caee1b74ea31c6e93c9c99ee2,aplatir,1.0,False,7,False,False,,3.792,invariant_viole,749049968
6e73f70caee1b74ea31c6e93c9c99ee2,aplatir,1.0,True,7,False,True,1.000000,4.924,ok,749049968
4f359c7314fe572e78fda7943912a582,deplacer,0.1,False,4,False,True,0.100000,2.821,ok,1440983222
4f359c7314fe572e78fda7943912a582,deplacer,0.1,True,4,False,True,0.100000,3.402,ok,1440983222
4f359c7314fe572e78fda7943912a582,deplacer,0.25,False,4,False,True,0.250000,2.524,ok,499643013
4f359c7314fe572e78fda7943912a582,deplacer,0.25,True,4,False,True,0.250000,3.107,ok,499643013
4f359c7314fe572e78fda7943912a582,deplacer,0.5,False,4,False,True,0.500000,2.501,ok,1072248446
4f359c7314fe572e78fda7943912a582,deplacer,0.5,True,4,False,True,0.500000,3.328,ok,1072248446
4f359c7314fe572e78fda7943912a582,deplacer,1.0,False,4,False,False,,2.592,invariant_viole,304646663
4f359c7314fe572e78fda7943912a582,deplacer,1.0,True,4,False,False,,5.099,infaisable,304646663
4f359c7314fe572e78fda7943912a582,elargir,0.1,False,4,False,True,0.100000,3.966,ok,2433519554
4f359c7314fe572e78fda7943912a582,elargir,0.1,True,4,False,True,0.100000,4.234,ok,2433519554
4f359c7314fe572e78fda7943912a582,elargir,0.25,False,4,False,True,0.250000,2.456,ok,561295191
4f359c7314fe572e78fda7943912a582,elargir,0.25,True,4,False,True,0.250000,3.272,ok,561295191
4f359c7314fe572e78fda7943912a582,elargir,0.5,False,4,False,True,0.500000,2.442,ok,3183350419
4f359c7314fe572e78fda7943912a582,elargir,0.5,True,4,False,True,0.500000,6.482,ok,3183350419
4f359c7314fe572e78fda7943912a582,elargir,1.0,False,4,False,True,1.000000,2.626,ok,3818636747
4f359c7314fe572e78fda7943912a582,elargir,1.0,True,4,False,True,1.000000,3.509,ok,3818636747
4f359c7314fe572e78fda7943912a582,retrecir,0.1,False,4,False,False,,3.351,invariant_viole,4125739704
4f359c7314fe572e78fda7943912a582,retrecir,0.1,True,4,False,True,0.100000,3.482,ok,4125739704
4f359c7314fe572e78fda7943912a582,retrecir,0.25,False,4,False,False,,2.605,invariant_viole,1513927374
4f359c7314fe572e78fda7943912a582,retrecir,0.25,True,4,False,True,0.250000,3.138,ok,1513927374
4f359c7314fe572e78fda7943912a582,retrecir,0.5,False,4,False,False,,3.271,invariant_viole,2331733630
4f359c7314fe572e78fda7943912a582,retrecir,0.5,True,4,False,True,0.500000,3.473,ok,2331733630
4f359c7314fe572e78fda7943912a582,retrecir,1.0,False,4,False,False,,2.672,invariant_viole,579797974
4f359c7314fe572e78fda7943912a582,retrecir,1.0,True,4,False,True,1.000000,3.084,ok,579797974
4f359c7314fe572e78fda7943912a582,aplatir,0.1,False,4,False,False,,2.573,invariant_viole,1388006579
4f359c7314fe572e78fda7943912a582,aplatir,0.1,True,4,False,True,0.100000,4.073,ok,1388006579
4f359c7314fe572e78fda7943912a582,aplatir,0.25,False,4,False,False,,2.471,invariant_viole,1031146211
4f359c7314fe572e78fda7943912a582,aplatir,0.25,True,4,False,True,0.250000,3.058,ok,1031146211
4f359c7314fe572e78fda7943912a582,aplatir,0.5,False,4,False,False,,2.559,invariant_viole,81339031
4f359c7314fe572e78fda7943912a582,aplatir,0.5,True,4,False,True,0.500000,4.212,ok,81339031
4f359c7314fe572e78fda7943912a582,aplatir,1.0,False,4,False,False,,3.676,invariant_viole,1608309317
4f359c7314fe572e78fda7943912a582,aplatir,1.0,True,4,False,False,,3.465,invariant_viole,1608309317
2e3c4a99b97fffa8f05c784130c8b019,deplacer,0.1,False,4,False,True,0.100000,3.332,ok,3978907249
2e3c4a99b97fffa8f05c784130c8b019,deplacer,0.1,True,4,False,True,0.100000,2.966,ok,3978907249
2e3c4a99b97fffa8f05c784130c8b019,deplacer,0.25,False,4,False,True,0.250000,4.093,ok,1509341423
2e3c4a99b97fffa8f05c784130c8b019,deplacer,0.25,True,4,False,True,0.250000,4.975,ok,1509341423
2e3c4a99b97fffa8f05c784130c8b019,deplacer,0.5,False,4,False,True,0.500000,2.659,ok,3430388127
2e3c4a99b97fffa8f05c784130c8b019,deplacer,0.5,True,4,False,True,0.500000,3.403,ok,3430388127
2e3c4a99b97fffa8f05c784130c8b019,deplacer,1.0,False,4,False,True,1.000000,3.371,ok,282809294
2e3c4a99b97fffa8f05c784130c8b019,deplacer,1.0,True,4,False,True,1.000000,2.969,ok,282809294
2e3c4a99b97fffa8f05c784130c8b019,elargir,0.1,False,4,False,False,,2.360,invariant_viole,3626767004
2e3c4a99b97fffa8f05c784130c8b019,elargir,0.1,True,4,False,True,0.100000,2.972,ok,3626767004
2e3c4a99b97fffa8f05c784130c8b019,elargir,0.25,False,4,False,False,,2.675,invariant_viole,2173295639
2e3c4a99b97fffa8f05c784130c8b019,elargir,0.25,True,4,False,True,0.250000,5.761,ok,2173295639
2e3c4a99b97fffa8f05c784130c8b019,elargir,0.5,False,4,False,True,0.500000,2.550,ok,2539689018
2e3c4a99b97fffa8f05c784130c8b019,elargir,0.5,True,4,False,True,0.500000,2.943,ok,2539689018
2e3c4a99b97fffa8f05c784130c8b019,elargir,1.0,False,4,False,True,1.000000,2.925,ok,3594639347
2e3c4a99b97fffa8f05c784130c8b019,elargir,1.0,True,4,False,True,1.000000,3.494,ok,3594639347
2e3c4a99b97fffa8f05c784130c8b019,retrecir,0.1,False,4,False,False,,2.493,invariant_viole,1514579361
2e3c4a99b97fffa8f05c784130c8b019,retrecir,0.1,True,4,False,True,0.100000,2.923,ok,1514579361
2e3c4a99b97fffa8f05c784130c8b019,retrecir,0.25,False,4,False,False,,2.436,invariant_viole,3296210664
2e3c4a99b97fffa8f05c784130c8b019,retrecir,0.25,True,4,False,True,0.250000,3.990,ok,3296210664
2e3c4a99b97fffa8f05c784130c8b019,retrecir,0.5,False,4,False,False,,2.543,invariant_viole,2529746911
2e3c4a99b97fffa8f05c784130c8b019,retrecir,0.5,True,4,False,True,0.500000,2.958,ok,2529746911
2e3c4a99b97fffa8f05c784130c8b019,retrecir,1.0,False,4,False,False,,2.457,invariant_viole,2073948497
2e3c4a99b97fffa8f05c784130c8b019,retrecir,1.0,True,4,False,True,1.000000,2.807,ok,2073948497
2e3c4a99b97fffa8f05c784130c8b019,aplatir,0.1,False,4,False,False,,2.450,invariant_viole,2594914708
2e3c4a99b97fffa8f05c784130c8b019,aplatir,0.1,True,4,False,True,0.100000,2.873,ok,2594914708
2e3c4a99b97fffa8f05c784130c8b019,aplatir,0.25,False,4,False,False,,2.470,invariant_viole,825370988
2e3c4a99b97fffa8f05c784130c8b019,aplatir,0.25,True,4,False,True,0.250000,2.868,ok,825370988
2e3c4a99b97fffa8f05c784130c8b019,aplatir,0.5,False,4,False,False,,3.210,invariant_viole,2349476960
2e3c4a99b97fffa8f05c784130c8b019,aplatir,0.5,True,4,False,True,0.500000,4.392,ok,2349476960
2e3c4a99b97fffa8f05c784130c8b019,aplatir,1.0,False,4,False,False,,2.762,invariant_viole,3264141529
2e3c4a99b97fffa8f05c784130c8b019,aplatir,1.0,True,4,False,True,1.000000,2.940,ok,3264141529
6655e4cf31dcb58bbe2a48a8b819fdbf,deplacer,0.1,False,5,False,False,,4.508,invariant_viole,464469364
6655e4cf31dcb58bbe2a48a8b819fdbf,deplacer,0.1,True,5,False,True,0.100000,6.045,ok,464469364
6655e4cf31dcb58bbe2a48a8b819fdbf,deplacer,0.25,False,5,False,False,,3.308,invariant_viole,2848195533
6655e4cf31dcb58bbe2a48a8b819fdbf,deplacer,0.25,True,5,False,True,0.250000,3.528,ok,2848195533
6655e4cf31dcb58bbe2a48a8b819fdbf,deplacer,0.5,False,5,False,False,,4.225,invariant_viole,2443740048
6655e4cf31dcb58bbe2a48a8b819fdbf,deplacer,0.5,True,5,False,False,,5.234,infaisable,2443740048
6655e4cf31dcb58bbe2a48a8b819fdbf,deplacer,1.0,False,5,False,False,,2.986,invariant_viole,3951730715
6655e4cf31dcb58bbe2a48a8b819fdbf,deplacer,1.0,True,5,False,True,1.000000,4.640,ok,3951730715
6655e4cf31dcb58bbe2a48a8b819fdbf,elargir,0.1,False,5,False,True,0.100000,4.612,ok,109156484
6655e4cf31dcb58bbe2a48a8b819fdbf,elargir,0.1,True,5,False,True,0.100000,4.515,ok,109156484
6655e4cf31dcb58bbe2a48a8b819fdbf,elargir,0.25,False,5,False,True,0.250000,4.517,ok,122226550
6655e4cf31dcb58bbe2a48a8b819fdbf,elargir,0.25,True,5,False,True,0.250000,3.508,ok,122226550
6655e4cf31dcb58bbe2a48a8b819fdbf,elargir,0.5,False,5,False,True,0.500000,3.228,ok,3147944045
6655e4cf31dcb58bbe2a48a8b819fdbf,elargir,0.5,True,5,False,True,0.500000,3.521,ok,3147944045
6655e4cf31dcb58bbe2a48a8b819fdbf,elargir,1.0,False,5,False,True,1.000000,3.492,ok,693721392
6655e4cf31dcb58bbe2a48a8b819fdbf,elargir,1.0,True,5,False,True,1.000000,4.845,ok,693721392
6655e4cf31dcb58bbe2a48a8b819fdbf,retrecir,0.1,False,5,False,False,,3.320,invariant_viole,735669537
6655e4cf31dcb58bbe2a48a8b819fdbf,retrecir,0.1,True,5,False,True,0.100000,3.570,ok,735669537
6655e4cf31dcb58bbe2a48a8b819fdbf,retrecir,0.25,False,5,False,False,,3.098,invariant_viole,499633478
6655e4cf31dcb58bbe2a48a8b819fdbf,retrecir,0.25,True,5,False,True,0.250000,3.356,ok,499633478
6655e4cf31dcb58bbe2a48a8b819fdbf,retrecir,0.5,False,5,False,False,,3.531,invariant_viole,3344166456
6655e4cf31dcb58bbe2a48a8b819fdbf,retrecir,0.5,True,5,False,True,0.500000,4.531,ok,3344166456
6655e4cf31dcb58bbe2a48a8b819fdbf,retrecir,1.0,False,5,False,False,,3.191,invariant_viole,3284961800
6655e4cf31dcb58bbe2a48a8b819fdbf,retrecir,1.0,True,5,False,True,1.000000,3.629,ok,3284961800
6655e4cf31dcb58bbe2a48a8b819fdbf,aplatir,0.1,False,5,False,False,,3.246,invariant_viole,3896855887
6655e4cf31dcb58bbe2a48a8b819fdbf,aplatir,0.1,True,5,False,True,0.100000,4.572,ok,3896855887
6655e4cf31dcb58bbe2a48a8b819fdbf,aplatir,0.25,False,5,False,False,,3.166,invariant_viole,1455555902
6655e4cf31dcb58bbe2a48a8b819fdbf,aplatir,0.25,True,5,False,True,0.250000,3.453,ok,1455555902
6655e4cf31dcb58bbe2a48a8b819fdbf,aplatir,0.5,False,5,False,False,,5.430,invariant_viole,1318206516
6655e4cf31dcb58bbe2a48a8b819fdbf,aplatir,0.5,True,5,False,True,0.500000,3.558,ok,1318206516
6655e4cf31dcb58bbe2a48a8b819fdbf,aplatir,1.0,False,5,False,False,,3.106,invariant_viole,4044936847
6655e4cf31dcb58bbe2a48a8b819fdbf,aplatir,1.0,True,5,False,True,1.000000,3.466,ok,4044936847
fb181b7ab541e5df5a1f1a65c889ff18,deplacer,0.1,False,5,False,True,0.100000,3.160,ok,470343556
fb181b7ab541e5df5a1f1a65c889ff18,deplacer,0.1,True,5,False,True,0.100000,3.519,ok,470343556
fb181b7ab541e5df5a1f1a65c889ff18,deplacer,0.25,False,5,False,False,,3.369,invariant_viole,1928835342
fb181b7ab541e5df5a1f1a65c889ff18,deplacer,0.25,True,5,False,True,0.250000,3.767,ok,1928835342
fb181b7ab541e5df5a1f1a65c889ff18,deplacer,0.5,False,5,False,False,,3.310,invariant_viole,4074225032
fb181b7ab541e5df5a1f1a65c889ff18,deplacer,0.5,True,5,False,True,0.500000,3.717,ok,4074225032
fb181b7ab541e5df5a1f1a65c889ff18,deplacer,1.0,False,5,False,False,,3.021,invariant_viole,3779784946
fb181b7ab541e5df5a1f1a65c889ff18,deplacer,1.0,True,5,False,True,1.000000,4.120,ok,3779784946
fb181b7ab541e5df5a1f1a65c889ff18,elargir,0.1,False,5,False,True,0.100000,3.151,ok,2180895968
fb181b7ab541e5df5a1f1a65c889ff18,elargir,0.1,True,5,False,True,0.100000,3.338,ok,2180895968
fb181b7ab541e5df5a1f1a65c889ff18,elargir,0.25,False,5,False,True,0.250000,3.233,ok,415261834
fb181b7ab541e5df5a1f1a65c889ff18,elargir,0.25,True,5,False,True,0.250000,3.425,ok,415261834
fb181b7ab541e5df5a1f1a65c889ff18,elargir,0.5,False,5,False,True,0.500000,3.133,ok,1683341545
fb181b7ab541e5df5a1f1a65c889ff18,elargir,0.5,True,5,False,True,0.500000,3.305,ok,1683341545
fb181b7ab541e5df5a1f1a65c889ff18,elargir,1.0,False,5,False,False,,3.023,invariant_viole,3468924406
fb181b7ab541e5df5a1f1a65c889ff18,elargir,1.0,True,5,False,True,1.000000,4.012,ok,3468924406
fb181b7ab541e5df5a1f1a65c889ff18,retrecir,0.1,False,5,False,False,,3.041,invariant_viole,3632145291
fb181b7ab541e5df5a1f1a65c889ff18,retrecir,0.1,True,5,False,True,0.100000,3.327,ok,3632145291
fb181b7ab541e5df5a1f1a65c889ff18,retrecir,0.25,False,5,False,False,,2.993,invariant_viole,2387716946
fb181b7ab541e5df5a1f1a65c889ff18,retrecir,0.25,True,5,False,True,0.250000,3.965,ok,2387716946
fb181b7ab541e5df5a1f1a65c889ff18,retrecir,0.5,False,5,False,False,,3.348,invariant_viole,2808580720
fb181b7ab541e5df5a1f1a65c889ff18,retrecir,0.5,True,5,False,True,0.500000,3.472,ok,2808580720
fb181b7ab541e5df5a1f1a65c889ff18,retrecir,1.0,False,5,False,False,,3.024,invariant_viole,4080763384
fb181b7ab541e5df5a1f1a65c889ff18,retrecir,1.0,True,5,False,True,1.000000,3.633,ok,4080763384
fb181b7ab541e5df5a1f1a65c889ff18,aplatir,0.1,False,5,False,False,,4.180,invariant_viole,3041385005
fb181b7ab541e5df5a1f1a65c889ff18,aplatir,0.1,True,5,False,True,0.100000,3.927,ok,3041385005
fb181b7ab541e5df5a1f1a65c889ff18,aplatir,0.25,False,5,False,False,,3.054,invariant_viole,1568443950
fb181b7ab541e5df5a1f1a65c889ff18,aplatir,0.25,True,5,False,True,0.250000,3.624,ok,1568443950
fb181b7ab541e5df5a1f1a65c889ff18,aplatir,0.5,False,5,False,False,,3.109,invariant_viole,3336252772
fb181b7ab541e5df5a1f1a65c889ff18,aplatir,0.5,True,5,False,True,0.500000,3.353,ok,3336252772
fb181b7ab541e5df5a1f1a65c889ff18,aplatir,1.0,False,5,False,False,,3.518,invariant_viole,353987443
fb181b7ab541e5df5a1f1a65c889ff18,aplatir,1.0,True,5,False,False,,4.574,infaisable,353987443
61e59c5572eb4caa30aa18601c8c543d,deplacer,0.1,False,4,False,True,0.100000,2.516,ok,3305411177
61e59c5572eb4caa30aa18601c8c543d,deplacer,0.1,True,4,False,True,0.100000,2.871,ok,3305411177
61e59c5572eb4caa30aa18601c8c543d,deplacer,0.25,False,4,False,True,0.250000,2.484,ok,813500429
61e59c5572eb4caa30aa18601c8c543d,deplacer,0.25,True,4,False,True,0.250000,3.115,ok,813500429
61e59c5572eb4caa30aa18601c8c543d,deplacer,0.5,False,4,False,True,0.500000,2.433,ok,2052359934
61e59c5572eb4caa30aa18601c8c543d,deplacer,0.5,True,4,False,True,0.500000,2.919,ok,2052359934
61e59c5572eb4caa30aa18601c8c543d,deplacer,1.0,False,4,False,True,1.000000,2.893,ok,1806582195
61e59c5572eb4caa30aa18601c8c543d,deplacer,1.0,True,4,False,True,1.000000,2.959,ok,1806582195
61e59c5572eb4caa30aa18601c8c543d,elargir,0.1,False,4,False,False,,2.787,invariant_viole,4193258768
61e59c5572eb4caa30aa18601c8c543d,elargir,0.1,True,4,False,True,0.100000,3.285,ok,4193258768
61e59c5572eb4caa30aa18601c8c543d,elargir,0.25,False,4,False,True,0.250000,2.612,ok,1931139057
61e59c5572eb4caa30aa18601c8c543d,elargir,0.25,True,4,False,True,0.250000,4.208,ok,1931139057
61e59c5572eb4caa30aa18601c8c543d,elargir,0.5,False,4,False,False,,3.015,invariant_viole,2147296555
61e59c5572eb4caa30aa18601c8c543d,elargir,0.5,True,4,False,True,0.500000,3.360,ok,2147296555
61e59c5572eb4caa30aa18601c8c543d,elargir,1.0,False,4,False,True,1.000000,2.615,ok,4196394405
61e59c5572eb4caa30aa18601c8c543d,elargir,1.0,True,4,False,True,1.000000,3.070,ok,4196394405
61e59c5572eb4caa30aa18601c8c543d,retrecir,0.1,False,4,False,False,,2.472,invariant_viole,2823257647
61e59c5572eb4caa30aa18601c8c543d,retrecir,0.1,True,4,False,True,0.100000,2.943,ok,2823257647
61e59c5572eb4caa30aa18601c8c543d,retrecir,0.25,False,4,False,False,,2.390,invariant_viole,4168208442
61e59c5572eb4caa30aa18601c8c543d,retrecir,0.25,True,4,False,True,0.250000,2.866,ok,4168208442
61e59c5572eb4caa30aa18601c8c543d,retrecir,0.5,False,4,False,False,,2.404,invariant_viole,2601720268
61e59c5572eb4caa30aa18601c8c543d,retrecir,0.5,True,4,False,True,0.500000,3.866,ok,2601720268
61e59c5572eb4caa30aa18601c8c543d,retrecir,1.0,False,4,False,False,,2.505,invariant_viole,3342533817
61e59c5572eb4caa30aa18601c8c543d,retrecir,1.0,True,4,False,True,1.000000,2.949,ok,3342533817
61e59c5572eb4caa30aa18601c8c543d,aplatir,0.1,False,4,False,False,,2.361,invariant_viole,3098139843
61e59c5572eb4caa30aa18601c8c543d,aplatir,0.1,True,4,False,True,0.100000,3.463,ok,3098139843
61e59c5572eb4caa30aa18601c8c543d,aplatir,0.25,False,4,False,False,,2.401,invariant_viole,1683888891
61e59c5572eb4caa30aa18601c8c543d,aplatir,0.25,True,4,False,True,0.250000,2.925,ok,1683888891
61e59c5572eb4caa30aa18601c8c543d,aplatir,0.5,False,4,False,False,,2.668,invariant_viole,1808560169
61e59c5572eb4caa30aa18601c8c543d,aplatir,0.5,True,4,False,True,0.500000,3.270,ok,1808560169
61e59c5572eb4caa30aa18601c8c543d,aplatir,1.0,False,4,False,False,,3.946,invariant_viole,3020832021
61e59c5572eb4caa30aa18601c8c543d,aplatir,1.0,True,4,False,True,1.000000,4.418,ok,3020832021
9cc9e1e3ecc945ac69082807df5a2db5,deplacer,0.1,False,7,False,True,0.100000,4.095,ok,2782870721
9cc9e1e3ecc945ac69082807df5a2db5,deplacer,0.1,True,7,False,True,0.100000,5.156,ok,2782870721
9cc9e1e3ecc945ac69082807df5a2db5,deplacer,0.25,False,7,False,True,0.250000,4.019,ok,1228392352
9cc9e1e3ecc945ac69082807df5a2db5,deplacer,0.25,True,7,False,True,0.250000,4.392,ok,1228392352
9cc9e1e3ecc945ac69082807df5a2db5,deplacer,0.5,False,7,False,True,0.500000,5.541,ok,607445584
9cc9e1e3ecc945ac69082807df5a2db5,deplacer,0.5,True,7,False,True,0.500000,6.383,ok,607445584
9cc9e1e3ecc945ac69082807df5a2db5,deplacer,1.0,False,7,False,True,1.000000,5.859,ok,298530786
9cc9e1e3ecc945ac69082807df5a2db5,deplacer,1.0,True,7,False,True,1.094799,5.992,ok,298530786
9cc9e1e3ecc945ac69082807df5a2db5,elargir,0.1,False,7,False,True,0.100000,4.315,ok,3584520843
9cc9e1e3ecc945ac69082807df5a2db5,elargir,0.1,True,7,False,True,0.100000,5.780,ok,3584520843
9cc9e1e3ecc945ac69082807df5a2db5,elargir,0.25,False,7,False,True,0.250000,4.185,ok,1425965114
9cc9e1e3ecc945ac69082807df5a2db5,elargir,0.25,True,7,False,True,0.250000,4.566,ok,1425965114
9cc9e1e3ecc945ac69082807df5a2db5,elargir,0.5,False,7,False,False,,7.155,invariant_viole,3822827550
9cc9e1e3ecc945ac69082807df5a2db5,elargir,0.5,True,7,False,False,,6.939,infaisable,3822827550
9cc9e1e3ecc945ac69082807df5a2db5,elargir,1.0,False,7,False,True,1.000000,4.446,ok,3470418363
9cc9e1e3ecc945ac69082807df5a2db5,elargir,1.0,True,7,False,True,1.000000,5.376,ok,3470418363
9cc9e1e3ecc945ac69082807df5a2db5,retrecir,0.1,False,7,False,False,,4.997,invariant_viole,1990405409
9cc9e1e3ecc945ac69082807df5a2db5,retrecir,0.1,True,7,False,True,0.100000,5.980,ok,1990405409
9cc9e1e3ecc945ac69082807df5a2db5,retrecir,0.25,False,7,False,False,,4.048,invariant_viole,1673538729
9cc9e1e3ecc945ac69082807df5a2db5,retrecir,0.25,True,7,False,True,0.250000,4.652,ok,1673538729
9cc9e1e3ecc945ac69082807df5a2db5,retrecir,0.5,False,7,False,False,,3.940,invariant_viole,3661652985
9cc9e1e3ecc945ac69082807df5a2db5,retrecir,0.5,True,7,False,True,0.500000,4.363,ok,3661652985
9cc9e1e3ecc945ac69082807df5a2db5,retrecir,1.0,False,7,False,True,1.000000,4.193,ok,847788081
9cc9e1e3ecc945ac69082807df5a2db5,retrecir,1.0,True,7,False,True,1.000000,4.427,ok,847788081
9cc9e1e3ecc945ac69082807df5a2db5,aplatir,0.1,False,7,False,False,,3.927,invariant_viole,2929086130
9cc9e1e3ecc945ac69082807df5a2db5,aplatir,0.1,True,7,False,True,0.100000,4.345,ok,2929086130
9cc9e1e3ecc945ac69082807df5a2db5,aplatir,0.25,False,7,False,False,,4.757,invariant_viole,2811051809
9cc9e1e3ecc945ac69082807df5a2db5,aplatir,0.25,True,7,False,True,0.250000,4.801,ok,2811051809
9cc9e1e3ecc945ac69082807df5a2db5,aplatir,0.5,False,7,False,False,,4.083,invariant_viole,3204720806
9cc9e1e3ecc945ac69082807df5a2db5,aplatir,0.5,True,7,False,True,0.795830,5.257,ok,3204720806
9cc9e1e3ecc945ac69082807df5a2db5,aplatir,1.0,False,7,False,False,,3.936,invariant_viole,2928239245
9cc9e1e3ecc945ac69082807df5a2db5,aplatir,1.0,True,7,False,True,1.000000,4.375,ok,2928239245
3c9fe53ab8c651aa3813f6a6dc1cbd50,deplacer,0.1,False,6,False,True,0.100000,3.104,ok,2637549560
3c9fe53ab8c651aa3813f6a6dc1cbd50,deplacer,0.1,True,6,False,True,0.100000,4.179,ok,2637549560
3c9fe53ab8c651aa3813f6a6dc1cbd50,deplacer,0.25,False,6,False,True,0.250000,5.429,ok,25389930
3c9fe53ab8c651aa3813f6a6dc1cbd50,deplacer,0.25,True,6,False,True,0.250000,5.930,ok,25389930
3c9fe53ab8c651aa3813f6a6dc1cbd50,deplacer,0.5,False,6,False,True,0.500000,3.301,ok,2190516988
3c9fe53ab8c651aa3813f6a6dc1cbd50,deplacer,0.5,True,6,False,True,0.500000,3.707,ok,2190516988
3c9fe53ab8c651aa3813f6a6dc1cbd50,deplacer,1.0,False,6,False,False,,3.141,invariant_viole,2487772119
3c9fe53ab8c651aa3813f6a6dc1cbd50,deplacer,1.0,True,6,False,True,1.105253,4.069,ok,2487772119
3c9fe53ab8c651aa3813f6a6dc1cbd50,elargir,0.1,False,6,False,True,0.100000,3.176,ok,1343574953
3c9fe53ab8c651aa3813f6a6dc1cbd50,elargir,0.1,True,6,False,True,0.100000,3.456,ok,1343574953
3c9fe53ab8c651aa3813f6a6dc1cbd50,elargir,0.25,False,6,False,True,0.250000,3.093,ok,3693382178
3c9fe53ab8c651aa3813f6a6dc1cbd50,elargir,0.25,True,6,False,True,0.250000,3.866,ok,3693382178
3c9fe53ab8c651aa3813f6a6dc1cbd50,elargir,0.5,False,6,False,True,0.500000,3.061,ok,3768690060
3c9fe53ab8c651aa3813f6a6dc1cbd50,elargir,0.5,True,6,False,True,0.500000,3.522,ok,3768690060
3c9fe53ab8c651aa3813f6a6dc1cbd50,elargir,1.0,False,6,False,True,1.000000,3.033,ok,496521239
3c9fe53ab8c651aa3813f6a6dc1cbd50,elargir,1.0,True,6,False,True,1.000000,4.027,ok,496521239
3c9fe53ab8c651aa3813f6a6dc1cbd50,retrecir,0.1,False,6,False,False,,3.027,invariant_viole,490439697
3c9fe53ab8c651aa3813f6a6dc1cbd50,retrecir,0.1,True,6,False,True,0.100000,3.486,ok,490439697
3c9fe53ab8c651aa3813f6a6dc1cbd50,retrecir,0.25,False,6,False,False,,2.957,invariant_viole,2759188101
3c9fe53ab8c651aa3813f6a6dc1cbd50,retrecir,0.25,True,6,False,True,0.250000,3.854,ok,2759188101
3c9fe53ab8c651aa3813f6a6dc1cbd50,retrecir,0.5,False,6,False,False,,3.040,invariant_viole,1149604425
3c9fe53ab8c651aa3813f6a6dc1cbd50,retrecir,0.5,True,6,False,True,0.500000,3.714,ok,1149604425
3c9fe53ab8c651aa3813f6a6dc1cbd50,retrecir,1.0,False,6,False,False,,2.960,invariant_viole,3352098319
3c9fe53ab8c651aa3813f6a6dc1cbd50,retrecir,1.0,True,6,False,False,,4.673,infaisable,3352098319
3c9fe53ab8c651aa3813f6a6dc1cbd50,aplatir,0.1,False,6,False,False,,3.593,invariant_viole,4221331445
3c9fe53ab8c651aa3813f6a6dc1cbd50,aplatir,0.1,True,6,False,True,0.100000,3.760,ok,4221331445
3c9fe53ab8c651aa3813f6a6dc1cbd50,aplatir,0.25,False,6,False,False,,3.277,invariant_viole,1299057200
3c9fe53ab8c651aa3813f6a6dc1cbd50,aplatir,0.25,True,6,False,True,0.250000,3.547,ok,1299057200
3c9fe53ab8c651aa3813f6a6dc1cbd50,aplatir,0.5,False,6,False,False,,3.005,invariant_viole,176200773
3c9fe53ab8c651aa3813f6a6dc1cbd50,aplatir,0.5,True,6,False,True,0.500000,3.539,ok,176200773
3c9fe53ab8c651aa3813f6a6dc1cbd50,aplatir,1.0,False,6,False,False,,2.960,invariant_viole,1672616154
3c9fe53ab8c651aa3813f6a6dc1cbd50,aplatir,1.0,True,6,False,True,1.000000,4.827,ok,1672616154
b7d0f9baaf4f6c7413c87184116d6db9,deplacer,0.1,False,14,False,False,,10.291,invariant_viole,303388230
b7d0f9baaf4f6c7413c87184116d6db9,deplacer,0.1,True,14,False,True,0.100000,11.584,ok,303388230
b7d0f9baaf4f6c7413c87184116d6db9,deplacer,0.25,False,14,False,True,0.250000,7.594,ok,1948322982
b7d0f9baaf4f6c7413c87184116d6db9,deplacer,0.25,True,14,False,True,0.250000,11.654,ok,1948322982
b7d0f9baaf4f6c7413c87184116d6db9,deplacer,0.5,False,14,False,True,0.500000,8.245,ok,2538090223
b7d0f9baaf4f6c7413c87184116d6db9,deplacer,0.5,True,14,False,True,0.500000,10.365,ok,2538090223
b7d0f9baaf4f6c7413c87184116d6db9,deplacer,1.0,False,14,False,True,1.000000,8.663,ok,306870693
b7d0f9baaf4f6c7413c87184116d6db9,deplacer,1.0,True,14,False,True,1.000000,11.613,ok,306870693
b7d0f9baaf4f6c7413c87184116d6db9,elargir,0.1,False,14,False,False,,8.841,invariant_viole,3966763280
b7d0f9baaf4f6c7413c87184116d6db9,elargir,0.1,True,14,False,True,0.100000,10.687,ok,3966763280
b7d0f9baaf4f6c7413c87184116d6db9,elargir,0.25,False,14,False,False,,8.186,invariant_viole,134388391
b7d0f9baaf4f6c7413c87184116d6db9,elargir,0.25,True,14,False,True,0.250000,10.677,ok,134388391
b7d0f9baaf4f6c7413c87184116d6db9,elargir,0.5,False,14,False,False,,7.905,invariant_viole,2740180713
b7d0f9baaf4f6c7413c87184116d6db9,elargir,0.5,True,14,False,True,0.500000,9.989,ok,2740180713
b7d0f9baaf4f6c7413c87184116d6db9,elargir,1.0,False,14,False,True,1.000000,7.692,ok,3784394387
b7d0f9baaf4f6c7413c87184116d6db9,elargir,1.0,True,14,False,True,1.000000,10.474,ok,3784394387
b7d0f9baaf4f6c7413c87184116d6db9,retrecir,0.1,False,14,False,False,,7.653,invariant_viole,1557914867
b7d0f9baaf4f6c7413c87184116d6db9,retrecir,0.1,True,14,False,True,0.100000,9.738,ok,1557914867
b7d0f9baaf4f6c7413c87184116d6db9,retrecir,0.25,False,14,False,False,,7.797,invariant_viole,816319911
b7d0f9baaf4f6c7413c87184116d6db9,retrecir,0.25,True,14,False,True,0.250000,11.197,ok,816319911
b7d0f9baaf4f6c7413c87184116d6db9,retrecir,0.5,False,14,False,False,,10.192,invariant_viole,4083496974
b7d0f9baaf4f6c7413c87184116d6db9,retrecir,0.5,True,14,False,True,0.500000,10.918,ok,4083496974
b7d0f9baaf4f6c7413c87184116d6db9,retrecir,1.0,False,14,False,False,,7.788,invariant_viole,3447535656
b7d0f9baaf4f6c7413c87184116d6db9,retrecir,1.0,True,14,False,True,1.209433,12.518,ok,3447535656
b7d0f9baaf4f6c7413c87184116d6db9,aplatir,0.1,False,14,False,False,,7.697,invariant_viole,1995246972
b7d0f9baaf4f6c7413c87184116d6db9,aplatir,0.1,True,14,False,True,0.100000,11.268,ok,1995246972
b7d0f9baaf4f6c7413c87184116d6db9,aplatir,0.25,False,14,False,False,,9.090,invariant_viole,1755134972
b7d0f9baaf4f6c7413c87184116d6db9,aplatir,0.25,True,14,False,True,0.250000,10.816,ok,1755134972
b7d0f9baaf4f6c7413c87184116d6db9,aplatir,0.5,False,14,False,False,,8.322,invariant_viole,914731788
b7d0f9baaf4f6c7413c87184116d6db9,aplatir,0.5,True,14,False,True,0.625155,11.557,ok,914731788
b7d0f9baaf4f6c7413c87184116d6db9,aplatir,1.0,False,14,False,False,,8.255,invariant_viole,1561017582
b7d0f9baaf4f6c7413c87184116d6db9,aplatir,1.0,True,14,False,True,1.209433,10.143,ok,1561017582
a30a773c5d57fde7c2ca27733452a4f7,deplacer,0.1,False,14,False,True,0.100000,7.825,ok,149570708
a30a773c5d57fde7c2ca27733452a4f7,deplacer,0.1,True,14,False,True,0.100000,11.447,ok,149570708
a30a773c5d57fde7c2ca27733452a4f7,deplacer,0.25,False,14,False,False,,8.321,invariant_viole,1841954693
a30a773c5d57fde7c2ca27733452a4f7,deplacer,0.25,True,14,False,True,0.250000,11.270,ok,1841954693
a30a773c5d57fde7c2ca27733452a4f7,deplacer,0.5,False,14,False,False,,7.607,invariant_viole,228301000
a30a773c5d57fde7c2ca27733452a4f7,deplacer,0.5,True,14,False,False,,11.965,infaisable,228301000
a30a773c5d57fde7c2ca27733452a4f7,deplacer,1.0,False,14,False,False,,9.072,invariant_viole,280645704
a30a773c5d57fde7c2ca27733452a4f7,deplacer,1.0,True,14,False,True,1.000000,14.408,ok,280645704
a30a773c5d57fde7c2ca27733452a4f7,elargir,0.1,False,14,False,False,,8.133,invariant_viole,996879276
a30a773c5d57fde7c2ca27733452a4f7,elargir,0.1,True,14,False,True,0.100000,13.737,ok,996879276
a30a773c5d57fde7c2ca27733452a4f7,elargir,0.25,False,14,False,False,,7.995,invariant_viole,4245584417
a30a773c5d57fde7c2ca27733452a4f7,elargir,0.25,True,14,False,True,0.250000,10.000,ok,4245584417
a30a773c5d57fde7c2ca27733452a4f7,elargir,0.5,False,14,False,False,,9.399,invariant_viole,961788408
a30a773c5d57fde7c2ca27733452a4f7,elargir,0.5,True,14,False,True,0.500000,10.745,ok,961788408
a30a773c5d57fde7c2ca27733452a4f7,elargir,1.0,False,14,False,False,,8.736,invariant_viole,484537727
a30a773c5d57fde7c2ca27733452a4f7,elargir,1.0,True,14,False,True,1.000000,10.184,ok,484537727
a30a773c5d57fde7c2ca27733452a4f7,retrecir,0.1,False,14,False,False,,7.601,invariant_viole,1379276450
a30a773c5d57fde7c2ca27733452a4f7,retrecir,0.1,True,14,False,True,0.100000,13.352,ok,1379276450
a30a773c5d57fde7c2ca27733452a4f7,retrecir,0.25,False,14,False,True,0.250000,12.144,ok,901679660
a30a773c5d57fde7c2ca27733452a4f7,retrecir,0.25,True,14,False,True,0.250000,13.083,ok,901679660
a30a773c5d57fde7c2ca27733452a4f7,retrecir,0.5,False,14,False,False,,7.701,invariant_viole,2916754492
a30a773c5d57fde7c2ca27733452a4f7,retrecir,0.5,True,14,False,True,0.500000,11.103,ok,2916754492
a30a773c5d57fde7c2ca27733452a4f7,retrecir,1.0,False,14,False,False,,9.326,invariant_viole,1483854650
a30a773c5d57fde7c2ca27733452a4f7,retrecir,1.0,True,14,False,True,1.000000,10.515,ok,1483854650
a30a773c5d57fde7c2ca27733452a4f7,aplatir,0.1,False,14,False,False,,7.705,invariant_viole,296622480
a30a773c5d57fde7c2ca27733452a4f7,aplatir,0.1,True,14,False,True,0.100000,9.940,ok,296622480
a30a773c5d57fde7c2ca27733452a4f7,aplatir,0.25,False,14,False,False,,7.554,invariant_viole,77353227
a30a773c5d57fde7c2ca27733452a4f7,aplatir,0.25,True,14,False,True,0.250000,11.151,ok,77353227
a30a773c5d57fde7c2ca27733452a4f7,aplatir,0.5,False,14,False,False,,11.609,invariant_viole,1932181144
a30a773c5d57fde7c2ca27733452a4f7,aplatir,0.5,True,14,False,False,,10.508,infaisable,1932181144
a30a773c5d57fde7c2ca27733452a4f7,aplatir,1.0,False,14,False,False,,7.782,invariant_viole,3362642475
a30a773c5d57fde7c2ca27733452a4f7,aplatir,1.0,True,14,False,True,1.000000,13.147,ok,3362642475
a6cf5cd1e7fdee9a34183380eb666a9f,deplacer,0.1,False,11,False,False,,7.520,invariant_viole,3218236783
a6cf5cd1e7fdee9a34183380eb666a9f,deplacer,0.1,True,11,False,True,0.100000,7.394,ok,3218236783
a6cf5cd1e7fdee9a34183380eb666a9f,deplacer,0.25,False,11,False,False,,11.665,invariant_viole,2217866954
a6cf5cd1e7fdee9a34183380eb666a9f,deplacer,0.25,True,11,False,True,0.250000,11.829,ok,2217866954
a6cf5cd1e7fdee9a34183380eb666a9f,deplacer,0.5,False,11,False,False,,7.992,invariant_viole,461356951
a6cf5cd1e7fdee9a34183380eb666a9f,deplacer,0.5,True,11,False,True,0.500000,7.487,ok,461356951
a6cf5cd1e7fdee9a34183380eb666a9f,deplacer,1.0,False,11,False,True,1.000000,8.262,ok,1868428447
a6cf5cd1e7fdee9a34183380eb666a9f,deplacer,1.0,True,11,False,True,1.000000,7.247,ok,1868428447
a6cf5cd1e7fdee9a34183380eb666a9f,elargir,0.1,False,11,False,True,0.100000,7.858,ok,3717861513
a6cf5cd1e7fdee9a34183380eb666a9f,elargir,0.1,True,11,False,True,0.100000,7.586,ok,3717861513
a6cf5cd1e7fdee9a34183380eb666a9f,elargir,0.25,False,11,False,True,0.250000,7.738,ok,1764040094
a6cf5cd1e7fdee9a34183380eb666a9f,elargir,0.25,True,11,False,True,0.250000,8.316,ok,1764040094
a6cf5cd1e7fdee9a34183380eb666a9f,elargir,0.5,False,11,False,False,,6.168,invariant_viole,558683002
a6cf5cd1e7fdee9a34183380eb666a9f,elargir,0.5,True,11,False,True,0.500000,8.584,ok,558683002
a6cf5cd1e7fdee9a34183380eb666a9f,elargir,1.0,False,11,False,True,1.000000,6.691,ok,2806221805
a6cf5cd1e7fdee9a34183380eb666a9f,elargir,1.0,True,11,False,True,1.000000,7.522,ok,2806221805
a6cf5cd1e7fdee9a34183380eb666a9f,retrecir,0.1,False,11,False,False,,6.366,invariant_viole,2214790477
a6cf5cd1e7fdee9a34183380eb666a9f,retrecir,0.1,True,11,False,True,0.100000,8.823,ok,2214790477
a6cf5cd1e7fdee9a34183380eb666a9f,retrecir,0.25,False,11,False,False,,6.358,invariant_viole,610057017
a6cf5cd1e7fdee9a34183380eb666a9f,retrecir,0.25,True,11,False,True,0.250000,7.477,ok,610057017
a6cf5cd1e7fdee9a34183380eb666a9f,retrecir,0.5,False,11,False,False,,6.655,invariant_viole,2168163288
a6cf5cd1e7fdee9a34183380eb666a9f,retrecir,0.5,True,11,False,True,0.500000,6.902,ok,2168163288
a6cf5cd1e7fdee9a34183380eb666a9f,retrecir,1.0,False,11,False,False,,6.298,invariant_viole,1107709083
a6cf5cd1e7fdee9a34183380eb666a9f,retrecir,1.0,True,11,False,True,1.000000,7.194,ok,1107709083
a6cf5cd1e7fdee9a34183380eb666a9f,aplatir,0.1,False,11,False,False,,6.503,invariant_viole,2509754195
a6cf5cd1e7fdee9a34183380eb666a9f,aplatir,0.1,True,11,False,True,0.100000,7.012,ok,2509754195
a6cf5cd1e7fdee9a34183380eb666a9f,aplatir,0.25,False,11,False,False,,6.200,invariant_viole,4006016404
a6cf5cd1e7fdee9a34183380eb666a9f,aplatir,0.25,True,11,False,True,0.250000,7.100,ok,4006016404
a6cf5cd1e7fdee9a34183380eb666a9f,aplatir,0.5,False,11,False,False,,6.247,invariant_viole,1840269128
a6cf5cd1e7fdee9a34183380eb666a9f,aplatir,0.5,True,11,False,True,0.500000,7.001,ok,1840269128
a6cf5cd1e7fdee9a34183380eb666a9f,aplatir,1.0,False,11,False,False,,6.275,invariant_viole,901426567
a6cf5cd1e7fdee9a34183380eb666a9f,aplatir,1.0,True,11,False,True,1.000000,7.390,ok,901426567
ec44cacd3eb11ab9e8ff7121cc3a4207,deplacer,0.1,False,6,False,True,0.100000,3.121,ok,2867741542
ec44cacd3eb11ab9e8ff7121cc3a4207,deplacer,0.1,True,6,False,True,0.100000,3.528,ok,2867741542
ec44cacd3eb11ab9e8ff7121cc3a4207,deplacer,0.25,False,6,False,False,,3.481,invariant_viole,131521542
ec44cacd3eb11ab9e8ff7121cc3a4207,deplacer,0.25,True,6,False,True,0.250000,5.924,ok,131521542
ec44cacd3eb11ab9e8ff7121cc3a4207,deplacer,0.5,False,6,False,False,,3.076,invariant_viole,3583892320
ec44cacd3eb11ab9e8ff7121cc3a4207,deplacer,0.5,True,6,False,True,0.500000,3.433,ok,3583892320
ec44cacd3eb11ab9e8ff7121cc3a4207,deplacer,1.0,False,6,False,True,1.000000,4.441,ok,3481440308
ec44cacd3eb11ab9e8ff7121cc3a4207,deplacer,1.0,True,6,False,True,1.000000,4.115,ok,3481440308
ec44cacd3eb11ab9e8ff7121cc3a4207,elargir,0.1,False,6,False,True,0.100000,3.169,ok,1095470804
ec44cacd3eb11ab9e8ff7121cc3a4207,elargir,0.1,True,6,False,True,0.100000,3.522,ok,1095470804
ec44cacd3eb11ab9e8ff7121cc3a4207,elargir,0.25,False,6,False,True,0.250000,3.426,ok,463700001
ec44cacd3eb11ab9e8ff7121cc3a4207,elargir,0.25,True,6,False,True,0.250000,3.433,ok,463700001
ec44cacd3eb11ab9e8ff7121cc3a4207,elargir,0.5,False,6,False,True,0.500000,3.074,ok,4167704189
ec44cacd3eb11ab9e8ff7121cc3a4207,elargir,0.5,True,6,False,True,0.500000,3.436,ok,4167704189
ec44cacd3eb11ab9e8ff7121cc3a4207,elargir,1.0,False,6,False,False,,3.169,invariant_viole,1952150120
ec44cacd3eb11ab9e8ff7121cc3a4207,elargir,1.0,True,6,False,False,,4.232,infaisable,1952150120
ec44cacd3eb11ab9e8ff7121cc3a4207,retrecir,0.1,False,6,False,False,,3.029,invariant_viole,2883929863
ec44cacd3eb11ab9e8ff7121cc3a4207,retrecir,0.1,True,6,False,True,0.100000,4.216,ok,2883929863
ec44cacd3eb11ab9e8ff7121cc3a4207,retrecir,0.25,False,6,False,False,,3.249,invariant_viole,1456229558
ec44cacd3eb11ab9e8ff7121cc3a4207,retrecir,0.25,True,6,False,True,0.250000,3.407,ok,1456229558
ec44cacd3eb11ab9e8ff7121cc3a4207,retrecir,0.5,False,6,False,False,,3.016,invariant_viole,4182267050
ec44cacd3eb11ab9e8ff7121cc3a4207,retrecir,0.5,True,6,False,True,0.500000,3.527,ok,4182267050
ec44cacd3eb11ab9e8ff7121cc3a4207,retrecir,1.0,False,6,False,False,,2.961,invariant_viole,3559734574
ec44cacd3eb11ab9e8ff7121cc3a4207,retrecir,1.0,True,6,False,False,,4.478,infaisable,3559734574
ec44cacd3eb11ab9e8ff7121cc3a4207,aplatir,0.1,False,6,False,False,,2.940,invariant_viole,2279953905
ec44cacd3eb11ab9e8ff7121cc3a4207,aplatir,0.1,True,6,False,True,0.100000,3.621,ok,2279953905
ec44cacd3eb11ab9e8ff7121cc3a4207,aplatir,0.25,False,6,False,False,,3.050,invariant_viole,4179119328
ec44cacd3eb11ab9e8ff7121cc3a4207,aplatir,0.25,True,6,False,True,0.250000,3.399,ok,4179119328
ec44cacd3eb11ab9e8ff7121cc3a4207,aplatir,0.5,False,6,False,False,,2.950,invariant_viole,4213637112
ec44cacd3eb11ab9e8ff7121cc3a4207,aplatir,0.5,True,6,False,True,0.500000,3.571,ok,4213637112
ec44cacd3eb11ab9e8ff7121cc3a4207,aplatir,1.0,False,6,False,False,,3.042,invariant_viole,477688786
ec44cacd3eb11ab9e8ff7121cc3a4207,aplatir,1.0,True,6,False,False,,4.797,infaisable,477688786
db3c77e790259b61564d74318d68ea90,deplacer,0.1,False,14,False,True,0.100000,11.231,ok,3971496949
db3c77e790259b61564d74318d68ea90,deplacer,0.1,True,14,False,True,0.100000,9.009,ok,3971496949
db3c77e790259b61564d74318d68ea90,deplacer,0.25,False,14,False,True,0.250000,11.205,ok,3960249520
db3c77e790259b61564d74318d68ea90,deplacer,0.25,True,14,False,True,0.250000,7.978,ok,3960249520
db3c77e790259b61564d74318d68ea90,deplacer,0.5,False,14,False,False,,7.916,invariant_viole,3464268514
db3c77e790259b61564d74318d68ea90,deplacer,0.5,True,14,False,False,,10.127,infaisable,3464268514
db3c77e790259b61564d74318d68ea90,deplacer,1.0,False,14,False,True,1.000000,7.882,ok,63458351
db3c77e790259b61564d74318d68ea90,deplacer,1.0,True,14,False,True,1.000000,8.145,ok,63458351
db3c77e790259b61564d74318d68ea90,elargir,0.1,False,14,False,False,,9.968,invariant_viole,3064486915
db3c77e790259b61564d74318d68ea90,elargir,0.1,True,14,False,True,0.100000,10.264,ok,3064486915
db3c77e790259b61564d74318d68ea90,elargir,0.25,False,14,False,False,,7.996,invariant_viole,927607684
db3c77e790259b61564d74318d68ea90,elargir,0.25,True,14,False,True,0.250000,8.606,ok,927607684
db3c77e790259b61564d74318d68ea90,elargir,0.5,False,14,False,False,,8.433,invariant_viole,4223084210
db3c77e790259b61564d74318d68ea90,elargir,0.5,True,14,False,True,0.646492,9.204,ok,4223084210
db3c77e790259b61564d74318d68ea90,elargir,1.0,False,14,False,True,1.000000,8.374,ok,856053718
db3c77e790259b61564d74318d68ea90,elargir,1.0,True,14,False,True,1.000000,7.751,ok,856053718
db3c77e790259b61564d74318d68ea90,retrecir,0.1,False,14,False,False,,8.908,invariant_viole,3814189145
db3c77e790259b61564d74318d68ea90,retrecir,0.1,True,14,False,True,0.100000,7.691,ok,3814189145
db3c77e790259b61564d74318d68ea90,retrecir,0.25,False,14,False,False,,8.399,invariant_viole,1047132456
db3c77e790259b61564d74318d68ea90,retrecir,0.25,True,14,False,True,0.250000,7.670,ok,1047132456
db3c77e790259b61564d74318d68ea90,retrecir,0.5,False,14,False,False,,7.856,invariant_viole,2406238826
db3c77e790259b61564d74318d68ea90,retrecir,0.5,True,14,False,True,0.500000,7.882,ok,2406238826
db3c77e790259b61564d74318d68ea90,retrecir,1.0,False,14,False,False,,9.252,invariant_viole,1656116258
db3c77e790259b61564d74318d68ea90,retrecir,1.0,True,14,False,True,1.000000,10.815,ok,1656116258
db3c77e790259b61564d74318d68ea90,aplatir,0.1,False,14,False,False,,10.208,invariant_viole,1158878149
db3c77e790259b61564d74318d68ea90,aplatir,0.1,True,14,False,True,0.100000,8.134,ok,1158878149
db3c77e790259b61564d74318d68ea90,aplatir,0.25,False,14,False,False,,10.820,invariant_viole,2995485267
db3c77e790259b61564d74318d68ea90,aplatir,0.25,True,14,False,True,0.250000,8.990,ok,2995485267
db3c77e790259b61564d74318d68ea90,aplatir,0.5,False,14,False,False,,8.354,invariant_viole,561543097
db3c77e790259b61564d74318d68ea90,aplatir,0.5,True,14,False,True,0.500000,10.347,ok,561543097
db3c77e790259b61564d74318d68ea90,aplatir,1.0,False,14,False,False,,8.908,invariant_viole,3236752259
db3c77e790259b61564d74318d68ea90,aplatir,1.0,True,14,False,True,1.197083,9.594,ok,3236752259
517a21568b20a350a70b15c1485940ef,deplacer,0.1,False,11,False,True,0.100000,9.558,ok,4195948748
517a21568b20a350a70b15c1485940ef,deplacer,0.1,True,11,False,True,0.100000,7.598,ok,4195948748
517a21568b20a350a70b15c1485940ef,deplacer,0.25,False,11,False,True,0.250000,7.495,ok,1031708430
517a21568b20a350a70b15c1485940ef,deplacer,0.25,True,11,False,True,0.250000,9.784,ok,1031708430
517a21568b20a350a70b15c1485940ef,deplacer,0.5,False,11,False,True,0.500000,5.998,ok,1919627179
517a21568b20a350a70b15c1485940ef,deplacer,0.5,True,11,False,True,0.500000,8.440,ok,1919627179
517a21568b20a350a70b15c1485940ef,deplacer,1.0,False,11,False,True,1.000000,6.054,ok,2897044319
517a21568b20a350a70b15c1485940ef,deplacer,1.0,True,11,False,True,1.000000,8.025,ok,2897044319
517a21568b20a350a70b15c1485940ef,elargir,0.1,False,11,False,True,0.100000,6.352,ok,3846763721
517a21568b20a350a70b15c1485940ef,elargir,0.1,True,11,False,True,0.100000,8.730,ok,3846763721
517a21568b20a350a70b15c1485940ef,elargir,0.25,False,11,False,True,0.250000,7.036,ok,930402941
517a21568b20a350a70b15c1485940ef,elargir,0.25,True,11,False,True,0.250000,6.902,ok,930402941
517a21568b20a350a70b15c1485940ef,elargir,0.5,False,11,False,False,,6.311,invariant_viole,4081334689
517a21568b20a350a70b15c1485940ef,elargir,0.5,True,11,False,True,0.500000,8.527,ok,4081334689
517a21568b20a350a70b15c1485940ef,elargir,1.0,False,11,False,True,1.000000,7.823,ok,2805892817
517a21568b20a350a70b15c1485940ef,elargir,1.0,True,11,False,True,1.000000,10.874,ok,2805892817
517a21568b20a350a70b15c1485940ef,retrecir,0.1,False,11,False,False,,9.726,invariant_viole,1564206245
517a21568b20a350a70b15c1485940ef,retrecir,0.1,True,11,False,True,0.100000,7.928,ok,1564206245
517a21568b20a350a70b15c1485940ef,retrecir,0.25,False,11,False,False,,6.055,invariant_viole,3479347392
517a21568b20a350a70b15c1485940ef,retrecir,0.25,True,11,False,True,0.250000,8.278,ok,3479347392
517a21568b20a350a70b15c1485940ef,retrecir,0.5,False,11,False,False,,6.054,invariant_viole,982875416
517a21568b20a350a70b15c1485940ef,retrecir,0.5,True,11,False,True,0.500000,7.906,ok,982875416
517a21568b20a350a70b15c1485940ef,retrecir,1.0,False,11,False,True,0.452289,6.003,ok,1429303248
517a21568b20a350a70b15c1485940ef,retrecir,1.0,True,11,False,True,0.452289,7.357,ok,1429303248
517a21568b20a350a70b15c1485940ef,aplatir,0.1,False,11,False,False,,6.130,invariant_viole,1648052146
517a21568b20a350a70b15c1485940ef,aplatir,0.1,True,11,False,True,0.100000,7.625,ok,1648052146
517a21568b20a350a70b15c1485940ef,aplatir,0.25,False,11,False,False,,5.968,invariant_viole,3296582535
517a21568b20a350a70b15c1485940ef,aplatir,0.25,True,11,False,True,0.250000,10.546,ok,3296582535
517a21568b20a350a70b15c1485940ef,aplatir,0.5,False,11,False,False,,6.104,invariant_viole,4227357323
517a21568b20a350a70b15c1485940ef,aplatir,0.5,True,11,False,True,0.500000,8.640,ok,4227357323
517a21568b20a350a70b15c1485940ef,aplatir,1.0,False,11,False,False,,6.169,invariant_viole,700378909
517a21568b20a350a70b15c1485940ef,aplatir,1.0,True,11,False,True,1.000000,7.350,ok,700378909
8b3e6b305c104af9dcbab3060fd7f998,deplacer,0.1,False,6,False,False,,3.198,invariant_viole,2243877265
8b3e6b305c104af9dcbab3060fd7f998,deplacer,0.1,True,6,False,True,0.100000,3.757,ok,2243877265
8b3e6b305c104af9dcbab3060fd7f998,deplacer,0.25,False,6,False,True,0.250000,4.252,ok,3176296145
8b3e6b305c104af9dcbab3060fd7f998,deplacer,0.25,True,6,False,True,0.250000,3.744,ok,3176296145
8b3e6b305c104af9dcbab3060fd7f998,deplacer,0.5,False,6,False,True,0.500000,4.261,ok,2441097200
8b3e6b305c104af9dcbab3060fd7f998,deplacer,0.5,True,6,False,True,0.500000,3.744,ok,2441097200
8b3e6b305c104af9dcbab3060fd7f998,deplacer,1.0,False,6,False,True,1.000000,4.266,ok,2268070344
8b3e6b305c104af9dcbab3060fd7f998,deplacer,1.0,True,6,False,True,1.000000,4.197,ok,2268070344
8b3e6b305c104af9dcbab3060fd7f998,elargir,0.1,False,6,False,True,0.100000,4.173,ok,589657431
8b3e6b305c104af9dcbab3060fd7f998,elargir,0.1,True,6,False,True,0.100000,3.728,ok,589657431
8b3e6b305c104af9dcbab3060fd7f998,elargir,0.25,False,6,False,True,0.250000,4.335,ok,2313095107
8b3e6b305c104af9dcbab3060fd7f998,elargir,0.25,True,6,False,True,0.250000,3.826,ok,2313095107
8b3e6b305c104af9dcbab3060fd7f998,elargir,0.5,False,6,False,True,0.500000,4.245,ok,146652010
8b3e6b305c104af9dcbab3060fd7f998,elargir,0.5,True,6,False,True,0.500000,3.684,ok,146652010
8b3e6b305c104af9dcbab3060fd7f998,elargir,1.0,False,6,False,True,1.000000,4.292,ok,2588937153
8b3e6b305c104af9dcbab3060fd7f998,elargir,1.0,True,6,False,True,1.000000,4.004,ok,2588937153
8b3e6b305c104af9dcbab3060fd7f998,retrecir,0.1,False,6,False,False,,3.247,invariant_viole,411222010
8b3e6b305c104af9dcbab3060fd7f998,retrecir,0.1,True,6,False,True,0.100000,4.548,ok,411222010
8b3e6b305c104af9dcbab3060fd7f998,retrecir,0.25,False,6,False,False,,3.660,invariant_viole,1725424144
8b3e6b305c104af9dcbab3060fd7f998,retrecir,0.25,True,6,False,True,0.250000,4.092,ok,1725424144
8b3e6b305c104af9dcbab3060fd7f998,retrecir,0.5,False,6,False,False,,3.242,invariant_viole,1767085347
8b3e6b305c104af9dcbab3060fd7f998,retrecir,0.5,True,6,False,True,0.500000,3.814,ok,1767085347
8b3e6b305c104af9dcbab3060fd7f998,retrecir,1.0,False,6,False,False,,3.115,invariant_viole,3633999382
8b3e6b305c104af9dcbab3060fd7f998,retrecir,1.0,True,6,False,True,1.000000,3.681,ok,3633999382
8b3e6b305c104af9dcbab3060fd7f998,aplatir,0.1,False,6,False,False,,3.151,invariant_viole,404752926
8b3e6b305c104af9dcbab3060fd7f998,aplatir,0.1,True,6,False,True,0.100000,5.579,ok,404752926
8b3e6b305c104af9dcbab3060fd7f998,aplatir,0.25,False,6,False,False,,3.166,invariant_viole,2287111031
8b3e6b305c104af9dcbab3060fd7f998,aplatir,0.25,True,6,False,True,0.250000,3.765,ok,2287111031
8b3e6b305c104af9dcbab3060fd7f998,aplatir,0.5,False,6,False,False,,3.190,invariant_viole,3781632190
8b3e6b305c104af9dcbab3060fd7f998,aplatir,0.5,True,6,False,True,0.500000,3.860,ok,3781632190
8b3e6b305c104af9dcbab3060fd7f998,aplatir,1.0,False,6,False,False,,3.216,invariant_viole,1134754996
8b3e6b305c104af9dcbab3060fd7f998,aplatir,1.0,True,6,False,True,1.000000,4.377,ok,1134754996
130efbff1a54cde2a9feb58dac2a7c82,deplacer,0.1,False,14,False,True,0.100000,13.643,ok,2166462715
130efbff1a54cde2a9feb58dac2a7c82,deplacer,0.1,True,14,False,True,0.100000,11.207,ok,2166462715
130efbff1a54cde2a9feb58dac2a7c82,deplacer,0.25,False,14,False,True,0.250000,10.437,ok,2485185933
130efbff1a54cde2a9feb58dac2a7c82,deplacer,0.25,True,14,False,True,0.250000,12.578,ok,2485185933
130efbff1a54cde2a9feb58dac2a7c82,deplacer,0.5,False,14,False,True,0.500000,10.249,ok,848842344
130efbff1a54cde2a9feb58dac2a7c82,deplacer,0.5,True,14,False,True,0.500000,10.964,ok,848842344
130efbff1a54cde2a9feb58dac2a7c82,deplacer,1.0,False,14,False,True,1.000000,10.300,ok,2235966828
130efbff1a54cde2a9feb58dac2a7c82,deplacer,1.0,True,14,False,True,1.000000,11.339,ok,2235966828
130efbff1a54cde2a9feb58dac2a7c82,elargir,0.1,False,14,False,False,,7.991,invariant_viole,2342006208
130efbff1a54cde2a9feb58dac2a7c82,elargir,0.1,True,14,False,False,,10.386,infaisable,2342006208
130efbff1a54cde2a9feb58dac2a7c82,elargir,0.25,False,14,False,True,0.250000,13.456,ok,209794305
130efbff1a54cde2a9feb58dac2a7c82,elargir,0.25,True,14,False,True,0.250000,18.006,ok,209794305
130efbff1a54cde2a9feb58dac2a7c82,elargir,0.5,False,14,False,True,0.500000,11.586,ok,529066284
130efbff1a54cde2a9feb58dac2a7c82,elargir,0.5,True,14,False,True,0.500000,12.684,ok,529066284
130efbff1a54cde2a9feb58dac2a7c82,elargir,1.0,False,14,False,True,1.000000,10.595,ok,1808828866
130efbff1a54cde2a9feb58dac2a7c82,elargir,1.0,True,14,False,True,1.000000,11.678,ok,1808828866
130efbff1a54cde2a9feb58dac2a7c82,retrecir,0.1,False,14,False,False,,7.730,invariant_viole,1697636917
130efbff1a54cde2a9feb58dac2a7c82,retrecir,0.1,True,14,False,True,0.100000,10.898,ok,1697636917
130efbff1a54cde2a9feb58dac2a7c82,retrecir,0.25,False,14,False,False,,7.714,invariant_viole,2737470337
130efbff1a54cde2a9feb58dac2a7c82,retrecir,0.25,True,14,False,True,0.250000,11.525,ok,2737470337
130efbff1a54cde2a9feb58dac2a7c82,retrecir,0.5,False,14,False,True,0.500000,9.542,ok,313600599
130efbff1a54cde2a9feb58dac2a7c82,retrecir,0.5,True,14,False,True,0.500000,10.130,ok,313600599
130efbff1a54cde2a9feb58dac2a7c82,retrecir,1.0,False,14,False,False,,8.267,invariant_viole,1379792864
130efbff1a54cde2a9feb58dac2a7c82,retrecir,1.0,True,14,False,True,1.000000,11.268,ok,1379792864
130efbff1a54cde2a9feb58dac2a7c82,aplatir,0.1,False,14,False,False,,9.328,invariant_viole,2876292214
130efbff1a54cde2a9feb58dac2a7c82,aplatir,0.1,True,14,False,True,0.100000,10.394,ok,2876292214
130efbff1a54cde2a9feb58dac2a7c82,aplatir,0.25,False,14,False,False,,9.124,invariant_viole,2237567994
130efbff1a54cde2a9feb58dac2a7c82,aplatir,0.25,True,14,False,True,0.250000,10.643,ok,2237567994
130efbff1a54cde2a9feb58dac2a7c82,aplatir,0.5,False,14,False,True,0.500000,10.088,ok,1649492152
130efbff1a54cde2a9feb58dac2a7c82,aplatir,0.5,True,14,False,True,0.500000,14.921,ok,1649492152
130efbff1a54cde2a9feb58dac2a7c82,aplatir,1.0,False,14,False,False,,7.741,invariant_viole,1765252137
130efbff1a54cde2a9feb58dac2a7c82,aplatir,1.0,True,14,False,True,1.000000,13.589,ok,1765252137
30d892ef82d0046e78d9c6f52b6a4d4b,deplacer,0.1,False,11,False,False,,7.258,invariant_viole,3387496946
30d892ef82d0046e78d9c6f52b6a4d4b,deplacer,0.1,True,11,False,True,0.100000,7.264,ok,3387496946
30d892ef82d0046e78d9c6f52b6a4d4b,deplacer,0.25,False,11,False,False,,6.818,invariant_viole,3187825968
30d892ef82d0046e78d9c6f52b6a4d4b,deplacer,0.25,True,11,False,True,0.550050,6.877,ok,3187825968
30d892ef82d0046e78d9c6f52b6a4d4b,deplacer,0.5,False,11,False,True,0.500000,9.910,ok,4055575244
30d892ef82d0046e78d9c6f52b6a4d4b,deplacer,0.5,True,11,False,True,0.500000,6.491,ok,4055575244
30d892ef82d0046e78d9c6f52b6a4d4b,deplacer,1.0,False,11,False,True,1.000000,6.901,ok,1066292378
30d892ef82d0046e78d9c6f52b6a4d4b,deplacer,1.0,True,11,False,True,1.000000,6.738,ok,1066292378
30d892ef82d0046e78d9c6f52b6a4d4b,elargir,0.1,False,11,False,True,0.100000,7.535,ok,3423843465
30d892ef82d0046e78d9c6f52b6a4d4b,elargir,0.1,True,11,False,True,0.100000,6.820,ok,3423843465
30d892ef82d0046e78d9c6f52b6a4d4b,elargir,0.25,False,11,False,False,,6.776,invariant_viole,3757763729
30d892ef82d0046e78d9c6f52b6a4d4b,elargir,0.25,True,11,False,True,0.550050,6.360,ok,3757763729
30d892ef82d0046e78d9c6f52b6a4d4b,elargir,0.5,False,11,False,False,,8.825,invariant_viole,3939497751
30d892ef82d0046e78d9c6f52b6a4d4b,elargir,0.5,True,11,False,True,0.550050,7.892,ok,3939497751
30d892ef82d0046e78d9c6f52b6a4d4b,elargir,1.0,False,11,False,True,1.000000,6.507,ok,2807915801
30d892ef82d0046e78d9c6f52b6a4d4b,elargir,1.0,True,11,False,True,1.000000,8.030,ok,2807915801
30d892ef82d0046e78d9c6f52b6a4d4b,retrecir,0.1,False,11,False,False,,6.684,invariant_viole,311865200
30d892ef82d0046e78d9c6f52b6a4d4b,retrecir,0.1,True,11,False,True,0.100000,7.413,ok,311865200
30d892ef82d0046e78d9c6f52b6a4d4b,retrecir,0.25,False,11,False,False,,6.400,invariant_viole,3850339438
30d892ef82d0046e78d9c6f52b6a4d4b,retrecir,0.25,True,11,False,True,0.250000,8.966,ok,3850339438
30d892ef82d0046e78d9c6f52b6a4d4b,retrecir,0.5,False,11,False,False,,6.173,invariant_viole,2176261520
30d892ef82d0046e78d9c6f52b6a4d4b,retrecir,0.5,True,11,False,True,0.500000,7.494,ok,2176261520
30d892ef82d0046e78d9c6f52b6a4d4b,retrecir,1.0,False,11,False,False,,6.251,invariant_viole,3317441407
30d892ef82d0046e78d9c6f52b6a4d4b,retrecir,1.0,True,11,False,True,1.000000,7.228,ok,3317441407
30d892ef82d0046e78d9c6f52b6a4d4b,aplatir,0.1,False,11,False,False,,6.615,invariant_viole,723727518
30d892ef82d0046e78d9c6f52b6a4d4b,aplatir,0.1,True,11,False,True,0.100000,7.445,ok,723727518
30d892ef82d0046e78d9c6f52b6a4d4b,aplatir,0.25,False,11,False,False,,5.981,invariant_viole,1316028008
30d892ef82d0046e78d9c6f52b6a4d4b,aplatir,0.25,True,11,False,True,0.250000,10.412,ok,1316028008
30d892ef82d0046e78d9c6f52b6a4d4b,aplatir,0.5,False,11,False,False,,6.863,invariant_viole,899630974
30d892ef82d0046e78d9c6f52b6a4d4b,aplatir,0.5,True,11,False,True,0.500000,6.849,ok,899630974
30d892ef82d0046e78d9c6f52b6a4d4b,aplatir,1.0,False,11,False,False,,7.545,invariant_viole,3909396161
30d892ef82d0046e78d9c6f52b6a4d4b,aplatir,1.0,True,11,False,True,1.000000,7.514,ok,3909396161
6901e5daa0e9da0a92ddd0666fe8f440,deplacer,0.1,False,6,False,False,,3.204,invariant_viole,646903859
6901e5daa0e9da0a92ddd0666fe8f440,deplacer,0.1,True,6,False,True,0.100000,3.983,ok,646903859
6901e5daa0e9da0a92ddd0666fe8f440,deplacer,0.25,False,6,False,False,,3.091,invariant_viole,3854269045
6901e5daa0e9da0a92ddd0666fe8f440,deplacer,0.25,True,6,False,True,0.250000,4.685,ok,3854269045
6901e5daa0e9da0a92ddd0666fe8f440,deplacer,0.5,False,6,False,True,0.500000,3.181,ok,2216765880
6901e5daa0e9da0a92ddd0666fe8f440,deplacer,0.5,True,6,False,True,0.500000,4.159,ok,2216765880
6901e5daa0e9da0a92ddd0666fe8f440,deplacer,1.0,False,6,False,False,,3.383,invariant_viole,4156112534
6901e5daa0e9da0a92ddd0666fe8f440,deplacer,1.0,True,6,False,True,0.942292,4.138,ok,4156112534
6901e5daa0e9da0a92ddd0666fe8f440,elargir,0.1,False,6,False,True,0.100000,3.148,ok,2254749706
6901e5daa0e9da0a92ddd0666fe8f440,elargir,0.1,True,6,False,True,0.100000,3.741,ok,2254749706
6901e5daa0e9da0a92ddd0666fe8f440,elargir,0.25,False,6,False,True,0.250000,3.237,ok,4208190863
6901e5daa0e9da0a92ddd0666fe8f440,elargir,0.25,True,6,False,True,0.250000,3.781,ok,4208190863
6901e5daa0e9da0a92ddd0666fe8f440,elargir,0.5,False,6,False,False,,2.999,invariant_viole,1043100156
6901e5daa0e9da0a92ddd0666fe8f440,elargir,0.5,True,6,False,True,0.500000,3.724,ok,1043100156
6901e5daa0e9da0a92ddd0666fe8f440,elargir,1.0,False,6,False,True,1.000000,3.271,ok,3009674808
6901e5daa0e9da0a92ddd0666fe8f440,elargir,1.0,True,6,False,True,1.000000,3.866,ok,3009674808
6901e5daa0e9da0a92ddd0666fe8f440,retrecir,0.1,False,6,False,False,,3.035,invariant_viole,1527742526
6901e5daa0e9da0a92ddd0666fe8f440,retrecir,0.1,True,6,False,True,0.100000,4.085,ok,1527742526
6901e5daa0e9da0a92ddd0666fe8f440,retrecir,0.25,False,6,False,False,,4.471,invariant_viole,1230764115
6901e5daa0e9da0a92ddd0666fe8f440,retrecir,0.25,True,6,False,True,0.250000,6.528,ok,1230764115
6901e5daa0e9da0a92ddd0666fe8f440,retrecir,0.5,False,6,False,False,,4.284,invariant_viole,428649404
6901e5daa0e9da0a92ddd0666fe8f440,retrecir,0.5,True,6,False,True,0.500000,7.263,ok,428649404
6901e5daa0e9da0a92ddd0666fe8f440,retrecir,1.0,False,6,False,False,,3.222,invariant_viole,3344121866
6901e5daa0e9da0a92ddd0666fe8f440,retrecir,1.0,True,6,False,True,1.700588,5.167,ok,3344121866
6901e5daa0e9da0a92ddd0666fe8f440,aplatir,0.1,False,6,False,False,,3.260,invariant_viole,1228699268
6901e5daa0e9da0a92ddd0666fe8f440,aplatir,0.1,True,6,False,True,0.100000,3.853,ok,1228699268
6901e5daa0e9da0a92ddd0666fe8f440,aplatir,0.25,False,6,False,False,,3.184,invariant_viole,500633059
6901e5daa0e9da0a92ddd0666fe8f440,aplatir,0.25,True,6,False,True,0.250000,7.365,ok,500633059
6901e5daa0e9da0a92ddd0666fe8f440,aplatir,0.5,False,6,False,False,,3.289,invariant_viole,2197362703
6901e5daa0e9da0a92ddd0666fe8f440,aplatir,0.5,True,6,False,True,0.500000,5.134,ok,2197362703
6901e5daa0e9da0a92ddd0666fe8f440,aplatir,1.0,False,6,False,False,,3.912,invariant_viole,1679507608
6901e5daa0e9da0a92ddd0666fe8f440,aplatir,1.0,True,6,False,True,1.000000,4.194,ok,1679507608
23decdb87b9b3c932733f35e0c2b3b08,deplacer,0.1,False,11,False,True,0.100000,6.314,ok,706420015
23decdb87b9b3c932733f35e0c2b3b08,deplacer,0.1,True,11,False,True,0.100000,6.418,ok,706420015
23decdb87b9b3c932733f35e0c2b3b08,deplacer,0.25,False,11,False,True,0.250000,12.387,ok,3488728752
23decdb87b9b3c932733f35e0c2b3b08,deplacer,0.25,True,11,False,True,0.250000,7.726,ok,3488728752
23decdb87b9b3c932733f35e0c2b3b08,deplacer,0.5,False,11,False,True,0.500000,7.792,ok,1342267596
23decdb87b9b3c932733f35e0c2b3b08,deplacer,0.5,True,11,False,True,0.500000,7.713,ok,1342267596
23decdb87b9b3c932733f35e0c2b3b08,deplacer,1.0,False,11,False,True,1.000000,8.010,ok,3054581221
23decdb87b9b3c932733f35e0c2b3b08,deplacer,1.0,True,11,False,True,1.000000,7.922,ok,3054581221
23decdb87b9b3c932733f35e0c2b3b08,elargir,0.1,False,11,False,True,0.100000,6.458,ok,4161607174
23decdb87b9b3c932733f35e0c2b3b08,elargir,0.1,True,11,False,True,0.100000,9.913,ok,4161607174
23decdb87b9b3c932733f35e0c2b3b08,elargir,0.25,False,11,False,True,0.250000,8.205,ok,48132579
23decdb87b9b3c932733f35e0c2b3b08,elargir,0.25,True,11,False,True,0.250000,6.869,ok,48132579
23decdb87b9b3c932733f35e0c2b3b08,elargir,0.5,False,11,False,True,0.500000,6.246,ok,3707559111
23decdb87b9b3c932733f35e0c2b3b08,elargir,0.5,True,11,False,True,0.500000,6.672,ok,3707559111
23decdb87b9b3c932733f35e0c2b3b08,elargir,1.0,False,11,False,True,1.000000,6.748,ok,1556319364
23decdb87b9b3c932733f35e0c2b3b08,elargir,1.0,True,11,False,True,0.907355,6.759,ok,1556319364
23decdb87b9b3c932733f35e0c2b3b08,retrecir,0.1,False,11,False,True,0.100000,9.244,ok,693334027
23decdb87b9b3c932733f35e0c2b3b08,retrecir,0.1,True,11,False,True,0.100000,15.149,ok,693334027
23decdb87b9b3c932733f35e0c2b3b08,retrecir,0.25,False,11,False,True,0.250000,7.668,ok,3757771814
23decdb87b9b3c932733f35e0c2b3b08,retrecir,0.25,True,11,False,True,0.250000,9.694,ok,3757771814
23decdb87b9b3c932733f35e0c2b3b08,retrecir,0.5,False,11,False,True,0.450140,11.535,ok,1833896756
23decdb87b9b3c932733f35e0c2b3b08,retrecir,0.5,True,11,False,True,0.450140,6.788,ok,1833896756
23decdb87b9b3c932733f35e0c2b3b08,retrecir,1.0,False,11,False,False,,9.576,invariant_viole,3573575524
23decdb87b9b3c932733f35e0c2b3b08,retrecir,1.0,True,11,False,True,1.000000,7.528,ok,3573575524
23decdb87b9b3c932733f35e0c2b3b08,aplatir,0.1,False,11,False,False,,6.654,invariant_viole,3554934584
23decdb87b9b3c932733f35e0c2b3b08,aplatir,0.1,True,11,False,True,0.100000,7.497,ok,3554934584
23decdb87b9b3c932733f35e0c2b3b08,aplatir,0.25,False,11,False,True,0.250000,6.729,ok,639501193
23decdb87b9b3c932733f35e0c2b3b08,aplatir,0.25,True,11,False,True,0.250000,7.238,ok,639501193
23decdb87b9b3c932733f35e0c2b3b08,aplatir,0.5,False,11,False,False,,6.445,invariant_viole,1588400998
23decdb87b9b3c932733f35e0c2b3b08,aplatir,0.5,True,11,False,True,0.500000,7.497,ok,1588400998
23decdb87b9b3c932733f35e0c2b3b08,aplatir,1.0,False,11,False,False,,8.974,invariant_viole,2156659663
23decdb87b9b3c932733f35e0c2b3b08,aplatir,1.0,True,11,False,True,0.550254,8.034,ok,2156659663
f0f30341b824303d4ad38fb7d4617bf3,deplacer,0.1,False,7,False,False,,4.044,invariant_viole,2285332711
f0f30341b824303d4ad38fb7d4617bf3,deplacer,0.1,True,7,False,True,0.100000,5.727,ok,2285332711
f0f30341b824303d4ad38fb7d4617bf3,deplacer,0.25,False,7,False,True,0.250000,4.486,ok,2314294800
f0f30341b824303d4ad38fb7d4617bf3,deplacer,0.25,True,7,False,True,0.250000,4.906,ok,2314294800
f0f30341b824303d4ad38fb7d4617bf3,deplacer,0.5,False,7,False,False,,3.841,invariant_viole,1224900620
f0f30341b824303d4ad38fb7d4617bf3,deplacer,0.5,True,7,False,True,0.500000,4.549,ok,1224900620
f0f30341b824303d4ad38fb7d4617bf3,deplacer,1.0,False,7,False,False,,3.776,invariant_viole,2292615802
f0f30341b824303d4ad38fb7d4617bf3,deplacer,1.0,True,7,False,True,1.000000,5.279,ok,2292615802
f0f30341b824303d4ad38fb7d4617bf3,elargir,0.1,False,7,False,True,0.100000,4.433,ok,941849915
f0f30341b824303d4ad38fb7d4617bf3,elargir,0.1,True,7,False,True,0.100000,4.558,ok,941849915
f0f30341b824303d4ad38fb7d4617bf3,elargir,0.25,False,7,False,True,0.250000,5.569,ok,2764747166
f0f30341b824303d4ad38fb7d4617bf3,elargir,0.25,True,7,False,True,0.250000,4.193,ok,2764747166
f0f30341b824303d4ad38fb7d4617bf3,elargir,0.5,False,7,False,True,0.500000,6.390,ok,2204062750
f0f30341b824303d4ad38fb7d4617bf3,elargir,0.5,True,7,False,True,0.500000,4.691,ok,2204062750
f0f30341b824303d4ad38fb7d4617bf3,elargir,1.0,False,7,False,True,1.000000,4.631,ok,2314309035
f0f30341b824303d4ad38fb7d4617bf3,elargir,1.0,True,7,False,True,1.000000,4.828,ok,2314309035
f0f30341b824303d4ad38fb7d4617bf3,retrecir,0.1,False,7,False,False,,3.923,invariant_viole,714954783
f0f30341b824303d4ad38fb7d4617bf3,retrecir,0.1,True,7,False,True,0.100000,4.547,ok,714954783
f0f30341b824303d4ad38fb7d4617bf3,retrecir,0.25,False,7,False,True,0.250000,4.583,ok,1467111046
f0f30341b824303d4ad38fb7d4617bf3,retrecir,0.25,True,7,False,True,0.250000,4.666,ok,1467111046
f0f30341b824303d4ad38fb7d4617bf3,retrecir,0.5,False,7,False,False,,3.825,invariant_viole,2522064060
f0f30341b824303d4ad38fb7d4617bf3,retrecir,0.5,True,7,False,True,0.500000,4.986,ok,2522064060
f0f30341b824303d4ad38fb7d4617bf3,retrecir,1.0,False,7,False,False,,3.818,invariant_viole,2602792240
f0f30341b824303d4ad38fb7d4617bf3,retrecir,1.0,True,7,False,True,1.000000,4.556,ok,2602792240
f0f30341b824303d4ad38fb7d4617bf3,aplatir,0.1,False,7,False,False,,3.729,invariant_viole,3947118421
f0f30341b824303d4ad38fb7d4617bf3,aplatir,0.1,True,7,False,True,0.100000,5.483,ok,3947118421
f0f30341b824303d4ad38fb7d4617bf3,aplatir,0.25,False,7,False,False,,4.025,invariant_viole,1300908238
f0f30341b824303d4ad38fb7d4617bf3,aplatir,0.25,True,7,False,True,0.250000,4.755,ok,1300908238
f0f30341b824303d4ad38fb7d4617bf3,aplatir,0.5,False,7,False,False,,3.846,invariant_viole,2860737177
f0f30341b824303d4ad38fb7d4617bf3,aplatir,0.5,True,7,False,True,0.500000,4.513,ok,2860737177
f0f30341b824303d4ad38fb7d4617bf3,aplatir,1.0,False,7,False,False,,3.794,invariant_viole,214735335
f0f30341b824303d4ad38fb7d4617bf3,aplatir,1.0,True,7,False,True,1.000000,5.267,ok,214735335
d9082218e55a2ce70645d3cd31c98272,deplacer,0.1,False,7,False,False,,4.853,invariant_viole,2325437509
d9082218e55a2ce70645d3cd31c98272,deplacer,0.1,True,7,False,False,,6.751,infaisable,2325437509
d9082218e55a2ce70645d3cd31c98272,deplacer,0.25,False,7,False,True,0.250000,4.048,ok,4101142506
d9082218e55a2ce70645d3cd31c98272,deplacer,0.25,True,7,False,True,0.250000,4.907,ok,4101142506
d9082218e55a2ce70645d3cd31c98272,deplacer,0.5,False,7,False,True,0.500000,6.371,ok,1930452464
d9082218e55a2ce70645d3cd31c98272,deplacer,0.5,True,7,False,True,0.500000,6.763,ok,1930452464
d9082218e55a2ce70645d3cd31c98272,deplacer,1.0,False,7,False,False,,4.835,invariant_viole,1623086529
d9082218e55a2ce70645d3cd31c98272,deplacer,1.0,True,7,False,False,,5.387,infaisable,1623086529
d9082218e55a2ce70645d3cd31c98272,elargir,0.1,False,7,False,True,0.100000,5.048,ok,2529743381
d9082218e55a2ce70645d3cd31c98272,elargir,0.1,True,7,False,True,0.100000,4.343,ok,2529743381
d9082218e55a2ce70645d3cd31c98272,elargir,0.25,False,7,False,True,0.250000,4.480,ok,1423528847
d9082218e55a2ce70645d3cd31c98272,elargir,0.25,True,7,False,True,0.250000,6.201,ok,1423528847
d9082218e55a2ce70645d3cd31c98272,elargir,0.5,False,7,False,True,0.500000,4.335,ok,3756338790
d9082218e55a2ce70645d3cd31c98272,elargir,0.5,True,7,False,True,0.500000,4.231,ok,3756338790
d9082218e55a2ce70645d3cd31c98272,elargir,1.0,False,7,False,True,1.000000,4.569,ok,1377278421
d9082218e55a2ce70645d3cd31c98272,elargir,1.0,True,7,False,True,1.000000,4.181,ok,1377278421
d9082218e55a2ce70645d3cd31c98272,retrecir,0.1,False,7,False,False,,4.587,invariant_viole,1580343802
d9082218e55a2ce70645d3cd31c98272,retrecir,0.1,True,7,False,True,0.100000,5.429,ok,1580343802
d9082218e55a2ce70645d3cd31c98272,retrecir,0.25,False,7,False,False,,4.250,invariant_viole,2745862034
d9082218e55a2ce70645d3cd31c98272,retrecir,0.25,True,7,False,True,0.250000,4.174,ok,2745862034
d9082218e55a2ce70645d3cd31c98272,retrecir,0.5,False,7,False,False,,4.163,invariant_viole,3210246859
d9082218e55a2ce70645d3cd31c98272,retrecir,0.5,True,7,False,True,0.500000,4.248,ok,3210246859
d9082218e55a2ce70645d3cd31c98272,retrecir,1.0,False,7,False,False,,3.829,invariant_viole,2352019259
d9082218e55a2ce70645d3cd31c98272,retrecir,1.0,True,7,False,True,1.000000,6.549,ok,2352019259
d9082218e55a2ce70645d3cd31c98272,aplatir,0.1,False,7,False,False,,5.141,invariant_viole,2631945101
d9082218e55a2ce70645d3cd31c98272,aplatir,0.1,True,7,False,True,0.100000,5.847,ok,2631945101
d9082218e55a2ce70645d3cd31c98272,aplatir,0.25,False,7,False,False,,5.040,invariant_viole,315714420
d9082218e55a2ce70645d3cd31c98272,aplatir,0.25,True,7,False,True,0.250000,4.498,ok,315714420
d9082218e55a2ce70645d3cd31c98272,aplatir,0.5,False,7,False,False,,6.621,invariant_viole,3186026691
d9082218e55a2ce70645d3cd31c98272,aplatir,0.5,True,7,False,True,0.500000,4.671,ok,3186026691
d9082218e55a2ce70645d3cd31c98272,aplatir,1.0,False,7,False,False,,4.315,invariant_viole,3389204578
d9082218e55a2ce70645d3cd31c98272,aplatir,1.0,True,7,False,True,1.000000,5.164,ok,3389204578
24fc5e87d335af8883451825f4e4561f,deplacer,0.1,False,6,False,True,0.100000,5.448,ok,3966651991
24fc5e87d335af8883451825f4e4561f,deplacer,0.1,True,6,False,True,0.100000,4.268,ok,3966651991
24fc5e87d335af8883451825f4e4561f,deplacer,0.25,False,6,False,True,0.250000,6.134,ok,315829319
24fc5e87d335af8883451825f4e4561f,deplacer,0.25,True,6,False,True,0.250000,4.870,ok,315829319
24fc5e87d335af8883451825f4e4561f,deplacer,0.5,False,6,False,True,0.500000,5.107,ok,3736454043
24fc5e87d335af8883451825f4e4561f,deplacer,0.5,True,6,False,True,0.500000,4.394,ok,3736454043
24fc5e87d335af8883451825f4e4561f,deplacer,1.0,False,6,False,True,1.000000,5.679,ok,206699871
24fc5e87d335af8883451825f4e4561f,deplacer,1.0,True,6,False,True,1.000000,4.598,ok,206699871
24fc5e87d335af8883451825f4e4561f,elargir,0.1,False,6,False,True,0.100000,4.820,ok,1214874775
24fc5e87d335af8883451825f4e4561f,elargir,0.1,True,6,False,True,0.100000,5.386,ok,1214874775
24fc5e87d335af8883451825f4e4561f,elargir,0.25,False,6,False,True,0.250000,4.400,ok,2042473217
24fc5e87d335af8883451825f4e4561f,elargir,0.25,True,6,False,True,0.250000,4.288,ok,2042473217
24fc5e87d335af8883451825f4e4561f,elargir,0.5,False,6,False,False,,3.829,invariant_viole,4271671701
24fc5e87d335af8883451825f4e4561f,elargir,0.5,True,6,False,False,,4.688,infaisable,4271671701
24fc5e87d335af8883451825f4e4561f,elargir,1.0,False,6,False,False,,3.373,invariant_viole,1807725974
24fc5e87d335af8883451825f4e4561f,elargir,1.0,True,6,False,False,,5.216,infaisable,1807725974
24fc5e87d335af8883451825f4e4561f,retrecir,0.1,False,6,False,False,,3.408,invariant_viole,3686834434
24fc5e87d335af8883451825f4e4561f,retrecir,0.1,True,6,False,True,0.100000,4.014,ok,3686834434
24fc5e87d335af8883451825f4e4561f,retrecir,0.25,False,6,False,False,,4.929,invariant_viole,3549410863
24fc5e87d335af8883451825f4e4561f,retrecir,0.25,True,6,False,True,0.250000,4.142,ok,3549410863
24fc5e87d335af8883451825f4e4561f,retrecir,0.5,False,6,False,False,,3.509,invariant_viole,2079798028
24fc5e87d335af8883451825f4e4561f,retrecir,0.5,True,6,False,True,0.500000,4.134,ok,2079798028
24fc5e87d335af8883451825f4e4561f,retrecir,1.0,False,6,False,False,,3.426,invariant_viole,3211876323
24fc5e87d335af8883451825f4e4561f,retrecir,1.0,True,6,False,True,0.464683,4.489,ok,3211876323
24fc5e87d335af8883451825f4e4561f,aplatir,0.1,False,6,False,False,,3.330,invariant_viole,2434021396
24fc5e87d335af8883451825f4e4561f,aplatir,0.1,True,6,False,True,0.100000,4.405,ok,2434021396
24fc5e87d335af8883451825f4e4561f,aplatir,0.25,False,6,False,False,,3.754,invariant_viole,9746432
24fc5e87d335af8883451825f4e4561f,aplatir,0.25,True,6,False,True,0.250000,4.812,ok,9746432
24fc5e87d335af8883451825f4e4561f,aplatir,0.5,False,6,False,False,,4.478,invariant_viole,813362578
24fc5e87d335af8883451825f4e4561f,aplatir,0.5,True,6,False,True,0.500000,4.531,ok,813362578
24fc5e87d335af8883451825f4e4561f,aplatir,1.0,False,6,False,False,,3.441,invariant_viole,1023211345
24fc5e87d335af8883451825f4e4561f,aplatir,1.0,True,6,False,True,1.000000,4.203,ok,1023211345
19eda56a7dd7f2bbf244a0710bbd2c71,deplacer,0.1,False,7,False,True,0.100000,4.483,ok,656281979
19eda56a7dd7f2bbf244a0710bbd2c71,deplacer,0.1,True,7,False,True,0.100000,4.444,ok,656281979
19eda56a7dd7f2bbf244a0710bbd2c71,deplacer,0.25,False,7,False,True,0.250000,3.834,ok,3869698152
19eda56a7dd7f2bbf244a0710bbd2c71,deplacer,0.25,True,7,False,True,0.250000,4.637,ok,3869698152
19eda56a7dd7f2bbf244a0710bbd2c71,deplacer,0.5,False,7,False,True,0.500000,6.256,ok,1049164532
19eda56a7dd7f2bbf244a0710bbd2c71,deplacer,0.5,True,7,False,True,0.500000,4.782,ok,1049164532
19eda56a7dd7f2bbf244a0710bbd2c71,deplacer,1.0,False,7,False,False,,6.314,invariant_viole,2457792701
19eda56a7dd7f2bbf244a0710bbd2c71,deplacer,1.0,True,7,False,False,,5.975,infaisable,2457792701
19eda56a7dd7f2bbf244a0710bbd2c71,elargir,0.1,False,7,False,True,0.100000,3.782,ok,3587844375
19eda56a7dd7f2bbf244a0710bbd2c71,elargir,0.1,True,7,False,True,0.100000,6.212,ok,3587844375
19eda56a7dd7f2bbf244a0710bbd2c71,elargir,0.25,False,7,False,False,,3.815,invariant_viole,2273483906
19eda56a7dd7f2bbf244a0710bbd2c71,elargir,0.25,True,7,False,True,0.250000,5.151,ok,2273483906
19eda56a7dd7f2bbf244a0710bbd2c71,elargir,0.5,False,7,False,True,0.500000,4.123,ok,1573954224
19eda56a7dd7f2bbf244a0710bbd2c71,elargir,0.5,True,7,False,True,0.500000,6.439,ok,1573954224
19eda56a7dd7f2bbf244a0710bbd2c71,elargir,1.0,False,7,False,True,1.000000,6.139,ok,187944281
19eda56a7dd7f2bbf244a0710bbd2c71,elargir,1.0,True,7,False,True,1.000000,5.675,ok,187944281
19eda56a7dd7f2bbf244a0710bbd2c71,retrecir,0.1,False,7,False,False,,4.002,invariant_viole,1617006880
19eda56a7dd7f2bbf244a0710bbd2c71,retrecir,0.1,True,7,False,True,0.100000,5.799,ok,1617006880
19eda56a7dd7f2bbf244a0710bbd2c71,retrecir,0.25,False,7,False,False,,4.404,invariant_viole,3822118877
19eda56a7dd7f2bbf244a0710bbd2c71,retrecir,0.25,True,7,False,True,0.250000,4.458,ok,3822118877
19eda56a7dd7f2bbf244a0710bbd2c71,retrecir,0.5,False,7,False,False,,4.329,invariant_viole,956494168
19eda56a7dd7f2bbf244a0710bbd2c71,retrecir,0.5,True,7,False,True,0.500000,5.420,ok,956494168
19eda56a7dd7f2bbf244a0710bbd2c71,retrecir,1.0,False,7,False,False,,4.816,invariant_viole,3000294051
19eda56a7dd7f2bbf244a0710bbd2c71,retrecir,1.0,True,7,False,True,0.824929,4.523,ok,3000294051
19eda56a7dd7f2bbf244a0710bbd2c71,aplatir,0.1,False,7,False,False,,3.714,invariant_viole,1972098394
19eda56a7dd7f2bbf244a0710bbd2c71,aplatir,0.1,True,7,False,True,0.100000,4.239,ok,1972098394
19eda56a7dd7f2bbf244a0710bbd2c71,aplatir,0.25,False,7,False,False,,4.107,invariant_viole,3989379416
19eda56a7dd7f2bbf244a0710bbd2c71,aplatir,0.25,True,7,False,True,0.250000,4.479,ok,3989379416
19eda56a7dd7f2bbf244a0710bbd2c71,aplatir,0.5,False,7,False,False,,3.706,invariant_viole,1990291122
19eda56a7dd7f2bbf244a0710bbd2c71,aplatir,0.5,True,7,False,True,0.500000,5.880,ok,1990291122
19eda56a7dd7f2bbf244a0710bbd2c71,aplatir,1.0,False,7,False,False,,4.290,invariant_viole,724787120
19eda56a7dd7f2bbf244a0710bbd2c71,aplatir,1.0,True,7,False,True,1.000000,4.387,ok,724787120
761ac332829d8f6e73b8d621c826c56d,deplacer,0.1,False,7,False,True,0.100000,3.972,ok,3770342482
761ac332829d8f6e73b8d621c826c56d,deplacer,0.1,True,7,False,True,0.100000,4.528,ok,3770342482
761ac332829d8f6e73b8d621c826c56d,deplacer,0.25,False,7,False,True,0.250000,4.850,ok,3989665355
761ac332829d8f6e73b8d621c826c56d,deplacer,0.25,True,7,False,True,0.250000,4.286,ok,3989665355
761ac332829d8f6e73b8d621c826c56d,deplacer,0.5,False,7,False,True,0.500000,3.893,ok,3359573142
761ac332829d8f6e73b8d621c826c56d,deplacer,0.5,True,7,False,True,0.500000,4.752,ok,3359573142
761ac332829d8f6e73b8d621c826c56d,deplacer,1.0,False,7,False,True,1.000000,4.037,ok,3856832142
761ac332829d8f6e73b8d621c826c56d,deplacer,1.0,True,7,False,True,1.000000,4.808,ok,3856832142
761ac332829d8f6e73b8d621c826c56d,elargir,0.1,False,7,False,False,,5.400,invariant_viole,3177211293
761ac332829d8f6e73b8d621c826c56d,elargir,0.1,True,7,False,True,0.100000,5.391,ok,3177211293
761ac332829d8f6e73b8d621c826c56d,elargir,0.25,False,7,False,True,0.250000,4.200,ok,4198761876
761ac332829d8f6e73b8d621c826c56d,elargir,0.25,True,7,False,True,0.250000,4.336,ok,4198761876
761ac332829d8f6e73b8d621c826c56d,elargir,0.5,False,7,False,True,0.500000,3.784,ok,1155079363
761ac332829d8f6e73b8d621c826c56d,elargir,0.5,True,7,False,True,0.500000,4.008,ok,1155079363
761ac332829d8f6e73b8d621c826c56d,elargir,1.0,False,7,False,True,1.000000,4.487,ok,1940714400
761ac332829d8f6e73b8d621c826c56d,elargir,1.0,True,7,False,True,1.000000,7.413,ok,1940714400
761ac332829d8f6e73b8d621c826c56d,retrecir,0.1,False,7,False,False,,4.501,invariant_viole,3498830105
761ac332829d8f6e73b8d621c826c56d,retrecir,0.1,True,7,False,True,0.100000,4.823,ok,3498830105
761ac332829d8f6e73b8d621c826c56d,retrecir,0.25,False,7,False,False,,3.701,invariant_viole,1008484670
761ac332829d8f6e73b8d621c826c56d,retrecir,0.25,True,7,False,True,0.250000,4.016,ok,1008484670
761ac332829d8f6e73b8d621c826c56d,retrecir,0.5,False,7,False,False,,4.006,invariant_viole,2272765634
761ac332829d8f6e73b8d621c826c56d,retrecir,0.5,True,7,False,True,0.500000,4.302,ok,2272765634
761ac332829d8f6e73b8d621c826c56d,retrecir,1.0,False,7,False,False,,3.952,invariant_viole,3809405895
761ac332829d8f6e73b8d621c826c56d,retrecir,1.0,True,7,False,True,0.824929,4.410,ok,3809405895
761ac332829d8f6e73b8d621c826c56d,aplatir,0.1,False,7,False,False,,3.774,invariant_viole,3323452388
761ac332829d8f6e73b8d621c826c56d,aplatir,0.1,True,7,False,True,0.100000,3.995,ok,3323452388
761ac332829d8f6e73b8d621c826c56d,aplatir,0.25,False,7,False,False,,3.966,invariant_viole,3856138888
761ac332829d8f6e73b8d621c826c56d,aplatir,0.25,True,7,False,True,0.250000,7.204,ok,3856138888
761ac332829d8f6e73b8d621c826c56d,aplatir,0.5,False,7,False,False,,3.950,invariant_viole,3715833959
761ac332829d8f6e73b8d621c826c56d,aplatir,0.5,True,7,False,True,0.500000,4.162,ok,3715833959
761ac332829d8f6e73b8d621c826c56d,aplatir,1.0,False,7,False,False,,3.798,invariant_viole,647055060
761ac332829d8f6e73b8d621c826c56d,aplatir,1.0,True,7,False,True,1.000000,4.442,ok,647055060
52de475b94c6ea2f0a0df41de5a3da8d,deplacer,0.1,False,6,False,False,,3.950,invariant_viole,255732674
52de475b94c6ea2f0a0df41de5a3da8d,deplacer,0.1,True,6,False,True,0.100000,4.106,ok,255732674
52de475b94c6ea2f0a0df41de5a3da8d,deplacer,0.25,False,6,False,False,,3.703,invariant_viole,1742237241
52de475b94c6ea2f0a0df41de5a3da8d,deplacer,0.25,True,6,False,False,,4.958,infaisable,1742237241
52de475b94c6ea2f0a0df41de5a3da8d,deplacer,0.5,False,6,False,False,,4.119,invariant_viole,769715675
52de475b94c6ea2f0a0df41de5a3da8d,deplacer,0.5,True,6,False,False,,4.770,infaisable,769715675
52de475b94c6ea2f0a0df41de5a3da8d,deplacer,1.0,False,6,False,False,,3.809,invariant_viole,2239710918
52de475b94c6ea2f0a0df41de5a3da8d,deplacer,1.0,True,6,False,False,,5.552,infaisable,2239710918
52de475b94c6ea2f0a0df41de5a3da8d,elargir,0.1,False,6,False,True,0.100000,3.913,ok,2976725021
52de475b94c6ea2f0a0df41de5a3da8d,elargir,0.1,True,6,False,True,0.100000,4.230,ok,2976725021
52de475b94c6ea2f0a0df41de5a3da8d,elargir,0.25,False,6,False,True,0.250000,5.206,ok,3870761645
52de475b94c6ea2f0a0df41de5a3da8d,elargir,0.25,True,6,False,True,0.250000,4.207,ok,3870761645
52de475b94c6ea2f0a0df41de5a3da8d,elargir,0.5,False,6,False,True,0.500000,4.595,ok,925426120
52de475b94c6ea2f0a0df41de5a3da8d,elargir,0.5,True,6,False,True,0.500000,5.494,ok,925426120
52de475b94c6ea2f0a0df41de5a3da8d,elargir,1.0,False,6,False,True,1.000000,4.863,ok,1010862370
52de475b94c6ea2f0a0df41de5a3da8d,elargir,1.0,True,6,False,True,1.000000,3.931,ok,1010862370
52de475b94c6ea2f0a0df41de5a3da8d,retrecir,0.1,False,6,False,False,,3.637,invariant_viole,26656863
52de475b94c6ea2f0a0df41de5a3da8d,retrecir,0.1,True,6,False,True,0.100000,3.985,ok,26656863
52de475b94c6ea2f0a0df41de5a3da8d,retrecir,0.25,False,6,False,False,,3.320,invariant_viole,771137418
52de475b94c6ea2f0a0df41de5a3da8d,retrecir,0.25,True,6,False,True,0.250000,4.122,ok,771137418
52de475b94c6ea2f0a0df41de5a3da8d,retrecir,0.5,False,6,False,False,,3.758,invariant_viole,971508186
52de475b94c6ea2f0a0df41de5a3da8d,retrecir,0.5,True,6,False,True,0.500000,4.008,ok,971508186
52de475b94c6ea2f0a0df41de5a3da8d,retrecir,1.0,False,6,False,False,,3.849,invariant_viole,507136571
52de475b94c6ea2f0a0df41de5a3da8d,retrecir,1.0,True,6,False,True,0.463215,4.689,ok,507136571
52de475b94c6ea2f0a0df41de5a3da8d,aplatir,0.1,False,6,False,False,,3.737,invariant_viole,2149261300
52de475b94c6ea2f0a0df41de5a3da8d,aplatir,0.1,True,6,False,True,0.100000,3.986,ok,2149261300
52de475b94c6ea2f0a0df41de5a3da8d,aplatir,0.25,False,6,False,False,,3.660,invariant_viole,4028509027
52de475b94c6ea2f0a0df41de5a3da8d,aplatir,0.25,True,6,False,True,0.250000,4.037,ok,4028509027
52de475b94c6ea2f0a0df41de5a3da8d,aplatir,0.5,False,6,False,False,,3.510,invariant_viole,3108178753
52de475b94c6ea2f0a0df41de5a3da8d,aplatir,0.5,True,6,False,True,0.500000,3.880,ok,3108178753
52de475b94c6ea2f0a0df41de5a3da8d,aplatir,1.0,False,6,False,False,,3.832,invariant_viole,1149338132
52de475b94c6ea2f0a0df41de5a3da8d,aplatir,1.0,True,6,False,True,1.000000,4.878,ok,1149338132
adfc4614318fa378ba3a469f157db2fe,deplacer,0.1,False,12,False,True,0.100000,11.971,ok,3763983397
adfc4614318fa378ba3a469f157db2fe,deplacer,0.1,True,12,False,True,0.100000,9.619,ok,3763983397
adfc4614318fa378ba3a469f157db2fe,deplacer,0.25,False,12,False,False,,7.805,invariant_viole,3264207643
adfc4614318fa378ba3a469f157db2fe,deplacer,0.25,True,12,False,True,0.250000,9.274,ok,3264207643
adfc4614318fa378ba3a469f157db2fe,deplacer,0.5,False,12,False,False,,7.760,invariant_viole,77807082
adfc4614318fa378ba3a469f157db2fe,deplacer,0.5,True,12,False,False,,9.289,infaisable,77807082
adfc4614318fa378ba3a469f157db2fe,deplacer,1.0,False,12,False,True,1.000000,8.779,ok,646775760
adfc4614318fa378ba3a469f157db2fe,deplacer,1.0,True,12,False,True,1.000000,11.346,ok,646775760
adfc4614318fa378ba3a469f157db2fe,elargir,0.1,False,12,False,True,0.100000,9.470,ok,1945421708
adfc4614318fa378ba3a469f157db2fe,elargir,0.1,True,12,False,True,0.100000,10.478,ok,1945421708
adfc4614318fa378ba3a469f157db2fe,elargir,0.25,False,12,False,True,0.250000,7.118,ok,2973090339
adfc4614318fa378ba3a469f157db2fe,elargir,0.25,True,12,False,True,0.250000,11.059,ok,2973090339
adfc4614318fa378ba3a469f157db2fe,elargir,0.5,False,12,False,True,0.500000,9.599,ok,2778652812
adfc4614318fa378ba3a469f157db2fe,elargir,0.5,True,12,False,True,0.500000,9.178,ok,2778652812
adfc4614318fa378ba3a469f157db2fe,elargir,1.0,False,12,False,False,,7.266,invariant_viole,1651493320
adfc4614318fa378ba3a469f157db2fe,elargir,1.0,True,12,False,True,0.821882,9.891,ok,1651493320
adfc4614318fa378ba3a469f157db2fe,retrecir,0.1,False,12,False,False,,6.942,invariant_viole,3742412966
adfc4614318fa378ba3a469f157db2fe,retrecir,0.1,True,12,False,True,0.100000,9.632,ok,3742412966
adfc4614318fa378ba3a469f157db2fe,retrecir,0.25,False,12,False,False,,7.328,invariant_viole,4151281387
adfc4614318fa378ba3a469f157db2fe,retrecir,0.25,True,12,False,True,0.250000,11.041,ok,4151281387
adfc4614318fa378ba3a469f157db2fe,retrecir,0.5,False,12,False,True,0.500000,10.982,ok,1489493282
adfc4614318fa378ba3a469f157db2fe,retrecir,0.5,True,12,False,True,0.500000,10.002,ok,1489493282
adfc4614318fa378ba3a469f157db2fe,retrecir,1.0,False,12,False,False,,7.342,invariant_viole,1532487058
adfc4614318fa378ba3a469f157db2fe,retrecir,1.0,True,12,False,True,1.000000,11.265,ok,1532487058
adfc4614318fa378ba3a469f157db2fe,aplatir,0.1,False,12,False,False,,7.963,invariant_viole,990110864
adfc4614318fa378ba3a469f157db2fe,aplatir,0.1,True,12,False,True,0.100000,9.517,ok,990110864
adfc4614318fa378ba3a469f157db2fe,aplatir,0.25,False,12,False,False,,9.653,invariant_viole,2147443415
adfc4614318fa378ba3a469f157db2fe,aplatir,0.25,True,12,False,True,0.250000,10.496,ok,2147443415
adfc4614318fa378ba3a469f157db2fe,aplatir,0.5,False,12,False,False,,6.862,invariant_viole,2970991375
adfc4614318fa378ba3a469f157db2fe,aplatir,0.5,True,12,False,True,0.500000,11.196,ok,2970991375
adfc4614318fa378ba3a469f157db2fe,aplatir,1.0,False,12,False,False,,8.696,invariant_viole,1026858320
adfc4614318fa378ba3a469f157db2fe,aplatir,1.0,True,12,False,True,1.000000,9.631,ok,1026858320
caeeb28a775765e3bb6d613389f79faf,deplacer,0.1,False,12,False,True,0.100000,7.661,ok,4042687108
caeeb28a775765e3bb6d613389f79faf,deplacer,0.1,True,12,False,True,0.100000,8.476,ok,4042687108
caeeb28a775765e3bb6d613389f79faf,deplacer,0.25,False,12,False,False,,6.713,invariant_viole,3639849661
caeeb28a775765e3bb6d613389f79faf,deplacer,0.25,True,12,False,False,,9.454,infaisable,3639849661
caeeb28a775765e3bb6d613389f79faf,deplacer,0.5,False,12,False,False,,6.453,invariant_viole,2726985897
caeeb28a775765e3bb6d613389f79faf,deplacer,0.5,True,12,False,False,,9.891,infaisable,2726985897
caeeb28a775765e3bb6d613389f79faf,deplacer,1.0,False,12,False,False,,6.495,invariant_viole,4201613968
caeeb28a775765e3bb6d613389f79faf,deplacer,1.0,True,12,False,False,,13.129,infaisable,4201613968
caeeb28a775765e3bb6d613389f79faf,elargir,0.1,False,12,False,False,,7.571,invariant_viole,3315252661
caeeb28a775765e3bb6d613389f79faf,elargir,0.1,True,12,False,True,0.100000,8.328,ok,3315252661
caeeb28a775765e3bb6d613389f79faf,elargir,0.25,False,12,False,True,0.250000,7.132,ok,146701119
caeeb28a775765e3bb6d613389f79faf,elargir,0.25,True,12,False,True,0.250000,8.532,ok,146701119
caeeb28a775765e3bb6d613389f79faf,elargir,0.5,False,12,False,False,,6.495,invariant_viole,2850854321
caeeb28a775765e3bb6d613389f79faf,elargir,0.5,True,12,False,True,0.500000,8.871,ok,2850854321
caeeb28a775765e3bb6d613389f79faf,elargir,1.0,False,12,False,True,1.000000,8.436,ok,3041450315
caeeb28a775765e3bb6d613389f79faf,elargir,1.0,True,12,False,True,1.000000,9.118,ok,3041450315
caeeb28a775765e3bb6d613389f79faf,retrecir,0.1,False,12,False,False,,7.588,invariant_viole,3043915246
caeeb28a775765e3bb6d613389f79faf,retrecir,0.1,True,12,False,True,0.100000,9.685,ok,3043915246
caeeb28a775765e3bb6d613389f79faf,retrecir,0.25,False,12,False,False,,7.011,invariant_viole,1470983541
caeeb28a775765e3bb6d613389f79faf,retrecir,0.25,True,12,False,True,0.250000,9.076,ok,1470983541
caeeb28a775765e3bb6d613389f79faf,retrecir,0.5,False,12,False,True,0.500000,8.756,ok,985571454
caeeb28a775765e3bb6d613389f79faf,retrecir,0.5,True,12,False,True,0.500000,9.806,ok,985571454
caeeb28a775765e3bb6d613389f79faf,retrecir,1.0,False,12,False,False,,6.472,invariant_viole,1810674923
caeeb28a775765e3bb6d613389f79faf,retrecir,1.0,True,12,False,True,1.000000,9.503,ok,1810674923
caeeb28a775765e3bb6d613389f79faf,aplatir,0.1,False,12,False,False,,6.421,invariant_viole,730481952
caeeb28a775765e3bb6d613389f79faf,aplatir,0.1,True,12,False,True,0.100000,8.614,ok,730481952
caeeb28a775765e3bb6d613389f79faf,aplatir,0.25,False,12,False,False,,7.457,invariant_viole,2332660147
caeeb28a775765e3bb6d613389f79faf,aplatir,0.25,True,12,False,True,0.250000,10.155,ok,2332660147
caeeb28a775765e3bb6d613389f79faf,aplatir,0.5,False,12,False,False,,7.742,invariant_viole,230652215
caeeb28a775765e3bb6d613389f79faf,aplatir,0.5,True,12,False,True,0.500000,11.053,ok,230652215
caeeb28a775765e3bb6d613389f79faf,aplatir,1.0,False,12,False,False,,7.344,invariant_viole,292180286
caeeb28a775765e3bb6d613389f79faf,aplatir,1.0,True,12,False,True,1.000000,9.627,ok,292180286
3fafca98de3b6cd1676ef328663cf6ef,deplacer,0.1,False,12,False,False,,7.569,invariant_viole,904698250
3fafca98de3b6cd1676ef328663cf6ef,deplacer,0.1,True,12,False,True,0.100000,7.177,ok,904698250
3fafca98de3b6cd1676ef328663cf6ef,deplacer,0.25,False,12,False,True,0.250000,6.370,ok,950833826
3fafca98de3b6cd1676ef328663cf6ef,deplacer,0.25,True,12,False,True,0.250000,8.276,ok,950833826
3fafca98de3b6cd1676ef328663cf6ef,deplacer,0.5,False,12,False,False,,6.407,invariant_viole,1956842582
3fafca98de3b6cd1676ef328663cf6ef,deplacer,0.5,True,12,False,False,,8.893,infaisable,1956842582
3fafca98de3b6cd1676ef328663cf6ef,deplacer,1.0,False,12,False,False,,6.967,invariant_viole,2343846391
3fafca98de3b6cd1676ef328663cf6ef,deplacer,1.0,True,12,False,True,1.000000,10.795,ok,2343846391
3fafca98de3b6cd1676ef328663cf6ef,elargir,0.1,False,12,False,False,,6.723,invariant_viole,1407045335
3fafca98de3b6cd1676ef328663cf6ef,elargir,0.1,True,12,False,True,0.100000,6.849,ok,1407045335
3fafca98de3b6cd1676ef328663cf6ef,elargir,0.25,False,12,False,False,,7.904,invariant_viole,4246188603
3fafca98de3b6cd1676ef328663cf6ef,elargir,0.25,True,12,False,True,0.250000,7.166,ok,4246188603
3fafca98de3b6cd1676ef328663cf6ef,elargir,0.5,False,12,False,True,0.500000,7.340,ok,4079643372
3fafca98de3b6cd1676ef328663cf6ef,elargir,0.5,True,12,False,True,0.500000,7.383,ok,4079643372
3fafca98de3b6cd1676ef328663cf6ef,elargir,1.0,False,12,False,False,,6.816,invariant_viole,101444290
3fafca98de3b6cd1676ef328663cf6ef,elargir,1.0,True,12,False,True,1.000000,6.880,ok,101444290
3fafca98de3b6cd1676ef328663cf6ef,retrecir,0.1,False,12,False,False,,6.603,invariant_viole,2337408958
3fafca98de3b6cd1676ef328663cf6ef,retrecir,0.1,True,12,False,True,0.100000,6.537,ok,2337408958
3fafca98de3b6cd1676ef328663cf6ef,retrecir,0.25,False,12,False,True,0.250000,6.941,ok,1688429936
3fafca98de3b6cd1676ef328663cf6ef,retrecir,0.25,True,12,False,True,0.250000,6.902,ok,1688429936
3fafca98de3b6cd1676ef328663cf6ef,retrecir,0.5,False,12,False,False,,7.943,invariant_viole,2194075567
3fafca98de3b6cd1676ef328663cf6ef,retrecir,0.5,True,12,False,True,0.500000,7.230,ok,2194075567
3fafca98de3b6cd1676ef328663cf6ef,retrecir,1.0,False,12,False,False,,6.993,invariant_viole,3306250405
3fafca98de3b6cd1676ef328663cf6ef,retrecir,1.0,True,12,False,True,0.795057,6.740,ok,3306250405
3fafca98de3b6cd1676ef328663cf6ef,aplatir,0.1,False,12,False,False,,8.428,invariant_viole,3233374694
3fafca98de3b6cd1676ef328663cf6ef,aplatir,0.1,True,12,False,True,0.100000,7.298,ok,3233374694
3fafca98de3b6cd1676ef328663cf6ef,aplatir,0.25,False,12,False,False,,7.345,invariant_viole,1180059559
3fafca98de3b6cd1676ef328663cf6ef,aplatir,0.25,True,12,False,True,0.250000,7.284,ok,1180059559
3fafca98de3b6cd1676ef328663cf6ef,aplatir,0.5,False,12,False,False,,6.393,invariant_viole,2736843871
3fafca98de3b6cd1676ef328663cf6ef,aplatir,0.5,True,12,False,True,0.500000,6.982,ok,2736843871
3fafca98de3b6cd1676ef328663cf6ef,aplatir,1.0,False,12,False,False,,6.779,invariant_viole,1467072745
3fafca98de3b6cd1676ef328663cf6ef,aplatir,1.0,True,12,False,True,1.000000,8.307,ok,1467072745
6cad76064095717114adadb27e1cd303,deplacer,0.1,False,5,False,True,0.100000,3.378,ok,964328888
6cad76064095717114adadb27e1cd303,deplacer,0.1,True,5,False,True,0.100000,5.726,ok,964328888
6cad76064095717114adadb27e1cd303,deplacer,0.25,False,5,False,False,,2.858,invariant_viole,1464884878
6cad76064095717114adadb27e1cd303,deplacer,0.25,True,5,False,True,0.250000,3.309,ok,1464884878
6cad76064095717114adadb27e1cd303,deplacer,0.5,False,5,False,True,0.500000,3.500,ok,2286727086
6cad76064095717114adadb27e1cd303,deplacer,0.5,True,5,False,True,0.500000,3.733,ok,2286727086
6cad76064095717114adadb27e1cd303,deplacer,1.0,False,5,False,False,,3.142,invariant_viole,1848913335
6cad76064095717114adadb27e1cd303,deplacer,1.0,True,5,False,False,,6.656,infaisable,1848913335
6cad76064095717114adadb27e1cd303,elargir,0.1,False,5,False,True,0.100000,4.824,ok,1168916148
6cad76064095717114adadb27e1cd303,elargir,0.1,True,5,False,True,0.100000,3.365,ok,1168916148
6cad76064095717114adadb27e1cd303,elargir,0.25,False,5,False,True,0.250000,2.888,ok,635073512
6cad76064095717114adadb27e1cd303,elargir,0.25,True,5,False,True,0.250000,4.529,ok,635073512
6cad76064095717114adadb27e1cd303,elargir,0.5,False,5,False,True,0.500000,2.884,ok,1311318075
6cad76064095717114adadb27e1cd303,elargir,0.5,True,5,False,True,0.500000,3.263,ok,1311318075
6cad76064095717114adadb27e1cd303,elargir,1.0,False,5,False,True,1.000000,2.863,ok,1546217756
6cad76064095717114adadb27e1cd303,elargir,1.0,True,5,False,True,1.000000,3.705,ok,1546217756
6cad76064095717114adadb27e1cd303,retrecir,0.1,False,5,False,False,,3.030,invariant_viole,2050086857
6cad76064095717114adadb27e1cd303,retrecir,0.1,True,5,False,True,0.100000,3.311,ok,2050086857
6cad76064095717114adadb27e1cd303,retrecir,0.25,False,5,False,False,,2.697,invariant_viole,176115783
6cad76064095717114adadb27e1cd303,retrecir,0.25,True,5,False,True,0.250000,4.554,ok,176115783
6cad76064095717114adadb27e1cd303,retrecir,0.5,False,5,False,False,,2.736,invariant_viole,4007302504
6cad76064095717114adadb27e1cd303,retrecir,0.5,True,5,False,True,0.500000,3.230,ok,4007302504
6cad76064095717114adadb27e1cd303,retrecir,1.0,False,5,False,False,,2.751,invariant_viole,3451572921
6cad76064095717114adadb27e1cd303,retrecir,1.0,True,5,False,True,1.000000,4.238,ok,3451572921
6cad76064095717114adadb27e1cd303,aplatir,0.1,False,5,False,False,,4.042,invariant_viole,490621405
6cad76064095717114adadb27e1cd303,aplatir,0.1,True,5,False,True,0.100000,3.296,ok,490621405
6cad76064095717114adadb27e1cd303,aplatir,0.25,False,5,False,False,,2.699,invariant_viole,1957987958
6cad76064095717114adadb27e1cd303,aplatir,0.25,True,5,False,True,0.250000,3.476,ok,1957987958
6cad76064095717114adadb27e1cd303,aplatir,0.5,False,5,False,False,,2.762,invariant_viole,2379710816
6cad76064095717114adadb27e1cd303,aplatir,0.5,True,5,False,True,0.500000,3.263,ok,2379710816
6cad76064095717114adadb27e1cd303,aplatir,1.0,False,5,False,False,,2.693,invariant_viole,2369144029
6cad76064095717114adadb27e1cd303,aplatir,1.0,True,5,False,True,1.000000,3.353,ok,2369144029
c8863f446953d571922b7013ae6b8cdc,deplacer,0.1,False,6,False,True,0.100000,3.200,ok,3670788472
c8863f446953d571922b7013ae6b8cdc,deplacer,0.1,True,6,False,True,0.100000,5.521,ok,3670788472
c8863f446953d571922b7013ae6b8cdc,deplacer,0.25,False,6,False,True,0.250000,4.392,ok,3362046146
c8863f446953d571922b7013ae6b8cdc,deplacer,0.25,True,6,False,True,0.250000,4.939,ok,3362046146
c8863f446953d571922b7013ae6b8cdc,deplacer,0.5,False,6,False,True,0.500000,3.704,ok,2344979994
c8863f446953d571922b7013ae6b8cdc,deplacer,0.5,True,6,False,True,0.500000,4.962,ok,2344979994
c8863f446953d571922b7013ae6b8cdc,deplacer,1.0,False,6,False,False,,3.022,invariant_viole,4248091700
c8863f446953d571922b7013ae6b8cdc,deplacer,1.0,True,6,False,True,1.000000,5.223,ok,4248091700
c8863f446953d571922b7013ae6b8cdc,elargir,0.1,False,6,False,True,0.100000,3.129,ok,3255964497
c8863f446953d571922b7013ae6b8cdc,elargir,0.1,True,6,False,True,0.100000,4.699,ok,3255964497
c8863f446953d571922b7013ae6b8cdc,elargir,0.25,False,6,False,True,0.250000,4.944,ok,3090900427
c8863f446953d571922b7013ae6b8cdc,elargir,0.25,True,6,False,True,0.250000,5.458,ok,3090900427
c8863f446953d571922b7013ae6b8cdc,elargir,0.5,False,6,False,False,,3.019,invariant_viole,174530164
c8863f446953d571922b7013ae6b8cdc,elargir,0.5,True,6,False,True,0.500000,5.098,ok,174530164
c8863f446953d571922b7013ae6b8cdc,elargir,1.0,False,6,False,True,1.000000,3.158,ok,1338345132
c8863f446953d571922b7013ae6b8cdc,elargir,1.0,True,6,False,True,1.000000,4.675,ok,1338345132
c8863f446953d571922b7013ae6b8cdc,retrecir,0.1,False,6,False,False,,3.360,invariant_viole,1258975623
c8863f446953d571922b7013ae6b8cdc,retrecir,0.1,True,6,False,True,0.100000,5.139,ok,1258975623
c8863f446953d571922b7013ae6b8cdc,retrecir,0.25,False,6,False,False,,3.064,invariant_viole,912194671
c8863f446953d571922b7013ae6b8cdc,retrecir,0.25,True,6,False,True,0.250000,4.725,ok,912194671
c8863f446953d571922b7013ae6b8cdc,retrecir,0.5,False,6,False,False,,3.153,invariant_viole,1166845081
c8863f446953d571922b7013ae6b8cdc,retrecir,0.5,True,6,False,True,0.500000,4.666,ok,1166845081
c8863f446953d571922b7013ae6b8cdc,retrecir,1.0,False,6,False,False,,3.020,invariant_viole,3551205979
c8863f446953d571922b7013ae6b8cdc,retrecir,1.0,True,6,False,True,1.000000,4.740,ok,3551205979
c8863f446953d571922b7013ae6b8cdc,aplatir,0.1,False,6,False,False,,6.258,invariant_viole,3484545094
c8863f446953d571922b7013ae6b8cdc,aplatir,0.1,True,6,False,True,0.100000,6.382,ok,3484545094
c8863f446953d571922b7013ae6b8cdc,aplatir,0.25,False,6,False,False,,4.228,invariant_viole,3472682775
c8863f446953d571922b7013ae6b8cdc,aplatir,0.25,True,6,False,True,0.250000,5.205,ok,3472682775
c8863f446953d571922b7013ae6b8cdc,aplatir,0.5,False,6,False,False,,3.458,invariant_viole,3605086968
c8863f446953d571922b7013ae6b8cdc,aplatir,0.5,True,6,False,True,0.500000,7.252,ok,3605086968
c8863f446953d571922b7013ae6b8cdc,aplatir,1.0,False,6,False,False,,3.677,invariant_viole,4252094859
c8863f446953d571922b7013ae6b8cdc,aplatir,1.0,True,6,False,True,1.000000,4.871,ok,4252094859
8dfc4ff5707278267cadecd5f15b4ebb,deplacer,0.1,False,7,False,True,0.100000,4.124,ok,1684341299
8dfc4ff5707278267cadecd5f15b4ebb,deplacer,0.1,True,7,False,True,0.100000,4.791,ok,1684341299
8dfc4ff5707278267cadecd5f15b4ebb,deplacer,0.25,False,7,False,True,0.250000,3.868,ok,1558365031
8dfc4ff5707278267cadecd5f15b4ebb,deplacer,0.25,True,7,False,True,0.250000,4.611,ok,1558365031
8dfc4ff5707278267cadecd5f15b4ebb,deplacer,0.5,False,7,False,True,0.500000,4.100,ok,3667940859
8dfc4ff5707278267cadecd5f15b4ebb,deplacer,0.5,True,7,False,True,0.500000,4.637,ok,3667940859
8dfc4ff5707278267cadecd5f15b4ebb,deplacer,1.0,False,7,False,False,,3.857,invariant_viole,1026134127
8dfc4ff5707278267cadecd5f15b4ebb,deplacer,1.0,True,7,False,True,1.000000,4.947,ok,1026134127
8dfc4ff5707278267cadecd5f15b4ebb,elargir,0.1,False,7,False,True,0.100000,3.859,ok,963035837
8dfc4ff5707278267cadecd5f15b4ebb,elargir,0.1,True,7,False,True,0.100000,4.817,ok,963035837
8dfc4ff5707278267cadecd5f15b4ebb,elargir,0.25,False,7,False,True,0.250000,3.957,ok,745244797
8dfc4ff5707278267cadecd5f15b4ebb,elargir,0.25,True,7,False,True,0.250000,4.779,ok,745244797
8dfc4ff5707278267cadecd5f15b4ebb,elargir,0.5,False,7,False,True,0.500000,3.999,ok,4008781599
8dfc4ff5707278267cadecd5f15b4ebb,elargir,0.5,True,7,False,True,0.500000,4.671,ok,4008781599
8dfc4ff5707278267cadecd5f15b4ebb,elargir,1.0,False,7,False,True,1.000000,4.221,ok,3115376946
8dfc4ff5707278267cadecd5f15b4ebb,elargir,1.0,True,7,False,True,1.000000,5.197,ok,3115376946
8dfc4ff5707278267cadecd5f15b4ebb,retrecir,0.1,False,7,False,False,,3.909,invariant_viole,2880430420
8dfc4ff5707278267cadecd5f15b4ebb,retrecir,0.1,True,7,False,True,0.100000,5.138,ok,2880430420
8dfc4ff5707278267cadecd5f15b4ebb,retrecir,0.25,False,7,False,False,,3.852,invariant_viole,1318795509
8dfc4ff5707278267cadecd5f15b4ebb,retrecir,0.25,True,7,False,True,0.250000,4.572,ok,1318795509
8dfc4ff5707278267cadecd5f15b4ebb,retrecir,0.5,False,7,False,False,,4.097,invariant_viole,3326313041
8dfc4ff5707278267cadecd5f15b4ebb,retrecir,0.5,True,7,False,True,0.500000,6.256,ok,3326313041
8dfc4ff5707278267cadecd5f15b4ebb,retrecir,1.0,False,7,False,False,,3.775,invariant_viole,2609705100
8dfc4ff5707278267cadecd5f15b4ebb,retrecir,1.0,True,7,False,True,1.000000,4.961,ok,2609705100
8dfc4ff5707278267cadecd5f15b4ebb,aplatir,0.1,False,7,False,False,,4.042,invariant_viole,1681638216
8dfc4ff5707278267cadecd5f15b4ebb,aplatir,0.1,True,7,False,True,0.100000,4.652,ok,1681638216
8dfc4ff5707278267cadecd5f15b4ebb,aplatir,0.25,False,7,False,False,,4.183,invariant_viole,34992834
8dfc4ff5707278267cadecd5f15b4ebb,aplatir,0.25,True,7,False,True,0.250000,4.946,ok,34992834
8dfc4ff5707278267cadecd5f15b4ebb,aplatir,0.5,False,7,False,False,,3.934,invariant_viole,3021940152
8dfc4ff5707278267cadecd5f15b4ebb,aplatir,0.5,True,7,False,True,0.500000,5.060,ok,3021940152
8dfc4ff5707278267cadecd5f15b4ebb,aplatir,1.0,False,7,False,False,,4.455,invariant_viole,4072344904
8dfc4ff5707278267cadecd5f15b4ebb,aplatir,1.0,True,7,False,True,1.000000,4.724,ok,4072344904
f6b1fef994a1ddd0fefcaef31eaf594e,deplacer,0.1,False,13,False,False,,8.861,invariant_viole,587621725
f6b1fef994a1ddd0fefcaef31eaf594e,deplacer,0.1,True,13,False,True,0.100000,7.361,ok,587621725
f6b1fef994a1ddd0fefcaef31eaf594e,deplacer,0.25,False,13,False,True,0.250000,7.095,ok,2050884983
f6b1fef994a1ddd0fefcaef31eaf594e,deplacer,0.25,True,13,False,True,0.250000,7.038,ok,2050884983
f6b1fef994a1ddd0fefcaef31eaf594e,deplacer,0.5,False,13,False,True,0.500000,7.235,ok,1439883667
f6b1fef994a1ddd0fefcaef31eaf594e,deplacer,0.5,True,13,False,True,0.500000,7.531,ok,1439883667
f6b1fef994a1ddd0fefcaef31eaf594e,deplacer,1.0,False,13,False,True,1.000000,6.844,ok,3523466605
f6b1fef994a1ddd0fefcaef31eaf594e,deplacer,1.0,True,13,False,True,1.000000,7.852,ok,3523466605
f6b1fef994a1ddd0fefcaef31eaf594e,elargir,0.1,False,13,False,False,,7.080,invariant_viole,3910114009
f6b1fef994a1ddd0fefcaef31eaf594e,elargir,0.1,True,13,False,True,0.100000,8.974,ok,3910114009
f6b1fef994a1ddd0fefcaef31eaf594e,elargir,0.25,False,13,False,True,0.250000,9.803,ok,1512110149
f6b1fef994a1ddd0fefcaef31eaf594e,elargir,0.25,True,13,False,True,0.250000,7.445,ok,1512110149
f6b1fef994a1ddd0fefcaef31eaf594e,elargir,0.5,False,13,False,True,0.500000,7.306,ok,2928982032
f6b1fef994a1ddd0fefcaef31eaf594e,elargir,0.5,True,13,False,True,0.500000,6.892,ok,2928982032
f6b1fef994a1ddd0fefcaef31eaf594e,elargir,1.0,False,13,False,True,1.000000,10.338,ok,329936507
f6b1fef994a1ddd0fefcaef31eaf594e,elargir,1.0,True,13,False,True,1.000000,8.462,ok,329936507
f6b1fef994a1ddd0fefcaef31eaf594e,retrecir,0.1,False,13,False,False,,8.231,invariant_viole,3289030991
f6b1fef994a1ddd0fefcaef31eaf594e,retrecir,0.1,True,13,False,True,0.100000,7.139,ok,3289030991
f6b1fef994a1ddd0fefcaef31eaf594e,retrecir,0.25,False,13,False,False,,7.340,invariant_viole,2463473089
f6b1fef994a1ddd0fefcaef31eaf594e,retrecir,0.25,True,13,False,True,0.250000,6.886,ok,2463473089
f6b1fef994a1ddd0fefcaef31eaf594e,retrecir,0.5,False,13,False,False,,7.180,invariant_viole,148667454
f6b1fef994a1ddd0fefcaef31eaf594e,retrecir,0.5,True,13,False,True,0.500000,6.945,ok,148667454
f6b1fef994a1ddd0fefcaef31eaf594e,retrecir,1.0,False,13,False,False,,7.399,invariant_viole,3605828649
f6b1fef994a1ddd0fefcaef31eaf594e,retrecir,1.0,True,13,False,True,1.000000,7.209,ok,3605828649
f6b1fef994a1ddd0fefcaef31eaf594e,aplatir,0.1,False,13,False,False,,6.928,invariant_viole,3330928320
f6b1fef994a1ddd0fefcaef31eaf594e,aplatir,0.1,True,13,False,True,0.100000,6.943,ok,3330928320
f6b1fef994a1ddd0fefcaef31eaf594e,aplatir,0.25,False,13,False,False,,7.137,invariant_viole,2315420219
f6b1fef994a1ddd0fefcaef31eaf594e,aplatir,0.25,True,13,False,True,0.250000,6.838,ok,2315420219
f6b1fef994a1ddd0fefcaef31eaf594e,aplatir,0.5,False,13,False,False,,9.914,invariant_viole,2857658016
f6b1fef994a1ddd0fefcaef31eaf594e,aplatir,0.5,True,13,False,True,0.500000,7.439,ok,2857658016
f6b1fef994a1ddd0fefcaef31eaf594e,aplatir,1.0,False,13,False,False,,7.062,invariant_viole,1193042893
f6b1fef994a1ddd0fefcaef31eaf594e,aplatir,1.0,True,13,False,True,1.000000,8.868,ok,1193042893
25496974e1eaf6b4c561983338574532,deplacer,0.1,False,13,False,True,0.100000,10.776,ok,532215081
25496974e1eaf6b4c561983338574532,deplacer,0.1,True,13,False,True,0.100000,11.290,ok,532215081
25496974e1eaf6b4c561983338574532,deplacer,0.25,False,13,False,False,,9.053,invariant_viole,402291903
25496974e1eaf6b4c561983338574532,deplacer,0.25,True,13,False,True,0.250000,9.841,ok,402291903
25496974e1eaf6b4c561983338574532,deplacer,0.5,False,13,False,False,,6.879,invariant_viole,4226067200
25496974e1eaf6b4c561983338574532,deplacer,0.5,True,13,False,True,0.500000,9.823,ok,4226067200
25496974e1eaf6b4c561983338574532,deplacer,1.0,False,13,False,True,1.000000,10.267,ok,419659596
25496974e1eaf6b4c561983338574532,deplacer,1.0,True,13,False,True,1.000000,9.862,ok,419659596
25496974e1eaf6b4c561983338574532,elargir,0.1,False,13,False,True,0.100000,10.362,ok,2087936346
25496974e1eaf6b4c561983338574532,elargir,0.1,True,13,False,True,0.100000,9.427,ok,2087936346
25496974e1eaf6b4c561983338574532,elargir,0.25,False,13,False,False,,6.853,invariant_viole,1885033805
25496974e1eaf6b4c561983338574532,elargir,0.25,True,13,False,True,0.250000,10.375,ok,1885033805
25496974e1eaf6b4c561983338574532,elargir,0.5,False,13,False,False,,7.281,invariant_viole,2714952078
25496974e1eaf6b4c561983338574532,elargir,0.5,True,13,False,True,0.500000,9.305,ok,2714952078
25496974e1eaf6b4c561983338574532,elargir,1.0,False,13,False,True,1.000000,10.563,ok,2286478168
25496974e1eaf6b4c561983338574532,elargir,1.0,True,13,False,True,1.000000,9.412,ok,2286478168
25496974e1eaf6b4c561983338574532,retrecir,0.1,False,13,False,False,,6.764,invariant_viole,3018995327
25496974e1eaf6b4c561983338574532,retrecir,0.1,True,13,False,True,0.100000,10.547,ok,3018995327
25496974e1eaf6b4c561983338574532,retrecir,0.25,False,13,False,False,,7.157,invariant_viole,1727958697
25496974e1eaf6b4c561983338574532,retrecir,0.25,True,13,False,True,0.250000,10.019,ok,1727958697
25496974e1eaf6b4c561983338574532,retrecir,0.5,False,13,False,False,,12.694,invariant_viole,2193027536
25496974e1eaf6b4c561983338574532,retrecir,0.5,True,13,False,True,0.500000,11.803,ok,2193027536
25496974e1eaf6b4c561983338574532,retrecir,1.0,False,13,False,False,,9.701,invariant_viole,1871865901
25496974e1eaf6b4c561983338574532,retrecir,1.0,True,13,False,True,1.000000,9.958,ok,1871865901
25496974e1eaf6b4c561983338574532,aplatir,0.1,False,13,False,False,,7.157,invariant_viole,3231718411
25496974e1eaf6b4c561983338574532,aplatir,0.1,True,13,False,True,0.100000,9.334,ok,3231718411
25496974e1eaf6b4c561983338574532,aplatir,0.25,False,13,False,False,,10.351,invariant_viole,2943952312
25496974e1eaf6b4c561983338574532,aplatir,0.25,True,13,False,True,0.250000,9.705,ok,2943952312
25496974e1eaf6b4c561983338574532,aplatir,0.5,False,13,False,False,,7.032,invariant_viole,3197481383
25496974e1eaf6b4c561983338574532,aplatir,0.5,True,13,False,True,0.500000,15.033,ok,3197481383
25496974e1eaf6b4c561983338574532,aplatir,1.0,False,13,False,False,,7.788,invariant_viole,2906155060
25496974e1eaf6b4c561983338574532,aplatir,1.0,True,13,False,True,1.671131,12.683,ok,2906155060
902ad7a7a5122d499a5785a582334380,deplacer,0.1,False,12,False,False,,7.080,invariant_viole,3748643853
902ad7a7a5122d499a5785a582334380,deplacer,0.1,True,12,False,True,0.100000,8.077,ok,3748643853
902ad7a7a5122d499a5785a582334380,deplacer,0.25,False,12,False,True,0.250000,8.828,ok,1463226991
902ad7a7a5122d499a5785a582334380,deplacer,0.25,True,12,False,True,0.250000,8.447,ok,1463226991
902ad7a7a5122d499a5785a582334380,deplacer,0.5,False,12,False,False,,7.754,invariant_viole,2709608683
902ad7a7a5122d499a5785a582334380,deplacer,0.5,True,12,False,False,,11.492,infaisable,2709608683
902ad7a7a5122d499a5785a582334380,deplacer,1.0,False,12,False,False,,7.243,invariant_viole,435930616
902ad7a7a5122d499a5785a582334380,deplacer,1.0,True,12,False,True,1.000000,11.513,ok,435930616
902ad7a7a5122d499a5785a582334380,elargir,0.1,False,12,False,False,,9.230,invariant_viole,2203823218
902ad7a7a5122d499a5785a582334380,elargir,0.1,True,12,False,True,0.100000,11.179,ok,2203823218
902ad7a7a5122d499a5785a582334380,elargir,0.25,False,12,False,True,0.250000,7.595,ok,184773123
902ad7a7a5122d499a5785a582334380,elargir,0.25,True,12,False,True,0.250000,8.651,ok,184773123
902ad7a7a5122d499a5785a582334380,elargir,0.5,False,12,False,True,0.500000,6.565,ok,3217862424
902ad7a7a5122d499a5785a582334380,elargir,0.5,True,12,False,True,0.500000,9.964,ok,3217862424
902ad7a7a5122d499a5785a582334380,elargir,1.0,False,12,False,True,1.000000,7.089,ok,769381847
902ad7a7a5122d499a5785a582334380,elargir,1.0,True,12,False,True,1.000000,7.836,ok,769381847
902ad7a7a5122d499a5785a582334380,retrecir,0.1,False,12,False,False,,6.588,invariant_viole,1661574796
902ad7a7a5122d499a5785a582334380,retrecir,0.1,True,12,False,True,0.100000,6.994,ok,1661574796
902ad7a7a5122d499a5785a582334380,retrecir,0.25,False,12,False,False,,7.640,invariant_viole,3040494625
902ad7a7a5122d499a5785a582334380,retrecir,0.25,True,12,False,True,0.250000,8.252,ok,3040494625
902ad7a7a5122d499a5785a582334380,retrecir,0.5,False,12,False,True,0.500000,7.231,ok,33496289
902ad7a7a5122d499a5785a582334380,retrecir,0.5,True,12,False,True,0.500000,7.188,ok,33496289
902ad7a7a5122d499a5785a582334380,retrecir,1.0,False,12,False,False,,7.190,invariant_viole,210150975
902ad7a7a5122d499a5785a582334380,retrecir,1.0,True,12,False,True,1.000000,9.457,ok,210150975
902ad7a7a5122d499a5785a582334380,aplatir,0.1,False,12,False,False,,6.515,invariant_viole,1033513468
902ad7a7a5122d499a5785a582334380,aplatir,0.1,True,12,False,True,0.100000,7.363,ok,1033513468
902ad7a7a5122d499a5785a582334380,aplatir,0.25,False,12,False,False,,8.442,invariant_viole,3076834405
902ad7a7a5122d499a5785a582334380,aplatir,0.25,True,12,False,True,0.250000,7.448,ok,3076834405
902ad7a7a5122d499a5785a582334380,aplatir,0.5,False,12,False,False,,6.546,invariant_viole,2919596117
902ad7a7a5122d499a5785a582334380,aplatir,0.5,True,12,False,True,0.500000,8.146,ok,2919596117
902ad7a7a5122d499a5785a582334380,aplatir,1.0,False,12,False,False,,6.394,invariant_viole,843250856
902ad7a7a5122d499a5785a582334380,aplatir,1.0,True,12,False,True,1.000000,7.657,ok,843250856
89eb0f2a26ecf24a259c4b26e0902ab3,deplacer,0.1,False,13,False,True,0.100000,9.156,ok,1796715284
89eb0f2a26ecf24a259c4b26e0902ab3,deplacer,0.1,True,13,False,True,0.100000,7.810,ok,1796715284
89eb0f2a26ecf24a259c4b26e0902ab3,deplacer,0.25,False,13,False,False,,7.091,invariant_viole,1365060206
89eb0f2a26ecf24a259c4b26e0902ab3,deplacer,0.25,True,13,False,True,0.250000,7.584,ok,1365060206
89eb0f2a26ecf24a259c4b26e0902ab3,deplacer,0.5,False,13,False,False,,7.632,invariant_viole,1173227124
89eb0f2a26ecf24a259c4b26e0902ab3,deplacer,0.5,True,13,False,True,0.500000,8.717,ok,1173227124
89eb0f2a26ecf24a259c4b26e0902ab3,deplacer,1.0,False,13,False,False,,6.860,invariant_viole,1612498653
89eb0f2a26ecf24a259c4b26e0902ab3,deplacer,1.0,True,13,False,False,,9.872,infaisable,1612498653
89eb0f2a26ecf24a259c4b26e0902ab3,elargir,0.1,False,13,False,True,0.100000,6.775,ok,2698141645
89eb0f2a26ecf24a259c4b26e0902ab3,elargir,0.1,True,13,False,True,0.100000,7.804,ok,2698141645
89eb0f2a26ecf24a259c4b26e0902ab3,elargir,0.25,False,13,False,False,,7.213,invariant_viole,3181399156
89eb0f2a26ecf24a259c4b26e0902ab3,elargir,0.25,True,13,False,True,0.250000,7.741,ok,3181399156
89eb0f2a26ecf24a259c4b26e0902ab3,elargir,0.5,False,13,False,False,,7.104,invariant_viole,2797091838
89eb0f2a26ecf24a259c4b26e0902ab3,elargir,0.5,True,13,False,False,,10.691,infaisable,2797091838
89eb0f2a26ecf24a259c4b26e0902ab3,elargir,1.0,False,13,False,False,,7.066,invariant_viole,2151394736
89eb0f2a26ecf24a259c4b26e0902ab3,elargir,1.0,True,13,False,False,,9.678,infaisable,2151394736
89eb0f2a26ecf24a259c4b26e0902ab3,retrecir,0.1,False,13,False,False,,6.971,invariant_viole,4099583519
89eb0f2a26ecf24a259c4b26e0902ab3,retrecir,0.1,True,13,False,True,0.100000,8.556,ok,4099583519
89eb0f2a26ecf24a259c4b26e0902ab3,retrecir,0.25,False,13,False,True,0.250000,6.849,ok,1232321940
89eb0f2a26ecf24a259c4b26e0902ab3,retrecir,0.25,True,13,False,True,0.250000,7.721,ok,1232321940
89eb0f2a26ecf24a259c4b26e0902ab3,retrecir,0.5,False,13,False,True,0.500000,6.722,ok,151689138
89eb0f2a26ecf24a259c4b26e0902ab3,retrecir,0.5,True,13,False,True,0.500000,8.073,ok,151689138
89eb0f2a26ecf24a259c4b26e0902ab3,retrecir,1.0,False,13,False,False,,6.635,invariant_viole,2464798635
89eb0f2a26ecf24a259c4b26e0902ab3,retrecir,1.0,True,13,False,True,1.000000,8.211,ok,2464798635
89eb0f2a26ecf24a259c4b26e0902ab3,aplatir,0.1,False,13,False,False,,6.880,invariant_viole,3566001939
89eb0f2a26ecf24a259c4b26e0902ab3,aplatir,0.1,True,13,False,True,0.100000,7.993,ok,3566001939
89eb0f2a26ecf24a259c4b26e0902ab3,aplatir,0.25,False,13,False,False,,6.876,invariant_viole,1908155401
89eb0f2a26ecf24a259c4b26e0902ab3,aplatir,0.25,True,13,False,True,0.250000,8.019,ok,1908155401
89eb0f2a26ecf24a259c4b26e0902ab3,aplatir,0.5,False,13,False,False,,8.272,invariant_viole,2794053594
89eb0f2a26ecf24a259c4b26e0902ab3,aplatir,0.5,True,13,False,True,0.500000,7.921,ok,2794053594
89eb0f2a26ecf24a259c4b26e0902ab3,aplatir,1.0,False,13,False,False,,8.715,invariant_viole,1922023471
89eb0f2a26ecf24a259c4b26e0902ab3,aplatir,1.0,True,13,False,False,,7.542,invariant_viole,1922023471
dc677988f8d0965eebafe27967332d77,deplacer,0.1,False,6,False,False,,3.725,invariant_viole,3104412069
dc677988f8d0965eebafe27967332d77,deplacer,0.1,True,6,False,True,0.100000,4.207,ok,3104412069
dc677988f8d0965eebafe27967332d77,deplacer,0.25,False,6,False,False,,3.127,invariant_viole,1676122486
dc677988f8d0965eebafe27967332d77,deplacer,0.25,True,6,False,True,0.250000,3.550,ok,1676122486
dc677988f8d0965eebafe27967332d77,deplacer,0.5,False,6,False,True,0.500000,3.227,ok,928250853
dc677988f8d0965eebafe27967332d77,deplacer,0.5,True,6,False,True,0.500000,4.017,ok,928250853
dc677988f8d0965eebafe27967332d77,deplacer,1.0,False,6,False,True,1.000000,3.239,ok,34861541
dc677988f8d0965eebafe27967332d77,deplacer,1.0,True,6,False,True,1.000000,3.419,ok,34861541
dc677988f8d0965eebafe27967332d77,elargir,0.1,False,6,False,True,0.100000,3.069,ok,1123689343
dc677988f8d0965eebafe27967332d77,elargir,0.1,True,6,False,True,0.100000,4.431,ok,1123689343
dc677988f8d0965eebafe27967332d77,elargir,0.25,False,6,False,False,,3.343,invariant_viole,4145164827
dc677988f8d0965eebafe27967332d77,elargir,0.25,True,6,False,True,0.250000,3.769,ok,4145164827
dc677988f8d0965eebafe27967332d77,elargir,0.5,False,6,False,True,0.500000,3.071,ok,1810478618
dc677988f8d0965eebafe27967332d77,elargir,0.5,True,6,False,True,0.500000,5.852,ok,1810478618
dc677988f8d0965eebafe27967332d77,elargir,1.0,False,6,False,False,,4.547,invariant_viole,2622799841
dc677988f8d0965eebafe27967332d77,elargir,1.0,True,6,False,True,1.000000,4.706,ok,2622799841
dc677988f8d0965eebafe27967332d77,retrecir,0.1,False,6,False,False,,3.124,invariant_viole,3042037075
dc677988f8d0965eebafe27967332d77,retrecir,0.1,True,6,False,True,0.100000,4.550,ok,3042037075
dc677988f8d0965eebafe27967332d77,retrecir,0.25,False,6,False,False,,3.267,invariant_viole,3102069194
dc677988f8d0965eebafe27967332d77,retrecir,0.25,True,6,False,True,0.250000,4.591,ok,3102069194
dc677988f8d0965eebafe27967332d77,retrecir,0.5,False,6,False,False,,3.075,invariant_viole,1113949489
dc677988f8d0965eebafe27967332d77,retrecir,0.5,True,6,False,True,0.500000,3.461,ok,1113949489
dc677988f8d0965eebafe27967332d77,retrecir,1.0,False,6,False,False,,2.977,invariant_viole,1041647645
dc677988f8d0965eebafe27967332d77,retrecir,1.0,True,6,False,True,1.000000,3.530,ok,1041647645
dc677988f8d0965eebafe27967332d77,aplatir,0.1,False,6,False,False,,3.225,invariant_viole,1361792386
dc677988f8d0965eebafe27967332d77,aplatir,0.1,True,6,False,True,0.100000,3.433,ok,1361792386
dc677988f8d0965eebafe27967332d77,aplatir,0.25,False,6,False,False,,2.952,invariant_viole,2373477336
dc677988f8d0965eebafe27967332d77,aplatir,0.25,True,6,False,True,0.250000,3.667,ok,2373477336
dc677988f8d0965eebafe27967332d77,aplatir,0.5,False,6,False,False,,3.214,invariant_viole,2608687454
dc677988f8d0965eebafe27967332d77,aplatir,0.5,True,6,False,True,0.500000,3.427,ok,2608687454
dc677988f8d0965eebafe27967332d77,aplatir,1.0,False,6,False,False,,2.980,invariant_viole,1858083997
dc677988f8d0965eebafe27967332d77,aplatir,1.0,True,6,False,True,1.000000,3.831,ok,1858083997
f0192aceec44a21a22a0e07198b967aa,deplacer,0.1,False,12,False,True,0.100000,6.854,ok,1179491263
f0192aceec44a21a22a0e07198b967aa,deplacer,0.1,True,12,False,True,0.100000,9.478,ok,1179491263
f0192aceec44a21a22a0e07198b967aa,deplacer,0.25,False,12,False,True,0.250000,6.601,ok,1312430938
f0192aceec44a21a22a0e07198b967aa,deplacer,0.25,True,12,False,True,0.250000,11.087,ok,1312430938
f0192aceec44a21a22a0e07198b967aa,deplacer,0.5,False,12,False,False,,6.750,invariant_viole,1224800996
f0192aceec44a21a22a0e07198b967aa,deplacer,0.5,True,12,False,True,0.500000,9.865,ok,1224800996
f0192aceec44a21a22a0e07198b967aa,deplacer,1.0,False,12,False,False,,10.370,invariant_viole,2216170023
f0192aceec44a21a22a0e07198b967aa,deplacer,1.0,True,12,False,True,1.000000,9.886,ok,2216170023
f0192aceec44a21a22a0e07198b967aa,elargir,0.1,False,12,False,True,0.100000,6.740,ok,3420570802
f0192aceec44a21a22a0e07198b967aa,elargir,0.1,True,12,False,True,0.100000,9.402,ok,3420570802
f0192aceec44a21a22a0e07198b967aa,elargir,0.25,False,12,False,True,0.250000,6.602,ok,4222247499
f0192aceec44a21a22a0e07198b967aa,elargir,0.25,True,12,False,True,0.250000,9.158,ok,4222247499
f0192aceec44a21a22a0e07198b967aa,elargir,0.5,False,12,False,True,0.500000,10.380,ok,2265820761
f0192aceec44a21a22a0e07198b967aa,elargir,0.5,True,12,False,True,0.500000,10.604,ok,2265820761
f0192aceec44a21a22a0e07198b967aa,elargir,1.0,False,12,False,False,,7.708,invariant_viole,329382223
f0192aceec44a21a22a0e07198b967aa,elargir,1.0,True,12,False,True,1.000000,10.593,ok,329382223
f0192aceec44a21a22a0e07198b967aa,retrecir,0.1,False,12,False,False,,7.106,invariant_viole,733000661
f0192aceec44a21a22a0e07198b967aa,retrecir,0.1,True,12,False,True,0.100000,8.873,ok,733000661
f0192aceec44a21a22a0e07198b967aa,retrecir,0.25,False,12,False,False,,7.736,invariant_viole,187491819
f0192aceec44a21a22a0e07198b967aa,retrecir,0.25,True,12,False,True,0.250000,9.819,ok,187491819
f0192aceec44a21a22a0e07198b967aa,retrecir,0.5,False,12,False,False,,6.696,invariant_viole,1905026434
f0192aceec44a21a22a0e07198b967aa,retrecir,0.5,True,12,False,True,0.500000,10.367,ok,1905026434
f0192aceec44a21a22a0e07198b967aa,retrecir,1.0,False,12,False,False,,7.263,invariant_viole,2691143603
f0192aceec44a21a22a0e07198b967aa,retrecir,1.0,True,12,False,True,1.000000,10.905,ok,2691143603
f0192aceec44a21a22a0e07198b967aa,aplatir,0.1,False,12,False,False,,7.151,invariant_viole,1689631285
f0192aceec44a21a22a0e07198b967aa,aplatir,0.1,True,12,False,True,0.100000,10.275,ok,1689631285
f0192aceec44a21a22a0e07198b967aa,aplatir,0.25,False,12,False,False,,6.863,invariant_viole,3439384543
f0192aceec44a21a22a0e07198b967aa,aplatir,0.25,True,12,False,True,0.250000,11.783,ok,3439384543
f0192aceec44a21a22a0e07198b967aa,aplatir,0.5,False,12,False,False,,8.985,invariant_viole,3613117665
f0192aceec44a21a22a0e07198b967aa,aplatir,0.5,True,12,False,False,,10.546,infaisable,3613117665
f0192aceec44a21a22a0e07198b967aa,aplatir,1.0,False,12,False,False,,7.310,invariant_viole,1020158037
f0192aceec44a21a22a0e07198b967aa,aplatir,1.0,True,12,False,True,1.000000,12.147,ok,1020158037
ec7e0b9e08f403574fb99d6aa32beaff,deplacer,0.1,False,11,False,False,,6.170,invariant_viole,4163050726
ec7e0b9e08f403574fb99d6aa32beaff,deplacer,0.1,True,11,False,True,0.100000,6.252,ok,4163050726
ec7e0b9e08f403574fb99d6aa32beaff,deplacer,0.25,False,11,False,True,0.250000,6.821,ok,2669082768
ec7e0b9e08f403574fb99d6aa32beaff,deplacer,0.25,True,11,False,True,0.250000,7.114,ok,2669082768
ec7e0b9e08f403574fb99d6aa32beaff,deplacer,0.5,False,11,False,True,0.500000,7.043,ok,1335325426
ec7e0b9e08f403574fb99d6aa32beaff,deplacer,0.5,True,11,False,False,,3.025,trame,1335325426
ec7e0b9e08f403574fb99d6aa32beaff,deplacer,1.0,False,11,False,False,,6.068,invariant_viole,1926161195
ec7e0b9e08f403574fb99d6aa32beaff,deplacer,1.0,True,11,False,False,,8.881,infaisable,1926161195
ec7e0b9e08f403574fb99d6aa32beaff,elargir,0.1,False,11,False,False,,5.655,invariant_viole,2793369830
ec7e0b9e08f403574fb99d6aa32beaff,elargir,0.1,True,11,False,True,0.100000,8.907,ok,2793369830
ec7e0b9e08f403574fb99d6aa32beaff,elargir,0.25,False,11,False,True,0.250000,6.204,ok,3595600735
ec7e0b9e08f403574fb99d6aa32beaff,elargir,0.25,True,11,False,True,0.250000,7.862,ok,3595600735
ec7e0b9e08f403574fb99d6aa32beaff,elargir,0.5,False,11,False,False,,5.772,invariant_viole,579569575
ec7e0b9e08f403574fb99d6aa32beaff,elargir,0.5,True,11,False,True,0.500000,7.461,ok,579569575
ec7e0b9e08f403574fb99d6aa32beaff,elargir,1.0,False,11,False,False,,6.015,invariant_viole,1029440929
ec7e0b9e08f403574fb99d6aa32beaff,elargir,1.0,True,11,False,True,1.000000,6.559,ok,1029440929
ec7e0b9e08f403574fb99d6aa32beaff,retrecir,0.1,False,11,False,False,,5.611,invariant_viole,158190129
ec7e0b9e08f403574fb99d6aa32beaff,retrecir,0.1,True,11,False,True,0.100000,7.117,ok,158190129
ec7e0b9e08f403574fb99d6aa32beaff,retrecir,0.25,False,11,False,False,,5.821,invariant_viole,751054186
ec7e0b9e08f403574fb99d6aa32beaff,retrecir,0.25,True,11,False,True,0.250000,6.321,ok,751054186
ec7e0b9e08f403574fb99d6aa32beaff,retrecir,0.5,False,11,False,False,,5.689,invariant_viole,2406651336
ec7e0b9e08f403574fb99d6aa32beaff,retrecir,0.5,True,11,False,True,0.500000,6.295,ok,2406651336
ec7e0b9e08f403574fb99d6aa32beaff,retrecir,1.0,False,11,False,False,,7.599,invariant_viole,1492982162
ec7e0b9e08f403574fb99d6aa32beaff,retrecir,1.0,True,11,False,True,1.000000,7.145,ok,1492982162
ec7e0b9e08f403574fb99d6aa32beaff,aplatir,0.1,False,11,False,False,,5.744,invariant_viole,1352652599
ec7e0b9e08f403574fb99d6aa32beaff,aplatir,0.1,True,11,False,True,0.100000,8.965,ok,1352652599
ec7e0b9e08f403574fb99d6aa32beaff,aplatir,0.25,False,11,False,False,,6.233,invariant_viole,3221731892
ec7e0b9e08f403574fb99d6aa32beaff,aplatir,0.25,True,11,False,True,0.250000,6.120,ok,3221731892
ec7e0b9e08f403574fb99d6aa32beaff,aplatir,0.5,False,11,False,False,,6.081,invariant_viole,63572199
ec7e0b9e08f403574fb99d6aa32beaff,aplatir,0.5,True,11,False,True,0.500000,6.329,ok,63572199
ec7e0b9e08f403574fb99d6aa32beaff,aplatir,1.0,False,11,False,False,,7.749,invariant_viole,1067546345
ec7e0b9e08f403574fb99d6aa32beaff,aplatir,1.0,True,11,False,True,1.000000,6.324,ok,1067546345
18b08b4adde9b378e24f53977d9879a7,deplacer,0.1,False,12,False,False,,8.771,invariant_viole,13908559
18b08b4adde9b378e24f53977d9879a7,deplacer,0.1,True,12,False,True,0.100000,7.928,ok,13908559
18b08b4adde9b378e24f53977d9879a7,deplacer,0.25,False,12,False,True,0.250000,6.881,ok,1514054703
18b08b4adde9b378e24f53977d9879a7,deplacer,0.25,True,12,False,True,0.250000,10.626,ok,1514054703
18b08b4adde9b378e24f53977d9879a7,deplacer,0.5,False,12,False,True,0.500000,7.224,ok,872669972
18b08b4adde9b378e24f53977d9879a7,deplacer,0.5,True,12,False,True,0.500000,8.194,ok,872669972
18b08b4adde9b378e24f53977d9879a7,deplacer,1.0,False,12,False,False,,9.177,invariant_viole,3654159
18b08b4adde9b378e24f53977d9879a7,deplacer,1.0,True,12,False,True,1.000000,10.562,ok,3654159
18b08b4adde9b378e24f53977d9879a7,elargir,0.1,False,12,False,True,0.100000,7.702,ok,3203926907
18b08b4adde9b378e24f53977d9879a7,elargir,0.1,True,12,False,True,0.100000,7.884,ok,3203926907
18b08b4adde9b378e24f53977d9879a7,elargir,0.25,False,12,False,False,,8.111,invariant_viole,3613667357
18b08b4adde9b378e24f53977d9879a7,elargir,0.25,True,12,False,True,0.250000,9.104,ok,3613667357
18b08b4adde9b378e24f53977d9879a7,elargir,0.5,False,12,False,False,,6.799,invariant_viole,3616060744
18b08b4adde9b378e24f53977d9879a7,elargir,0.5,True,12,False,True,0.500000,11.669,ok,3616060744
18b08b4adde9b378e24f53977d9879a7,elargir,1.0,False,12,False,False,,6.937,invariant_viole,2610696973
18b08b4adde9b378e24f53977d9879a7,elargir,1.0,True,12,False,False,,9.622,infaisable,2610696973
18b08b4adde9b378e24f53977d9879a7,retrecir,0.1,False,12,False,False,,9.962,invariant_viole,374254265
18b08b4adde9b378e24f53977d9879a7,retrecir,0.1,True,12,False,True,0.100000,8.189,ok,374254265
18b08b4adde9b378e24f53977d9879a7,retrecir,0.25,False,12,False,False,,6.783,invariant_viole,3264513546
18b08b4adde9b378e24f53977d9879a7,retrecir,0.25,True,12,False,True,0.250000,7.682,ok,3264513546
18b08b4adde9b378e24f53977d9879a7,retrecir,0.5,False,12,False,False,,6.718,invariant_viole,3142820194
18b08b4adde9b378e24f53977d9879a7,retrecir,0.5,True,12,False,True,0.500000,7.836,ok,3142820194
18b08b4adde9b378e24f53977d9879a7,retrecir,1.0,False,12,False,False,,6.665,invariant_viole,3401458103
18b08b4adde9b378e24f53977d9879a7,retrecir,1.0,True,12,False,True,1.000000,7.891,ok,3401458103
18b08b4adde9b378e24f53977d9879a7,aplatir,0.1,False,12,False,False,,6.607,invariant_viole,1030577401
18b08b4adde9b378e24f53977d9879a7,aplatir,0.1,True,12,False,True,0.100000,7.607,ok,1030577401
18b08b4adde9b378e24f53977d9879a7,aplatir,0.25,False,12,False,False,,6.664,invariant_viole,468711420
18b08b4adde9b378e24f53977d9879a7,aplatir,0.25,True,12,False,True,0.250000,7.817,ok,468711420
18b08b4adde9b378e24f53977d9879a7,aplatir,0.5,False,12,False,False,,6.553,invariant_viole,2860678203
18b08b4adde9b378e24f53977d9879a7,aplatir,0.5,True,12,False,True,0.500000,9.131,ok,2860678203
18b08b4adde9b378e24f53977d9879a7,aplatir,1.0,False,12,False,False,,7.461,invariant_viole,1015941862
18b08b4adde9b378e24f53977d9879a7,aplatir,1.0,True,12,False,True,1.000000,7.806,ok,1015941862
757aa2f41c3f2c7bf650025f2d209c77,deplacer,0.1,False,13,False,True,0.100000,7.989,ok,3270581418
757aa2f41c3f2c7bf650025f2d209c77,deplacer,0.1,True,13,False,True,0.100000,10.792,ok,3270581418
757aa2f41c3f2c7bf650025f2d209c77,deplacer,0.25,False,13,False,True,0.250000,8.080,ok,1684894427
757aa2f41c3f2c7bf650025f2d209c77,deplacer,0.25,True,13,False,True,0.250000,11.087,ok,1684894427
757aa2f41c3f2c7bf650025f2d209c77,deplacer,0.5,False,13,False,True,0.500000,7.496,ok,3126998330
757aa2f41c3f2c7bf650025f2d209c77,deplacer,0.5,True,13,False,True,0.500000,10.012,ok,3126998330
757aa2f41c3f2c7bf650025f2d209c77,deplacer,1.0,False,13,False,False,,7.608,invariant_viole,1594668978
757aa2f41c3f2c7bf650025f2d209c77,deplacer,1.0,True,13,False,False,,10.790,infaisable,1594668978
757aa2f41c3f2c7bf650025f2d209c77,elargir,0.1,False,13,False,False,,8.919,invariant_viole,53101068
757aa2f41c3f2c7bf650025f2d209c77,elargir,0.1,True,13,False,False,,10.428,infaisable,53101068
757aa2f41c3f2c7bf650025f2d209c77,elargir,0.25,False,13,False,True,0.250000,8.107,ok,1319281214
757aa2f41c3f2c7bf650025f2d209c77,elargir,0.25,True,13,False,True,0.250000,9.688,ok,1319281214
757aa2f41c3f2c7bf650025f2d209c77,elargir,0.5,False,13,False,False,,6.732,invariant_viole,1332449973
757aa2f41c3f2c7bf650025f2d209c77,elargir,0.5,True,13,False,False,,9.914,infaisable,1332449973
757aa2f41c3f2c7bf650025f2d209c77,elargir,1.0,False,13,False,True,1.000000,6.747,ok,4005734644
757aa2f41c3f2c7bf650025f2d209c77,elargir,1.0,True,13,False,True,0.761791,9.646,ok,4005734644
757aa2f41c3f2c7bf650025f2d209c77,retrecir,0.1,False,13,False,True,0.100000,7.726,ok,3290923904
757aa2f41c3f2c7bf650025f2d209c77,retrecir,0.1,True,13,False,True,0.100000,9.800,ok,3290923904
757aa2f41c3f2c7bf650025f2d209c77,retrecir,0.25,False,13,False,False,,7.065,invariant_viole,2872112928
757aa2f41c3f2c7bf650025f2d209c77,retrecir,0.25,True,13,False,True,0.250000,10.186,ok,2872112928
757aa2f41c3f2c7bf650025f2d209c77,retrecir,0.5,False,13,False,False,,7.420,invariant_viole,2170117436
757aa2f41c3f2c7bf650025f2d209c77,retrecir,0.5,True,13,False,True,0.500000,9.819,ok,2170117436
757aa2f41c3f2c7bf650025f2d209c77,retrecir,1.0,False,13,False,False,,6.689,invariant_viole,2004390857
757aa2f41c3f2c7bf650025f2d209c77,retrecir,1.0,True,13,False,True,1.000000,10.451,ok,2004390857
757aa2f41c3f2c7bf650025f2d209c77,aplatir,0.1,False,13,False,False,,6.623,invariant_viole,2068759278
757aa2f41c3f2c7bf650025f2d209c77,aplatir,0.1,True,13,False,True,0.100000,10.594,ok,2068759278
757aa2f41c3f2c7bf650025f2d209c77,aplatir,0.25,False,13,False,False,,7.591,invariant_viole,2374621854
757aa2f41c3f2c7bf650025f2d209c77,aplatir,0.25,True,13,False,True,0.250000,9.407,ok,2374621854
757aa2f41c3f2c7bf650025f2d209c77,aplatir,0.5,False,13,False,False,,8.963,invariant_viole,2011133098
757aa2f41c3f2c7bf650025f2d209c77,aplatir,0.5,True,13,False,False,,10.255,infaisable,2011133098
757aa2f41c3f2c7bf650025f2d209c77,aplatir,1.0,False,13,False,False,,6.948,invariant_viole,4232231541
757aa2f41c3f2c7bf650025f2d209c77,aplatir,1.0,True,13,False,True,1.000000,10.625,ok,4232231541
8390d7b61bb84726592c21e396d9be78,deplacer,0.1,False,7,False,True,0.100000,4.827,ok,1829081964
8390d7b61bb84726592c21e396d9be78,deplacer,0.1,True,7,False,True,0.100000,4.325,ok,1829081964
8390d7b61bb84726592c21e396d9be78,deplacer,0.25,False,7,False,True,0.250000,4.150,ok,1840628789
8390d7b61bb84726592c21e396d9be78,deplacer,0.25,True,7,False,True,0.250000,4.289,ok,1840628789
8390d7b61bb84726592c21e396d9be78,deplacer,0.5,False,7,False,False,,4.034,invariant_viole,3096639590
8390d7b61bb84726592c21e396d9be78,deplacer,0.5,True,7,False,True,0.500000,4.772,ok,3096639590
8390d7b61bb84726592c21e396d9be78,deplacer,1.0,False,7,False,True,1.000000,4.139,ok,831912973
8390d7b61bb84726592c21e396d9be78,deplacer,1.0,True,7,False,True,1.000000,4.536,ok,831912973
8390d7b61bb84726592c21e396d9be78,elargir,0.1,False,7,False,False,,4.673,invariant_viole,2483814523
8390d7b61bb84726592c21e396d9be78,elargir,0.1,True,7,False,True,0.100000,4.208,ok,2483814523
8390d7b61bb84726592c21e396d9be78,elargir,0.25,False,7,False,True,0.250000,4.001,ok,2111125129
8390d7b61bb84726592c21e396d9be78,elargir,0.25,True,7,False,True,0.250000,4.829,ok,2111125129
8390d7b61bb84726592c21e396d9be78,elargir,0.5,False,7,False,True,0.500000,5.592,ok,1597663928
8390d7b61bb84726592c21e396d9be78,elargir,0.5,True,7,False,True,0.500000,4.414,ok,1597663928
8390d7b61bb84726592c21e396d9be78,elargir,1.0,False,7,False,True,1.000000,4.332,ok,824288174
8390d7b61bb84726592c21e396d9be78,elargir,1.0,True,7,False,True,1.000000,4.607,ok,824288174
8390d7b61bb84726592c21e396d9be78,retrecir,0.1,False,7,False,False,,3.927,invariant_viole,2384671958
8390d7b61bb84726592c21e396d9be78,retrecir,0.1,True,7,False,True,0.100000,4.364,ok,2384671958
8390d7b61bb84726592c21e396d9be78,retrecir,0.25,False,7,False,False,,3.946,invariant_viole,3436720871
8390d7b61bb84726592c21e396d9be78,retrecir,0.25,True,7,False,True,0.250000,4.106,ok,3436720871
8390d7b61bb84726592c21e396d9be78,retrecir,0.5,False,7,False,False,,4.264,invariant_viole,50744125
8390d7b61bb84726592c21e396d9be78,retrecir,0.5,True,7,False,True,0.500000,4.488,ok,50744125
8390d7b61bb84726592c21e396d9be78,retrecir,1.0,False,7,False,False,,4.016,invariant_viole,1503598602
8390d7b61bb84726592c21e396d9be78,retrecir,1.0,True,7,False,True,1.000000,4.365,ok,1503598602
8390d7b61bb84726592c21e396d9be78,aplatir,0.1,False,7,False,False,,3.989,invariant_viole,2801513655
8390d7b61bb84726592c21e396d9be78,aplatir,0.1,True,7,False,True,0.100000,4.140,ok,2801513655
8390d7b61bb84726592c21e396d9be78,aplatir,0.25,False,7,False,False,,4.083,invariant_viole,522978118
8390d7b61bb84726592c21e396d9be78,aplatir,0.25,True,7,False,True,0.250000,7.616,ok,522978118
8390d7b61bb84726592c21e396d9be78,aplatir,0.5,False,7,False,False,,4.623,invariant_viole,3975777435
8390d7b61bb84726592c21e396d9be78,aplatir,0.5,True,7,False,True,0.500000,6.550,ok,3975777435
8390d7b61bb84726592c21e396d9be78,aplatir,1.0,False,7,False,False,,4.357,invariant_viole,1912814796
8390d7b61bb84726592c21e396d9be78,aplatir,1.0,True,7,False,True,1.000000,4.659,ok,1912814796
90d2aa176116dfe1d8a27e89fb17307c,deplacer,0.1,False,5,False,True,0.100000,3.805,ok,2236722002
90d2aa176116dfe1d8a27e89fb17307c,deplacer,0.1,True,5,False,True,0.100000,4.103,ok,2236722002
90d2aa176116dfe1d8a27e89fb17307c,deplacer,0.25,False,5,False,False,,3.141,invariant_viole,1323429549
90d2aa176116dfe1d8a27e89fb17307c,deplacer,0.25,True,5,False,True,0.250000,3.532,ok,1323429549
90d2aa176116dfe1d8a27e89fb17307c,deplacer,0.5,False,5,False,False,,4.033,invariant_viole,894477381
90d2aa176116dfe1d8a27e89fb17307c,deplacer,0.5,True,5,False,False,,4.730,infaisable,894477381
90d2aa176116dfe1d8a27e89fb17307c,deplacer,1.0,False,5,False,False,,3.250,invariant_viole,1500445054
90d2aa176116dfe1d8a27e89fb17307c,deplacer,1.0,True,5,False,False,,4.353,infaisable,1500445054
90d2aa176116dfe1d8a27e89fb17307c,elargir,0.1,False,5,False,True,0.100000,4.083,ok,441580904
90d2aa176116dfe1d8a27e89fb17307c,elargir,0.1,True,5,False,True,0.100000,3.450,ok,441580904
90d2aa176116dfe1d8a27e89fb17307c,elargir,0.25,False,5,False,True,0.250000,4.926,ok,142647662
90d2aa176116dfe1d8a27e89fb17307c,elargir,0.25,True,5,False,True,0.250000,4.340,ok,142647662
90d2aa176116dfe1d8a27e89fb17307c,elargir,0.5,False,5,False,True,0.500000,3.271,ok,3748899532
90d2aa176116dfe1d8a27e89fb17307c,elargir,0.5,True,5,False,True,0.500000,3.598,ok,3748899532
90d2aa176116dfe1d8a27e89fb17307c,elargir,1.0,False,5,False,True,1.000000,3.143,ok,3339289073
90d2aa176116dfe1d8a27e89fb17307c,elargir,1.0,True,5,False,True,1.000000,4.504,ok,3339289073
90d2aa176116dfe1d8a27e89fb17307c,retrecir,0.1,False,5,False,False,,3.117,invariant_viole,1634694984
90d2aa176116dfe1d8a27e89fb17307c,retrecir,0.1,True,5,False,True,0.100000,3.515,ok,1634694984
90d2aa176116dfe1d8a27e89fb17307c,retrecir,0.25,False,5,False,False,,3.101,invariant_viole,1794126741
90d2aa176116dfe1d8a27e89fb17307c,retrecir,0.25,True,5,False,True,0.250000,6.960,ok,1794126741
90d2aa176116dfe1d8a27e89fb17307c,retrecir,0.5,False,5,False,False,,3.516,invariant_viole,3444611533
90d2aa176116dfe1d8a27e89fb17307c,retrecir,0.5,True,5,False,True,0.500000,3.841,ok,3444611533
90d2aa176116dfe1d8a27e89fb17307c,retrecir,1.0,False,5,False,False,,3.061,invariant_viole,1092165465
90d2aa176116dfe1d8a27e89fb17307c,retrecir,1.0,True,5,False,False,,4.458,infaisable,1092165465
90d2aa176116dfe1d8a27e89fb17307c,aplatir,0.1,False,5,False,False,,3.256,invariant_viole,1586283300
90d2aa176116dfe1d8a27e89fb17307c,aplatir,0.1,True,5,False,True,0.100000,3.400,ok,1586283300
90d2aa176116dfe1d8a27e89fb17307c,aplatir,0.25,False,5,False,False,,4.632,invariant_viole,1612703277
90d2aa176116dfe1d8a27e89fb17307c,aplatir,0.25,True,5,False,True,0.250000,4.321,ok,1612703277
90d2aa176116dfe1d8a27e89fb17307c,aplatir,0.5,False,5,False,False,,3.687,invariant_viole,2415506958
90d2aa176116dfe1d8a27e89fb17307c,aplatir,0.5,True,5,False,True,0.500000,4.805,ok,2415506958
90d2aa176116dfe1d8a27e89fb17307c,aplatir,1.0,False,5,False,False,,3.387,invariant_viole,1824014531
90d2aa176116dfe1d8a27e89fb17307c,aplatir,1.0,True,5,False,True,1.000000,3.518,ok,1824014531
591354d26e512cc7e23d7d2004c4c206,deplacer,0.1,False,5,False,True,0.100000,4.434,ok,2392825227
591354d26e512cc7e23d7d2004c4c206,deplacer,0.1,True,5,False,True,0.100000,4.957,ok,2392825227
591354d26e512cc7e23d7d2004c4c206,deplacer,0.25,False,5,False,False,,4.806,invariant_viole,2760548115
591354d26e512cc7e23d7d2004c4c206,deplacer,0.25,True,5,False,False,,5.873,infaisable,2760548115
591354d26e512cc7e23d7d2004c4c206,deplacer,0.5,False,5,False,True,0.500000,3.855,ok,527346972
591354d26e512cc7e23d7d2004c4c206,deplacer,0.5,True,5,False,True,0.500000,6.039,ok,527346972
591354d26e512cc7e23d7d2004c4c206,deplacer,1.0,False,5,False,True,1.000000,3.741,ok,105369954
591354d26e512cc7e23d7d2004c4c206,deplacer,1.0,True,5,False,True,1.000000,5.234,ok,105369954
591354d26e512cc7e23d7d2004c4c206,elargir,0.1,False,5,False,False,,3.356,invariant_viole,1240838751
591354d26e512cc7e23d7d2004c4c206,elargir,0.1,True,5,False,False,,4.612,infaisable,1240838751
591354d26e512cc7e23d7d2004c4c206,elargir,0.25,False,5,False,True,0.250000,4.052,ok,1865242640
591354d26e512cc7e23d7d2004c4c206,elargir,0.25,True,5,False,True,0.250000,5.506,ok,1865242640
591354d26e512cc7e23d7d2004c4c206,elargir,0.5,False,5,False,True,0.500000,3.694,ok,700942130
591354d26e512cc7e23d7d2004c4c206,elargir,0.5,True,5,False,True,0.516193,4.380,ok,700942130
591354d26e512cc7e23d7d2004c4c206,elargir,1.0,False,5,False,False,,3.190,invariant_viole,2643668780
591354d26e512cc7e23d7d2004c4c206,elargir,1.0,True,5,False,False,,4.336,infaisable,2643668780
591354d26e512cc7e23d7d2004c4c206,retrecir,0.1,False,5,False,False,,2.982,invariant_viole,2441266213
591354d26e512cc7e23d7d2004c4c206,retrecir,0.1,True,5,False,True,0.100000,5.455,ok,2441266213
591354d26e512cc7e23d7d2004c4c206,retrecir,0.25,False,5,False,True,0.250000,3.359,ok,358105746
591354d26e512cc7e23d7d2004c4c206,retrecir,0.25,True,5,False,True,0.250000,3.671,ok,358105746
591354d26e512cc7e23d7d2004c4c206,retrecir,0.5,False,5,False,False,,3.348,invariant_viole,1627662411
591354d26e512cc7e23d7d2004c4c206,retrecir,0.5,True,5,False,True,0.500000,4.056,ok,1627662411
591354d26e512cc7e23d7d2004c4c206,retrecir,1.0,False,5,False,False,,3.005,invariant_viole,2988045209
591354d26e512cc7e23d7d2004c4c206,retrecir,1.0,True,5,False,True,1.000000,3.742,ok,2988045209
591354d26e512cc7e23d7d2004c4c206,aplatir,0.1,False,5,False,False,,3.083,invariant_viole,3542380764
591354d26e512cc7e23d7d2004c4c206,aplatir,0.1,True,5,False,True,0.100000,4.637,ok,3542380764
591354d26e512cc7e23d7d2004c4c206,aplatir,0.25,False,5,False,False,,3.371,invariant_viole,4005022500
591354d26e512cc7e23d7d2004c4c206,aplatir,0.25,True,5,False,True,0.250000,4.019,ok,4005022500
591354d26e512cc7e23d7d2004c4c206,aplatir,0.5,False,5,False,False,,3.297,invariant_viole,322517946
591354d26e512cc7e23d7d2004c4c206,aplatir,0.5,True,5,False,True,0.500000,3.917,ok,322517946
591354d26e512cc7e23d7d2004c4c206,aplatir,1.0,False,5,False,False,,3.581,invariant_viole,3434898434
591354d26e512cc7e23d7d2004c4c206,aplatir,1.0,True,5,False,False,,4.470,infaisable,3434898434
fc1ab21e8aaef73512580f3df0e81023,deplacer,0.1,False,5,False,True,0.100000,3.320,ok,484643316
fc1ab21e8aaef73512580f3df0e81023,deplacer,0.1,True,5,False,True,0.100000,3.466,ok,484643316
fc1ab21e8aaef73512580f3df0e81023,deplacer,0.25,False,5,False,True,0.250000,3.401,ok,2452840639
fc1ab21e8aaef73512580f3df0e81023,deplacer,0.25,True,5,False,True,0.250000,3.937,ok,2452840639
fc1ab21e8aaef73512580f3df0e81023,deplacer,0.5,False,5,False,True,0.500000,3.347,ok,9424302
fc1ab21e8aaef73512580f3df0e81023,deplacer,0.5,True,5,False,True,0.500000,3.802,ok,9424302
fc1ab21e8aaef73512580f3df0e81023,deplacer,1.0,False,5,False,False,,3.405,invariant_viole,1289410408
fc1ab21e8aaef73512580f3df0e81023,deplacer,1.0,True,5,False,True,1.000000,3.692,ok,1289410408
fc1ab21e8aaef73512580f3df0e81023,elargir,0.1,False,5,False,False,,3.072,invariant_viole,579920846
fc1ab21e8aaef73512580f3df0e81023,elargir,0.1,True,5,False,False,,4.300,infaisable,579920846
fc1ab21e8aaef73512580f3df0e81023,elargir,0.25,False,5,False,True,0.250000,3.160,ok,1898870823
fc1ab21e8aaef73512580f3df0e81023,elargir,0.25,True,5,False,True,0.250000,3.542,ok,1898870823
fc1ab21e8aaef73512580f3df0e81023,elargir,0.5,False,5,False,False,,2.967,invariant_viole,1222992253
fc1ab21e8aaef73512580f3df0e81023,elargir,0.5,True,5,False,False,,4.255,infaisable,1222992253
fc1ab21e8aaef73512580f3df0e81023,elargir,1.0,False,5,False,True,1.000000,3.001,ok,1140358325
fc1ab21e8aaef73512580f3df0e81023,elargir,1.0,True,5,False,True,1.000000,3.308,ok,1140358325
fc1ab21e8aaef73512580f3df0e81023,retrecir,0.1,False,5,False,False,,3.123,invariant_viole,511833081
fc1ab21e8aaef73512580f3df0e81023,retrecir,0.1,True,5,False,True,0.100000,3.853,ok,511833081
fc1ab21e8aaef73512580f3df0e81023,retrecir,0.25,False,5,False,False,,2.960,invariant_viole,3166809021
fc1ab21e8aaef73512580f3df0e81023,retrecir,0.25,True,5,False,True,0.250000,3.492,ok,3166809021
fc1ab21e8aaef73512580f3df0e81023,retrecir,0.5,False,5,False,False,,3.010,invariant_viole,1137496862
fc1ab21e8aaef73512580f3df0e81023,retrecir,0.5,True,5,False,True,0.500000,3.649,ok,1137496862
fc1ab21e8aaef73512580f3df0e81023,retrecir,1.0,False,5,False,False,,3.062,invariant_viole,358368179
fc1ab21e8aaef73512580f3df0e81023,retrecir,1.0,True,5,False,False,,4.105,infaisable,358368179
fc1ab21e8aaef73512580f3df0e81023,aplatir,0.1,False,5,False,False,,3.094,invariant_viole,3358804388
fc1ab21e8aaef73512580f3df0e81023,aplatir,0.1,True,5,False,True,0.100000,3.903,ok,3358804388
fc1ab21e8aaef73512580f3df0e81023,aplatir,0.25,False,5,False,False,,3.686,invariant_viole,956940326
fc1ab21e8aaef73512580f3df0e81023,aplatir,0.25,True,5,False,True,0.250000,4.288,ok,956940326
fc1ab21e8aaef73512580f3df0e81023,aplatir,0.5,False,5,False,False,,3.635,invariant_viole,4195430111
fc1ab21e8aaef73512580f3df0e81023,aplatir,0.5,True,5,False,True,0.500000,3.648,ok,4195430111
fc1ab21e8aaef73512580f3df0e81023,aplatir,1.0,False,5,False,False,,3.029,invariant_viole,886712741
fc1ab21e8aaef73512580f3df0e81023,aplatir,1.0,True,5,False,False,,4.093,infaisable,886712741
e82b4f3916abccd31c47b5a51e1fed5e,deplacer,0.1,False,12,False,False,,7.563,invariant_viole,1626915509
e82b4f3916abccd31c47b5a51e1fed5e,deplacer,0.1,True,12,False,False,,9.588,infaisable,1626915509
e82b4f3916abccd31c47b5a51e1fed5e,deplacer,0.25,False,12,False,False,,7.088,invariant_viole,708369774
e82b4f3916abccd31c47b5a51e1fed5e,deplacer,0.25,True,12,False,True,0.250000,10.246,ok,708369774
e82b4f3916abccd31c47b5a51e1fed5e,deplacer,0.5,False,12,False,True,0.500000,7.538,ok,1902430737
e82b4f3916abccd31c47b5a51e1fed5e,deplacer,0.5,True,12,False,True,0.500000,7.494,ok,1902430737
e82b4f3916abccd31c47b5a51e1fed5e,deplacer,1.0,False,12,False,False,,9.376,invariant_viole,1301102789
e82b4f3916abccd31c47b5a51e1fed5e,deplacer,1.0,True,12,False,True,1.000000,8.857,ok,1301102789
e82b4f3916abccd31c47b5a51e1fed5e,elargir,0.1,False,12,False,True,0.100000,7.991,ok,1435863962
e82b4f3916abccd31c47b5a51e1fed5e,elargir,0.1,True,12,False,True,0.100000,7.577,ok,1435863962
e82b4f3916abccd31c47b5a51e1fed5e,elargir,0.25,False,12,False,False,,7.734,invariant_viole,1173808163
e82b4f3916abccd31c47b5a51e1fed5e,elargir,0.25,True,12,False,True,0.250000,8.565,ok,1173808163
e82b4f3916abccd31c47b5a51e1fed5e,elargir,0.5,False,12,False,False,,6.676,invariant_viole,2790665668
e82b4f3916abccd31c47b5a51e1fed5e,elargir,0.5,True,12,False,False,,10.152,infaisable,2790665668
e82b4f3916abccd31c47b5a51e1fed5e,elargir,1.0,False,12,False,False,,6.775,invariant_viole,3121787479
e82b4f3916abccd31c47b5a51e1fed5e,elargir,1.0,True,12,False,True,1.000000,10.802,ok,3121787479
e82b4f3916abccd31c47b5a51e1fed5e,retrecir,0.1,False,12,False,False,,8.871,invariant_viole,2068242924
e82b4f3916abccd31c47b5a51e1fed5e,retrecir,0.1,True,12,False,True,0.100000,6.980,ok,2068242924
e82b4f3916abccd31c47b5a51e1fed5e,retrecir,0.25,False,12,False,False,,6.746,invariant_viole,3973066693
e82b4f3916abccd31c47b5a51e1fed5e,retrecir,0.25,True,12,False,True,0.250000,6.776,ok,3973066693
e82b4f3916abccd31c47b5a51e1fed5e,retrecir,0.5,False,12,False,False,,7.382,invariant_viole,4176399007
e82b4f3916abccd31c47b5a51e1fed5e,retrecir,0.5,True,12,False,True,0.500000,7.151,ok,4176399007
e82b4f3916abccd31c47b5a51e1fed5e,retrecir,1.0,False,12,False,False,,6.652,invariant_viole,817710560
e82b4f3916abccd31c47b5a51e1fed5e,retrecir,1.0,True,12,False,True,1.000000,6.817,ok,817710560
e82b4f3916abccd31c47b5a51e1fed5e,aplatir,0.1,False,12,False,False,,7.063,invariant_viole,653188315
e82b4f3916abccd31c47b5a51e1fed5e,aplatir,0.1,True,12,False,True,0.100000,6.902,ok,653188315
e82b4f3916abccd31c47b5a51e1fed5e,aplatir,0.25,False,12,False,False,,6.915,invariant_viole,4111544921
e82b4f3916abccd31c47b5a51e1fed5e,aplatir,0.25,True,12,False,True,0.250000,7.177,ok,4111544921
e82b4f3916abccd31c47b5a51e1fed5e,aplatir,0.5,False,12,False,False,,8.097,invariant_viole,2923541059
e82b4f3916abccd31c47b5a51e1fed5e,aplatir,0.5,True,12,False,True,0.500000,7.174,ok,2923541059
e82b4f3916abccd31c47b5a51e1fed5e,aplatir,1.0,False,12,False,False,,8.864,invariant_viole,3564840451
e82b4f3916abccd31c47b5a51e1fed5e,aplatir,1.0,True,12,False,True,1.000000,9.414,ok,3564840451
503dae2a86063d57f3c1ce1cba39984d,deplacer,0.1,False,13,False,True,0.100000,7.510,ok,3057253828
503dae2a86063d57f3c1ce1cba39984d,deplacer,0.1,True,13,False,True,0.100000,8.031,ok,3057253828
503dae2a86063d57f3c1ce1cba39984d,deplacer,0.25,False,13,False,False,,8.876,invariant_viole,567253791
503dae2a86063d57f3c1ce1cba39984d,deplacer,0.25,True,13,False,True,0.250000,8.405,ok,567253791
503dae2a86063d57f3c1ce1cba39984d,deplacer,0.5,False,13,False,False,,7.889,invariant_viole,1566774293
503dae2a86063d57f3c1ce1cba39984d,deplacer,0.5,True,13,False,False,,10.151,infaisable,1566774293
503dae2a86063d57f3c1ce1cba39984d,deplacer,1.0,False,13,False,False,,6.709,invariant_viole,1706878945
503dae2a86063d57f3c1ce1cba39984d,deplacer,1.0,True,13,False,True,1.000000,8.596,ok,1706878945
503dae2a86063d57f3c1ce1cba39984d,elargir,0.1,False,13,False,False,,8.975,invariant_viole,4105216411
503dae2a86063d57f3c1ce1cba39984d,elargir,0.1,True,13,False,True,0.100000,8.369,ok,4105216411
503dae2a86063d57f3c1ce1cba39984d,elargir,0.25,False,13,False,False,,9.129,invariant_viole,2163128862
503dae2a86063d57f3c1ce1cba39984d,elargir,0.25,True,13,False,False,,8.901,infaisable,2163128862
503dae2a86063d57f3c1ce1cba39984d,elargir,0.5,False,13,False,False,,6.859,invariant_viole,3875359342
503dae2a86063d57f3c1ce1cba39984d,elargir,0.5,True,13,False,True,0.500000,8.378,ok,3875359342
503dae2a86063d57f3c1ce1cba39984d,elargir,1.0,False,13,False,False,,7.397,invariant_viole,3894338899
503dae2a86063d57f3c1ce1cba39984d,elargir,1.0,True,13,False,True,1.000000,9.709,ok,3894338899
503dae2a86063d57f3c1ce1cba39984d,retrecir,0.1,False,13,False,False,,8.223,invariant_viole,2838104483
503dae2a86063d57f3c1ce1cba39984d,retrecir,0.1,True,13,False,True,0.100000,8.739,ok,2838104483
503dae2a86063d57f3c1ce1cba39984d,retrecir,0.25,False,13,False,False,,7.919,invariant_viole,2749983319
503dae2a86063d57f3c1ce1cba39984d,retrecir,0.25,True,13,False,True,0.250000,7.648,ok,2749983319
503dae2a86063d57f3c1ce1cba39984d,retrecir,0.5,False,13,False,False,,10.639,invariant_viole,1556015949
503dae2a86063d57f3c1ce1cba39984d,retrecir,0.5,True,13,False,True,0.500000,10.201,ok,1556015949
503dae2a86063d57f3c1ce1cba39984d,retrecir,1.0,False,13,False,False,,8.936,invariant_viole,3820393010
503dae2a86063d57f3c1ce1cba39984d,retrecir,1.0,True,13,False,True,1.000000,10.192,ok,3820393010
503dae2a86063d57f3c1ce1cba39984d,aplatir,0.1,False,13,False,False,,7.904,invariant_viole,3425758727
503dae2a86063d57f3c1ce1cba39984d,aplatir,0.1,True,13,False,True,0.100000,10.177,ok,3425758727
503dae2a86063d57f3c1ce1cba39984d,aplatir,0.25,False,13,False,False,,9.464,invariant_viole,458493702
503dae2a86063d57f3c1ce1cba39984d,aplatir,0.25,True,13,False,True,0.250000,7.915,ok,458493702
503dae2a86063d57f3c1ce1cba39984d,aplatir,0.5,False,13,False,False,,6.926,invariant_viole,3302119438
503dae2a86063d57f3c1ce1cba39984d,aplatir,0.5,True,13,False,True,0.500000,8.283,ok,3302119438
503dae2a86063d57f3c1ce1cba39984d,aplatir,1.0,False,13,False,False,,6.853,invariant_viole,2796765220
503dae2a86063d57f3c1ce1cba39984d,aplatir,1.0,True,13,False,True,1.000000,7.601,ok,2796765220
ac6cf88e74480699e463a34098b8b572,deplacer,0.1,False,13,False,True,0.100000,11.112,ok,963832859
ac6cf88e74480699e463a34098b8b572,deplacer,0.1,True,13,False,True,0.100000,8.071,ok,963832859
ac6cf88e74480699e463a34098b8b572,deplacer,0.25,False,13,False,False,,8.316,invariant_viole,279183172
ac6cf88e74480699e463a34098b8b572,deplacer,0.25,True,13,False,True,0.250000,9.681,ok,279183172
ac6cf88e74480699e463a34098b8b572,deplacer,0.5,False,13,False,False,,8.232,invariant_viole,442600843
ac6cf88e74480699e463a34098b8b572,deplacer,0.5,True,13,False,True,0.500000,11.394,ok,442600843
ac6cf88e74480699e463a34098b8b572,deplacer,1.0,False,13,False,False,,7.583,invariant_viole,442598982
ac6cf88e74480699e463a34098b8b572,deplacer,1.0,True,13,False,True,1.000000,7.891,ok,442598982
ac6cf88e74480699e463a34098b8b572,elargir,0.1,False,13,False,True,0.100000,7.354,ok,819776597
ac6cf88e74480699e463a34098b8b572,elargir,0.1,True,13,False,True,0.100000,7.740,ok,819776597
ac6cf88e74480699e463a34098b8b572,elargir,0.25,False,13,False,True,0.250000,10.483,ok,2132194273
ac6cf88e74480699e463a34098b8b572,elargir,0.25,True,13,False,True,0.250000,10.660,ok,2132194273
ac6cf88e74480699e463a34098b8b572,elargir,0.5,False,13,False,False,,8.233,invariant_viole,84375191
ac6cf88e74480699e463a34098b8b572,elargir,0.5,True,13,False,True,0.500000,8.288,ok,84375191
ac6cf88e74480699e463a34098b8b572,elargir,1.0,False,13,False,False,,7.824,invariant_viole,447268218
ac6cf88e74480699e463a34098b8b572,elargir,1.0,True,13,False,False,,10.083,infaisable,447268218
ac6cf88e74480699e463a34098b8b572,retrecir,0.1,False,13,False,False,,7.196,invariant_viole,3157672388
ac6cf88e74480699e463a34098b8b572,retrecir,0.1,True,13,False,True,0.100000,9.058,ok,3157672388
ac6cf88e74480699e463a34098b8b572,retrecir,0.25,False,13,False,False,,7.768,invariant_viole,4230155614
ac6cf88e74480699e463a34098b8b572,retrecir,0.25,True,13,False,True,0.250000,8.372,ok,4230155614
ac6cf88e74480699e463a34098b8b572,retrecir,0.5,False,13,False,False,,8.438,invariant_viole,2589918153
ac6cf88e74480699e463a34098b8b572,retrecir,0.5,True,13,False,True,0.500000,8.027,ok,2589918153
ac6cf88e74480699e463a34098b8b572,retrecir,1.0,False,13,False,False,,9.081,invariant_viole,4012196075
ac6cf88e74480699e463a34098b8b572,retrecir,1.0,True,13,False,True,1.000000,8.927,ok,4012196075
ac6cf88e74480699e463a34098b8b572,aplatir,0.1,False,13,False,False,,7.690,invariant_viole,1537035374
ac6cf88e74480699e463a34098b8b572,aplatir,0.1,True,13,False,True,0.100000,8.064,ok,1537035374
ac6cf88e74480699e463a34098b8b572,aplatir,0.25,False,13,False,False,,10.050,invariant_viole,4225074506
ac6cf88e74480699e463a34098b8b572,aplatir,0.25,True,13,False,True,0.250000,8.965,ok,4225074506
ac6cf88e74480699e463a34098b8b572,aplatir,0.5,False,13,False,False,,7.712,invariant_viole,248018054
ac6cf88e74480699e463a34098b8b572,aplatir,0.5,True,13,False,True,0.500000,8.645,ok,248018054
ac6cf88e74480699e463a34098b8b572,aplatir,1.0,False,13,False,False,,7.853,invariant_viole,575988037
ac6cf88e74480699e463a34098b8b572,aplatir,1.0,True,13,False,True,1.000000,8.054,ok,575988037
47cc48cce4ac8a3f819a218e15547f66,deplacer,0.1,False,13,False,True,0.100000,8.392,ok,347852691
47cc48cce4ac8a3f819a218e15547f66,deplacer,0.1,True,13,False,True,0.100000,9.114,ok,347852691
47cc48cce4ac8a3f819a218e15547f66,deplacer,0.25,False,13,False,False,,7.743,invariant_viole,43230419
47cc48cce4ac8a3f819a218e15547f66,deplacer,0.25,True,13,False,False,,14.124,infaisable,43230419
47cc48cce4ac8a3f819a218e15547f66,deplacer,0.5,False,13,False,True,0.500000,8.124,ok,773616511
47cc48cce4ac8a3f819a218e15547f66,deplacer,0.5,True,13,False,True,0.500000,9.795,ok,773616511
47cc48cce4ac8a3f819a218e15547f66,deplacer,1.0,False,13,False,True,1.000000,6.924,ok,1245433515
47cc48cce4ac8a3f819a218e15547f66,deplacer,1.0,True,13,False,True,1.000000,8.258,ok,1245433515
47cc48cce4ac8a3f819a218e15547f66,elargir,0.1,False,13,False,False,,6.773,invariant_viole,2949714638
47cc48cce4ac8a3f819a218e15547f66,elargir,0.1,True,13,False,True,0.100000,7.978,ok,2949714638
47cc48cce4ac8a3f819a218e15547f66,elargir,0.25,False,13,False,True,0.250000,6.946,ok,1760759046
47cc48cce4ac8a3f819a218e15547f66,elargir,0.25,True,13,False,True,0.250000,7.405,ok,1760759046
47cc48cce4ac8a3f819a218e15547f66,elargir,0.5,False,13,False,True,0.500000,8.065,ok,3201131107
47cc48cce4ac8a3f819a218e15547f66,elargir,0.5,True,13,False,True,0.500000,7.569,ok,3201131107
47cc48cce4ac8a3f819a218e15547f66,elargir,1.0,False,13,False,False,,10.411,invariant_viole,3774002536
47cc48cce4ac8a3f819a218e15547f66,elargir,1.0,True,13,False,True,1.000000,8.906,ok,3774002536
47cc48cce4ac8a3f819a218e15547f66,retrecir,0.1,False,13,False,False,,7.714,invariant_viole,3240760539
47cc48cce4ac8a3f819a218e15547f66,retrecir,0.1,True,13,False,True,0.100000,8.174,ok,3240760539
47cc48cce4ac8a3f819a218e15547f66,retrecir,0.25,False,13,False,False,,6.762,invariant_viole,4243242595
47cc48cce4ac8a3f819a218e15547f66,retrecir,0.25,True,13,False,True,0.250000,9.443,ok,4243242595
47cc48cce4ac8a3f819a218e15547f66,retrecir,0.5,False,13,False,False,,6.642,invariant_viole,340698248
47cc48cce4ac8a3f819a218e15547f66,retrecir,0.5,True,13,False,True,0.500000,8.767,ok,340698248
47cc48cce4ac8a3f819a218e15547f66,retrecir,1.0,False,13,False,False,,8.949,invariant_viole,583185044
47cc48cce4ac8a3f819a218e15547f66,retrecir,1.0,True,13,False,True,1.000000,7.461,ok,583185044
47cc48cce4ac8a3f819a218e15547f66,aplatir,0.1,False,13,False,False,,6.862,invariant_viole,1515280610
47cc48cce4ac8a3f819a218e15547f66,aplatir,0.1,True,13,False,True,0.100000,7.365,ok,1515280610
47cc48cce4ac8a3f819a218e15547f66,aplatir,0.25,False,13,False,False,,8.672,invariant_viole,3530555950
47cc48cce4ac8a3f819a218e15547f66,aplatir,0.25,True,13,False,True,0.250000,8.052,ok,3530555950
47cc48cce4ac8a3f819a218e15547f66,aplatir,0.5,False,13,False,False,,6.720,invariant_viole,2272869198
47cc48cce4ac8a3f819a218e15547f66,aplatir,0.5,True,13,False,True,0.500000,9.918,ok,2272869198
47cc48cce4ac8a3f819a218e15547f66,aplatir,1.0,False,13,False,False,,7.144,invariant_viole,2201218984
47cc48cce4ac8a3f819a218e15547f66,aplatir,1.0,True,13,False,True,1.000000,9.014,ok,2201218984
f4f3bcdd047f67d79739c7376b3ae939,deplacer,0.1,False,11,False,True,0.100000,8.777,ok,3754051374
f4f3bcdd047f67d79739c7376b3ae939,deplacer,0.1,True,11,False,True,0.100000,6.909,ok,3754051374
f4f3bcdd047f67d79739c7376b3ae939,deplacer,0.25,False,11,False,True,0.250000,6.170,ok,3766786213
f4f3bcdd047f67d79739c7376b3ae939,deplacer,0.25,True,11,False,True,0.250000,6.057,ok,3766786213
f4f3bcdd047f67d79739c7376b3ae939,deplacer,0.5,False,11,False,False,,5.871,invariant_viole,3038031972
f4f3bcdd047f67d79739c7376b3ae939,deplacer,0.5,True,11,False,False,,7.825,infaisable,3038031972
f4f3bcdd047f67d79739c7376b3ae939,deplacer,1.0,False,11,False,False,,7.202,invariant_viole,4057214626
f4f3bcdd047f67d79739c7376b3ae939,deplacer,1.0,True,11,False,True,1.628354,7.088,ok,4057214626
f4f3bcdd047f67d79739c7376b3ae939,elargir,0.1,False,11,False,True,0.100000,8.091,ok,3326171418
f4f3bcdd047f67d79739c7376b3ae939,elargir,0.1,True,11,False,True,0.100000,7.329,ok,3326171418
f4f3bcdd047f67d79739c7376b3ae939,elargir,0.25,False,11,False,True,0.250000,5.863,ok,3175872917
f4f3bcdd047f67d79739c7376b3ae939,elargir,0.25,True,11,False,True,0.250000,6.212,ok,3175872917
f4f3bcdd047f67d79739c7376b3ae939,elargir,0.5,False,11,False,True,0.500000,5.880,ok,537118500
f4f3bcdd047f67d79739c7376b3ae939,elargir,0.5,True,11,False,True,0.500000,6.069,ok,537118500
f4f3bcdd047f67d79739c7376b3ae939,elargir,1.0,False,11,False,False,,7.022,invariant_viole,2982480638
f4f3bcdd047f67d79739c7376b3ae939,elargir,1.0,True,11,False,False,,8.577,infaisable,2982480638
f4f3bcdd047f67d79739c7376b3ae939,retrecir,0.1,False,11,False,False,,6.692,invariant_viole,1225794132
f4f3bcdd047f67d79739c7376b3ae939,retrecir,0.1,True,11,False,True,0.100000,8.010,ok,1225794132
f4f3bcdd047f67d79739c7376b3ae939,retrecir,0.25,False,11,False,False,,6.147,invariant_viole,730269590
f4f3bcdd047f67d79739c7376b3ae939,retrecir,0.25,True,11,False,True,0.250000,6.178,ok,730269590
f4f3bcdd047f67d79739c7376b3ae939,retrecir,0.5,False,11,False,False,,8.337,invariant_viole,3682347219
f4f3bcdd047f67d79739c7376b3ae939,retrecir,0.5,True,11,False,True,0.500000,6.402,ok,3682347219
f4f3bcdd047f67d79739c7376b3ae939,retrecir,1.0,False,11,False,False,,5.847,invariant_viole,388975513
f4f3bcdd047f67d79739c7376b3ae939,retrecir,1.0,True,11,False,True,1.000000,6.295,ok,388975513
f4f3bcdd047f67d79739c7376b3ae939,aplatir,0.1,False,11,False,False,,7.058,invariant_viole,3231340647
f4f3bcdd047f67d79739c7376b3ae939,aplatir,0.1,True,11,False,True,0.100000,6.296,ok,3231340647
f4f3bcdd047f67d79739c7376b3ae939,aplatir,0.25,False,11,False,False,,5.776,invariant_viole,1992108414
f4f3bcdd047f67d79739c7376b3ae939,aplatir,0.25,True,11,False,True,0.250000,6.035,ok,1992108414
f4f3bcdd047f67d79739c7376b3ae939,aplatir,0.5,False,11,False,True,0.500000,6.614,ok,2693931032
f4f3bcdd047f67d79739c7376b3ae939,aplatir,0.5,True,11,False,True,0.500000,6.074,ok,2693931032
f4f3bcdd047f67d79739c7376b3ae939,aplatir,1.0,False,11,False,True,1.000000,6.750,ok,613744978
f4f3bcdd047f67d79739c7376b3ae939,aplatir,1.0,True,11,False,True,1.000000,6.561,ok,613744978
3f0c50a39bdadfa265239f2576f53108,deplacer,0.1,False,11,False,True,0.100000,5.877,ok,4118624516
3f0c50a39bdadfa265239f2576f53108,deplacer,0.1,True,11,False,True,0.100000,6.692,ok,4118624516
3f0c50a39bdadfa265239f2576f53108,deplacer,0.25,False,11,False,True,0.250000,7.398,ok,2279166166
3f0c50a39bdadfa265239f2576f53108,deplacer,0.25,True,11,False,True,0.250000,6.723,ok,2279166166
3f0c50a39bdadfa265239f2576f53108,deplacer,0.5,False,11,False,True,0.500000,5.630,ok,571549714
3f0c50a39bdadfa265239f2576f53108,deplacer,0.5,True,11,False,True,0.500000,6.906,ok,571549714
3f0c50a39bdadfa265239f2576f53108,deplacer,1.0,False,11,False,False,,5.415,invariant_viole,1856956275
3f0c50a39bdadfa265239f2576f53108,deplacer,1.0,True,11,False,True,2.126452,7.961,ok,1856956275
3f0c50a39bdadfa265239f2576f53108,elargir,0.1,False,11,False,True,0.100000,5.570,ok,11717704
3f0c50a39bdadfa265239f2576f53108,elargir,0.1,True,11,False,True,0.100000,7.311,ok,11717704
3f0c50a39bdadfa265239f2576f53108,elargir,0.25,False,11,False,True,0.250000,7.560,ok,1050823025
3f0c50a39bdadfa265239f2576f53108,elargir,0.25,True,11,False,True,0.250000,8.042,ok,1050823025
3f0c50a39bdadfa265239f2576f53108,elargir,0.5,False,11,False,False,,5.892,invariant_viole,3700924769
3f0c50a39bdadfa265239f2576f53108,elargir,0.5,True,11,False,True,0.500000,7.664,ok,3700924769
3f0c50a39bdadfa265239f2576f53108,elargir,1.0,False,11,False,True,1.000000,9.807,ok,1418026143
3f0c50a39bdadfa265239f2576f53108,elargir,1.0,True,11,False,True,1.000000,6.745,ok,1418026143
3f0c50a39bdadfa265239f2576f53108,retrecir,0.1,False,11,False,False,,5.821,invariant_viole,3115584259
3f0c50a39bdadfa265239f2576f53108,retrecir,0.1,True,11,False,True,0.100000,6.455,ok,3115584259
3f0c50a39bdadfa265239f2576f53108,retrecir,0.25,False,11,False,False,,5.486,invariant_viole,518690091
3f0c50a39bdadfa265239f2576f53108,retrecir,0.25,True,11,False,True,0.250000,8.941,ok,518690091
3f0c50a39bdadfa265239f2576f53108,retrecir,0.5,False,11,False,False,,5.423,invariant_viole,4004800214
3f0c50a39bdadfa265239f2576f53108,retrecir,0.5,True,11,False,True,0.500000,6.664,ok,4004800214
3f0c50a39bdadfa265239f2576f53108,retrecir,1.0,False,11,False,False,,5.485,invariant_viole,2974874987
3f0c50a39bdadfa265239f2576f53108,retrecir,1.0,True,11,False,True,1.000000,6.461,ok,2974874987
3f0c50a39bdadfa265239f2576f53108,aplatir,0.1,False,11,False,False,,5.400,invariant_viole,4195484414
3f0c50a39bdadfa265239f2576f53108,aplatir,0.1,True,11,False,True,0.100000,6.457,ok,4195484414
3f0c50a39bdadfa265239f2576f53108,aplatir,0.25,False,11,False,False,,5.814,invariant_viole,579371969
3f0c50a39bdadfa265239f2576f53108,aplatir,0.25,True,11,False,True,0.250000,6.367,ok,579371969
3f0c50a39bdadfa265239f2576f53108,aplatir,0.5,False,11,False,False,,5.934,invariant_viole,1483766562
3f0c50a39bdadfa265239f2576f53108,aplatir,0.5,True,11,False,True,0.500000,6.674,ok,1483766562
3f0c50a39bdadfa265239f2576f53108,aplatir,1.0,False,11,False,False,,7.244,invariant_viole,1107589803
3f0c50a39bdadfa265239f2576f53108,aplatir,1.0,True,11,False,True,1.862039,8.251,ok,1107589803
4209445c7ca2196aff1b3e0f032d11cf,deplacer,0.1,False,11,False,True,0.100000,6.642,ok,2597222866
4209445c7ca2196aff1b3e0f032d11cf,deplacer,0.1,True,11,False,True,0.100000,7.226,ok,2597222866
4209445c7ca2196aff1b3e0f032d11cf,deplacer,0.25,False,11,False,False,,7.064,invariant_viole,2323463641
4209445c7ca2196aff1b3e0f032d11cf,deplacer,0.25,True,11,False,True,0.250000,8.148,ok,2323463641
4209445c7ca2196aff1b3e0f032d11cf,deplacer,0.5,False,11,False,True,0.500000,9.872,ok,1223554491
4209445c7ca2196aff1b3e0f032d11cf,deplacer,0.5,True,11,False,True,0.500000,8.748,ok,1223554491
4209445c7ca2196aff1b3e0f032d11cf,deplacer,1.0,False,11,False,False,,7.980,invariant_viole,2498887546
4209445c7ca2196aff1b3e0f032d11cf,deplacer,1.0,True,11,False,True,1.000000,9.960,ok,2498887546
4209445c7ca2196aff1b3e0f032d11cf,elargir,0.1,False,11,False,False,,7.317,invariant_viole,2374738157
4209445c7ca2196aff1b3e0f032d11cf,elargir,0.1,True,11,False,True,0.100000,8.957,ok,2374738157
4209445c7ca2196aff1b3e0f032d11cf,elargir,0.25,False,11,False,True,0.250000,7.352,ok,1186493935
4209445c7ca2196aff1b3e0f032d11cf,elargir,0.25,True,11,False,True,0.250000,8.582,ok,1186493935
4209445c7ca2196aff1b3e0f032d11cf,elargir,0.5,False,11,False,False,,7.675,invariant_viole,2226437161
4209445c7ca2196aff1b3e0f032d11cf,elargir,0.5,True,11,False,True,0.500000,6.943,ok,2226437161
4209445c7ca2196aff1b3e0f032d11cf,elargir,1.0,False,11,False,True,1.000000,6.032,ok,583019810
4209445c7ca2196aff1b3e0f032d11cf,elargir,1.0,True,11,False,True,1.000000,6.951,ok,583019810
4209445c7ca2196aff1b3e0f032d11cf,retrecir,0.1,False,11,False,False,,8.259,invariant_viole,1542672915
4209445c7ca2196aff1b3e0f032d11cf,retrecir,0.1,True,11,False,True,0.100000,6.882,ok,1542672915
4209445c7ca2196aff1b3e0f032d11cf,retrecir,0.25,False,11,False,False,,6.939,invariant_viole,2784183092
4209445c7ca2196aff1b3e0f032d11cf,retrecir,0.25,True,11,False,True,0.250000,6.763,ok,2784183092
4209445c7ca2196aff1b3e0f032d11cf,retrecir,0.5,False,11,False,False,,6.463,invariant_viole,90982015
4209445c7ca2196aff1b3e0f032d11cf,retrecir,0.5,True,11,False,True,0.500000,6.913,ok,90982015
4209445c7ca2196aff1b3e0f032d11cf,retrecir,1.0,False,11,False,False,,6.735,invariant_viole,3948881765
4209445c7ca2196aff1b3e0f032d11cf,retrecir,1.0,True,11,False,True,1.851225,7.030,ok,3948881765
4209445c7ca2196aff1b3e0f032d11cf,aplatir,0.1,False,11,False,False,,8.352,invariant_viole,3934516743
4209445c7ca2196aff1b3e0f032d11cf,aplatir,0.1,True,11,False,True,0.100000,7.057,ok,3934516743
4209445c7ca2196aff1b3e0f032d11cf,aplatir,0.25,False,11,False,False,,5.959,invariant_viole,2995953008
4209445c7ca2196aff1b3e0f032d11cf,aplatir,0.25,True,11,False,True,0.250000,8.709,ok,2995953008
4209445c7ca2196aff1b3e0f032d11cf,aplatir,0.5,False,11,False,False,,5.662,invariant_viole,2609429078
4209445c7ca2196aff1b3e0f032d11cf,aplatir,0.5,True,11,False,True,0.500000,7.975,ok,2609429078
4209445c7ca2196aff1b3e0f032d11cf,aplatir,1.0,False,11,False,False,,5.592,invariant_viole,1814764433
4209445c7ca2196aff1b3e0f032d11cf,aplatir,1.0,True,11,False,True,1.000000,6.692,ok,1814764433
98474161b38783062f90127f8e12fec2,deplacer,0.1,False,12,False,False,,6.295,invariant_viole,52211565
98474161b38783062f90127f8e12fec2,deplacer,0.1,True,12,False,False,,9.624,infaisable,52211565
98474161b38783062f90127f8e12fec2,deplacer,0.25,False,12,False,True,0.250000,8.172,ok,511469373
98474161b38783062f90127f8e12fec2,deplacer,0.25,True,12,False,True,0.250000,9.906,ok,511469373
98474161b38783062f90127f8e12fec2,deplacer,0.5,False,12,False,True,0.500000,9.450,ok,1227407409
98474161b38783062f90127f8e12fec2,deplacer,0.5,True,12,False,True,0.500000,6.759,ok,1227407409
98474161b38783062f90127f8e12fec2,deplacer,1.0,False,12,False,True,1.000000,7.929,ok,1559002419
98474161b38783062f90127f8e12fec2,deplacer,1.0,True,12,False,True,1.000000,7.412,ok,1559002419
98474161b38783062f90127f8e12fec2,elargir,0.1,False,12,False,False,,6.472,invariant_viole,1589729029
98474161b38783062f90127f8e12fec2,elargir,0.1,True,12,False,False,,8.310,infaisable,1589729029
98474161b38783062f90127f8e12fec2,elargir,0.25,False,12,False,False,,6.079,invariant_viole,2923740883
98474161b38783062f90127f8e12fec2,elargir,0.25,True,12,False,False,,7.978,infaisable,2923740883
98474161b38783062f90127f8e12fec2,elargir,0.5,False,12,False,False,,7.231,invariant_viole,2795188984
98474161b38783062f90127f8e12fec2,elargir,0.5,True,12,False,True,0.500000,7.450,ok,2795188984
98474161b38783062f90127f8e12fec2,elargir,1.0,False,12,False,True,1.000000,6.419,ok,358808725
98474161b38783062f90127f8e12fec2,elargir,1.0,True,12,False,True,1.000000,9.757,ok,358808725
98474161b38783062f90127f8e12fec2,retrecir,0.1,False,12,False,False,,8.472,invariant_viole,1590535341
98474161b38783062f90127f8e12fec2,retrecir,0.1,True,12,False,True,0.100000,7.262,ok,1590535341
98474161b38783062f90127f8e12fec2,retrecir,0.25,False,12,False,False,,8.213,invariant_viole,4070178256
98474161b38783062f90127f8e12fec2,retrecir,0.25,True,12,False,True,0.250000,7.829,ok,4070178256
98474161b38783062f90127f8e12fec2,retrecir,0.5,False,12,False,False,,6.330,invariant_viole,2582776843
98474161b38783062f90127f8e12fec2,retrecir,0.5,True,12,False,True,0.500000,7.997,ok,2582776843
98474161b38783062f90127f8e12fec2,retrecir,1.0,False,12,False,False,,7.097,invariant_viole,79228864
98474161b38783062f90127f8e12fec2,retrecir,1.0,True,12,False,True,1.417399,7.108,ok,79228864
98474161b38783062f90127f8e12fec2,aplatir,0.1,False,12,False,False,,6.444,invariant_viole,1564034549
98474161b38783062f90127f8e12fec2,aplatir,0.1,True,12,False,True,0.100000,6.590,ok,1564034549
98474161b38783062f90127f8e12fec2,aplatir,0.25,False,12,False,False,,6.202,invariant_viole,934757705
98474161b38783062f90127f8e12fec2,aplatir,0.25,True,12,False,True,0.250000,7.109,ok,934757705
98474161b38783062f90127f8e12fec2,aplatir,0.5,False,12,False,True,0.500000,10.718,ok,3955797555
98474161b38783062f90127f8e12fec2,aplatir,0.5,True,12,False,True,0.500000,9.830,ok,3955797555
98474161b38783062f90127f8e12fec2,aplatir,1.0,False,12,False,False,,7.101,invariant_viole,353275997
98474161b38783062f90127f8e12fec2,aplatir,1.0,True,12,False,True,1.000000,8.538,ok,353275997
60245394258b75963aef88ce7d7da62e,deplacer,0.1,False,11,False,True,0.100000,8.637,ok,1483881482
60245394258b75963aef88ce7d7da62e,deplacer,0.1,True,11,False,True,0.100000,7.818,ok,1483881482
60245394258b75963aef88ce7d7da62e,deplacer,0.25,False,11,False,True,0.250000,7.534,ok,923975781
60245394258b75963aef88ce7d7da62e,deplacer,0.25,True,11,False,True,0.250000,8.824,ok,923975781
60245394258b75963aef88ce7d7da62e,deplacer,0.5,False,11,False,True,0.500000,7.314,ok,1306039994
60245394258b75963aef88ce7d7da62e,deplacer,0.5,True,11,False,True,0.500000,6.496,ok,1306039994
60245394258b75963aef88ce7d7da62e,deplacer,1.0,False,11,False,True,1.000000,6.579,ok,2953922920
60245394258b75963aef88ce7d7da62e,deplacer,1.0,True,11,False,True,1.000000,6.620,ok,2953922920
60245394258b75963aef88ce7d7da62e,elargir,0.1,False,11,False,True,0.100000,5.645,ok,4038080599
60245394258b75963aef88ce7d7da62e,elargir,0.1,True,11,False,True,0.100000,8.957,ok,4038080599
60245394258b75963aef88ce7d7da62e,elargir,0.25,False,11,False,True,0.250000,9.276,ok,965601899
60245394258b75963aef88ce7d7da62e,elargir,0.25,True,11,False,True,0.250000,6.940,ok,965601899
60245394258b75963aef88ce7d7da62e,elargir,0.5,False,11,False,True,0.500000,8.764,ok,147969892
60245394258b75963aef88ce7d7da62e,elargir,0.5,True,11,False,True,0.500000,6.988,ok,147969892
60245394258b75963aef88ce7d7da62e,elargir,1.0,False,11,False,True,1.000000,7.239,ok,1579843411
60245394258b75963aef88ce7d7da62e,elargir,1.0,True,11,False,True,1.000000,6.404,ok,1579843411
60245394258b75963aef88ce7d7da62e,retrecir,0.1,False,11,False,True,0.100000,7.208,ok,3471330718
60245394258b75963aef88ce7d7da62e,retrecir,0.1,True,11,False,True,0.100000,6.304,ok,3471330718
60245394258b75963aef88ce7d7da62e,retrecir,0.25,False,11,False,False,,5.646,invariant_viole,1737752908
60245394258b75963aef88ce7d7da62e,retrecir,0.25,True,11,False,True,0.250000,6.446,ok,1737752908
60245394258b75963aef88ce7d7da62e,retrecir,0.5,False,11,False,False,,5.703,invariant_viole,1244568332
60245394258b75963aef88ce7d7da62e,retrecir,0.5,True,11,False,True,0.500000,6.576,ok,1244568332
60245394258b75963aef88ce7d7da62e,retrecir,1.0,False,11,False,False,,5.512,invariant_viole,996383932
60245394258b75963aef88ce7d7da62e,retrecir,1.0,True,11,False,True,1.000000,7.833,ok,996383932
60245394258b75963aef88ce7d7da62e,aplatir,0.1,False,11,False,False,,5.662,invariant_viole,2532315573
60245394258b75963aef88ce7d7da62e,aplatir,0.1,True,11,False,True,0.100000,7.168,ok,2532315573
60245394258b75963aef88ce7d7da62e,aplatir,0.25,False,11,False,False,,5.707,invariant_viole,2445679987
60245394258b75963aef88ce7d7da62e,aplatir,0.25,True,11,False,True,0.250000,8.112,ok,2445679987
60245394258b75963aef88ce7d7da62e,aplatir,0.5,False,11,False,False,,5.546,invariant_viole,2344621079
60245394258b75963aef88ce7d7da62e,aplatir,0.5,True,11,False,True,0.500000,8.401,ok,2344621079
60245394258b75963aef88ce7d7da62e,aplatir,1.0,False,11,False,False,,5.855,invariant_viole,3263494541
60245394258b75963aef88ce7d7da62e,aplatir,1.0,True,11,False,True,1.000000,6.871,ok,3263494541
080b26b9aa527b028040c79f2bac401c,deplacer,0.1,False,9,False,True,0.100000,4.607,ok,1237859500
080b26b9aa527b028040c79f2bac401c,deplacer,0.1,True,9,False,True,0.100000,5.013,ok,1237859500
080b26b9aa527b028040c79f2bac401c,deplacer,0.25,False,9,False,True,0.250000,6.333,ok,2347777012
080b26b9aa527b028040c79f2bac401c,deplacer,0.25,True,9,False,True,0.250000,5.299,ok,2347777012
080b26b9aa527b028040c79f2bac401c,deplacer,0.5,False,9,False,False,,4.924,invariant_viole,1775955436
080b26b9aa527b028040c79f2bac401c,deplacer,0.5,True,9,False,True,0.500000,5.030,ok,1775955436
080b26b9aa527b028040c79f2bac401c,deplacer,1.0,False,9,False,True,1.000000,5.009,ok,639036621
080b26b9aa527b028040c79f2bac401c,deplacer,1.0,True,9,False,True,1.000000,5.666,ok,639036621
080b26b9aa527b028040c79f2bac401c,elargir,0.1,False,9,False,True,0.100000,4.930,ok,1440936493
080b26b9aa527b028040c79f2bac401c,elargir,0.1,True,9,False,True,0.100000,4.914,ok,1440936493
080b26b9aa527b028040c79f2bac401c,elargir,0.25,False,9,False,True,0.250000,4.726,ok,3546503389
080b26b9aa527b028040c79f2bac401c,elargir,0.25,True,9,False,True,0.250000,4.883,ok,3546503389
080b26b9aa527b028040c79f2bac401c,elargir,0.5,False,9,False,False,,6.107,invariant_viole,2583558008
080b26b9aa527b028040c79f2bac401c,elargir,0.5,True,9,False,True,0.500000,4.937,ok,2583558008
080b26b9aa527b028040c79f2bac401c,elargir,1.0,False,9,False,True,1.000000,4.721,ok,3963091341
080b26b9aa527b028040c79f2bac401c,elargir,1.0,True,9,False,True,1.000000,5.430,ok,3963091341
080b26b9aa527b028040c79f2bac401c,retrecir,0.1,False,9,False,False,,4.469,invariant_viole,1470314102
080b26b9aa527b028040c79f2bac401c,retrecir,0.1,True,9,False,True,0.100000,6.821,ok,1470314102
080b26b9aa527b028040c79f2bac401c,retrecir,0.25,False,9,False,True,0.250000,4.606,ok,3703636946
080b26b9aa527b028040c79f2bac401c,retrecir,0.25,True,9,False,True,0.250000,4.931,ok,3703636946
080b26b9aa527b028040c79f2bac401c,retrecir,0.5,False,9,False,True,0.500000,4.567,ok,1859459377
080b26b9aa527b028040c79f2bac401c,retrecir,0.5,True,9,False,True,0.500000,4.897,ok,1859459377
080b26b9aa527b028040c79f2bac401c,retrecir,1.0,False,9,False,False,,5.580,invariant_viole,2371847088
080b26b9aa527b028040c79f2bac401c,retrecir,1.0,True,9,False,True,1.000000,6.826,ok,2371847088
080b26b9aa527b028040c79f2bac401c,aplatir,0.1,False,9,False,False,,4.487,invariant_viole,3122047457
080b26b9aa527b028040c79f2bac401c,aplatir,0.1,True,9,False,True,0.100000,5.286,ok,3122047457
080b26b9aa527b028040c79f2bac401c,aplatir,0.25,False,9,False,False,,4.772,invariant_viole,1892039957
080b26b9aa527b028040c79f2bac401c,aplatir,0.25,True,9,False,True,0.250000,6.524,ok,1892039957
080b26b9aa527b028040c79f2bac401c,aplatir,0.5,False,9,False,False,,7.028,invariant_viole,1571834905
080b26b9aa527b028040c79f2bac401c,aplatir,0.5,True,9,False,True,0.500000,5.723,ok,1571834905
080b26b9aa527b028040c79f2bac401c,aplatir,1.0,False,9,False,False,,5.041,invariant_viole,3991825347
080b26b9aa527b028040c79f2bac401c,aplatir,1.0,True,9,False,True,1.406275,7.336,ok,3991825347
ff833e66af3e65881666e76666f5c9c4,deplacer,0.1,False,11,False,True,0.100000,7.426,ok,4138832687
ff833e66af3e65881666e76666f5c9c4,deplacer,0.1,True,11,False,True,0.100000,8.464,ok,4138832687
ff833e66af3e65881666e76666f5c9c4,deplacer,0.25,False,11,False,False,,7.430,invariant_viole,1532432029
ff833e66af3e65881666e76666f5c9c4,deplacer,0.25,True,11,False,False,,11.353,infaisable,1532432029
ff833e66af3e65881666e76666f5c9c4,deplacer,0.5,False,11,False,False,,8.856,invariant_viole,3105958070
ff833e66af3e65881666e76666f5c9c4,deplacer,0.5,True,11,False,True,0.496385,8.595,ok,3105958070
ff833e66af3e65881666e76666f5c9c4,deplacer,1.0,False,11,False,True,1.000000,6.793,ok,1488906912
ff833e66af3e65881666e76666f5c9c4,deplacer,1.0,True,11,False,True,1.641284,9.248,ok,1488906912
ff833e66af3e65881666e76666f5c9c4,elargir,0.1,False,11,False,False,,7.775,invariant_viole,180036440
ff833e66af3e65881666e76666f5c9c4,elargir,0.1,True,11,False,False,,8.910,infaisable,180036440
ff833e66af3e65881666e76666f5c9c4,elargir,0.25,False,11,False,True,0.250000,8.050,ok,4189472809
ff833e66af3e65881666e76666f5c9c4,elargir,0.25,True,11,False,True,0.250000,6.527,ok,4189472809
ff833e66af3e65881666e76666f5c9c4,elargir,0.5,False,11,False,False,,7.951,invariant_viole,4170420257
ff833e66af3e65881666e76666f5c9c4,elargir,0.5,True,11,False,True,0.500000,7.093,ok,4170420257
ff833e66af3e65881666e76666f5c9c4,elargir,1.0,False,11,False,True,1.000000,7.670,ok,3354065170
ff833e66af3e65881666e76666f5c9c4,elargir,1.0,True,11,False,True,1.000000,6.647,ok,3354065170
ff833e66af3e65881666e76666f5c9c4,retrecir,0.1,False,11,False,False,,6.830,invariant_viole,3762049903
ff833e66af3e65881666e76666f5c9c4,retrecir,0.1,True,11,False,True,0.100000,6.251,ok,3762049903
ff833e66af3e65881666e76666f5c9c4,retrecir,0.25,False,11,False,False,,6.302,invariant_viole,1906999258
ff833e66af3e65881666e76666f5c9c4,retrecir,0.25,True,11,False,True,0.250000,6.404,ok,1906999258
ff833e66af3e65881666e76666f5c9c4,retrecir,0.5,False,11,False,False,,6.046,invariant_viole,2461068311
ff833e66af3e65881666e76666f5c9c4,retrecir,0.5,True,11,False,True,0.500000,8.254,ok,2461068311
ff833e66af3e65881666e76666f5c9c4,retrecir,1.0,False,11,False,False,,6.271,invariant_viole,1189812744
ff833e66af3e65881666e76666f5c9c4,retrecir,1.0,True,11,False,True,0.984198,6.993,ok,1189812744
ff833e66af3e65881666e76666f5c9c4,aplatir,0.1,False,11,False,False,,6.094,invariant_viole,3559953258
ff833e66af3e65881666e76666f5c9c4,aplatir,0.1,True,11,False,True,0.100000,6.809,ok,3559953258
ff833e66af3e65881666e76666f5c9c4,aplatir,0.25,False,11,False,False,,6.007,invariant_viole,3569674710
ff833e66af3e65881666e76666f5c9c4,aplatir,0.25,True,11,False,True,0.250000,6.492,ok,3569674710
ff833e66af3e65881666e76666f5c9c4,aplatir,0.5,False,11,False,False,,6.456,invariant_viole,1572546794
ff833e66af3e65881666e76666f5c9c4,aplatir,0.5,True,11,False,True,0.500000,6.426,ok,1572546794
ff833e66af3e65881666e76666f5c9c4,aplatir,1.0,False,11,False,False,,6.003,invariant_viole,2030108955
ff833e66af3e65881666e76666f5c9c4,aplatir,1.0,True,11,False,True,1.000000,7.852,ok,2030108955
4f74052eb533d72a75887ad693dcc348,deplacer,0.1,False,6,False,False,,3.547,invariant_viole,2601694831
4f74052eb533d72a75887ad693dcc348,deplacer,0.1,True,6,False,True,0.100000,4.354,ok,2601694831
4f74052eb533d72a75887ad693dcc348,deplacer,0.25,False,6,False,True,0.250000,3.663,ok,2775649895
4f74052eb533d72a75887ad693dcc348,deplacer,0.25,True,6,False,True,0.250000,4.561,ok,2775649895
4f74052eb533d72a75887ad693dcc348,deplacer,0.5,False,6,False,True,0.500000,3.808,ok,3116409212
4f74052eb533d72a75887ad693dcc348,deplacer,0.5,True,6,False,True,0.500000,4.371,ok,3116409212
4f74052eb533d72a75887ad693dcc348,deplacer,1.0,False,6,False,False,,3.636,invariant_viole,2391383325
4f74052eb533d72a75887ad693dcc348,deplacer,1.0,True,6,False,True,1.000000,5.972,ok,2391383325
4f74052eb533d72a75887ad693dcc348,elargir,0.1,False,6,False,True,0.100000,3.970,ok,1158801802
4f74052eb533d72a75887ad693dcc348,elargir,0.1,True,6,False,True,0.100000,5.151,ok,1158801802
4f74052eb533d72a75887ad693dcc348,elargir,0.25,False,6,False,True,0.250000,4.192,ok,1180810365
4f74052eb533d72a75887ad693dcc348,elargir,0.25,True,6,False,True,0.250000,4.719,ok,1180810365
4f74052eb533d72a75887ad693dcc348,elargir,0.5,False,6,False,True,0.500000,5.111,ok,2157680312
4f74052eb533d72a75887ad693dcc348,elargir,0.5,True,6,False,True,0.500000,4.894,ok,2157680312
4f74052eb533d72a75887ad693dcc348,elargir,1.0,False,6,False,True,1.000000,3.638,ok,1640649902
4f74052eb533d72a75887ad693dcc348,elargir,1.0,True,6,False,True,1.000000,5.798,ok,1640649902
4f74052eb533d72a75887ad693dcc348,retrecir,0.1,False,6,False,False,,4.986,invariant_viole,2919672337
4f74052eb533d72a75887ad693dcc348,retrecir,0.1,True,6,False,True,0.100000,5.325,ok,2919672337
4f74052eb533d72a75887ad693dcc348,retrecir,0.25,False,6,False,False,,3.533,invariant_viole,2791538583
4f74052eb533d72a75887ad693dcc348,retrecir,0.25,True,6,False,True,0.250000,4.338,ok,2791538583
4f74052eb533d72a75887ad693dcc348,retrecir,0.5,False,6,False,False,,3.416,invariant_viole,333469794
4f74052eb533d72a75887ad693dcc348,retrecir,0.5,True,6,False,True,0.500000,4.470,ok,333469794
4f74052eb533d72a75887ad693dcc348,retrecir,1.0,False,6,False,False,,3.381,invariant_viole,1681782176
4f74052eb533d72a75887ad693dcc348,retrecir,1.0,True,6,False,True,1.000000,4.325,ok,1681782176
4f74052eb533d72a75887ad693dcc348,aplatir,0.1,False,6,False,False,,3.367,invariant_viole,272745766
4f74052eb533d72a75887ad693dcc348,aplatir,0.1,True,6,False,True,0.100000,4.580,ok,272745766
4f74052eb533d72a75887ad693dcc348,aplatir,0.25,False,6,False,False,,3.384,invariant_viole,2356633524
4f74052eb533d72a75887ad693dcc348,aplatir,0.25,True,6,False,True,0.250000,4.268,ok,2356633524
4f74052eb533d72a75887ad693dcc348,aplatir,0.5,False,6,False,False,,3.476,invariant_viole,4183529294
4f74052eb533d72a75887ad693dcc348,aplatir,0.5,True,6,False,True,0.500000,4.690,ok,4183529294
4f74052eb533d72a75887ad693dcc348,aplatir,1.0,False,6,False,True,1.000000,3.781,ok,3593850784
4f74052eb533d72a75887ad693dcc348,aplatir,1.0,True,6,False,True,1.000000,4.237,ok,3593850784
3a442f3baa5e2f2caec911ebf57ad25f,deplacer,0.1,False,9,False,True,0.100000,5.234,ok,63647211
3a442f3baa5e2f2caec911ebf57ad25f,deplacer,0.1,True,9,False,True,0.100000,5.294,ok,63647211
3a442f3baa5e2f2caec911ebf57ad25f,deplacer,0.25,False,9,False,True,0.250000,4.746,ok,1582483242
3a442f3baa5e2f2caec911ebf57ad25f,deplacer,0.25,True,9,False,True,0.250000,5.131,ok,1582483242
3a442f3baa5e2f2caec911ebf57ad25f,deplacer,0.5,False,9,False,True,0.500000,4.507,ok,1657832632
3a442f3baa5e2f2caec911ebf57ad25f,deplacer,0.5,True,9,False,True,0.500000,6.427,ok,1657832632
3a442f3baa5e2f2caec911ebf57ad25f,deplacer,1.0,False,9,False,False,,5.683,invariant_viole,2519137345
3a442f3baa5e2f2caec911ebf57ad25f,deplacer,1.0,True,9,False,True,1.000000,5.291,ok,2519137345
3a442f3baa5e2f2caec911ebf57ad25f,elargir,0.1,False,9,False,True,0.100000,5.384,ok,3802656852
3a442f3baa5e2f2caec911ebf57ad25f,elargir,0.1,True,9,False,True,0.100000,5.204,ok,3802656852
3a442f3baa5e2f2caec911ebf57ad25f,elargir,0.25,False,9,False,True,0.250000,4.963,ok,4125606618
3a442f3baa5e2f2caec911ebf57ad25f,elargir,0.25,True,9,False,True,0.250000,5.682,ok,4125606618
3a442f3baa5e2f2caec911ebf57ad25f,elargir,0.5,False,9,False,True,0.500000,5.135,ok,1691484604
3a442f3baa5e2f2caec911ebf57ad25f,elargir,0.5,True,9,False,True,0.500000,5.530,ok,1691484604
3a442f3baa5e2f2caec911ebf57ad25f,elargir,1.0,False,9,False,True,1.000000,4.895,ok,3416074498
3a442f3baa5e2f2caec911ebf57ad25f,elargir,1.0,True,9,False,True,1.000000,6.225,ok,3416074498
3a442f3baa5e2f2caec911ebf57ad25f,retrecir,0.1,False,9,False,False,,4.777,invariant_viole,1632073039
3a442f3baa5e2f2caec911ebf57ad25f,retrecir,0.1,True,9,False,True,0.100000,5.067,ok,1632073039
3a442f3baa5e2f2caec911ebf57ad25f,retrecir,0.25,False,9,False,False,,4.790,invariant_viole,2189769714
3a442f3baa5e2f2caec911ebf57ad25f,retrecir,0.25,True,9,False,True,0.250000,5.143,ok,2189769714
3a442f3baa5e2f2caec911ebf57ad25f,retrecir,0.5,False,9,False,False,,4.590,invariant_viole,372955693
3a442f3baa5e2f2caec911ebf57ad25f,retrecir,0.5,True,9,False,True,0.500000,5.354,ok,372955693
3a442f3baa5e2f2caec911ebf57ad25f,retrecir,1.0,False,9,False,False,,4.574,invariant_viole,4132129809
3a442f3baa5e2f2caec911ebf57ad25f,retrecir,1.0,True,9,False,True,1.000000,5.445,ok,4132129809
3a442f3baa5e2f2caec911ebf57ad25f,aplatir,0.1,False,9,False,False,,4.485,invariant_viole,3339160224
3a442f3baa5e2f2caec911ebf57ad25f,aplatir,0.1,True,9,False,True,0.100000,5.010,ok,3339160224
3a442f3baa5e2f2caec911ebf57ad25f,aplatir,0.25,False,9,False,False,,5.191,invariant_viole,83006539
3a442f3baa5e2f2caec911ebf57ad25f,aplatir,0.25,True,9,False,True,0.250000,6.296,ok,83006539
3a442f3baa5e2f2caec911ebf57ad25f,aplatir,0.5,False,9,False,True,0.500000,4.862,ok,2392893917
3a442f3baa5e2f2caec911ebf57ad25f,aplatir,0.5,True,9,False,True,0.500000,5.336,ok,2392893917
3a442f3baa5e2f2caec911ebf57ad25f,aplatir,1.0,False,9,False,False,,4.512,invariant_viole,1133626622
3a442f3baa5e2f2caec911ebf57ad25f,aplatir,1.0,True,9,False,True,1.000000,5.275,ok,1133626622
75644fb00c1413782047a4b835c7b9ff,deplacer,0.1,False,11,False,True,0.100000,9.076,ok,912680789
75644fb00c1413782047a4b835c7b9ff,deplacer,0.1,True,11,False,True,0.100000,10.523,ok,912680789
75644fb00c1413782047a4b835c7b9ff,deplacer,0.25,False,11,False,False,,8.124,invariant_viole,1912329842
75644fb00c1413782047a4b835c7b9ff,deplacer,0.25,True,11,False,True,0.250000,8.150,ok,1912329842
75644fb00c1413782047a4b835c7b9ff,deplacer,0.5,False,11,False,True,0.500000,7.521,ok,2266826530
75644fb00c1413782047a4b835c7b9ff,deplacer,0.5,True,11,False,True,0.500000,9.192,ok,2266826530
75644fb00c1413782047a4b835c7b9ff,deplacer,1.0,False,11,False,True,1.000000,6.114,ok,2940475225
75644fb00c1413782047a4b835c7b9ff,deplacer,1.0,True,11,False,False,,8.941,infaisable,2940475225
75644fb00c1413782047a4b835c7b9ff,elargir,0.1,False,11,False,False,,6.444,invariant_viole,2943039268
75644fb00c1413782047a4b835c7b9ff,elargir,0.1,True,11,False,False,,8.909,infaisable,2943039268
75644fb00c1413782047a4b835c7b9ff,elargir,0.25,False,11,False,False,,5.467,invariant_viole,2598904284
75644fb00c1413782047a4b835c7b9ff,elargir,0.25,True,11,False,True,0.250000,7.980,ok,2598904284
75644fb00c1413782047a4b835c7b9ff,elargir,0.5,False,11,False,False,,5.647,invariant_viole,3759573404
75644fb00c1413782047a4b835c7b9ff,elargir,0.5,True,11,False,True,0.500000,8.357,ok,3759573404
75644fb00c1413782047a4b835c7b9ff,elargir,1.0,False,11,False,False,,6.086,invariant_viole,4220717848
75644fb00c1413782047a4b835c7b9ff,elargir,1.0,True,11,False,False,,9.891,infaisable,4220717848
75644fb00c1413782047a4b835c7b9ff,retrecir,0.1,False,11,False,False,,5.864,invariant_viole,1683396404
75644fb00c1413782047a4b835c7b9ff,retrecir,0.1,True,11,False,True,0.100000,7.834,ok,1683396404
75644fb00c1413782047a4b835c7b9ff,retrecir,0.25,False,11,False,False,,5.586,invariant_viole,2177197894
75644fb00c1413782047a4b835c7b9ff,retrecir,0.25,True,11,False,True,0.250000,10.157,ok,2177197894
75644fb00c1413782047a4b835c7b9ff,retrecir,0.5,False,11,False,False,,5.970,invariant_viole,4231119246
75644fb00c1413782047a4b835c7b9ff,retrecir,0.5,True,11,False,True,0.500000,8.445,ok,4231119246
75644fb00c1413782047a4b835c7b9ff,retrecir,1.0,False,11,False,False,,5.740,invariant_viole,2396481104
75644fb00c1413782047a4b835c7b9ff,retrecir,1.0,True,11,False,True,0.505286,8.106,ok,2396481104
75644fb00c1413782047a4b835c7b9ff,aplatir,0.1,False,11,False,True,0.100000,5.796,ok,819982212
75644fb00c1413782047a4b835c7b9ff,aplatir,0.1,True,11,False,True,0.100000,7.620,ok,819982212
75644fb00c1413782047a4b835c7b9ff,aplatir,0.25,False,11,False,False,,5.723,invariant_viole,1169924845
75644fb00c1413782047a4b835c7b9ff,aplatir,0.25,True,11,False,True,0.250000,7.662,ok,1169924845
75644fb00c1413782047a4b835c7b9ff,aplatir,0.5,False,11,False,False,,7.149,invariant_viole,1694868120
75644fb00c1413782047a4b835c7b9ff,aplatir,0.5,True,11,False,True,0.500000,10.206,ok,1694868120
75644fb00c1413782047a4b835c7b9ff,aplatir,1.0,False,11,False,False,,8.835,invariant_viole,2219391616
75644fb00c1413782047a4b835c7b9ff,aplatir,1.0,True,11,False,True,1.000000,10.051,ok,2219391616
f86492bdf4870ffd8e05c01945bb87b4,deplacer,0.1,False,6,False,False,,3.824,invariant_viole,1023224054
f86492bdf4870ffd8e05c01945bb87b4,deplacer,0.1,True,6,False,True,0.100000,4.534,ok,1023224054
f86492bdf4870ffd8e05c01945bb87b4,deplacer,0.25,False,6,False,False,,3.575,invariant_viole,282790221
f86492bdf4870ffd8e05c01945bb87b4,deplacer,0.25,True,6,False,True,2.173240,4.090,ok,282790221
f86492bdf4870ffd8e05c01945bb87b4,deplacer,0.5,False,6,False,False,,3.621,invariant_viole,666446860
f86492bdf4870ffd8e05c01945bb87b4,deplacer,0.5,True,6,False,True,0.500000,4.387,ok,666446860
f86492bdf4870ffd8e05c01945bb87b4,deplacer,1.0,False,6,False,True,1.000000,3.511,ok,1241600243
f86492bdf4870ffd8e05c01945bb87b4,deplacer,1.0,True,6,False,True,1.000000,4.565,ok,1241600243
f86492bdf4870ffd8e05c01945bb87b4,elargir,0.1,False,6,False,True,0.100000,6.232,ok,729724797
f86492bdf4870ffd8e05c01945bb87b4,elargir,0.1,True,6,False,True,0.100000,5.100,ok,729724797
f86492bdf4870ffd8e05c01945bb87b4,elargir,0.25,False,6,False,True,0.250000,3.869,ok,2551242002
f86492bdf4870ffd8e05c01945bb87b4,elargir,0.25,True,6,False,True,0.250000,4.558,ok,2551242002
f86492bdf4870ffd8e05c01945bb87b4,elargir,0.5,False,6,False,True,0.500000,3.546,ok,3151169030
f86492bdf4870ffd8e05c01945bb87b4,elargir,0.5,True,6,False,True,0.500000,4.051,ok,3151169030
f86492bdf4870ffd8e05c01945bb87b4,elargir,1.0,False,6,False,True,1.000000,3.601,ok,365459754
f86492bdf4870ffd8e05c01945bb87b4,elargir,1.0,True,6,False,True,1.000000,4.104,ok,365459754
f86492bdf4870ffd8e05c01945bb87b4,retrecir,0.1,False,6,False,False,,3.517,invariant_viole,3912887189
f86492bdf4870ffd8e05c01945bb87b4,retrecir,0.1,True,6,False,True,0.100000,4.273,ok,3912887189
f86492bdf4870ffd8e05c01945bb87b4,retrecir,0.25,False,6,False,False,,3.735,invariant_viole,3515685421
f86492bdf4870ffd8e05c01945bb87b4,retrecir,0.25,True,6,False,True,0.250000,4.671,ok,3515685421
f86492bdf4870ffd8e05c01945bb87b4,retrecir,0.5,False,6,False,False,,3.787,invariant_viole,3651137073
f86492bdf4870ffd8e05c01945bb87b4,retrecir,0.5,True,6,False,True,0.500000,4.321,ok,3651137073
f86492bdf4870ffd8e05c01945bb87b4,retrecir,1.0,False,6,False,False,,3.479,invariant_viole,2715079103
f86492bdf4870ffd8e05c01945bb87b4,retrecir,1.0,True,6,False,False,,6.656,infaisable,2715079103
f86492bdf4870ffd8e05c01945bb87b4,aplatir,0.1,False,6,False,False,,3.759,invariant_viole,2397952505
f86492bdf4870ffd8e05c01945bb87b4,aplatir,0.1,True,6,False,True,0.100000,4.841,ok,2397952505
f86492bdf4870ffd8e05c01945bb87b4,aplatir,0.25,False,6,False,False,,3.562,invariant_viole,861942670
f86492bdf4870ffd8e05c01945bb87b4,aplatir,0.25,True,6,False,True,0.250000,4.578,ok,861942670
f86492bdf4870ffd8e05c01945bb87b4,aplatir,0.5,False,6,False,False,,3.717,invariant_viole,2762847412
f86492bdf4870ffd8e05c01945bb87b4,aplatir,0.5,True,6,False,True,0.500000,4.173,ok,2762847412
f86492bdf4870ffd8e05c01945bb87b4,aplatir,1.0,False,6,False,True,1.000000,3.773,ok,4213252415
f86492bdf4870ffd8e05c01945bb87b4,aplatir,1.0,True,6,False,True,1.000000,4.107,ok,4213252415
cba487e5c031088b3c5b70034034b252,deplacer,0.1,False,10,False,True,0.100000,5.722,ok,3286741091
cba487e5c031088b3c5b70034034b252,deplacer,0.1,True,10,False,True,0.100000,5.539,ok,3286741091
cba487e5c031088b3c5b70034034b252,deplacer,0.25,False,10,False,True,0.250000,5.582,ok,4244571078
cba487e5c031088b3c5b70034034b252,deplacer,0.25,True,10,False,True,0.250000,5.589,ok,4244571078
cba487e5c031088b3c5b70034034b252,deplacer,0.5,False,10,False,False,,5.226,invariant_viole,2504975702
cba487e5c031088b3c5b70034034b252,deplacer,0.5,True,10,False,True,0.500000,5.458,ok,2504975702
cba487e5c031088b3c5b70034034b252,deplacer,1.0,False,10,False,False,,5.470,invariant_viole,502228238
cba487e5c031088b3c5b70034034b252,deplacer,1.0,True,10,False,True,1.000000,7.054,ok,502228238
cba487e5c031088b3c5b70034034b252,elargir,0.1,False,10,False,True,0.100000,5.481,ok,3615292571
cba487e5c031088b3c5b70034034b252,elargir,0.1,True,10,False,True,0.100000,5.572,ok,3615292571
cba487e5c031088b3c5b70034034b252,elargir,0.25,False,10,False,True,0.250000,7.536,ok,2067602971
cba487e5c031088b3c5b70034034b252,elargir,0.25,True,10,False,True,0.250000,5.678,ok,2067602971
cba487e5c031088b3c5b70034034b252,elargir,0.5,False,10,False,True,0.500000,5.356,ok,2284694291
cba487e5c031088b3c5b70034034b252,elargir,0.5,True,10,False,True,0.500000,5.960,ok,2284694291
cba487e5c031088b3c5b70034034b252,elargir,1.0,False,10,False,True,1.000000,5.403,ok,3513895987
cba487e5c031088b3c5b70034034b252,elargir,1.0,True,10,False,True,1.000000,6.051,ok,3513895987
cba487e5c031088b3c5b70034034b252,retrecir,0.1,False,10,False,False,,5.725,invariant_viole,46031912
cba487e5c031088b3c5b70034034b252,retrecir,0.1,True,10,False,True,0.100000,5.780,ok,46031912
cba487e5c031088b3c5b70034034b252,retrecir,0.25,False,10,False,False,,6.205,invariant_viole,579424038
cba487e5c031088b3c5b70034034b252,retrecir,0.25,True,10,False,True,0.250000,5.631,ok,579424038
cba487e5c031088b3c5b70034034b252,retrecir,0.5,False,10,False,False,,5.991,invariant_viole,2624725695
cba487e5c031088b3c5b70034034b252,retrecir,0.5,True,10,False,True,0.500000,5.938,ok,2624725695
cba487e5c031088b3c5b70034034b252,retrecir,1.0,False,10,False,False,,6.051,invariant_viole,486302726
cba487e5c031088b3c5b70034034b252,retrecir,1.0,True,10,False,True,1.000000,6.090,ok,486302726
cba487e5c031088b3c5b70034034b252,aplatir,0.1,False,10,False,False,,5.610,invariant_viole,383263926
cba487e5c031088b3c5b70034034b252,aplatir,0.1,True,10,False,True,0.100000,5.897,ok,383263926
cba487e5c031088b3c5b70034034b252,aplatir,0.25,False,10,False,True,0.250000,5.865,ok,897176373
cba487e5c031088b3c5b70034034b252,aplatir,0.25,True,10,False,True,0.250000,5.730,ok,897176373
cba487e5c031088b3c5b70034034b252,aplatir,0.5,False,10,False,False,,5.359,invariant_viole,2443785481
cba487e5c031088b3c5b70034034b252,aplatir,0.5,True,10,False,True,0.500000,5.389,ok,2443785481
cba487e5c031088b3c5b70034034b252,aplatir,1.0,False,10,False,False,,5.887,invariant_viole,1780910881
cba487e5c031088b3c5b70034034b252,aplatir,1.0,True,10,False,True,1.000000,5.399,ok,1780910881
1d050ead4cdcdc599e2e2fc3f872c9db,deplacer,0.1,False,6,False,False,,3.553,invariant_viole,779322410
1d050ead4cdcdc599e2e2fc3f872c9db,deplacer,0.1,True,6,False,True,2.845755,4.284,ok,779322410
1d050ead4cdcdc599e2e2fc3f872c9db,deplacer,0.25,False,6,False,True,0.250000,3.963,ok,2082078999
1d050ead4cdcdc599e2e2fc3f872c9db,deplacer,0.25,True,6,False,True,0.250000,4.432,ok,2082078999
1d050ead4cdcdc599e2e2fc3f872c9db,deplacer,0.5,False,6,False,True,0.500000,3.515,ok,1221339532
1d050ead4cdcdc599e2e2fc3f872c9db,deplacer,0.5,True,6,False,True,0.500000,4.323,ok,1221339532
1d050ead4cdcdc599e2e2fc3f872c9db,deplacer,1.0,False,6,False,True,1.000000,3.541,ok,3577001102
1d050ead4cdcdc599e2e2fc3f872c9db,deplacer,1.0,True,6,False,True,1.000000,4.081,ok,3577001102
1d050ead4cdcdc599e2e2fc3f872c9db,elargir,0.1,False,6,False,True,0.100000,4.196,ok,2450689626
1d050ead4cdcdc599e2e2fc3f872c9db,elargir,0.1,True,6,False,True,0.100000,5.444,ok,2450689626
1d050ead4cdcdc599e2e2fc3f872c9db,elargir,0.25,False,6,False,True,0.250000,3.614,ok,3586141233
1d050ead4cdcdc599e2e2fc3f872c9db,elargir,0.25,True,6,False,True,0.250000,4.199,ok,3586141233
1d050ead4cdcdc599e2e2fc3f872c9db,elargir,0.5,False,6,False,True,0.500000,4.597,ok,1989274743
1d050ead4cdcdc599e2e2fc3f872c9db,elargir,0.5,True,6,False,True,0.500000,6.067,ok,1989274743
1d050ead4cdcdc599e2e2fc3f872c9db,elargir,1.0,False,6,False,True,1.000000,3.627,ok,3560542700
1d050ead4cdcdc599e2e2fc3f872c9db,elargir,1.0,True,6,False,True,1.000000,5.356,ok,3560542700
1d050ead4cdcdc599e2e2fc3f872c9db,retrecir,0.1,False,6,False,False,,3.569,invariant_viole,4278364370
1d050ead4cdcdc599e2e2fc3f872c9db,retrecir,0.1,True,6,False,True,0.100000,4.213,ok,4278364370
1d050ead4cdcdc599e2e2fc3f872c9db,retrecir,0.25,False,6,False,False,,6.288,invariant_viole,3177017391
1d050ead4cdcdc599e2e2fc3f872c9db,retrecir,0.25,True,6,False,True,0.250000,4.422,ok,3177017391
1d050ead4cdcdc599e2e2fc3f872c9db,retrecir,0.5,False,6,False,False,,3.753,invariant_viole,3701643381
1d050ead4cdcdc599e2e2fc3f872c9db,retrecir,0.5,True,6,False,True,0.500000,5.102,ok,3701643381
1d050ead4cdcdc599e2e2fc3f872c9db,retrecir,1.0,False,6,False,False,,3.906,invariant_viole,1515410151
1d050ead4cdcdc599e2e2fc3f872c9db,retrecir,1.0,True,6,False,True,1.000000,4.588,ok,1515410151
1d050ead4cdcdc599e2e2fc3f872c9db,aplatir,0.1,False,6,False,False,,4.561,invariant_viole,4019989222
1d050ead4cdcdc599e2e2fc3f872c9db,aplatir,0.1,True,6,False,True,0.100000,4.111,ok,4019989222
1d050ead4cdcdc599e2e2fc3f872c9db,aplatir,0.25,False,6,False,False,,3.484,invariant_viole,1305405603
1d050ead4cdcdc599e2e2fc3f872c9db,aplatir,0.25,True,6,False,True,0.250000,5.228,ok,1305405603
1d050ead4cdcdc599e2e2fc3f872c9db,aplatir,0.5,False,6,False,False,,4.518,invariant_viole,3205193729
1d050ead4cdcdc599e2e2fc3f872c9db,aplatir,0.5,True,6,False,True,0.500000,4.310,ok,3205193729
1d050ead4cdcdc599e2e2fc3f872c9db,aplatir,1.0,False,6,False,False,,4.713,invariant_viole,4265419460
1d050ead4cdcdc599e2e2fc3f872c9db,aplatir,1.0,True,6,False,False,,5.722,infaisable,4265419460
3a82bb5e5cad77b7ce85f0f90d7eb407,deplacer,0.1,False,5,False,True,0.100000,4.132,ok,1880050843
3a82bb5e5cad77b7ce85f0f90d7eb407,deplacer,0.1,True,5,False,True,0.100000,4.228,ok,1880050843
3a82bb5e5cad77b7ce85f0f90d7eb407,deplacer,0.25,False,5,False,True,0.250000,3.175,ok,170129872
3a82bb5e5cad77b7ce85f0f90d7eb407,deplacer,0.25,True,5,False,True,0.250000,4.224,ok,170129872
3a82bb5e5cad77b7ce85f0f90d7eb407,deplacer,0.5,False,5,False,False,,3.283,invariant_viole,3540931441
3a82bb5e5cad77b7ce85f0f90d7eb407,deplacer,0.5,True,5,False,False,,4.672,infaisable,3540931441
3a82bb5e5cad77b7ce85f0f90d7eb407,deplacer,1.0,False,5,False,True,1.000000,3.982,ok,1413512541
3a82bb5e5cad77b7ce85f0f90d7eb407,deplacer,1.0,True,5,False,True,1.000000,4.195,ok,1413512541
3a82bb5e5cad77b7ce85f0f90d7eb407,elargir,0.1,False,5,False,True,0.100000,4.372,ok,2310383225
3a82bb5e5cad77b7ce85f0f90d7eb407,elargir,0.1,True,5,False,True,0.100000,3.693,ok,2310383225
3a82bb5e5cad77b7ce85f0f90d7eb407,elargir,0.25,False,5,False,True,0.250000,3.225,ok,2451266211
3a82bb5e5cad77b7ce85f0f90d7eb407,elargir,0.25,True,5,False,True,0.250000,4.410,ok,2451266211
3a82bb5e5cad77b7ce85f0f90d7eb407,elargir,0.5,False,5,False,False,,3.184,invariant_viole,411471972
3a82bb5e5cad77b7ce85f0f90d7eb407,elargir,0.5,True,5,False,False,,4.092,infaisable,411471972
3a82bb5e5cad77b7ce85f0f90d7eb407,elargir,1.0,False,5,False,False,,3.053,invariant_viole,3904014806
3a82bb5e5cad77b7ce85f0f90d7eb407,elargir,1.0,True,5,False,True,2.486301,3.931,ok,3904014806
3a82bb5e5cad77b7ce85f0f90d7eb407,retrecir,0.1,False,5,False,False,,3.871,invariant_viole,3528677881
3a82bb5e5cad77b7ce85f0f90d7eb407,retrecir,0.1,True,5,False,True,0.100000,3.895,ok,3528677881
3a82bb5e5cad77b7ce85f0f90d7eb407,retrecir,0.25,False,5,False,False,,3.051,invariant_viole,3812416119
3a82bb5e5cad77b7ce85f0f90d7eb407,retrecir,0.25,True,5,False,True,0.250000,4.690,ok,3812416119
3a82bb5e5cad77b7ce85f0f90d7eb407,retrecir,0.5,False,5,False,False,,3.140,invariant_viole,1277371733
3a82bb5e5cad77b7ce85f0f90d7eb407,retrecir,0.5,True,5,False,True,0.500000,4.111,ok,1277371733
3a82bb5e5cad77b7ce85f0f90d7eb407,retrecir,1.0,False,5,False,False,,3.550,invariant_viole,2375877332
3a82bb5e5cad77b7ce85f0f90d7eb407,retrecir,1.0,True,5,False,True,1.000000,4.673,ok,2375877332
3a82bb5e5cad77b7ce85f0f90d7eb407,aplatir,0.1,False,5,False,False,,3.579,invariant_viole,660744928
3a82bb5e5cad77b7ce85f0f90d7eb407,aplatir,0.1,True,5,False,True,0.100000,4.736,ok,660744928
3a82bb5e5cad77b7ce85f0f90d7eb407,aplatir,0.25,False,5,False,False,,3.426,invariant_viole,3312999206
3a82bb5e5cad77b7ce85f0f90d7eb407,aplatir,0.25,True,5,False,True,0.250000,4.439,ok,3312999206
3a82bb5e5cad77b7ce85f0f90d7eb407,aplatir,0.5,False,5,False,False,,3.382,invariant_viole,581608675
3a82bb5e5cad77b7ce85f0f90d7eb407,aplatir,0.5,True,5,False,True,0.500000,6.391,ok,581608675
3a82bb5e5cad77b7ce85f0f90d7eb407,aplatir,1.0,False,5,False,False,,3.267,invariant_viole,253354435
3a82bb5e5cad77b7ce85f0f90d7eb407,aplatir,1.0,True,5,False,True,1.000000,3.952,ok,253354435
368dcf1c56cb5c1a9701acab11a6c895,deplacer,0.1,False,5,False,True,0.100000,5.013,ok,2932983049
368dcf1c56cb5c1a9701acab11a6c895,deplacer,0.1,True,5,False,True,0.100000,5.028,ok,2932983049
368dcf1c56cb5c1a9701acab11a6c895,deplacer,0.25,False,5,False,True,0.250000,3.980,ok,335389930
368dcf1c56cb5c1a9701acab11a6c895,deplacer,0.25,True,5,False,True,0.250000,3.991,ok,335389930
368dcf1c56cb5c1a9701acab11a6c895,deplacer,0.5,False,5,False,False,,3.090,invariant_viole,3527516971
368dcf1c56cb5c1a9701acab11a6c895,deplacer,0.5,True,5,False,True,0.500000,4.690,ok,3527516971
368dcf1c56cb5c1a9701acab11a6c895,deplacer,1.0,False,5,False,False,,3.171,invariant_viole,2312493511
368dcf1c56cb5c1a9701acab11a6c895,deplacer,1.0,True,5,False,True,1.000000,3.793,ok,2312493511
368dcf1c56cb5c1a9701acab11a6c895,elargir,0.1,False,5,False,True,0.100000,3.537,ok,949111245
368dcf1c56cb5c1a9701acab11a6c895,elargir,0.1,True,5,False,True,0.100000,4.298,ok,949111245
368dcf1c56cb5c1a9701acab11a6c895,elargir,0.25,False,5,False,False,,3.027,invariant_viole,2034866138
368dcf1c56cb5c1a9701acab11a6c895,elargir,0.25,True,5,False,True,2.395121,3.699,ok,2034866138
368dcf1c56cb5c1a9701acab11a6c895,elargir,0.5,False,5,False,False,,3.313,invariant_viole,3209432389
368dcf1c56cb5c1a9701acab11a6c895,elargir,0.5,True,5,False,False,,5.400,infaisable,3209432389
368dcf1c56cb5c1a9701acab11a6c895,elargir,1.0,False,5,False,False,,3.076,invariant_viole,3970790548
368dcf1c56cb5c1a9701acab11a6c895,elargir,1.0,True,5,False,False,,5.157,infaisable,3970790548
368dcf1c56cb5c1a9701acab11a6c895,retrecir,0.1,False,5,False,False,,2.986,invariant_viole,3568131163
368dcf1c56cb5c1a9701acab11a6c895,retrecir,0.1,True,5,False,True,0.100000,4.495,ok,3568131163
368dcf1c56cb5c1a9701acab11a6c895,retrecir,0.25,False,5,False,False,,4.202,invariant_viole,1779823083
368dcf1c56cb5c1a9701acab11a6c895,retrecir,0.25,True,5,False,True,0.250000,6.019,ok,1779823083
368dcf1c56cb5c1a9701acab11a6c895,retrecir,0.5,False,5,False,False,,3.836,invariant_viole,3136529561
368dcf1c56cb5c1a9701acab11a6c895,retrecir,0.5,True,5,False,True,0.500000,5.291,ok,3136529561
368dcf1c56cb5c1a9701acab11a6c895,retrecir,1.0,False,5,False,False,,3.167,invariant_viole,386236557
368dcf1c56cb5c1a9701acab11a6c895,retrecir,1.0,True,5,False,True,1.000000,3.853,ok,386236557
368dcf1c56cb5c1a9701acab11a6c895,aplatir,0.1,False,5,False,False,,2.971,invariant_viole,3062984683
368dcf1c56cb5c1a9701acab11a6c895,aplatir,0.1,True,5,False,True,0.100000,4.681,ok,3062984683
368dcf1c56cb5c1a9701acab11a6c895,aplatir,0.25,False,5,False,False,,4.372,invariant_viole,910844638
368dcf1c56cb5c1a9701acab11a6c895,aplatir,0.25,True,5,False,True,0.250000,5.487,ok,910844638
368dcf1c56cb5c1a9701acab11a6c895,aplatir,0.5,False,5,False,False,,3.108,invariant_viole,3660587504
368dcf1c56cb5c1a9701acab11a6c895,aplatir,0.5,True,5,False,True,0.500000,4.117,ok,3660587504
368dcf1c56cb5c1a9701acab11a6c895,aplatir,1.0,False,5,False,False,,3.005,invariant_viole,3803061530
368dcf1c56cb5c1a9701acab11a6c895,aplatir,1.0,True,5,False,True,1.000000,3.887,ok,3803061530
5eb580cf00b0c6f53a20e99f1dad9f07,deplacer,0.1,False,10,False,False,,6.799,invariant_viole,260271880
5eb580cf00b0c6f53a20e99f1dad9f07,deplacer,0.1,True,10,False,True,1.502571,5.955,ok,260271880
5eb580cf00b0c6f53a20e99f1dad9f07,deplacer,0.25,False,10,False,True,0.250000,6.407,ok,69582840
5eb580cf00b0c6f53a20e99f1dad9f07,deplacer,0.25,True,10,False,True,0.250000,7.568,ok,69582840
5eb580cf00b0c6f53a20e99f1dad9f07,deplacer,0.5,False,10,False,True,0.500000,5.430,ok,93820405
5eb580cf00b0c6f53a20e99f1dad9f07,deplacer,0.5,True,10,False,True,0.500000,7.940,ok,93820405
5eb580cf00b0c6f53a20e99f1dad9f07,deplacer,1.0,False,10,False,True,1.000000,7.252,ok,1215436693
5eb580cf00b0c6f53a20e99f1dad9f07,deplacer,1.0,True,10,False,True,1.000000,7.714,ok,1215436693
5eb580cf00b0c6f53a20e99f1dad9f07,elargir,0.1,False,10,False,True,0.100000,7.256,ok,244165609
5eb580cf00b0c6f53a20e99f1dad9f07,elargir,0.1,True,10,False,True,0.100000,7.078,ok,244165609
5eb580cf00b0c6f53a20e99f1dad9f07,elargir,0.25,False,10,False,False,,6.581,invariant_viole,4063120344
5eb580cf00b0c6f53a20e99f1dad9f07,elargir,0.25,True,10,False,True,0.250000,7.130,ok,4063120344
5eb580cf00b0c6f53a20e99f1dad9f07,elargir,0.5,False,10,False,True,0.500000,5.640,ok,3040843102
5eb580cf00b0c6f53a20e99f1dad9f07,elargir,0.5,True,10,False,True,0.500000,7.156,ok,3040843102
5eb580cf00b0c6f53a20e99f1dad9f07,elargir,1.0,False,10,False,True,1.000000,5.599,ok,676837411
5eb580cf00b0c6f53a20e99f1dad9f07,elargir,1.0,True,10,False,True,1.000000,6.918,ok,676837411
5eb580cf00b0c6f53a20e99f1dad9f07,retrecir,0.1,False,10,False,False,,6.369,invariant_viole,2621432904
5eb580cf00b0c6f53a20e99f1dad9f07,retrecir,0.1,True,10,False,True,0.100000,6.948,ok,2621432904
5eb580cf00b0c6f53a20e99f1dad9f07,retrecir,0.25,False,10,False,False,,7.045,invariant_viole,3621735563
5eb580cf00b0c6f53a20e99f1dad9f07,retrecir,0.25,True,10,False,True,0.250000,8.026,ok,3621735563
5eb580cf00b0c6f53a20e99f1dad9f07,retrecir,0.5,False,10,False,False,,5.528,invariant_viole,2153691494
5eb580cf00b0c6f53a20e99f1dad9f07,retrecir,0.5,True,10,False,True,0.500000,8.342,ok,2153691494
5eb580cf00b0c6f53a20e99f1dad9f07,retrecir,1.0,False,10,False,False,,6.389,invariant_viole,3888366304
5eb580cf00b0c6f53a20e99f1dad9f07,retrecir,1.0,True,10,False,True,1.000000,7.525,ok,3888366304
5eb580cf00b0c6f53a20e99f1dad9f07,aplatir,0.1,False,10,False,False,,6.343,invariant_viole,3306697474
5eb580cf00b0c6f53a20e99f1dad9f07,aplatir,0.1,True,10,False,True,0.100000,7.572,ok,3306697474
5eb580cf00b0c6f53a20e99f1dad9f07,aplatir,0.25,False,10,False,False,,6.552,invariant_viole,1146977655
5eb580cf00b0c6f53a20e99f1dad9f07,aplatir,0.25,True,10,False,True,0.250000,7.954,ok,1146977655
5eb580cf00b0c6f53a20e99f1dad9f07,aplatir,0.5,False,10,False,False,,5.671,invariant_viole,2259229453
5eb580cf00b0c6f53a20e99f1dad9f07,aplatir,0.5,True,10,False,True,0.500000,7.802,ok,2259229453
5eb580cf00b0c6f53a20e99f1dad9f07,aplatir,1.0,False,10,False,False,,5.345,invariant_viole,3795241957
5eb580cf00b0c6f53a20e99f1dad9f07,aplatir,1.0,True,10,False,True,1.000000,6.694,ok,3795241957
405dd285e2d7bd060d028d375ad15323,deplacer,0.1,False,6,False,True,0.100000,3.882,ok,3920160422
405dd285e2d7bd060d028d375ad15323,deplacer,0.1,True,6,False,True,0.100000,4.815,ok,3920160422
405dd285e2d7bd060d028d375ad15323,deplacer,0.25,False,6,False,True,0.250000,3.999,ok,2981610711
405dd285e2d7bd060d028d375ad15323,deplacer,0.25,True,6,False,True,0.250000,5.949,ok,2981610711
405dd285e2d7bd060d028d375ad15323,deplacer,0.5,False,6,False,True,0.500000,4.497,ok,1562127996
405dd285e2d7bd060d028d375ad15323,deplacer,0.5,True,6,False,True,0.500000,6.449,ok,1562127996
405dd285e2d7bd060d028d375ad15323,deplacer,1.0,False,6,False,False,,4.684,invariant_viole,599510411
405dd285e2d7bd060d028d375ad15323,deplacer,1.0,True,6,False,True,1.000000,4.464,ok,599510411
405dd285e2d7bd060d028d375ad15323,elargir,0.1,False,6,False,True,0.100000,3.832,ok,3232943600
405dd285e2d7bd060d028d375ad15323,elargir,0.1,True,6,False,True,0.100000,4.833,ok,3232943600
405dd285e2d7bd060d028d375ad15323,elargir,0.25,False,6,False,False,,3.885,invariant_viole,4028342153
405dd285e2d7bd060d028d375ad15323,elargir,0.25,True,6,False,True,2.845660,4.950,ok,4028342153
405dd285e2d7bd060d028d375ad15323,elargir,0.5,False,6,False,True,0.500000,4.627,ok,2669062334
405dd285e2d7bd060d028d375ad15323,elargir,0.5,True,6,False,True,0.500000,6.048,ok,2669062334
405dd285e2d7bd060d028d375ad15323,elargir,1.0,False,6,False,True,1.000000,3.747,ok,2548816117
405dd285e2d7bd060d028d375ad15323,elargir,1.0,True,6,False,True,1.000000,4.503,ok,2548816117
405dd285e2d7bd060d028d375ad15323,retrecir,0.1,False,6,False,False,,3.644,invariant_viole,1182871256
405dd285e2d7bd060d028d375ad15323,retrecir,0.1,True,6,False,True,0.100000,4.519,ok,1182871256
405dd285e2d7bd060d028d375ad15323,retrecir,0.25,False,6,False,False,,3.554,invariant_viole,2066374677
405dd285e2d7bd060d028d375ad15323,retrecir,0.25,True,6,False,True,0.250000,4.531,ok,2066374677
405dd285e2d7bd060d028d375ad15323,retrecir,0.5,False,6,False,False,,3.843,invariant_viole,883004458
405dd285e2d7bd060d028d375ad15323,retrecir,0.5,True,6,False,True,0.500000,4.217,ok,883004458
405dd285e2d7bd060d028d375ad15323,retrecir,1.0,False,6,False,False,,4.709,invariant_viole,2384915908
405dd285e2d7bd060d028d375ad15323,retrecir,1.0,True,6,False,True,1.000000,5.272,ok,2384915908
405dd285e2d7bd060d028d375ad15323,aplatir,0.1,False,6,False,False,,3.600,invariant_viole,2143704901
405dd285e2d7bd060d028d375ad15323,aplatir,0.1,True,6,False,True,0.100000,6.229,ok,2143704901
405dd285e2d7bd060d028d375ad15323,aplatir,0.25,False,6,False,False,,4.097,invariant_viole,3579189343
405dd285e2d7bd060d028d375ad15323,aplatir,0.25,True,6,False,True,0.250000,4.773,ok,3579189343
405dd285e2d7bd060d028d375ad15323,aplatir,0.5,False,6,False,False,,4.565,invariant_viole,3618367042
405dd285e2d7bd060d028d375ad15323,aplatir,0.5,True,6,False,True,0.500000,18.482,ok,3618367042
405dd285e2d7bd060d028d375ad15323,aplatir,1.0,False,6,False,False,,6.093,invariant_viole,2791138570
405dd285e2d7bd060d028d375ad15323,aplatir,1.0,True,6,False,True,1.000000,13.134,ok,2791138570
a0d9670a0f3685dfc11c8fbe98980685,deplacer,0.1,False,5,False,False,,5.443,invariant_viole,780175136
a0d9670a0f3685dfc11c8fbe98980685,deplacer,0.1,True,5,False,True,0.100000,5.972,ok,780175136
a0d9670a0f3685dfc11c8fbe98980685,deplacer,0.25,False,5,False,True,0.250000,4.117,ok,1093814448
a0d9670a0f3685dfc11c8fbe98980685,deplacer,0.25,True,5,False,True,0.250000,4.900,ok,1093814448
a0d9670a0f3685dfc11c8fbe98980685,deplacer,0.5,False,5,False,True,0.500000,4.971,ok,1747514704
a0d9670a0f3685dfc11c8fbe98980685,deplacer,0.5,True,5,False,True,0.500000,4.633,ok,1747514704
a0d9670a0f3685dfc11c8fbe98980685,deplacer,1.0,False,5,False,False,,3.015,invariant_viole,1873806402
a0d9670a0f3685dfc11c8fbe98980685,deplacer,1.0,True,5,False,False,,4.178,infaisable,1873806402
a0d9670a0f3685dfc11c8fbe98980685,elargir,0.1,False,5,False,True,0.100000,4.060,ok,2207017804
a0d9670a0f3685dfc11c8fbe98980685,elargir,0.1,True,5,False,True,0.100000,4.598,ok,2207017804
a0d9670a0f3685dfc11c8fbe98980685,elargir,0.25,False,5,False,True,0.250000,4.262,ok,2296137340
a0d9670a0f3685dfc11c8fbe98980685,elargir,0.25,True,5,False,True,0.250000,4.650,ok,2296137340
a0d9670a0f3685dfc11c8fbe98980685,elargir,0.5,False,5,False,True,0.500000,4.025,ok,2429904174
a0d9670a0f3685dfc11c8fbe98980685,elargir,0.5,True,5,False,True,0.500000,5.026,ok,2429904174
a0d9670a0f3685dfc11c8fbe98980685,elargir,1.0,False,5,False,False,,3.297,invariant_viole,2329006332
a0d9670a0f3685dfc11c8fbe98980685,elargir,1.0,True,5,False,True,2.486218,5.963,ok,2329006332
a0d9670a0f3685dfc11c8fbe98980685,retrecir,0.1,False,5,False,False,,3.693,invariant_viole,899750227
a0d9670a0f3685dfc11c8fbe98980685,retrecir,0.1,True,5,False,True,0.100000,4.873,ok,899750227
a0d9670a0f3685dfc11c8fbe98980685,retrecir,0.25,False,5,False,False,,3.143,invariant_viole,3668568791
a0d9670a0f3685dfc11c8fbe98980685,retrecir,0.25,True,5,False,True,0.250000,4.715,ok,3668568791
a0d9670a0f3685dfc11c8fbe98980685,retrecir,0.5,False,5,False,False,,3.098,invariant_viole,3958759986
a0d9670a0f3685dfc11c8fbe98980685,retrecir,0.5,True,5,False,True,0.500000,4.824,ok,3958759986
a0d9670a0f3685dfc11c8fbe98980685,retrecir,1.0,False,5,False,False,,3.008,invariant_viole,1823959072
a0d9670a0f3685dfc11c8fbe98980685,retrecir,1.0,True,5,False,True,1.000000,5.162,ok,1823959072
a0d9670a0f3685dfc11c8fbe98980685,aplatir,0.1,False,5,False,False,,3.028,invariant_viole,3359818053
a0d9670a0f3685dfc11c8fbe98980685,aplatir,0.1,True,5,False,True,0.100000,4.712,ok,3359818053
a0d9670a0f3685dfc11c8fbe98980685,aplatir,0.25,False,5,False,False,,2.970,invariant_viole,3646025134
a0d9670a0f3685dfc11c8fbe98980685,aplatir,0.25,True,5,False,True,0.250000,4.987,ok,3646025134
a0d9670a0f3685dfc11c8fbe98980685,aplatir,0.5,False,5,False,False,,2.990,invariant_viole,1531266032
a0d9670a0f3685dfc11c8fbe98980685,aplatir,0.5,True,5,False,True,0.500000,4.721,ok,1531266032
a0d9670a0f3685dfc11c8fbe98980685,aplatir,1.0,False,5,False,False,,3.021,invariant_viole,215688329
a0d9670a0f3685dfc11c8fbe98980685,aplatir,1.0,True,5,False,True,1.000000,5.054,ok,215688329
13d9020dd2b5c30dc1a30bc7a718319b,deplacer,0.1,False,5,False,False,,4.035,invariant_viole,3492397347
13d9020dd2b5c30dc1a30bc7a718319b,deplacer,0.1,True,5,False,True,2.395041,4.985,ok,3492397347
13d9020dd2b5c30dc1a30bc7a718319b,deplacer,0.25,False,5,False,False,,3.123,invariant_viole,3772744799
13d9020dd2b5c30dc1a30bc7a718319b,deplacer,0.25,True,5,False,True,2.395041,4.633,ok,3772744799
13d9020dd2b5c30dc1a30bc7a718319b,deplacer,0.5,False,5,False,True,0.500000,7.163,ok,2073918776
13d9020dd2b5c30dc1a30bc7a718319b,deplacer,0.5,True,5,False,True,0.500000,4.953,ok,2073918776
13d9020dd2b5c30dc1a30bc7a718319b,deplacer,1.0,False,5,False,False,,3.207,invariant_viole,4288919913
13d9020dd2b5c30dc1a30bc7a718319b,deplacer,1.0,True,5,False,False,,5.889,infaisable,4288919913
13d9020dd2b5c30dc1a30bc7a718319b,elargir,0.1,False,5,False,False,,4.302,invariant_viole,393458134
13d9020dd2b5c30dc1a30bc7a718319b,elargir,0.1,True,5,False,False,,4.280,infaisable,393458134
13d9020dd2b5c30dc1a30bc7a718319b,elargir,0.25,False,5,False,True,0.250000,4.531,ok,1412297701
13d9020dd2b5c30dc1a30bc7a718319b,elargir,0.25,True,5,False,True,0.250000,5.480,ok,1412297701
13d9020dd2b5c30dc1a30bc7a718319b,elargir,0.5,False,5,False,True,0.500000,4.226,ok,2806193338
13d9020dd2b5c30dc1a30bc7a718319b,elargir,0.5,True,5,False,True,0.500000,4.727,ok,2806193338
13d9020dd2b5c30dc1a30bc7a718319b,elargir,1.0,False,5,False,True,1.000000,4.682,ok,3948361325
13d9020dd2b5c30dc1a30bc7a718319b,elargir,1.0,True,5,False,True,1.000000,4.617,ok,3948361325
13d9020dd2b5c30dc1a30bc7a718319b,retrecir,0.1,False,5,False,False,,3.295,invariant_viole,3142122488
13d9020dd2b5c30dc1a30bc7a718319b,retrecir,0.1,True,5,False,True,0.100000,4.826,ok,3142122488
13d9020dd2b5c30dc1a30bc7a718319b,retrecir,0.25,False,5,False,False,,3.006,invariant_viole,2664714165
13d9020dd2b5c30dc1a30bc7a718319b,retrecir,0.25,True,5,False,True,0.250000,4.561,ok,2664714165
13d9020dd2b5c30dc1a30bc7a718319b,retrecir,0.5,False,5,False,False,,3.031,invariant_viole,2230288765
13d9020dd2b5c30dc1a30bc7a718319b,retrecir,0.5,True,5,False,True,0.500000,5.761,ok,2230288765
13d9020dd2b5c30dc1a30bc7a718319b,retrecir,1.0,False,5,False,False,,3.048,invariant_viole,2899222084
13d9020dd2b5c30dc1a30bc7a718319b,retrecir,1.0,True,5,False,True,1.000000,4.592,ok,2899222084
13d9020dd2b5c30dc1a30bc7a718319b,aplatir,0.1,False,5,False,False,,3.328,invariant_viole,1656457453
13d9020dd2b5c30dc1a30bc7a718319b,aplatir,0.1,True,5,False,True,0.100000,4.622,ok,1656457453
13d9020dd2b5c30dc1a30bc7a718319b,aplatir,0.25,False,5,False,False,,2.965,invariant_viole,2307492724
13d9020dd2b5c30dc1a30bc7a718319b,aplatir,0.25,True,5,False,True,0.250000,4.716,ok,2307492724
13d9020dd2b5c30dc1a30bc7a718319b,aplatir,0.5,False,5,False,False,,3.941,invariant_viole,4289794525
13d9020dd2b5c30dc1a30bc7a718319b,aplatir,0.5,True,5,False,True,0.500000,7.764,ok,4289794525
13d9020dd2b5c30dc1a30bc7a718319b,aplatir,1.0,False,5,False,False,,3.635,invariant_viole,2038304366
13d9020dd2b5c30dc1a30bc7a718319b,aplatir,1.0,True,5,False,True,1.000000,5.477,ok,2038304366
4a8bf7eef12fb453e6218aaa9eeb0dc4,deplacer,0.1,False,12,False,True,0.100000,84.135,ok,505595918
4a8bf7eef12fb453e6218aaa9eeb0dc4,deplacer,0.1,True,12,False,True,0.100000,8.460,ok,505595918
4a8bf7eef12fb453e6218aaa9eeb0dc4,deplacer,0.25,False,12,False,True,0.250000,11.292,ok,3096148538
4a8bf7eef12fb453e6218aaa9eeb0dc4,deplacer,0.25,True,12,False,True,0.250000,9.207,ok,3096148538
4a8bf7eef12fb453e6218aaa9eeb0dc4,deplacer,0.5,False,12,False,False,,6.068,invariant_viole,2590858629
4a8bf7eef12fb453e6218aaa9eeb0dc4,deplacer,0.5,True,12,False,True,0.500000,10.398,ok,2590858629
4a8bf7eef12fb453e6218aaa9eeb0dc4,deplacer,1.0,False,12,False,True,1.000000,9.298,ok,2656195898
4a8bf7eef12fb453e6218aaa9eeb0dc4,deplacer,1.0,True,12,False,False,,6.928,invariant_viole,2656195898
4a8bf7eef12fb453e6218aaa9eeb0dc4,elargir,0.1,False,12,False,False,,6.274,invariant_viole,670854785
4a8bf7eef12fb453e6218aaa9eeb0dc4,elargir,0.1,True,12,False,True,0.100000,8.811,ok,670854785
4a8bf7eef12fb453e6218aaa9eeb0dc4,elargir,0.25,False,12,False,True,0.250000,6.630,ok,270283014
4a8bf7eef12fb453e6218aaa9eeb0dc4,elargir,0.25,True,12,False,True,0.250000,8.190,ok,270283014
4a8bf7eef12fb453e6218aaa9eeb0dc4,elargir,0.5,False,12,False,True,0.500000,8.427,ok,310777156
4a8bf7eef12fb453e6218aaa9eeb0dc4,elargir,0.5,True,12,False,True,0.500000,8.933,ok,310777156
4a8bf7eef12fb453e6218aaa9eeb0dc4,elargir,1.0,False,12,False,False,,7.366,invariant_viole,1566639359
4a8bf7eef12fb453e6218aaa9eeb0dc4,elargir,1.0,True,12,False,True,1.000000,9.843,ok,1566639359
4a8bf7eef12fb453e6218aaa9eeb0dc4,retrecir,0.1,False,12,False,False,,6.169,invariant_viole,3992009434
4a8bf7eef12fb453e6218aaa9eeb0dc4,retrecir,0.1,True,12,False,True,0.100000,8.377,ok,3992009434
4a8bf7eef12fb453e6218aaa9eeb0dc4,retrecir,0.25,False,12,False,False,,6.174,invariant_viole,713482076
4a8bf7eef12fb453e6218aaa9eeb0dc4,retrecir,0.25,True,12,False,True,0.250000,8.395,ok,713482076
4a8bf7eef12fb453e6218aaa9eeb0dc4,retrecir,0.5,False,12,False,False,,7.614,invariant_viole,2478324202
4a8bf7eef12fb453e6218aaa9eeb0dc4,retrecir,0.5,True,12,False,True,0.500000,8.632,ok,2478324202
4a8bf7eef12fb453e6218aaa9eeb0dc4,retrecir,1.0,False,12,False,False,,6.616,invariant_viole,3182931037
4a8bf7eef12fb453e6218aaa9eeb0dc4,retrecir,1.0,True,12,False,True,1.000000,8.526,ok,3182931037
4a8bf7eef12fb453e6218aaa9eeb0dc4,aplatir,0.1,False,12,False,False,,6.027,invariant_viole,3240368389
4a8bf7eef12fb453e6218aaa9eeb0dc4,aplatir,0.1,True,12,False,True,0.100000,8.380,ok,3240368389
4a8bf7eef12fb453e6218aaa9eeb0dc4,aplatir,0.25,False,12,False,False,,8.893,invariant_viole,2238868100
4a8bf7eef12fb453e6218aaa9eeb0dc4,aplatir,0.25,True,12,False,True,0.250000,9.272,ok,2238868100
4a8bf7eef12fb453e6218aaa9eeb0dc4,aplatir,0.5,False,12,False,False,,6.071,invariant_viole,1184264030
4a8bf7eef12fb453e6218aaa9eeb0dc4,aplatir,0.5,True,12,False,True,0.500000,8.510,ok,1184264030
4a8bf7eef12fb453e6218aaa9eeb0dc4,aplatir,1.0,False,12,False,True,1.000000,10.989,ok,3553646799
4a8bf7eef12fb453e6218aaa9eeb0dc4,aplatir,1.0,True,12,False,True,1.000000,10.096,ok,3553646799
5dd540f7d9fd1f8a1e10499851bec8c9,deplacer,0.1,False,11,False,True,0.100000,7.230,ok,1319837330
5dd540f7d9fd1f8a1e10499851bec8c9,deplacer,0.1,True,11,False,True,0.100000,7.648,ok,1319837330
5dd540f7d9fd1f8a1e10499851bec8c9,deplacer,0.25,False,11,False,True,0.250000,7.103,ok,1881319337
5dd540f7d9fd1f8a1e10499851bec8c9,deplacer,0.25,True,11,False,True,0.250000,6.780,ok,1881319337
5dd540f7d9fd1f8a1e10499851bec8c9,deplacer,0.5,False,11,False,False,,5.654,invariant_viole,81594056
5dd540f7d9fd1f8a1e10499851bec8c9,deplacer,0.5,True,11,False,False,,7.987,infaisable,81594056
5dd540f7d9fd1f8a1e10499851bec8c9,deplacer,1.0,False,11,False,True,1.000000,8.736,ok,2633588604
5dd540f7d9fd1f8a1e10499851bec8c9,deplacer,1.0,True,11,False,True,1.000000,7.511,ok,2633588604
5dd540f7d9fd1f8a1e10499851bec8c9,elargir,0.1,False,11,False,True,0.100000,7.494,ok,2849105834
5dd540f7d9fd1f8a1e10499851bec8c9,elargir,0.1,True,11,False,True,0.100000,6.596,ok,2849105834
5dd540f7d9fd1f8a1e10499851bec8c9,elargir,0.25,False,11,False,False,,5.326,invariant_viole,2486221753
5dd540f7d9fd1f8a1e10499851bec8c9,elargir,0.25,True,11,False,True,0.250000,7.096,ok,2486221753
5dd540f7d9fd1f8a1e10499851bec8c9,elargir,0.5,False,11,False,False,,5.844,invariant_viole,2246500162
5dd540f7d9fd1f8a1e10499851bec8c9,elargir,0.5,True,11,False,True,0.500000,6.935,ok,2246500162
5dd540f7d9fd1f8a1e10499851bec8c9,elargir,1.0,False,11,False,True,1.000000,6.991,ok,1816123339
5dd540f7d9fd1f8a1e10499851bec8c9,elargir,1.0,True,11,False,True,1.000000,7.229,ok,1816123339
5dd540f7d9fd1f8a1e10499851bec8c9,retrecir,0.1,False,11,False,False,,5.516,invariant_viole,1211838043
5dd540f7d9fd1f8a1e10499851bec8c9,retrecir,0.1,True,11,False,True,0.100000,6.771,ok,1211838043
5dd540f7d9fd1f8a1e10499851bec8c9,retrecir,0.25,False,11,False,False,,5.558,invariant_viole,3610912108
5dd540f7d9fd1f8a1e10499851bec8c9,retrecir,0.25,True,11,False,True,0.250000,6.762,ok,3610912108
5dd540f7d9fd1f8a1e10499851bec8c9,retrecir,0.5,False,11,False,False,,5.708,invariant_viole,3045318056
5dd540f7d9fd1f8a1e10499851bec8c9,retrecir,0.5,True,11,False,True,0.500000,6.800,ok,3045318056
5dd540f7d9fd1f8a1e10499851bec8c9,retrecir,1.0,False,11,False,False,,6.092,invariant_viole,2965214155
5dd540f7d9fd1f8a1e10499851bec8c9,retrecir,1.0,True,11,False,True,1.000000,8.655,ok,2965214155
5dd540f7d9fd1f8a1e10499851bec8c9,aplatir,0.1,False,11,False,False,,5.975,invariant_viole,3528961468
5dd540f7d9fd1f8a1e10499851bec8c9,aplatir,0.1,True,11,False,True,0.100000,6.720,ok,3528961468
5dd540f7d9fd1f8a1e10499851bec8c9,aplatir,0.25,False,11,False,False,,5.574,invariant_viole,628979560
5dd540f7d9fd1f8a1e10499851bec8c9,aplatir,0.25,True,11,False,True,0.250000,6.576,ok,628979560
5dd540f7d9fd1f8a1e10499851bec8c9,aplatir,0.5,False,11,False,False,,5.887,invariant_viole,2716611449
5dd540f7d9fd1f8a1e10499851bec8c9,aplatir,0.5,True,11,False,True,0.500000,6.803,ok,2716611449
5dd540f7d9fd1f8a1e10499851bec8c9,aplatir,1.0,False,11,False,False,,6.489,invariant_viole,2710833650
5dd540f7d9fd1f8a1e10499851bec8c9,aplatir,1.0,True,11,False,True,1.000000,6.477,ok,2710833650
14ac84a62cbbe560848bc129f77b3e49,deplacer,0.1,False,11,False,True,0.100000,6.227,ok,819389709
14ac84a62cbbe560848bc129f77b3e49,deplacer,0.1,True,11,False,True,0.100000,10.578,ok,819389709
14ac84a62cbbe560848bc129f77b3e49,deplacer,0.25,False,11,False,True,0.250000,7.027,ok,3723860226
14ac84a62cbbe560848bc129f77b3e49,deplacer,0.25,True,11,False,True,0.250000,6.508,ok,3723860226
14ac84a62cbbe560848bc129f77b3e49,deplacer,0.5,False,11,False,True,0.500000,10.340,ok,3593859294
14ac84a62cbbe560848bc129f77b3e49,deplacer,0.5,True,11,False,True,0.500000,6.603,ok,3593859294
14ac84a62cbbe560848bc129f77b3e49,deplacer,1.0,False,11,False,True,1.000000,6.631,ok,43562184
14ac84a62cbbe560848bc129f77b3e49,deplacer,1.0,True,11,False,True,1.000000,6.519,ok,43562184
14ac84a62cbbe560848bc129f77b3e49,elargir,0.1,False,11,False,True,0.100000,7.309,ok,3737554215
14ac84a62cbbe560848bc129f77b3e49,elargir,0.1,True,11,False,True,0.100000,6.362,ok,3737554215
14ac84a62cbbe560848bc129f77b3e49,elargir,0.25,False,11,False,True,0.250000,6.039,ok,1001370637
14ac84a62cbbe560848bc129f77b3e49,elargir,0.25,True,11,False,True,0.250000,6.878,ok,1001370637
14ac84a62cbbe560848bc129f77b3e49,elargir,0.5,False,11,False,True,0.500000,6.389,ok,1426368058
14ac84a62cbbe560848bc129f77b3e49,elargir,0.5,True,11,False,True,0.500000,6.840,ok,1426368058
14ac84a62cbbe560848bc129f77b3e49,elargir,1.0,False,11,False,True,1.000000,6.179,ok,1836390960
14ac84a62cbbe560848bc129f77b3e49,elargir,1.0,True,11,False,True,1.000000,7.496,ok,1836390960
14ac84a62cbbe560848bc129f77b3e49,retrecir,0.1,False,11,False,True,0.100000,9.143,ok,3972513655
14ac84a62cbbe560848bc129f77b3e49,retrecir,0.1,True,11,False,True,0.100000,6.370,ok,3972513655
14ac84a62cbbe560848bc129f77b3e49,retrecir,0.25,False,11,False,False,,6.198,invariant_viole,1879218680
14ac84a62cbbe560848bc129f77b3e49,retrecir,0.25,True,11,False,True,0.250000,6.792,ok,1879218680
14ac84a62cbbe560848bc129f77b3e49,retrecir,0.5,False,11,False,False,,6.891,invariant_viole,2032822509
14ac84a62cbbe560848bc129f77b3e49,retrecir,0.5,True,11,False,True,0.500000,9.441,ok,2032822509
14ac84a62cbbe560848bc129f77b3e49,retrecir,1.0,False,11,False,False,,7.060,invariant_viole,3367068485
14ac84a62cbbe560848bc129f77b3e49,retrecir,1.0,True,11,False,True,1.000000,7.600,ok,3367068485
14ac84a62cbbe560848bc129f77b3e49,aplatir,0.1,False,11,False,False,,6.542,invariant_viole,860381100
14ac84a62cbbe560848bc129f77b3e49,aplatir,0.1,True,11,False,True,0.100000,7.077,ok,860381100
14ac84a62cbbe560848bc129f77b3e49,aplatir,0.25,False,11,False,False,,6.729,invariant_viole,943801363
14ac84a62cbbe560848bc129f77b3e49,aplatir,0.25,True,11,False,True,0.250000,6.490,ok,943801363
14ac84a62cbbe560848bc129f77b3e49,aplatir,0.5,False,11,False,False,,6.430,invariant_viole,3155721302
14ac84a62cbbe560848bc129f77b3e49,aplatir,0.5,True,11,False,True,0.500000,6.983,ok,3155721302
14ac84a62cbbe560848bc129f77b3e49,aplatir,1.0,False,11,False,False,,5.927,invariant_viole,365429320
14ac84a62cbbe560848bc129f77b3e49,aplatir,1.0,True,11,False,False,,8.264,infaisable,365429320
e0eb1bf2ef07cab2f8b4687c2ba4e94a,deplacer,0.1,False,5,False,False,,3.337,invariant_viole,1133858145
e0eb1bf2ef07cab2f8b4687c2ba4e94a,deplacer,0.1,True,5,False,False,,1.110,trame,1133858145
e0eb1bf2ef07cab2f8b4687c2ba4e94a,deplacer,0.25,False,5,False,True,2.307372,3.570,ok,3183876171
e0eb1bf2ef07cab2f8b4687c2ba4e94a,deplacer,0.25,True,5,False,False,,1.157,trame,3183876171
e0eb1bf2ef07cab2f8b4687c2ba4e94a,deplacer,0.5,False,5,False,True,2.307372,4.951,ok,3135136347
e0eb1bf2ef07cab2f8b4687c2ba4e94a,deplacer,0.5,True,5,False,True,5.992260,5.230,ok,3135136347
e0eb1bf2ef07cab2f8b4687c2ba4e94a,deplacer,1.0,False,5,False,False,,3.291,invariant_viole,375872366
e0eb1bf2ef07cab2f8b4687c2ba4e94a,deplacer,1.0,True,5,False,False,,1.200,trame,375872366
e0eb1bf2ef07cab2f8b4687c2ba4e94a,elargir,0.1,False,5,False,True,2.307372,5.160,ok,1714158449
e0eb1bf2ef07cab2f8b4687c2ba4e94a,elargir,0.1,True,5,False,False,,1.090,trame,1714158449
e0eb1bf2ef07cab2f8b4687c2ba4e94a,elargir,0.25,False,5,False,True,2.307372,4.922,ok,3981135970
e0eb1bf2ef07cab2f8b4687c2ba4e94a,elargir,0.25,True,5,False,False,,1.074,trame,3981135970
e0eb1bf2ef07cab2f8b4687c2ba4e94a,elargir,0.5,False,5,False,True,2.307372,4.542,ok,977166478
e0eb1bf2ef07cab2f8b4687c2ba4e94a,elargir,0.5,True,5,False,False,,1.073,trame,977166478
e0eb1bf2ef07cab2f8b4687c2ba4e94a,elargir,1.0,False,5,False,True,3.307372,4.863,ok,2798434044
e0eb1bf2ef07cab2f8b4687c2ba4e94a,elargir,1.0,True,5,False,False,,4.361,infaisable,2798434044
e0eb1bf2ef07cab2f8b4687c2ba4e94a,retrecir,0.1,False,5,False,True,2.307372,4.536,ok,3435096198
e0eb1bf2ef07cab2f8b4687c2ba4e94a,retrecir,0.1,True,5,False,False,,1.069,trame,3435096198
e0eb1bf2ef07cab2f8b4687c2ba4e94a,retrecir,0.25,False,5,False,False,,3.661,invariant_viole,3394629768
e0eb1bf2ef07cab2f8b4687c2ba4e94a,retrecir,0.25,True,5,False,False,,1.069,trame,3394629768
e0eb1bf2ef07cab2f8b4687c2ba4e94a,retrecir,0.5,False,5,False,False,,2.966,invariant_viole,2723134170
e0eb1bf2ef07cab2f8b4687c2ba4e94a,retrecir,0.5,True,5,False,False,,1.036,trame,2723134170
e0eb1bf2ef07cab2f8b4687c2ba4e94a,retrecir,1.0,False,5,False,False,,3.041,invariant_viole,3721567377
e0eb1bf2ef07cab2f8b4687c2ba4e94a,retrecir,1.0,True,5,False,False,,1.054,trame,3721567377
e0eb1bf2ef07cab2f8b4687c2ba4e94a,aplatir,0.1,False,5,False,False,,4.682,invariant_viole,717553131
e0eb1bf2ef07cab2f8b4687c2ba4e94a,aplatir,0.1,True,5,False,False,,1.787,trame,717553131
e0eb1bf2ef07cab2f8b4687c2ba4e94a,aplatir,0.25,False,5,False,False,,3.796,invariant_viole,3771464343
e0eb1bf2ef07cab2f8b4687c2ba4e94a,aplatir,0.25,True,5,False,False,,1.151,trame,3771464343
e0eb1bf2ef07cab2f8b4687c2ba4e94a,aplatir,0.5,False,5,False,False,,3.474,invariant_viole,2972518833
e0eb1bf2ef07cab2f8b4687c2ba4e94a,aplatir,0.5,True,5,False,False,,1.243,trame,2972518833
e0eb1bf2ef07cab2f8b4687c2ba4e94a,aplatir,1.0,False,5,False,False,,3.732,invariant_viole,365779756
e0eb1bf2ef07cab2f8b4687c2ba4e94a,aplatir,1.0,True,5,False,False,,2.241,trame,365779756
c7ae302c465ad36265ec442752f95629,deplacer,0.1,False,12,False,True,0.100000,7.119,ok,944004103
c7ae302c465ad36265ec442752f95629,deplacer,0.1,True,12,False,True,0.100000,6.794,ok,944004103
c7ae302c465ad36265ec442752f95629,deplacer,0.25,False,12,False,False,,6.448,invariant_viole,398778648
c7ae302c465ad36265ec442752f95629,deplacer,0.25,True,12,False,True,0.250000,6.730,ok,398778648
c7ae302c465ad36265ec442752f95629,deplacer,0.5,False,12,False,True,0.500000,8.026,ok,1988217751
c7ae302c465ad36265ec442752f95629,deplacer,0.5,True,12,False,True,0.500000,7.068,ok,1988217751
c7ae302c465ad36265ec442752f95629,deplacer,1.0,False,12,False,True,1.000000,6.878,ok,3631707720
c7ae302c465ad36265ec442752f95629,deplacer,1.0,True,12,False,True,1.000000,6.857,ok,3631707720
c7ae302c465ad36265ec442752f95629,elargir,0.1,False,12,False,False,,6.267,invariant_viole,2570891838
c7ae302c465ad36265ec442752f95629,elargir,0.1,True,12,False,True,0.100000,6.629,ok,2570891838
c7ae302c465ad36265ec442752f95629,elargir,0.25,False,12,False,False,,7.190,invariant_viole,3251306579
c7ae302c465ad36265ec442752f95629,elargir,0.25,True,12,False,True,1.863046,6.996,ok,3251306579
c7ae302c465ad36265ec442752f95629,elargir,0.5,False,12,False,False,,6.274,invariant_viole,1722835125
c7ae302c465ad36265ec442752f95629,elargir,0.5,True,12,False,False,,10.440,infaisable,1722835125
c7ae302c465ad36265ec442752f95629,elargir,1.0,False,12,False,True,1.000000,6.836,ok,2424925167
c7ae302c465ad36265ec442752f95629,elargir,1.0,True,12,False,True,1.000000,7.377,ok,2424925167
c7ae302c465ad36265ec442752f95629,retrecir,0.1,False,12,False,True,0.100000,6.526,ok,2142665662
c7ae302c465ad36265ec442752f95629,retrecir,0.1,True,12,False,True,0.100000,6.989,ok,2142665662
c7ae302c465ad36265ec442752f95629,retrecir,0.25,False,12,False,False,,5.939,invariant_viole,2659778069
c7ae302c465ad36265ec442752f95629,retrecir,0.25,True,12,False,True,0.250000,6.766,ok,2659778069
c7ae302c465ad36265ec442752f95629,retrecir,0.5,False,12,False,False,,5.861,invariant_viole,3690769669
c7ae302c465ad36265ec442752f95629,retrecir,0.5,True,12,False,True,0.500000,6.662,ok,3690769669
c7ae302c465ad36265ec442752f95629,retrecir,1.0,False,12,False,False,,6.184,invariant_viole,508324049
c7ae302c465ad36265ec442752f95629,retrecir,1.0,True,12,False,True,1.000000,7.263,ok,508324049
c7ae302c465ad36265ec442752f95629,aplatir,0.1,False,12,False,False,,6.015,invariant_viole,2425936607
c7ae302c465ad36265ec442752f95629,aplatir,0.1,True,12,False,True,0.100000,6.920,ok,2425936607
c7ae302c465ad36265ec442752f95629,aplatir,0.25,False,12,False,False,,6.047,invariant_viole,463284314
c7ae302c465ad36265ec442752f95629,aplatir,0.25,True,12,False,True,0.250000,6.704,ok,463284314
c7ae302c465ad36265ec442752f95629,aplatir,0.5,False,12,False,False,,6.263,invariant_viole,1330588145
c7ae302c465ad36265ec442752f95629,aplatir,0.5,True,12,False,True,0.500000,9.349,ok,1330588145
c7ae302c465ad36265ec442752f95629,aplatir,1.0,False,12,False,False,,7.208,invariant_viole,401163663
c7ae302c465ad36265ec442752f95629,aplatir,1.0,True,12,False,True,1.000000,6.916,ok,401163663
8e6473b01bccc63572894f9e63caa258,deplacer,0.1,False,11,False,True,0.100000,7.541,ok,61506461
8e6473b01bccc63572894f9e63caa258,deplacer,0.1,True,11,False,True,0.100000,8.990,ok,61506461
8e6473b01bccc63572894f9e63caa258,deplacer,0.25,False,11,False,True,0.250000,5.929,ok,894425681
8e6473b01bccc63572894f9e63caa258,deplacer,0.25,True,11,False,True,0.250000,10.279,ok,894425681
8e6473b01bccc63572894f9e63caa258,deplacer,0.5,False,11,False,False,,6.797,invariant_viole,1868825249
8e6473b01bccc63572894f9e63caa258,deplacer,0.5,True,11,False,True,0.500000,9.406,ok,1868825249
8e6473b01bccc63572894f9e63caa258,deplacer,1.0,False,11,False,True,1.000000,5.668,ok,285463311
8e6473b01bccc63572894f9e63caa258,deplacer,1.0,True,11,False,True,1.000000,7.852,ok,285463311
8e6473b01bccc63572894f9e63caa258,elargir,0.1,False,11,False,False,,5.358,invariant_viole,3465310859
8e6473b01bccc63572894f9e63caa258,elargir,0.1,True,11,False,True,0.100000,10.880,ok,3465310859
8e6473b01bccc63572894f9e63caa258,elargir,0.25,False,11,False,True,0.250000,8.523,ok,345727846
8e6473b01bccc63572894f9e63caa258,elargir,0.25,True,11,False,True,0.250000,8.719,ok,345727846
8e6473b01bccc63572894f9e63caa258,elargir,0.5,False,11,False,False,,6.623,invariant_viole,3038375699
8e6473b01bccc63572894f9e63caa258,elargir,0.5,True,11,False,False,,9.845,infaisable,3038375699
8e6473b01bccc63572894f9e63caa258,elargir,1.0,False,11,False,False,,6.622,invariant_viole,1995624339
8e6473b01bccc63572894f9e63caa258,elargir,1.0,True,11,False,True,1.421834,9.997,ok,1995624339
8e6473b01bccc63572894f9e63caa258,retrecir,0.1,False,11,False,False,,6.043,invariant_viole,1336689441
8e6473b01bccc63572894f9e63caa258,retrecir,0.1,True,11,False,True,0.100000,7.797,ok,1336689441
8e6473b01bccc63572894f9e63caa258,retrecir,0.25,False,11,False,True,0.250000,7.899,ok,3197302386
8e6473b01bccc63572894f9e63caa258,retrecir,0.25,True,11,False,True,0.250000,9.109,ok,3197302386
8e6473b01bccc63572894f9e63caa258,retrecir,0.5,False,11,False,False,,5.711,invariant_viole,3637856153
8e6473b01bccc63572894f9e63caa258,retrecir,0.5,True,11,False,True,0.500000,11.443,ok,3637856153
8e6473b01bccc63572894f9e63caa258,retrecir,1.0,False,11,False,False,,6.776,invariant_viole,2958280176
8e6473b01bccc63572894f9e63caa258,retrecir,1.0,True,11,False,True,1.000000,7.861,ok,2958280176
8e6473b01bccc63572894f9e63caa258,aplatir,0.1,False,11,False,False,,7.139,invariant_viole,1480081079
8e6473b01bccc63572894f9e63caa258,aplatir,0.1,True,11,False,True,0.100000,13.663,ok,1480081079
8e6473b01bccc63572894f9e63caa258,aplatir,0.25,False,11,False,False,,6.613,invariant_viole,3383204514
8e6473b01bccc63572894f9e63caa258,aplatir,0.25,True,11,False,True,0.250000,8.255,ok,3383204514
8e6473b01bccc63572894f9e63caa258,aplatir,0.5,False,11,False,False,,9.316,invariant_viole,3064586893
8e6473b01bccc63572894f9e63caa258,aplatir,0.5,True,11,False,True,0.500000,10.660,ok,3064586893
8e6473b01bccc63572894f9e63caa258,aplatir,1.0,False,11,False,False,,7.602,invariant_viole,4176742852
8e6473b01bccc63572894f9e63caa258,aplatir,1.0,True,11,False,False,,10.531,infaisable,4176742852
5e150a051a1f0c367768b0e92975000b,deplacer,0.1,False,12,False,True,0.100000,7.086,ok,1640903512
5e150a051a1f0c367768b0e92975000b,deplacer,0.1,True,12,False,True,0.100000,7.620,ok,1640903512
5e150a051a1f0c367768b0e92975000b,deplacer,0.25,False,12,False,False,,6.303,invariant_viole,3966420256
5e150a051a1f0c367768b0e92975000b,deplacer,0.25,True,12,False,True,0.250000,6.599,ok,3966420256
5e150a051a1f0c367768b0e92975000b,deplacer,0.5,False,12,False,False,,6.537,invariant_viole,527684694
5e150a051a1f0c367768b0e92975000b,deplacer,0.5,True,12,False,True,1.864023,7.038,ok,527684694
5e150a051a1f0c367768b0e92975000b,deplacer,1.0,False,12,False,False,,6.958,invariant_viole,2549891921
5e150a051a1f0c367768b0e92975000b,deplacer,1.0,True,12,False,True,1.459777,7.445,ok,2549891921
5e150a051a1f0c367768b0e92975000b,elargir,0.1,False,12,False,False,,6.479,invariant_viole,3409029398
5e150a051a1f0c367768b0e92975000b,elargir,0.1,True,12,False,True,0.100000,7.640,ok,3409029398
5e150a051a1f0c367768b0e92975000b,elargir,0.25,False,12,False,True,0.250000,6.815,ok,1761986621
5e150a051a1f0c367768b0e92975000b,elargir,0.25,True,12,False,True,0.250000,7.832,ok,1761986621
5e150a051a1f0c367768b0e92975000b,elargir,0.5,False,12,False,False,,7.095,invariant_viole,3256208972
5e150a051a1f0c367768b0e92975000b,elargir,0.5,True,12,False,True,0.500000,7.228,ok,3256208972
5e150a051a1f0c367768b0e92975000b,elargir,1.0,False,12,False,True,1.000000,6.747,ok,846760116
5e150a051a1f0c367768b0e92975000b,elargir,1.0,True,12,False,True,1.000000,6.554,ok,846760116
5e150a051a1f0c367768b0e92975000b,retrecir,0.1,False,12,False,False,,7.617,invariant_viole,1941462133
5e150a051a1f0c367768b0e92975000b,retrecir,0.1,True,12,False,True,0.100000,6.973,ok,1941462133
5e150a051a1f0c367768b0e92975000b,retrecir,0.25,False,12,False,False,,6.616,invariant_viole,3867165116
5e150a051a1f0c367768b0e92975000b,retrecir,0.25,True,12,False,True,0.250000,6.572,ok,3867165116
5e150a051a1f0c367768b0e92975000b,retrecir,0.5,False,12,False,False,,6.194,invariant_viole,1779402837
5e150a051a1f0c367768b0e92975000b,retrecir,0.5,True,12,False,True,0.500000,6.557,ok,1779402837
5e150a051a1f0c367768b0e92975000b,retrecir,1.0,False,12,False,False,,6.361,invariant_viole,3656562045
5e150a051a1f0c367768b0e92975000b,retrecir,1.0,True,12,False,True,1.000000,6.508,ok,3656562045
5e150a051a1f0c367768b0e92975000b,aplatir,0.1,False,12,False,False,,6.408,invariant_viole,3139387726
5e150a051a1f0c367768b0e92975000b,aplatir,0.1,True,12,False,True,0.100000,6.873,ok,3139387726
5e150a051a1f0c367768b0e92975000b,aplatir,0.25,False,12,False,False,,6.903,invariant_viole,40272170
5e150a051a1f0c367768b0e92975000b,aplatir,0.25,True,12,False,True,0.250000,6.542,ok,40272170
5e150a051a1f0c367768b0e92975000b,aplatir,0.5,False,12,False,False,,8.058,invariant_viole,2048475168
5e150a051a1f0c367768b0e92975000b,aplatir,0.5,True,12,False,True,0.500000,7.922,ok,2048475168
5e150a051a1f0c367768b0e92975000b,aplatir,1.0,False,12,False,False,,9.166,invariant_viole,3228066601
5e150a051a1f0c367768b0e92975000b,aplatir,1.0,True,12,False,True,1.000000,12.846,ok,3228066601
527f84922b30b925d2656660bf485605,deplacer,0.1,False,15,False,False,,8.135,invariant_viole,232507782
527f84922b30b925d2656660bf485605,deplacer,0.1,True,15,False,True,0.100000,8.647,ok,232507782
527f84922b30b925d2656660bf485605,deplacer,0.25,False,15,False,True,0.250000,9.509,ok,878456669
527f84922b30b925d2656660bf485605,deplacer,0.25,True,15,False,True,0.250000,8.488,ok,878456669
527f84922b30b925d2656660bf485605,deplacer,0.5,False,15,False,True,0.500000,9.255,ok,71916482
527f84922b30b925d2656660bf485605,deplacer,0.5,True,15,False,True,0.500000,10.081,ok,71916482
527f84922b30b925d2656660bf485605,deplacer,1.0,False,15,False,True,1.000000,11.969,ok,147662534
527f84922b30b925d2656660bf485605,deplacer,1.0,True,15,False,True,1.000000,10.417,ok,147662534
527f84922b30b925d2656660bf485605,elargir,0.1,False,15,False,True,0.100000,10.203,ok,1576032167
527f84922b30b925d2656660bf485605,elargir,0.1,True,15,False,True,0.100000,9.152,ok,1576032167
527f84922b30b925d2656660bf485605,elargir,0.25,False,15,False,True,0.250000,9.582,ok,1997371409
527f84922b30b925d2656660bf485605,elargir,0.25,True,15,False,True,0.250000,8.805,ok,1997371409
527f84922b30b925d2656660bf485605,elargir,0.5,False,15,False,True,0.500000,9.409,ok,3749273156
527f84922b30b925d2656660bf485605,elargir,0.5,True,15,False,True,0.500000,8.322,ok,3749273156
527f84922b30b925d2656660bf485605,elargir,1.0,False,15,False,False,,7.264,invariant_viole,2817612906
527f84922b30b925d2656660bf485605,elargir,1.0,True,15,False,True,1.523362,11.868,ok,2817612906
527f84922b30b925d2656660bf485605,retrecir,0.1,False,15,False,False,,9.804,invariant_viole,1844621358
527f84922b30b925d2656660bf485605,retrecir,0.1,True,15,False,True,0.100000,8.436,ok,1844621358
527f84922b30b925d2656660bf485605,retrecir,0.25,False,15,False,False,,8.340,invariant_viole,3651770567
527f84922b30b925d2656660bf485605,retrecir,0.25,True,15,False,True,0.250000,13.292,ok,3651770567
527f84922b30b925d2656660bf485605,retrecir,0.5,False,15,False,False,,10.894,invariant_viole,3150922336
527f84922b30b925d2656660bf485605,retrecir,0.5,True,15,False,True,0.500000,12.733,ok,3150922336
527f84922b30b925d2656660bf485605,retrecir,1.0,False,15,False,True,1.000000,7.573,ok,534597012
527f84922b30b925d2656660bf485605,retrecir,1.0,True,15,False,True,1.000000,11.010,ok,534597012
527f84922b30b925d2656660bf485605,aplatir,0.1,False,15,False,False,,8.269,invariant_viole,3311419588
527f84922b30b925d2656660bf485605,aplatir,0.1,True,15,False,True,0.100000,12.514,ok,3311419588
527f84922b30b925d2656660bf485605,aplatir,0.25,False,15,False,False,,6.986,invariant_viole,2926349671
527f84922b30b925d2656660bf485605,aplatir,0.25,True,15,False,True,0.250000,8.703,ok,2926349671
527f84922b30b925d2656660bf485605,aplatir,0.5,False,15,False,False,,7.068,invariant_viole,4055702273
527f84922b30b925d2656660bf485605,aplatir,0.5,True,15,False,True,0.500000,9.541,ok,4055702273
527f84922b30b925d2656660bf485605,aplatir,1.0,False,15,False,False,,6.893,invariant_viole,3178218985
527f84922b30b925d2656660bf485605,aplatir,1.0,True,15,False,True,1.000000,11.846,ok,3178218985
7fb0bc6559ae367338ce09837c9442bb,deplacer,0.1,False,10,False,True,0.100000,6.030,ok,3835240422
7fb0bc6559ae367338ce09837c9442bb,deplacer,0.1,True,10,False,True,0.100000,7.832,ok,3835240422
7fb0bc6559ae367338ce09837c9442bb,deplacer,0.25,False,10,False,False,,6.174,invariant_viole,97765620
7fb0bc6559ae367338ce09837c9442bb,deplacer,0.25,True,10,False,False,,9.831,infaisable,97765620
7fb0bc6559ae367338ce09837c9442bb,deplacer,0.5,False,10,False,False,,6.973,invariant_viole,1511432200
7fb0bc6559ae367338ce09837c9442bb,deplacer,0.5,True,10,False,False,,8.505,infaisable,1511432200
7fb0bc6559ae367338ce09837c9442bb,deplacer,1.0,False,10,False,False,,6.169,invariant_viole,1408639509
7fb0bc6559ae367338ce09837c9442bb,deplacer,1.0,True,10,False,False,,9.959,infaisable,1408639509
7fb0bc6559ae367338ce09837c9442bb,elargir,0.1,False,10,False,True,0.100000,6.159,ok,1329598456
7fb0bc6559ae367338ce09837c9442bb,elargir,0.1,True,10,False,True,0.100000,8.298,ok,1329598456
7fb0bc6559ae367338ce09837c9442bb,elargir,0.25,False,10,False,True,0.250000,5.843,ok,2162162920
7fb0bc6559ae367338ce09837c9442bb,elargir,0.25,True,10,False,True,0.250000,9.173,ok,2162162920
7fb0bc6559ae367338ce09837c9442bb,elargir,0.5,False,10,False,False,,5.842,invariant_viole,395796982
7fb0bc6559ae367338ce09837c9442bb,elargir,0.5,True,10,False,True,0.598367,7.981,ok,395796982
7fb0bc6559ae367338ce09837c9442bb,elargir,1.0,False,10,False,False,,6.977,invariant_viole,1550136030
7fb0bc6559ae367338ce09837c9442bb,elargir,1.0,True,10,False,False,,13.416,infaisable,1550136030
7fb0bc6559ae367338ce09837c9442bb,retrecir,0.1,False,10,False,True,0.100000,7.504,ok,622136487
7fb0bc6559ae367338ce09837c9442bb,retrecir,0.1,True,10,False,True,0.100000,10.242,ok,622136487
7fb0bc6559ae367338ce09837c9442bb,retrecir,0.25,False,10,False,False,,5.612,invariant_viole,3664601607
7fb0bc6559ae367338ce09837c9442bb,retrecir,0.25,True,10,False,True,0.250000,14.613,ok,3664601607
7fb0bc6559ae367338ce09837c9442bb,retrecir,0.5,False,10,False,False,,8.277,invariant_viole,1953681951
7fb0bc6559ae367338ce09837c9442bb,retrecir,0.5,True,10,False,True,0.500000,14.246,ok,1953681951
7fb0bc6559ae367338ce09837c9442bb,retrecir,1.0,False,10,False,False,,5.873,invariant_viole,334550833
7fb0bc6559ae367338ce09837c9442bb,retrecir,1.0,True,10,False,True,0.122285,13.279,ok,334550833
7fb0bc6559ae367338ce09837c9442bb,aplatir,0.1,False,10,False,False,,9.210,invariant_viole,778036249
7fb0bc6559ae367338ce09837c9442bb,aplatir,0.1,True,10,False,True,0.100000,12.918,ok,778036249
7fb0bc6559ae367338ce09837c9442bb,aplatir,0.25,False,10,False,False,,8.729,invariant_viole,3006898589
7fb0bc6559ae367338ce09837c9442bb,aplatir,0.25,True,10,False,True,0.250000,10.329,ok,3006898589
7fb0bc6559ae367338ce09837c9442bb,aplatir,0.5,False,10,False,False,,8.594,invariant_viole,1046890274
7fb0bc6559ae367338ce09837c9442bb,aplatir,0.5,True,10,False,True,0.500000,11.237,ok,1046890274
7fb0bc6559ae367338ce09837c9442bb,aplatir,1.0,False,10,False,False,,6.144,invariant_viole,167074415
7fb0bc6559ae367338ce09837c9442bb,aplatir,1.0,True,10,False,True,1.000000,8.099,ok,167074415
ff15788234891241f1366761285e42fa,deplacer,0.1,False,7,False,True,0.100000,4.622,ok,474225481
ff15788234891241f1366761285e42fa,deplacer,0.1,True,7,False,True,0.100000,4.117,ok,474225481
ff15788234891241f1366761285e42fa,deplacer,0.25,False,7,False,False,,6.178,invariant_viole,3223150699
ff15788234891241f1366761285e42fa,deplacer,0.25,True,7,False,True,0.250000,5.555,ok,3223150699
ff15788234891241f1366761285e42fa,deplacer,0.5,False,7,False,False,,6.428,invariant_viole,2726712199
ff15788234891241f1366761285e42fa,deplacer,0.5,True,7,False,True,0.500000,4.669,ok,2726712199
ff15788234891241f1366761285e42fa,deplacer,1.0,False,7,False,True,1.000000,4.665,ok,2028538358
ff15788234891241f1366761285e42fa,deplacer,1.0,True,7,False,False,,1.459,trame,2028538358
ff15788234891241f1366761285e42fa,elargir,0.1,False,7,False,True,0.100000,6.957,ok,4233670790
ff15788234891241f1366761285e42fa,elargir,0.1,True,7,False,True,0.100000,4.942,ok,4233670790
ff15788234891241f1366761285e42fa,elargir,0.25,False,7,False,True,0.250000,4.637,ok,3292957464
ff15788234891241f1366761285e42fa,elargir,0.25,True,7,False,True,0.250000,4.671,ok,3292957464
ff15788234891241f1366761285e42fa,elargir,0.5,False,7,False,True,0.500000,4.578,ok,752714747
ff15788234891241f1366761285e42fa,elargir,0.5,True,7,False,True,0.500000,4.227,ok,752714747
ff15788234891241f1366761285e42fa,elargir,1.0,False,7,False,True,1.000000,4.433,ok,1917127687
ff15788234891241f1366761285e42fa,elargir,1.0,True,7,False,True,1.000000,4.087,ok,1917127687
ff15788234891241f1366761285e42fa,retrecir,0.1,False,7,False,False,,4.578,invariant_viole,2917534862
ff15788234891241f1366761285e42fa,retrecir,0.1,True,7,False,True,0.100000,4.133,ok,2917534862
ff15788234891241f1366761285e42fa,retrecir,0.25,False,7,False,False,,3.971,invariant_viole,3686218867
ff15788234891241f1366761285e42fa,retrecir,0.25,True,7,False,True,0.250000,4.427,ok,3686218867
ff15788234891241f1366761285e42fa,retrecir,0.5,False,7,False,False,,3.947,invariant_viole,3286946297
ff15788234891241f1366761285e42fa,retrecir,0.5,True,7,False,True,0.500000,4.088,ok,3286946297
ff15788234891241f1366761285e42fa,retrecir,1.0,False,7,False,False,,3.897,invariant_viole,971304757
ff15788234891241f1366761285e42fa,retrecir,1.0,True,7,False,True,1.000000,4.724,ok,971304757
ff15788234891241f1366761285e42fa,aplatir,0.1,False,7,False,False,,4.025,invariant_viole,2953015740
ff15788234891241f1366761285e42fa,aplatir,0.1,True,7,False,True,0.100000,4.050,ok,2953015740
ff15788234891241f1366761285e42fa,aplatir,0.25,False,7,False,False,,4.437,invariant_viole,3270841069
ff15788234891241f1366761285e42fa,aplatir,0.25,True,7,False,True,0.250000,4.143,ok,3270841069
ff15788234891241f1366761285e42fa,aplatir,0.5,False,7,False,False,,3.953,invariant_viole,3648372268
ff15788234891241f1366761285e42fa,aplatir,0.5,True,7,False,True,0.500000,4.388,ok,3648372268
ff15788234891241f1366761285e42fa,aplatir,1.0,False,7,False,False,,4.053,invariant_viole,2405116958
ff15788234891241f1366761285e42fa,aplatir,1.0,True,7,False,True,1.000000,4.027,ok,2405116958
c90e3218b9957cea86d399690cde715e,deplacer,0.1,False,7,False,True,0.100000,4.629,ok,109916644
c90e3218b9957cea86d399690cde715e,deplacer,0.1,True,7,False,True,0.100000,4.502,ok,109916644
c90e3218b9957cea86d399690cde715e,deplacer,0.25,False,7,False,False,,4.005,invariant_viole,3552074038
c90e3218b9957cea86d399690cde715e,deplacer,0.25,True,7,False,True,0.250000,7.155,ok,3552074038
c90e3218b9957cea86d399690cde715e,deplacer,0.5,False,7,False,False,,4.349,invariant_viole,726622938
c90e3218b9957cea86d399690cde715e,deplacer,0.5,True,7,False,True,0.500000,4.350,ok,726622938
c90e3218b9957cea86d399690cde715e,deplacer,1.0,False,7,False,False,,4.002,invariant_viole,958602543
c90e3218b9957cea86d399690cde715e,deplacer,1.0,True,7,False,False,,5.361,infaisable,958602543
c90e3218b9957cea86d399690cde715e,elargir,0.1,False,7,False,True,0.100000,3.961,ok,4068438453
c90e3218b9957cea86d399690cde715e,elargir,0.1,True,7,False,True,0.100000,4.629,ok,4068438453
c90e3218b9957cea86d399690cde715e,elargir,0.25,False,7,False,True,0.250000,3.965,ok,3566074598
c90e3218b9957cea86d399690cde715e,elargir,0.25,True,7,False,True,0.250000,4.309,ok,3566074598
c90e3218b9957cea86d399690cde715e,elargir,0.5,False,7,False,True,0.500000,6.647,ok,3375198109
c90e3218b9957cea86d399690cde715e,elargir,0.5,True,7,False,True,0.500000,4.755,ok,3375198109
c90e3218b9957cea86d399690cde715e,elargir,1.0,False,7,False,True,1.000000,4.290,ok,2259896791
c90e3218b9957cea86d399690cde715e,elargir,1.0,True,7,False,True,1.000000,4.679,ok,2259896791
c90e3218b9957cea86d399690cde715e,retrecir,0.1,False,7,False,False,,3.849,invariant_viole,108661689
c90e3218b9957cea86d399690cde715e,retrecir,0.1,True,7,False,True,0.100000,4.264,ok,108661689
c90e3218b9957cea86d399690cde715e,retrecir,0.25,False,7,False,False,,4.248,invariant_viole,943826601
c90e3218b9957cea86d399690cde715e,retrecir,0.25,True,7,False,True,0.250000,4.504,ok,943826601
c90e3218b9957cea86d399690cde715e,retrecir,0.5,False,7,False,False,,3.854,invariant_viole,130307502
c90e3218b9957cea86d399690cde715e,retrecir,0.5,True,7,False,True,0.500000,4.749,ok,130307502
c90e3218b9957cea86d399690cde715e,retrecir,1.0,False,7,False,False,,3.826,invariant_viole,785672817
c90e3218b9957cea86d399690cde715e,retrecir,1.0,True,7,False,False,,5.288,infaisable,785672817
c90e3218b9957cea86d399690cde715e,aplatir,0.1,False,7,False,False,,3.986,invariant_viole,1380802466
c90e3218b9957cea86d399690cde715e,aplatir,0.1,True,7,False,True,0.100000,4.306,ok,1380802466
c90e3218b9957cea86d399690cde715e,aplatir,0.25,False,7,False,False,,3.847,invariant_viole,3384875084
c90e3218b9957cea86d399690cde715e,aplatir,0.25,True,7,False,True,0.250000,4.665,ok,3384875084
c90e3218b9957cea86d399690cde715e,aplatir,0.5,False,7,False,False,,3.817,invariant_viole,1697099594
c90e3218b9957cea86d399690cde715e,aplatir,0.5,True,7,False,True,0.500000,4.282,ok,1697099594
c90e3218b9957cea86d399690cde715e,aplatir,1.0,False,7,False,False,,4.216,invariant_viole,3155382918
c90e3218b9957cea86d399690cde715e,aplatir,1.0,True,7,False,True,1.000000,4.468,ok,3155382918
370fd95fe70c627bf2698fbd390af298,deplacer,0.1,False,12,False,True,0.100000,9.080,ok,1664742021
370fd95fe70c627bf2698fbd390af298,deplacer,0.1,True,12,False,True,0.100000,12.963,ok,1664742021
370fd95fe70c627bf2698fbd390af298,deplacer,0.25,False,12,False,True,0.250000,11.677,ok,981379078
370fd95fe70c627bf2698fbd390af298,deplacer,0.25,True,12,False,True,0.250000,13.822,ok,981379078
370fd95fe70c627bf2698fbd390af298,deplacer,0.5,False,12,False,True,0.500000,8.778,ok,3101896822
370fd95fe70c627bf2698fbd390af298,deplacer,0.5,True,12,False,False,,7.307,invariant_viole,3101896822
370fd95fe70c627bf2698fbd390af298,deplacer,1.0,False,12,False,True,1.000000,9.549,ok,2374521580
370fd95fe70c627bf2698fbd390af298,deplacer,1.0,True,12,False,True,1.000000,10.435,ok,2374521580
370fd95fe70c627bf2698fbd390af298,elargir,0.1,False,12,False,False,,7.715,invariant_viole,3049259469
370fd95fe70c627bf2698fbd390af298,elargir,0.1,True,12,False,False,,12.702,infaisable,3049259469
370fd95fe70c627bf2698fbd390af298,elargir,0.25,False,12,False,False,,6.683,invariant_viole,816781569
370fd95fe70c627bf2698fbd390af298,elargir,0.25,True,12,False,True,0.250000,8.004,ok,816781569
370fd95fe70c627bf2698fbd390af298,elargir,0.5,False,12,False,True,0.500000,9.374,ok,2180534671
370fd95fe70c627bf2698fbd390af298,elargir,0.5,True,12,False,True,0.500000,8.593,ok,2180534671
370fd95fe70c627bf2698fbd390af298,elargir,1.0,False,12,False,True,1.000000,10.105,ok,869780050
370fd95fe70c627bf2698fbd390af298,elargir,1.0,True,12,False,True,1.000000,8.426,ok,869780050
370fd95fe70c627bf2698fbd390af298,retrecir,0.1,False,12,False,False,,6.729,invariant_viole,1086118137
370fd95fe70c627bf2698fbd390af298,retrecir,0.1,True,12,False,True,0.100000,7.206,ok,1086118137
370fd95fe70c627bf2698fbd390af298,retrecir,0.25,False,12,False,False,,6.636,invariant_viole,4149481284
370fd95fe70c627bf2698fbd390af298,retrecir,0.25,True,12,False,True,0.250000,7.341,ok,4149481284
370fd95fe70c627bf2698fbd390af298,retrecir,0.5,False,12,False,False,,6.589,invariant_viole,3289024048
370fd95fe70c627bf2698fbd390af298,retrecir,0.5,True,12,False,True,0.500000,7.357,ok,3289024048
370fd95fe70c627bf2698fbd390af298,retrecir,1.0,False,12,False,True,1.000000,7.323,ok,3375530705
370fd95fe70c627bf2698fbd390af298,retrecir,1.0,True,12,False,True,1.000000,7.125,ok,3375530705
370fd95fe70c627bf2698fbd390af298,aplatir,0.1,False,12,False,False,,7.552,invariant_viole,3515386048
370fd95fe70c627bf2698fbd390af298,aplatir,0.1,True,12,False,True,0.100000,7.101,ok,3515386048
370fd95fe70c627bf2698fbd390af298,aplatir,0.25,False,12,False,False,,7.852,invariant_viole,1884368447
370fd95fe70c627bf2698fbd390af298,aplatir,0.25,True,12,False,True,0.250000,7.169,ok,1884368447
370fd95fe70c627bf2698fbd390af298,aplatir,0.5,False,12,False,False,,8.405,invariant_viole,1070337558
370fd95fe70c627bf2698fbd390af298,aplatir,0.5,True,12,False,False,,9.766,invariant_viole,1070337558
370fd95fe70c627bf2698fbd390af298,aplatir,1.0,False,12,False,False,,6.564,invariant_viole,2802510870
370fd95fe70c627bf2698fbd390af298,aplatir,1.0,True,12,False,True,1.000000,8.503,ok,2802510870
6ae87b389b21c67fba9042e7d341ad9a,deplacer,0.1,False,15,False,True,0.100000,8.887,ok,1296828889
6ae87b389b21c67fba9042e7d341ad9a,deplacer,0.1,True,15,False,True,0.100000,8.669,ok,1296828889
6ae87b389b21c67fba9042e7d341ad9a,deplacer,0.25,False,15,False,False,,12.045,invariant_viole,2486683086
6ae87b389b21c67fba9042e7d341ad9a,deplacer,0.25,True,15,False,True,0.250000,9.329,ok,2486683086
6ae87b389b21c67fba9042e7d341ad9a,deplacer,0.5,False,15,False,False,,9.828,invariant_viole,3072923504
6ae87b389b21c67fba9042e7d341ad9a,deplacer,0.5,True,15,False,True,1.812930,11.802,ok,3072923504
6ae87b389b21c67fba9042e7d341ad9a,deplacer,1.0,False,15,False,False,,8.925,invariant_viole,2289350114
6ae87b389b21c67fba9042e7d341ad9a,deplacer,1.0,True,15,False,False,,11.898,infaisable,2289350114
6ae87b389b21c67fba9042e7d341ad9a,elargir,0.1,False,15,False,True,0.100000,8.770,ok,575787907
6ae87b389b21c67fba9042e7d341ad9a,elargir,0.1,True,15,False,True,0.100000,9.652,ok,575787907
6ae87b389b21c67fba9042e7d341ad9a,elargir,0.25,False,15,False,False,,8.641,invariant_viole,1664403276
6ae87b389b21c67fba9042e7d341ad9a,elargir,0.25,True,15,False,True,0.250000,10.291,ok,1664403276
6ae87b389b21c67fba9042e7d341ad9a,elargir,0.5,False,15,False,False,,15.627,invariant_viole,596624592
6ae87b389b21c67fba9042e7d341ad9a,elargir,0.5,True,15,False,False,,15.163,infaisable,596624592
6ae87b389b21c67fba9042e7d341ad9a,elargir,1.0,False,15,False,False,,8.670,invariant_viole,2549507340
6ae87b389b21c67fba9042e7d341ad9a,elargir,1.0,True,15,False,True,1.000000,9.469,ok,2549507340
6ae87b389b21c67fba9042e7d341ad9a,retrecir,0.1,False,15,False,False,,7.862,invariant_viole,707163270
6ae87b389b21c67fba9042e7d341ad9a,retrecir,0.1,True,15,False,True,0.100000,9.084,ok,707163270
6ae87b389b21c67fba9042e7d341ad9a,retrecir,0.25,False,15,False,False,,8.255,invariant_viole,3348871470
6ae87b389b21c67fba9042e7d341ad9a,retrecir,0.25,True,15,False,True,0.250000,8.925,ok,3348871470
6ae87b389b21c67fba9042e7d341ad9a,retrecir,0.5,False,15,False,False,,7.783,invariant_viole,3259905846
6ae87b389b21c67fba9042e7d341ad9a,retrecir,0.5,True,15,False,True,0.500000,8.651,ok,3259905846
6ae87b389b21c67fba9042e7d341ad9a,retrecir,1.0,False,15,False,False,,7.939,invariant_viole,730369455
6ae87b389b21c67fba9042e7d341ad9a,retrecir,1.0,True,15,False,True,1.000000,11.380,ok,730369455
6ae87b389b21c67fba9042e7d341ad9a,aplatir,0.1,False,15,False,False,,7.734,invariant_viole,567321265
6ae87b389b21c67fba9042e7d341ad9a,aplatir,0.1,True,15,False,True,0.100000,8.989,ok,567321265
6ae87b389b21c67fba9042e7d341ad9a,aplatir,0.25,False,15,False,False,,7.748,invariant_viole,1390141267
6ae87b389b21c67fba9042e7d341ad9a,aplatir,0.25,True,15,False,True,0.250000,10.918,ok,1390141267
6ae87b389b21c67fba9042e7d341ad9a,aplatir,0.5,False,15,False,False,,8.258,invariant_viole,707652821
6ae87b389b21c67fba9042e7d341ad9a,aplatir,0.5,True,15,False,True,0.500000,8.676,ok,707652821
6ae87b389b21c67fba9042e7d341ad9a,aplatir,1.0,False,15,False,False,,9.022,invariant_viole,3503429958
6ae87b389b21c67fba9042e7d341ad9a,aplatir,1.0,True,15,False,True,1.000000,9.992,ok,3503429958
6df14e73f575bce6b55c124e7f16b9fe,deplacer,0.1,False,6,False,True,0.100000,3.817,ok,3592198765
6df14e73f575bce6b55c124e7f16b9fe,deplacer,0.1,True,6,False,True,0.100000,3.989,ok,3592198765
6df14e73f575bce6b55c124e7f16b9fe,deplacer,0.25,False,6,False,True,0.250000,3.571,ok,3438887596
6df14e73f575bce6b55c124e7f16b9fe,deplacer,0.25,True,6,False,True,0.250000,3.926,ok,3438887596
6df14e73f575bce6b55c124e7f16b9fe,deplacer,0.5,False,6,False,False,,3.695,invariant_viole,670428493
6df14e73f575bce6b55c124e7f16b9fe,deplacer,0.5,True,6,False,True,0.500000,4.052,ok,670428493
6df14e73f575bce6b55c124e7f16b9fe,deplacer,1.0,False,6,False,True,1.000000,3.676,ok,194563370
6df14e73f575bce6b55c124e7f16b9fe,deplacer,1.0,True,6,False,True,1.000000,4.569,ok,194563370
6df14e73f575bce6b55c124e7f16b9fe,elargir,0.1,False,6,False,True,0.100000,3.632,ok,2248334040
6df14e73f575bce6b55c124e7f16b9fe,elargir,0.1,True,6,False,True,0.100000,3.894,ok,2248334040
6df14e73f575bce6b55c124e7f16b9fe,elargir,0.25,False,6,False,True,0.250000,3.702,ok,795038997
6df14e73f575bce6b55c124e7f16b9fe,elargir,0.25,True,6,False,True,0.250000,3.841,ok,795038997
6df14e73f575bce6b55c124e7f16b9fe,elargir,0.5,False,6,False,True,0.500000,3.832,ok,3624480991
6df14e73f575bce6b55c124e7f16b9fe,elargir,0.5,True,6,False,True,0.500000,3.831,ok,3624480991
6df14e73f575bce6b55c124e7f16b9fe,elargir,1.0,False,6,False,True,1.000000,4.278,ok,1114695
6df14e73f575bce6b55c124e7f16b9fe,elargir,1.0,True,6,False,True,1.000000,3.848,ok,1114695
6df14e73f575bce6b55c124e7f16b9fe,retrecir,0.1,False,6,False,False,,3.419,invariant_viole,3243203265
6df14e73f575bce6b55c124e7f16b9fe,retrecir,0.1,True,6,False,True,0.100000,3.930,ok,3243203265
6df14e73f575bce6b55c124e7f16b9fe,retrecir,0.25,False,6,False,True,0.250000,3.683,ok,3397148723
6df14e73f575bce6b55c124e7f16b9fe,retrecir,0.25,True,6,False,True,0.250000,3.957,ok,3397148723
6df14e73f575bce6b55c124e7f16b9fe,retrecir,0.5,False,6,False,False,,3.595,invariant_viole,1506507756
6df14e73f575bce6b55c124e7f16b9fe,retrecir,0.5,True,6,False,True,0.500000,6.271,ok,1506507756
6df14e73f575bce6b55c124e7f16b9fe,retrecir,1.0,False,6,False,False,,3.952,invariant_viole,616410625
6df14e73f575bce6b55c124e7f16b9fe,retrecir,1.0,True,6,False,True,1.000000,4.229,ok,616410625
6df14e73f575bce6b55c124e7f16b9fe,aplatir,0.1,False,6,False,False,,3.805,invariant_viole,2942815995
6df14e73f575bce6b55c124e7f16b9fe,aplatir,0.1,True,6,False,True,0.100000,4.276,ok,2942815995
6df14e73f575bce6b55c124e7f16b9fe,aplatir,0.25,False,6,False,False,,4.032,invariant_viole,3872800469
6df14e73f575bce6b55c124e7f16b9fe,aplatir,0.25,True,6,False,True,0.250000,4.415,ok,3872800469
6df14e73f575bce6b55c124e7f16b9fe,aplatir,0.5,False,6,False,False,,5.714,invariant_viole,1329482526
6df14e73f575bce6b55c124e7f16b9fe,aplatir,0.5,True,6,False,True,0.500000,4.736,ok,1329482526
6df14e73f575bce6b55c124e7f16b9fe,aplatir,1.0,False,6,False,False,,4.377,invariant_viole,3496054741
6df14e73f575bce6b55c124e7f16b9fe,aplatir,1.0,True,6,False,True,1.000000,4.743,ok,3496054741
f44ddaca2b2c66544db0065a5e6a65ec,deplacer,0.1,False,15,False,False,,8.342,invariant_viole,3716948944
f44ddaca2b2c66544db0065a5e6a65ec,deplacer,0.1,True,15,False,False,,10.620,infaisable,3716948944
f44ddaca2b2c66544db0065a5e6a65ec,deplacer,0.25,False,15,False,False,,9.095,invariant_viole,3073438151
f44ddaca2b2c66544db0065a5e6a65ec,deplacer,0.25,True,15,False,True,0.250000,11.170,ok,3073438151
f44ddaca2b2c66544db0065a5e6a65ec,deplacer,0.5,False,15,False,True,0.500000,8.119,ok,1617789579
f44ddaca2b2c66544db0065a5e6a65ec,deplacer,0.5,True,15,False,True,0.500000,11.337,ok,1617789579
f44ddaca2b2c66544db0065a5e6a65ec,deplacer,1.0,False,15,False,False,,8.609,invariant_viole,979543193
f44ddaca2b2c66544db0065a5e6a65ec,deplacer,1.0,True,15,False,False,,12.136,infaisable,979543193
f44ddaca2b2c66544db0065a5e6a65ec,elargir,0.1,False,15,False,True,0.100000,10.645,ok,3348801523
f44ddaca2b2c66544db0065a5e6a65ec,elargir,0.1,True,15,False,True,0.100000,12.881,ok,3348801523
f44ddaca2b2c66544db0065a5e6a65ec,elargir,0.25,False,15,False,True,0.250000,12.820,ok,3439034251
f44ddaca2b2c66544db0065a5e6a65ec,elargir,0.25,True,15,False,True,0.250000,11.846,ok,3439034251
f44ddaca2b2c66544db0065a5e6a65ec,elargir,0.5,False,15,False,False,,9.713,invariant_viole,1194898558
f44ddaca2b2c66544db0065a5e6a65ec,elargir,0.5,True,15,False,True,0.500000,11.581,ok,1194898558
f44ddaca2b2c66544db0065a5e6a65ec,elargir,1.0,False,15,False,False,,7.990,invariant_viole,2917541028
f44ddaca2b2c66544db0065a5e6a65ec,elargir,1.0,True,15,False,True,1.000000,13.096,ok,2917541028
f44ddaca2b2c66544db0065a5e6a65ec,retrecir,0.1,False,15,False,False,,9.156,invariant_viole,1040153275
f44ddaca2b2c66544db0065a5e6a65ec,retrecir,0.1,True,15,False,True,0.100000,10.942,ok,1040153275
f44ddaca2b2c66544db0065a5e6a65ec,retrecir,0.25,False,15,False,False,,8.025,invariant_viole,2222312818
f44ddaca2b2c66544db0065a5e6a65ec,retrecir,0.25,True,15,False,True,0.250000,11.089,ok,2222312818
f44ddaca2b2c66544db0065a5e6a65ec,retrecir,0.5,False,15,False,False,,9.916,invariant_viole,2984604332
f44ddaca2b2c66544db0065a5e6a65ec,retrecir,0.5,True,15,False,True,0.500000,12.788,ok,2984604332
f44ddaca2b2c66544db0065a5e6a65ec,retrecir,1.0,False,15,False,False,,7.982,invariant_viole,707358679
f44ddaca2b2c66544db0065a5e6a65ec,retrecir,1.0,True,15,False,True,1.000000,12.991,ok,707358679
f44ddaca2b2c66544db0065a5e6a65ec,aplatir,0.1,False,15,False,False,,9.091,invariant_viole,14176681
f44ddaca2b2c66544db0065a5e6a65ec,aplatir,0.1,True,15,False,True,0.100000,11.381,ok,14176681
f44ddaca2b2c66544db0065a5e6a65ec,aplatir,0.25,False,15,False,False,,9.143,invariant_viole,3089431187
f44ddaca2b2c66544db0065a5e6a65ec,aplatir,0.25,True,15,False,True,0.250000,11.183,ok,3089431187
f44ddaca2b2c66544db0065a5e6a65ec,aplatir,0.5,False,15,False,False,,8.400,invariant_viole,2458317586
f44ddaca2b2c66544db0065a5e6a65ec,aplatir,0.5,True,15,False,True,0.500000,11.020,ok,2458317586
f44ddaca2b2c66544db0065a5e6a65ec,aplatir,1.0,False,15,False,False,,8.827,invariant_viole,1482774981
f44ddaca2b2c66544db0065a5e6a65ec,aplatir,1.0,True,15,False,True,1.000000,11.425,ok,1482774981
ad85ab1ca01b643ff20d0efd9072f608,deplacer,0.1,False,6,False,True,0.100000,4.880,ok,2972489989
ad85ab1ca01b643ff20d0efd9072f608,deplacer,0.1,True,6,False,True,0.100000,5.304,ok,2972489989
ad85ab1ca01b643ff20d0efd9072f608,deplacer,0.25,False,6,False,True,0.250000,3.833,ok,4269152405
ad85ab1ca01b643ff20d0efd9072f608,deplacer,0.25,True,6,False,True,0.250000,6.367,ok,4269152405
ad85ab1ca01b643ff20d0efd9072f608,deplacer,0.5,False,6,False,True,0.500000,3.889,ok,1980249748
ad85ab1ca01b643ff20d0efd9072f608,deplacer,0.5,True,6,False,True,0.500000,5.157,ok,1980249748
ad85ab1ca01b643ff20d0efd9072f608,deplacer,1.0,False,6,False,True,1.000000,3.945,ok,31009400
ad85ab1ca01b643ff20d0efd9072f608,deplacer,1.0,True,6,False,True,1.000000,5.323,ok,31009400
ad85ab1ca01b643ff20d0efd9072f608,elargir,0.1,False,6,False,True,0.100000,5.445,ok,3061437688
ad85ab1ca01b643ff20d0efd9072f608,elargir,0.1,True,6,False,True,0.100000,5.658,ok,3061437688
ad85ab1ca01b643ff20d0efd9072f608,elargir,0.25,False,6,False,True,0.250000,4.698,ok,430540894
ad85ab1ca01b643ff20d0efd9072f608,elargir,0.25,True,6,False,True,0.250000,5.532,ok,430540894
ad85ab1ca01b643ff20d0efd9072f608,elargir,0.5,False,6,False,True,0.500000,3.775,ok,1485547316
ad85ab1ca01b643ff20d0efd9072f608,elargir,0.5,True,6,False,True,0.500000,5.164,ok,1485547316
ad85ab1ca01b643ff20d0efd9072f608,elargir,1.0,False,6,False,True,1.000000,4.669,ok,1402348010
ad85ab1ca01b643ff20d0efd9072f608,elargir,1.0,True,6,False,True,1.000000,6.195,ok,1402348010
ad85ab1ca01b643ff20d0efd9072f608,retrecir,0.1,False,6,False,False,,3.623,invariant_viole,2618446299
ad85ab1ca01b643ff20d0efd9072f608,retrecir,0.1,True,6,False,True,0.100000,5.769,ok,2618446299
ad85ab1ca01b643ff20d0efd9072f608,retrecir,0.25,False,6,False,False,,3.723,invariant_viole,385295880
ad85ab1ca01b643ff20d0efd9072f608,retrecir,0.25,True,6,False,True,0.250000,4.135,ok,385295880
ad85ab1ca01b643ff20d0efd9072f608,retrecir,0.5,False,6,False,False,,4.739,invariant_viole,2310335734
ad85ab1ca01b643ff20d0efd9072f608,retrecir,0.5,True,6,False,True,0.324708,6.776,ok,2310335734
ad85ab1ca01b643ff20d0efd9072f608,retrecir,1.0,False,6,False,False,,3.809,invariant_viole,3068348014
ad85ab1ca01b643ff20d0efd9072f608,retrecir,1.0,True,6,False,True,1.000000,6.417,ok,3068348014
ad85ab1ca01b643ff20d0efd9072f608,aplatir,0.1,False,6,False,False,,3.703,invariant_viole,57704622
ad85ab1ca01b643ff20d0efd9072f608,aplatir,0.1,True,6,False,True,0.100000,5.209,ok,57704622
ad85ab1ca01b643ff20d0efd9072f608,aplatir,0.25,False,6,False,False,,5.691,invariant_viole,3808827513
ad85ab1ca01b643ff20d0efd9072f608,aplatir,0.25,True,6,False,True,0.250000,5.754,ok,3808827513
ad85ab1ca01b643ff20d0efd9072f608,aplatir,0.5,False,6,False,False,,3.888,invariant_viole,236186806
ad85ab1ca01b643ff20d0efd9072f608,aplatir,0.5,True,6,False,True,0.500000,5.194,ok,236186806
ad85ab1ca01b643ff20d0efd9072f608,aplatir,1.0,False,6,False,False,,5.040,invariant_viole,3504991038
ad85ab1ca01b643ff20d0efd9072f608,aplatir,1.0,True,6,False,True,1.000000,6.523,ok,3504991038
067bdd811e5fb2c4cd018d0dd015923e,deplacer,0.1,False,10,False,True,0.100000,9.517,ok,1336200770
067bdd811e5fb2c4cd018d0dd015923e,deplacer,0.1,True,10,False,True,0.100000,6.200,ok,1336200770
067bdd811e5fb2c4cd018d0dd015923e,deplacer,0.25,False,10,False,True,0.250000,5.658,ok,4028083481
067bdd811e5fb2c4cd018d0dd015923e,deplacer,0.25,True,10,False,True,0.250000,6.057,ok,4028083481
067bdd811e5fb2c4cd018d0dd015923e,deplacer,0.5,False,10,False,False,,5.647,invariant_viole,2219920528
067bdd811e5fb2c4cd018d0dd015923e,deplacer,0.5,True,10,False,True,0.500000,6.632,ok,2219920528
067bdd811e5fb2c4cd018d0dd015923e,deplacer,1.0,False,10,False,False,,5.649,invariant_viole,1750341387
067bdd811e5fb2c4cd018d0dd015923e,deplacer,1.0,True,10,False,True,1.712861,7.339,ok,1750341387
067bdd811e5fb2c4cd018d0dd015923e,elargir,0.1,False,10,False,True,0.100000,5.779,ok,1546838308
067bdd811e5fb2c4cd018d0dd015923e,elargir,0.1,True,10,False,True,0.100000,6.192,ok,1546838308
067bdd811e5fb2c4cd018d0dd015923e,elargir,0.25,False,10,False,True,0.250000,5.650,ok,2474924948
067bdd811e5fb2c4cd018d0dd015923e,elargir,0.25,True,10,False,True,0.250000,6.257,ok,2474924948
067bdd811e5fb2c4cd018d0dd015923e,elargir,0.5,False,10,False,True,0.500000,5.738,ok,4117344423
067bdd811e5fb2c4cd018d0dd015923e,elargir,0.5,True,10,False,True,0.500000,6.738,ok,4117344423
067bdd811e5fb2c4cd018d0dd015923e,elargir,1.0,False,10,False,False,,5.324,invariant_viole,4225865789
067bdd811e5fb2c4cd018d0dd015923e,elargir,1.0,True,10,False,True,1.712861,6.830,ok,4225865789
067bdd811e5fb2c4cd018d0dd015923e,retrecir,0.1,False,10,False,False,,8.098,invariant_viole,2098954308
067bdd811e5fb2c4cd018d0dd015923e,retrecir,0.1,True,10,False,True,0.100000,6.315,ok,2098954308
067bdd811e5fb2c4cd018d0dd015923e,retrecir,0.25,False,10,False,False,,5.226,invariant_viole,74548201
067bdd811e5fb2c4cd018d0dd015923e,retrecir,0.25,True,10,False,True,0.250000,6.725,ok,74548201
067bdd811e5fb2c4cd018d0dd015923e,retrecir,0.5,False,10,False,False,,9.066,invariant_viole,3735368300
067bdd811e5fb2c4cd018d0dd015923e,retrecir,0.5,True,10,False,True,0.500000,10.242,ok,3735368300
067bdd811e5fb2c4cd018d0dd015923e,retrecir,1.0,False,10,False,False,,9.607,invariant_viole,2428100821
067bdd811e5fb2c4cd018d0dd015923e,retrecir,1.0,True,10,False,True,1.000000,8.928,ok,2428100821
067bdd811e5fb2c4cd018d0dd015923e,aplatir,0.1,False,10,False,False,,8.178,invariant_viole,2980502643
067bdd811e5fb2c4cd018d0dd015923e,aplatir,0.1,True,10,False,True,0.100000,7.065,ok,2980502643
067bdd811e5fb2c4cd018d0dd015923e,aplatir,0.25,False,10,False,False,,5.357,invariant_viole,2524402529
067bdd811e5fb2c4cd018d0dd015923e,aplatir,0.25,True,10,False,True,0.250000,7.200,ok,2524402529
067bdd811e5fb2c4cd018d0dd015923e,aplatir,0.5,False,10,False,False,,5.615,invariant_viole,3005110239
067bdd811e5fb2c4cd018d0dd015923e,aplatir,0.5,True,10,False,True,0.500000,7.434,ok,3005110239
067bdd811e5fb2c4cd018d0dd015923e,aplatir,1.0,False,10,False,False,,5.473,invariant_viole,1732732465
067bdd811e5fb2c4cd018d0dd015923e,aplatir,1.0,True,10,False,True,1.000000,6.413,ok,1732732465
709f4ac41d594bef14ec038e0443add6,deplacer,0.1,False,10,False,True,0.100000,5.552,ok,2676691414
709f4ac41d594bef14ec038e0443add6,deplacer,0.1,True,10,False,True,0.100000,5.714,ok,2676691414
709f4ac41d594bef14ec038e0443add6,deplacer,0.25,False,10,False,False,,7.655,invariant_viole,220198841
709f4ac41d594bef14ec038e0443add6,deplacer,0.25,True,10,False,True,0.250000,6.664,ok,220198841
709f4ac41d594bef14ec038e0443add6,deplacer,0.5,False,10,False,False,,7.964,invariant_viole,3686969048
709f4ac41d594bef14ec038e0443add6,deplacer,0.5,True,10,False,True,0.500000,6.886,ok,3686969048
709f4ac41d594bef14ec038e0443add6,deplacer,1.0,False,10,False,False,,6.373,invariant_viole,1853161950
709f4ac41d594bef14ec038e0443add6,deplacer,1.0,True,10,False,True,1.748210,6.063,ok,1853161950
709f4ac41d594bef14ec038e0443add6,elargir,0.1,False,10,False,True,0.100000,6.186,ok,2408401500
709f4ac41d594bef14ec038e0443add6,elargir,0.1,True,10,False,True,0.100000,6.586,ok,2408401500
709f4ac41d594bef14ec038e0443add6,elargir,0.25,False,10,False,True,0.250000,6.306,ok,1395073654
709f4ac41d594bef14ec038e0443add6,elargir,0.25,True,10,False,True,0.250000,5.651,ok,1395073654
709f4ac41d594bef14ec038e0443add6,elargir,0.5,False,10,False,False,,5.924,invariant_viole,1611384125
709f4ac41d594bef14ec038e0443add6,elargir,0.5,True,10,False,False,,8.286,infaisable,1611384125
709f4ac41d594bef14ec038e0443add6,elargir,1.0,False,10,False,True,1.000000,5.799,ok,1522598425
709f4ac41d594bef14ec038e0443add6,elargir,1.0,True,10,False,True,1.000000,6.169,ok,1522598425
709f4ac41d594bef14ec038e0443add6,retrecir,0.1,False,10,False,False,,5.304,invariant_viole,4294189254
709f4ac41d594bef14ec038e0443add6,retrecir,0.1,True,10,False,True,0.100000,5.790,ok,4294189254
709f4ac41d594bef14ec038e0443add6,retrecir,0.25,False,10,False,False,,5.291,invariant_viole,3961685248
709f4ac41d594bef14ec038e0443add6,retrecir,0.25,True,10,False,True,0.250000,6.429,ok,3961685248
709f4ac41d594bef14ec038e0443add6,retrecir,0.5,False,10,False,False,,6.245,invariant_viole,1972534106
709f4ac41d594bef14ec038e0443add6,retrecir,0.5,True,10,False,True,0.500000,7.631,ok,1972534106
709f4ac41d594bef14ec038e0443add6,retrecir,1.0,False,10,False,False,,5.986,invariant_viole,1891118112
709f4ac41d594bef14ec038e0443add6,retrecir,1.0,True,10,False,True,1.000000,7.336,ok,1891118112
709f4ac41d594bef14ec038e0443add6,aplatir,0.1,False,10,False,False,,5.310,invariant_viole,3734234498
709f4ac41d594bef14ec038e0443add6,aplatir,0.1,True,10,False,True,0.100000,5.591,ok,3734234498
709f4ac41d594bef14ec038e0443add6,aplatir,0.25,False,10,False,False,,5.561,invariant_viole,1354343899
709f4ac41d594bef14ec038e0443add6,aplatir,0.25,True,10,False,True,0.250000,5.732,ok,1354343899
709f4ac41d594bef14ec038e0443add6,aplatir,0.5,False,10,False,False,,5.585,invariant_viole,1211417588
709f4ac41d594bef14ec038e0443add6,aplatir,0.5,True,10,False,True,0.500000,5.957,ok,1211417588
709f4ac41d594bef14ec038e0443add6,aplatir,1.0,False,10,False,False,,5.226,invariant_viole,3674818117
709f4ac41d594bef14ec038e0443add6,aplatir,1.0,True,10,False,True,1.000000,8.914,ok,3674818117
18c7959f2c28e7ce8734ae6cab58a6a7,deplacer,0.1,False,9,False,True,0.100000,5.183,ok,766213930
18c7959f2c28e7ce8734ae6cab58a6a7,deplacer,0.1,True,9,False,True,0.100000,7.848,ok,766213930
18c7959f2c28e7ce8734ae6cab58a6a7,deplacer,0.25,False,9,False,True,0.250000,6.571,ok,375829355
18c7959f2c28e7ce8734ae6cab58a6a7,deplacer,0.25,True,9,False,True,0.250000,7.480,ok,375829355
18c7959f2c28e7ce8734ae6cab58a6a7,deplacer,0.5,False,9,False,True,0.500000,4.898,ok,2507939858
18c7959f2c28e7ce8734ae6cab58a6a7,deplacer,0.5,True,9,False,True,0.500000,7.556,ok,2507939858
18c7959f2c28e7ce8734ae6cab58a6a7,deplacer,1.0,False,9,False,False,,5.140,invariant_viole,2433732635
18c7959f2c28e7ce8734ae6cab58a6a7,deplacer,1.0,True,9,False,True,1.214780,5.901,ok,2433732635
18c7959f2c28e7ce8734ae6cab58a6a7,elargir,0.1,False,9,False,True,0.100000,5.398,ok,1413499759
18c7959f2c28e7ce8734ae6cab58a6a7,elargir,0.1,True,9,False,True,0.100000,6.761,ok,1413499759
18c7959f2c28e7ce8734ae6cab58a6a7,elargir,0.25,False,9,False,True,0.250000,5.462,ok,3844368607
18c7959f2c28e7ce8734ae6cab58a6a7,elargir,0.25,True,9,False,True,0.250000,6.753,ok,3844368607
18c7959f2c28e7ce8734ae6cab58a6a7,elargir,0.5,False,9,False,True,0.500000,6.386,ok,3253368990
18c7959f2c28e7ce8734ae6cab58a6a7,elargir,0.5,True,9,False,True,0.500000,6.896,ok,3253368990
18c7959f2c28e7ce8734ae6cab58a6a7,elargir,1.0,False,9,False,True,1.000000,6.767,ok,2683299699
18c7959f2c28e7ce8734ae6cab58a6a7,elargir,1.0,True,9,False,True,1.000000,7.127,ok,2683299699
18c7959f2c28e7ce8734ae6cab58a6a7,retrecir,0.1,False,9,False,True,0.100000,6.014,ok,1970839505
18c7959f2c28e7ce8734ae6cab58a6a7,retrecir,0.1,True,9,False,True,0.100000,6.870,ok,1970839505
18c7959f2c28e7ce8734ae6cab58a6a7,retrecir,0.25,False,9,False,False,,4.644,invariant_viole,1144484558
18c7959f2c28e7ce8734ae6cab58a6a7,retrecir,0.25,True,9,False,True,0.250000,11.730,ok,1144484558
18c7959f2c28e7ce8734ae6cab58a6a7,retrecir,0.5,False,9,False,False,,6.411,invariant_viole,3492267886
18c7959f2c28e7ce8734ae6cab58a6a7,retrecir,0.5,True,9,False,True,0.500000,7.867,ok,3492267886
18c7959f2c28e7ce8734ae6cab58a6a7,retrecir,1.0,False,9,False,False,,6.850,invariant_viole,1401237383
18c7959f2c28e7ce8734ae6cab58a6a7,retrecir,1.0,True,9,False,True,1.000000,8.118,ok,1401237383
18c7959f2c28e7ce8734ae6cab58a6a7,aplatir,0.1,False,9,False,False,,6.404,invariant_viole,3290613956
18c7959f2c28e7ce8734ae6cab58a6a7,aplatir,0.1,True,9,False,True,0.100000,6.946,ok,3290613956
18c7959f2c28e7ce8734ae6cab58a6a7,aplatir,0.25,False,9,False,False,,5.876,invariant_viole,2111277338
18c7959f2c28e7ce8734ae6cab58a6a7,aplatir,0.25,True,9,False,True,0.250000,7.219,ok,2111277338
18c7959f2c28e7ce8734ae6cab58a6a7,aplatir,0.5,False,9,False,False,,4.941,invariant_viole,2436132780
18c7959f2c28e7ce8734ae6cab58a6a7,aplatir,0.5,True,9,False,True,0.500000,7.047,ok,2436132780
18c7959f2c28e7ce8734ae6cab58a6a7,aplatir,1.0,False,9,False,False,,4.847,invariant_viole,1873047945
18c7959f2c28e7ce8734ae6cab58a6a7,aplatir,1.0,True,9,False,True,1.000000,8.953,ok,1873047945
98da2fe398e52083dd74c134d893414d,deplacer,0.1,False,10,False,True,0.100000,5.833,ok,726701372
98da2fe398e52083dd74c134d893414d,deplacer,0.1,True,10,False,True,0.100000,7.959,ok,726701372
98da2fe398e52083dd74c134d893414d,deplacer,0.25,False,10,False,True,0.250000,7.726,ok,4101951406
98da2fe398e52083dd74c134d893414d,deplacer,0.25,True,10,False,True,0.250000,7.109,ok,4101951406
98da2fe398e52083dd74c134d893414d,deplacer,0.5,False,10,False,True,0.500000,7.509,ok,1631695023
98da2fe398e52083dd74c134d893414d,deplacer,0.5,True,10,False,True,0.500000,7.279,ok,1631695023
98da2fe398e52083dd74c134d893414d,deplacer,1.0,False,10,False,True,1.000000,8.039,ok,52736952
98da2fe398e52083dd74c134d893414d,deplacer,1.0,True,10,False,True,1.000000,6.612,ok,52736952
98da2fe398e52083dd74c134d893414d,elargir,0.1,False,10,False,True,0.100000,6.035,ok,4018655876
98da2fe398e52083dd74c134d893414d,elargir,0.1,True,10,False,True,0.100000,7.893,ok,4018655876
98da2fe398e52083dd74c134d893414d,elargir,0.25,False,10,False,True,0.250000,5.628,ok,1577290908
98da2fe398e52083dd74c134d893414d,elargir,0.25,True,10,False,True,0.250000,6.245,ok,1577290908
98da2fe398e52083dd74c134d893414d,elargir,0.5,False,10,False,True,0.500000,5.717,ok,4043322716
98da2fe398e52083dd74c134d893414d,elargir,0.5,True,10,False,True,0.500000,9.144,ok,4043322716
98da2fe398e52083dd74c134d893414d,elargir,1.0,False,10,False,True,1.000000,7.599,ok,1257803404
98da2fe398e52083dd74c134d893414d,elargir,1.0,True,10,False,True,1.000000,5.904,ok,1257803404
98da2fe398e52083dd74c134d893414d,retrecir,0.1,False,10,False,False,,6.884,invariant_viole,1837961692
98da2fe398e52083dd74c134d893414d,retrecir,0.1,True,10,False,True,0.100000,7.922,ok,1837961692
98da2fe398e52083dd74c134d893414d,retrecir,0.25,False,10,False,False,,5.430,invariant_viole,3277154403
98da2fe398e52083dd74c134d893414d,retrecir,0.25,True,10,False,True,0.250000,6.030,ok,3277154403
98da2fe398e52083dd74c134d893414d,retrecir,0.5,False,10,False,False,,5.339,invariant_viole,3276641993
98da2fe398e52083dd74c134d893414d,retrecir,0.5,True,10,False,True,0.500000,5.715,ok,3276641993
98da2fe398e52083dd74c134d893414d,retrecir,1.0,False,10,False,False,,5.595,invariant_viole,2734114545
98da2fe398e52083dd74c134d893414d,retrecir,1.0,True,10,False,True,1.000000,5.833,ok,2734114545
98da2fe398e52083dd74c134d893414d,aplatir,0.1,False,10,False,False,,6.873,invariant_viole,322964104
98da2fe398e52083dd74c134d893414d,aplatir,0.1,True,10,False,True,0.100000,6.751,ok,322964104
98da2fe398e52083dd74c134d893414d,aplatir,0.25,False,10,False,False,,7.979,invariant_viole,3921379031
98da2fe398e52083dd74c134d893414d,aplatir,0.25,True,10,False,True,0.250000,8.202,ok,3921379031
98da2fe398e52083dd74c134d893414d,aplatir,0.5,False,10,False,True,0.500000,5.794,ok,1092515511
98da2fe398e52083dd74c134d893414d,aplatir,0.5,True,10,False,True,0.500000,5.555,ok,1092515511
98da2fe398e52083dd74c134d893414d,aplatir,1.0,False,10,False,False,,6.177,invariant_viole,2316862058
98da2fe398e52083dd74c134d893414d,aplatir,1.0,True,10,False,True,1.000000,5.893,ok,2316862058
0a1693417e452f68fafcb9a0b561e63d,deplacer,0.1,False,9,False,True,0.100000,5.675,ok,2011773719
0a1693417e452f68fafcb9a0b561e63d,deplacer,0.1,True,9,False,True,0.100000,6.347,ok,2011773719
0a1693417e452f68fafcb9a0b561e63d,deplacer,0.25,False,9,False,True,0.250000,5.400,ok,1013411200
0a1693417e452f68fafcb9a0b561e63d,deplacer,0.25,True,9,False,True,0.250000,5.331,ok,1013411200
0a1693417e452f68fafcb9a0b561e63d,deplacer,0.5,False,9,False,False,,4.982,invariant_viole,511064502
0a1693417e452f68fafcb9a0b561e63d,deplacer,0.5,True,9,False,True,1.748099,6.035,ok,511064502
0a1693417e452f68fafcb9a0b561e63d,deplacer,1.0,False,9,False,True,1.000000,6.955,ok,287981024
0a1693417e452f68fafcb9a0b561e63d,deplacer,1.0,True,9,False,True,1.000000,5.577,ok,287981024
0a1693417e452f68fafcb9a0b561e63d,elargir,0.1,False,9,False,True,0.100000,5.019,ok,4152851016
0a1693417e452f68fafcb9a0b561e63d,elargir,0.1,True,9,False,True,0.100000,5.253,ok,4152851016
0a1693417e452f68fafcb9a0b561e63d,elargir,0.25,False,9,False,False,,4.779,invariant_viole,1691406731
0a1693417e452f68fafcb9a0b561e63d,elargir,0.25,True,9,False,True,0.250000,6.081,ok,1691406731
0a1693417e452f68fafcb9a0b561e63d,elargir,0.5,False,9,False,False,,4.947,invariant_viole,2397701867
0a1693417e452f68fafcb9a0b561e63d,elargir,0.5,True,9,False,True,1.748099,7.232,ok,2397701867
0a1693417e452f68fafcb9a0b561e63d,elargir,1.0,False,9,False,True,1.000000,9.467,ok,1992730685
0a1693417e452f68fafcb9a0b561e63d,elargir,1.0,True,9,False,True,1.000000,8.195,ok,1992730685
0a1693417e452f68fafcb9a0b561e63d,retrecir,0.1,False,9,False,False,,5.414,invariant_viole,3026275546
0a1693417e452f68fafcb9a0b561e63d,retrecir,0.1,True,9,False,True,0.100000,5.725,ok,3026275546
0a1693417e452f68fafcb9a0b561e63d,retrecir,0.25,False,9,False,False,,5.163,invariant_viole,2790880898
0a1693417e452f68fafcb9a0b561e63d,retrecir,0.25,True,9,False,True,0.250000,6.328,ok,2790880898
0a1693417e452f68fafcb9a0b561e63d,retrecir,0.5,False,9,False,False,,6.028,invariant_viole,320989783
0a1693417e452f68fafcb9a0b561e63d,retrecir,0.5,True,9,False,True,0.500000,5.493,ok,320989783
0a1693417e452f68fafcb9a0b561e63d,retrecir,1.0,False,9,False,True,1.000000,7.454,ok,3396860533
0a1693417e452f68fafcb9a0b561e63d,retrecir,1.0,True,9,False,True,1.000000,5.317,ok,3396860533
0a1693417e452f68fafcb9a0b561e63d,aplatir,0.1,False,9,False,True,0.100000,8.749,ok,3086971755
0a1693417e452f68fafcb9a0b561e63d,aplatir,0.1,True,9,False,True,0.100000,5.429,ok,3086971755
0a1693417e452f68fafcb9a0b561e63d,aplatir,0.25,False,9,False,False,,5.446,invariant_viole,3856056442
0a1693417e452f68fafcb9a0b561e63d,aplatir,0.25,True,9,False,True,0.250000,6.072,ok,3856056442
0a1693417e452f68fafcb9a0b561e63d,aplatir,0.5,False,9,False,False,,6.639,invariant_viole,3746286791
0a1693417e452f68fafcb9a0b561e63d,aplatir,0.5,True,9,False,True,0.500000,6.409,ok,3746286791
0a1693417e452f68fafcb9a0b561e63d,aplatir,1.0,False,9,False,False,,4.824,invariant_viole,843915526
0a1693417e452f68fafcb9a0b561e63d,aplatir,1.0,True,9,False,True,1.000000,6.804,ok,843915526
ac5699da61f187722ccbda711824d79b,deplacer,0.1,False,9,False,True,0.100000,5.216,ok,2137079859
ac5699da61f187722ccbda711824d79b,deplacer,0.1,True,9,False,True,0.100000,7.270,ok,2137079859
ac5699da61f187722ccbda711824d79b,deplacer,0.25,False,9,False,True,0.250000,4.912,ok,1332431855
ac5699da61f187722ccbda711824d79b,deplacer,0.25,True,9,False,True,0.250000,5.471,ok,1332431855
ac5699da61f187722ccbda711824d79b,deplacer,0.5,False,9,False,True,0.500000,6.364,ok,803197837
ac5699da61f187722ccbda711824d79b,deplacer,0.5,True,9,False,True,0.500000,5.897,ok,803197837
ac5699da61f187722ccbda711824d79b,deplacer,1.0,False,9,False,True,1.000000,8.492,ok,592347758
ac5699da61f187722ccbda711824d79b,deplacer,1.0,True,9,False,True,1.000000,5.598,ok,592347758
ac5699da61f187722ccbda711824d79b,elargir,0.1,False,9,False,True,0.100000,5.286,ok,3854069011
ac5699da61f187722ccbda711824d79b,elargir,0.1,True,9,False,True,0.100000,6.161,ok,3854069011
ac5699da61f187722ccbda711824d79b,elargir,0.25,False,9,False,True,0.250000,5.988,ok,418854731
ac5699da61f187722ccbda711824d79b,elargir,0.25,True,9,False,True,0.250000,7.235,ok,418854731
ac5699da61f187722ccbda711824d79b,elargir,0.5,False,9,False,True,0.500000,5.865,ok,1971009191
ac5699da61f187722ccbda711824d79b,elargir,0.5,True,9,False,True,0.500000,5.655,ok,1971009191
ac5699da61f187722ccbda711824d79b,elargir,1.0,False,9,False,True,1.000000,4.711,ok,458153366
ac5699da61f187722ccbda711824d79b,elargir,1.0,True,9,False,True,1.000000,7.490,ok,458153366
ac5699da61f187722ccbda711824d79b,retrecir,0.1,False,9,False,False,,4.733,invariant_viole,1308635191
ac5699da61f187722ccbda711824d79b,retrecir,0.1,True,9,False,True,0.100000,5.340,ok,1308635191
ac5699da61f187722ccbda711824d79b,retrecir,0.25,False,9,False,False,,4.615,invariant_viole,3729587370
ac5699da61f187722ccbda711824d79b,retrecir,0.25,True,9,False,True,0.250000,5.396,ok,3729587370
ac5699da61f187722ccbda711824d79b,retrecir,0.5,False,9,False,False,,4.882,invariant_viole,3698380829
ac5699da61f187722ccbda711824d79b,retrecir,0.5,True,9,False,True,0.500000,5.192,ok,3698380829
ac5699da61f187722ccbda711824d79b,retrecir,1.0,False,9,False,False,,4.688,invariant_viole,2222962442
ac5699da61f187722ccbda711824d79b,retrecir,1.0,True,9,False,True,1.000000,5.527,ok,2222962442
ac5699da61f187722ccbda711824d79b,aplatir,0.1,False,9,False,False,,4.924,invariant_viole,4101745067
ac5699da61f187722ccbda711824d79b,aplatir,0.1,True,9,False,True,0.100000,5.139,ok,4101745067
ac5699da61f187722ccbda711824d79b,aplatir,0.25,False,9,False,False,,4.942,invariant_viole,318724786
ac5699da61f187722ccbda711824d79b,aplatir,0.25,True,9,False,True,0.250000,5.283,ok,318724786
ac5699da61f187722ccbda711824d79b,aplatir,0.5,False,9,False,False,,5.043,invariant_viole,2417634679
ac5699da61f187722ccbda711824d79b,aplatir,0.5,True,9,False,True,0.500000,5.912,ok,2417634679
ac5699da61f187722ccbda711824d79b,aplatir,1.0,False,9,False,False,,5.002,invariant_viole,2669901002
ac5699da61f187722ccbda711824d79b,aplatir,1.0,True,9,False,True,1.000000,7.882,ok,2669901002
770631eb2d75c0fc730167e058523dd1,deplacer,0.1,False,10,False,True,0.100000,5.984,ok,3553839585
770631eb2d75c0fc730167e058523dd1,deplacer,0.1,True,10,False,True,0.100000,6.758,ok,3553839585
770631eb2d75c0fc730167e058523dd1,deplacer,0.25,False,10,False,False,,5.150,invariant_viole,1435368996
770631eb2d75c0fc730167e058523dd1,deplacer,0.25,True,10,False,True,0.250000,6.103,ok,1435368996
770631eb2d75c0fc730167e058523dd1,deplacer,0.5,False,10,False,False,,5.558,invariant_viole,1241113223
770631eb2d75c0fc730167e058523dd1,deplacer,0.5,True,10,False,True,1.720386,5.795,ok,1241113223
770631eb2d75c0fc730167e058523dd1,deplacer,1.0,False,10,False,False,,5.852,invariant_viole,1774858457
770631eb2d75c0fc730167e058523dd1,deplacer,1.0,True,10,False,True,1.000000,6.636,ok,1774858457
770631eb2d75c0fc730167e058523dd1,elargir,0.1,False,10,False,True,0.100000,6.884,ok,1698253185
770631eb2d75c0fc730167e058523dd1,elargir,0.1,True,10,False,True,0.100000,6.177,ok,1698253185
770631eb2d75c0fc730167e058523dd1,elargir,0.25,False,10,False,True,0.250000,9.085,ok,2451604595
770631eb2d75c0fc730167e058523dd1,elargir,0.25,True,10,False,True,0.250000,6.442,ok,2451604595
770631eb2d75c0fc730167e058523dd1,elargir,0.5,False,10,False,True,0.500000,9.361,ok,3103786052
770631eb2d75c0fc730167e058523dd1,elargir,0.5,True,10,False,True,0.500000,5.994,ok,3103786052
770631eb2d75c0fc730167e058523dd1,elargir,1.0,False,10,False,True,1.000000,7.923,ok,2551939952
770631eb2d75c0fc730167e058523dd1,elargir,1.0,True,10,False,True,1.000000,6.343,ok,2551939952
770631eb2d75c0fc730167e058523dd1,retrecir,0.1,False,10,False,False,,5.276,invariant_viole,531252867
770631eb2d75c0fc730167e058523dd1,retrecir,0.1,True,10,False,True,0.100000,6.175,ok,531252867
770631eb2d75c0fc730167e058523dd1,retrecir,0.25,False,10,False,False,,7.146,invariant_viole,1433714310
770631eb2d75c0fc730167e058523dd1,retrecir,0.25,True,10,False,True,0.250000,6.451,ok,1433714310
770631eb2d75c0fc730167e058523dd1,retrecir,0.5,False,10,False,False,,6.337,invariant_viole,1166134225
770631eb2d75c0fc730167e058523dd1,retrecir,0.5,True,10,False,True,0.500000,6.203,ok,1166134225
770631eb2d75c0fc730167e058523dd1,retrecir,1.0,False,10,False,False,,5.443,invariant_viole,707498360
770631eb2d75c0fc730167e058523dd1,retrecir,1.0,True,10,False,True,1.000000,8.131,ok,707498360
770631eb2d75c0fc730167e058523dd1,aplatir,0.1,False,10,False,False,,5.579,invariant_viole,3883316315
770631eb2d75c0fc730167e058523dd1,aplatir,0.1,True,10,False,True,0.100000,6.311,ok,3883316315
770631eb2d75c0fc730167e058523dd1,aplatir,0.25,False,10,False,False,,5.095,invariant_viole,2424200035
770631eb2d75c0fc730167e058523dd1,aplatir,0.25,True,10,False,True,0.250000,8.082,ok,2424200035
770631eb2d75c0fc730167e058523dd1,aplatir,0.5,False,10,False,False,,5.273,invariant_viole,2518354367
770631eb2d75c0fc730167e058523dd1,aplatir,0.5,True,10,False,True,0.500000,6.214,ok,2518354367
770631eb2d75c0fc730167e058523dd1,aplatir,1.0,False,10,False,False,,5.244,invariant_viole,2173170120
770631eb2d75c0fc730167e058523dd1,aplatir,1.0,True,10,False,True,1.720386,8.591,ok,2173170120
24bdfe17a7f048b93985d2dc2e2bb6d4,deplacer,0.1,False,9,False,False,,4.914,invariant_viole,3148583278
24bdfe17a7f048b93985d2dc2e2bb6d4,deplacer,0.1,True,9,False,True,0.100000,5.392,ok,3148583278
24bdfe17a7f048b93985d2dc2e2bb6d4,deplacer,0.25,False,9,False,True,0.250000,5.357,ok,147491130
24bdfe17a7f048b93985d2dc2e2bb6d4,deplacer,0.25,True,9,False,True,0.250000,5.434,ok,147491130
24bdfe17a7f048b93985d2dc2e2bb6d4,deplacer,0.5,False,9,False,True,0.500000,4.657,ok,2871070536
24bdfe17a7f048b93985d2dc2e2bb6d4,deplacer,0.5,True,9,False,True,0.500000,7.180,ok,2871070536
24bdfe17a7f048b93985d2dc2e2bb6d4,deplacer,1.0,False,9,False,True,1.000000,5.314,ok,1859566591
24bdfe17a7f048b93985d2dc2e2bb6d4,deplacer,1.0,True,9,False,True,1.748099,7.894,ok,1859566591
24bdfe17a7f048b93985d2dc2e2bb6d4,elargir,0.1,False,9,False,True,0.100000,5.566,ok,1259523167
24bdfe17a7f048b93985d2dc2e2bb6d4,elargir,0.1,True,9,False,True,0.100000,5.618,ok,1259523167
24bdfe17a7f048b93985d2dc2e2bb6d4,elargir,0.25,False,9,False,True,0.250000,6.271,ok,403322692
24bdfe17a7f048b93985d2dc2e2bb6d4,elargir,0.25,True,9,False,True,0.250000,5.302,ok,403322692
24bdfe17a7f048b93985d2dc2e2bb6d4,elargir,0.5,False,9,False,False,,4.813,invariant_viole,955569964
24bdfe17a7f048b93985d2dc2e2bb6d4,elargir,0.5,True,9,False,True,1.748099,6.083,ok,955569964
24bdfe17a7f048b93985d2dc2e2bb6d4,elargir,1.0,False,9,False,True,1.000000,5.429,ok,772414280
24bdfe17a7f048b93985d2dc2e2bb6d4,elargir,1.0,True,9,False,True,1.000000,5.221,ok,772414280
24bdfe17a7f048b93985d2dc2e2bb6d4,retrecir,0.1,False,9,False,False,,4.593,invariant_viole,3242688668
24bdfe17a7f048b93985d2dc2e2bb6d4,retrecir,0.1,True,9,False,True,0.100000,5.466,ok,3242688668
24bdfe17a7f048b93985d2dc2e2bb6d4,retrecir,0.25,False,9,False,True,0.250000,4.476,ok,2994636751
24bdfe17a7f048b93985d2dc2e2bb6d4,retrecir,0.25,True,9,False,True,0.250000,5.217,ok,2994636751
24bdfe17a7f048b93985d2dc2e2bb6d4,retrecir,0.5,False,9,False,True,0.500000,4.541,ok,3968392789
24bdfe17a7f048b93985d2dc2e2bb6d4,retrecir,0.5,True,9,False,True,0.500000,4.928,ok,3968392789
24bdfe17a7f048b93985d2dc2e2bb6d4,retrecir,1.0,False,9,False,True,1.000000,4.695,ok,866992225
24bdfe17a7f048b93985d2dc2e2bb6d4,retrecir,1.0,True,9,False,True,1.000000,4.957,ok,866992225
24bdfe17a7f048b93985d2dc2e2bb6d4,aplatir,0.1,False,9,False,False,,4.504,invariant_viole,399417404
24bdfe17a7f048b93985d2dc2e2bb6d4,aplatir,0.1,True,9,False,True,0.100000,5.029,ok,399417404
24bdfe17a7f048b93985d2dc2e2bb6d4,aplatir,0.25,False,9,False,False,,4.563,invariant_viole,3332449184
24bdfe17a7f048b93985d2dc2e2bb6d4,aplatir,0.25,True,9,False,True,0.250000,4.909,ok,3332449184
24bdfe17a7f048b93985d2dc2e2bb6d4,aplatir,0.5,False,9,False,True,0.500000,5.626,ok,1310709902
24bdfe17a7f048b93985d2dc2e2bb6d4,aplatir,0.5,True,9,False,True,0.500000,4.834,ok,1310709902
24bdfe17a7f048b93985d2dc2e2bb6d4,aplatir,1.0,False,9,False,False,,4.551,invariant_viole,4044031587
24bdfe17a7f048b93985d2dc2e2bb6d4,aplatir,1.0,True,9,False,True,1.000000,5.762,ok,4044031587
5f261d38879e9fb1e529cc7b0a031127,deplacer,0.1,False,11,False,False,,6.047,invariant_viole,2735403823
5f261d38879e9fb1e529cc7b0a031127,deplacer,0.1,True,11,False,True,0.100000,10.202,ok,2735403823
5f261d38879e9fb1e529cc7b0a031127,deplacer,0.25,False,11,False,True,0.250000,10.532,ok,359541382
5f261d38879e9fb1e529cc7b0a031127,deplacer,0.25,True,11,False,True,0.250000,7.531,ok,359541382
5f261d38879e9fb1e529cc7b0a031127,deplacer,0.5,False,11,False,True,0.500000,6.599,ok,837843686
5f261d38879e9fb1e529cc7b0a031127,deplacer,0.5,True,11,False,True,0.500000,6.749,ok,837843686
5f261d38879e9fb1e529cc7b0a031127,deplacer,1.0,False,11,False,True,1.000000,8.080,ok,521128464
5f261d38879e9fb1e529cc7b0a031127,deplacer,1.0,True,11,False,True,1.000000,7.456,ok,521128464
5f261d38879e9fb1e529cc7b0a031127,elargir,0.1,False,11,False,False,,5.933,invariant_viole,3645863210
5f261d38879e9fb1e529cc7b0a031127,elargir,0.1,True,11,False,True,0.100000,6.663,ok,3645863210
5f261d38879e9fb1e529cc7b0a031127,elargir,0.25,False,11,False,False,,7.438,invariant_viole,974696849
5f261d38879e9fb1e529cc7b0a031127,elargir,0.25,True,11,False,True,0.250000,6.715,ok,974696849
5f261d38879e9fb1e529cc7b0a031127,elargir,0.5,False,11,False,True,0.500000,8.637,ok,1387978451
5f261d38879e9fb1e529cc7b0a031127,elargir,0.5,True,11,False,True,0.500000,12.499,ok,1387978451
5f261d38879e9fb1e529cc7b0a031127,elargir,1.0,False,11,False,True,1.000000,12.185,ok,2291099285
5f261d38879e9fb1e529cc7b0a031127,elargir,1.0,True,11,False,True,1.000000,9.815,ok,2291099285
5f261d38879e9fb1e529cc7b0a031127,retrecir,0.1,False,11,False,False,,7.715,invariant_viole,2197143817
5f261d38879e9fb1e529cc7b0a031127,retrecir,0.1,True,11,False,True,0.100000,8.501,ok,2197143817
5f261d38879e9fb1e529cc7b0a031127,retrecir,0.25,False,11,False,False,,6.040,invariant_viole,4220982690
5f261d38879e9fb1e529cc7b0a031127,retrecir,0.25,True,11,False,True,0.250000,7.613,ok,4220982690
5f261d38879e9fb1e529cc7b0a031127,retrecir,0.5,False,11,False,False,,5.932,invariant_viole,3318260904
5f261d38879e9fb1e529cc7b0a031127,retrecir,0.5,True,11,False,True,0.500000,7.116,ok,3318260904
5f261d38879e9fb1e529cc7b0a031127,retrecir,1.0,False,11,False,False,,5.814,invariant_viole,451249440
5f261d38879e9fb1e529cc7b0a031127,retrecir,1.0,True,11,False,True,0.918186,8.658,ok,451249440
5f261d38879e9fb1e529cc7b0a031127,aplatir,0.1,False,11,False,False,,7.808,invariant_viole,3859937152
5f261d38879e9fb1e529cc7b0a031127,aplatir,0.1,True,11,False,True,0.100000,7.506,ok,3859937152
5f261d38879e9fb1e529cc7b0a031127,aplatir,0.25,False,11,False,False,,6.130,invariant_viole,3670551950
5f261d38879e9fb1e529cc7b0a031127,aplatir,0.25,True,11,False,True,0.250000,7.122,ok,3670551950
5f261d38879e9fb1e529cc7b0a031127,aplatir,0.5,False,11,False,False,,6.001,invariant_viole,3406605137
5f261d38879e9fb1e529cc7b0a031127,aplatir,0.5,True,11,False,True,0.500000,7.015,ok,3406605137
5f261d38879e9fb1e529cc7b0a031127,aplatir,1.0,False,11,False,False,,5.958,invariant_viole,4259684059
5f261d38879e9fb1e529cc7b0a031127,aplatir,1.0,True,11,False,True,1.000000,7.254,ok,4259684059
e41eadc745a52817a83fa87ec314fffa,deplacer,0.1,False,11,False,False,,6.927,invariant_viole,1546029427
e41eadc745a52817a83fa87ec314fffa,deplacer,0.1,True,11,False,True,0.100000,9.890,ok,1546029427
e41eadc745a52817a83fa87ec314fffa,deplacer,0.25,False,11,False,True,0.250000,6.506,ok,1974135662
e41eadc745a52817a83fa87ec314fffa,deplacer,0.25,True,11,False,True,0.250000,8.549,ok,1974135662
e41eadc745a52817a83fa87ec314fffa,deplacer,0.5,False,11,False,False,,6.471,invariant_viole,3542425819
e41eadc745a52817a83fa87ec314fffa,deplacer,0.5,True,11,False,False,,10.791,infaisable,3542425819
e41eadc745a52817a83fa87ec314fffa,deplacer,1.0,False,11,False,True,1.000000,10.788,ok,754201004
e41eadc745a52817a83fa87ec314fffa,deplacer,1.0,True,11,False,True,1.000000,11.824,ok,754201004
e41eadc745a52817a83fa87ec314fffa,elargir,0.1,False,11,False,True,0.100000,9.204,ok,2186240167
e41eadc745a52817a83fa87ec314fffa,elargir,0.1,True,11,False,True,0.100000,8.748,ok,2186240167
e41eadc745a52817a83fa87ec314fffa,elargir,0.25,False,11,False,True,0.250000,7.603,ok,191867421
e41eadc745a52817a83fa87ec314fffa,elargir,0.25,True,11,False,True,0.250000,8.363,ok,191867421
e41eadc745a52817a83fa87ec314fffa,elargir,0.5,False,11,False,False,,7.008,invariant_viole,2399466953
e41eadc745a52817a83fa87ec314fffa,elargir,0.5,True,11,False,True,0.500000,9.157,ok,2399466953
e41eadc745a52817a83fa87ec314fffa,elargir,1.0,False,11,False,True,1.000000,8.205,ok,810592266
e41eadc745a52817a83fa87ec314fffa,elargir,1.0,True,11,False,True,1.000000,9.625,ok,810592266
e41eadc745a52817a83fa87ec314fffa,retrecir,0.1,False,11,False,False,,6.349,invariant_viole,4141947412
e41eadc745a52817a83fa87ec314fffa,retrecir,0.1,True,11,False,True,0.100000,8.801,ok,4141947412
e41eadc745a52817a83fa87ec314fffa,retrecir,0.25,False,11,False,False,,6.538,invariant_viole,3952111925
e41eadc745a52817a83fa87ec314fffa,retrecir,0.25,True,11,False,True,0.250000,9.087,ok,3952111925
e41eadc745a52817a83fa87ec314fffa,retrecir,0.5,False,11,False,False,,9.843,invariant_viole,3692832967
e41eadc745a52817a83fa87ec314fffa,retrecir,0.5,True,11,False,True,0.500000,8.712,ok,3692832967
e41eadc745a52817a83fa87ec314fffa,retrecir,1.0,False,11,False,True,1.000000,9.601,ok,2699424583
e41eadc745a52817a83fa87ec314fffa,retrecir,1.0,True,11,False,True,1.000000,9.076,ok,2699424583
e41eadc745a52817a83fa87ec314fffa,aplatir,0.1,False,11,False,True,0.100000,8.969,ok,3130807728
e41eadc745a52817a83fa87ec314fffa,aplatir,0.1,True,11,False,True,0.100000,9.789,ok,3130807728
e41eadc745a52817a83fa87ec314fffa,aplatir,0.25,False,11,False,True,0.250000,8.257,ok,1439572605
e41eadc745a52817a83fa87ec314fffa,aplatir,0.25,True,11,False,True,0.250000,8.690,ok,1439572605
e41eadc745a52817a83fa87ec314fffa,aplatir,0.5,False,11,False,False,,8.172,invariant_viole,2833609829
e41eadc745a52817a83fa87ec314fffa,aplatir,0.5,True,11,False,True,0.500000,12.359,ok,2833609829
e41eadc745a52817a83fa87ec314fffa,aplatir,1.0,False,11,False,False,,6.456,invariant_viole,1149905223
e41eadc745a52817a83fa87ec314fffa,aplatir,1.0,True,11,False,True,1.000000,8.821,ok,1149905223
e4908778d87f210435a07815a56c0498,deplacer,0.1,False,10,False,False,,5.912,invariant_viole,1528428928
e4908778d87f210435a07815a56c0498,deplacer,0.1,True,10,False,True,0.100000,6.311,ok,1528428928
e4908778d87f210435a07815a56c0498,deplacer,0.25,False,10,False,True,0.250000,6.211,ok,3100046183
e4908778d87f210435a07815a56c0498,deplacer,0.25,True,10,False,True,0.250000,6.457,ok,3100046183
e4908778d87f210435a07815a56c0498,deplacer,0.5,False,10,False,False,,5.538,invariant_viole,2107347688
e4908778d87f210435a07815a56c0498,deplacer,0.5,True,10,False,True,0.500000,6.632,ok,2107347688
e4908778d87f210435a07815a56c0498,deplacer,1.0,False,10,False,False,,8.568,invariant_viole,1841722208
e4908778d87f210435a07815a56c0498,deplacer,1.0,True,10,False,False,,7.594,infaisable,1841722208
e4908778d87f210435a07815a56c0498,elargir,0.1,False,10,False,False,,5.465,invariant_viole,2427126512
e4908778d87f210435a07815a56c0498,elargir,0.1,True,10,False,True,0.100000,6.236,ok,2427126512
e4908778d87f210435a07815a56c0498,elargir,0.25,False,10,False,True,0.250000,7.377,ok,1375122388
e4908778d87f210435a07815a56c0498,elargir,0.25,True,10,False,True,0.250000,6.355,ok,1375122388
e4908778d87f210435a07815a56c0498,elargir,0.5,False,10,False,True,0.500000,5.983,ok,3815850785
e4908778d87f210435a07815a56c0498,elargir,0.5,True,10,False,True,0.500000,6.172,ok,3815850785
e4908778d87f210435a07815a56c0498,elargir,1.0,False,10,False,True,1.000000,6.442,ok,725879847
e4908778d87f210435a07815a56c0498,elargir,1.0,True,10,False,True,1.000000,6.395,ok,725879847
e4908778d87f210435a07815a56c0498,retrecir,0.1,False,10,False,True,0.100000,5.726,ok,565957250
e4908778d87f210435a07815a56c0498,retrecir,0.1,True,10,False,True,0.100000,6.129,ok,565957250
e4908778d87f210435a07815a56c0498,retrecir,0.25,False,10,False,False,,5.341,invariant_viole,2858985421
e4908778d87f210435a07815a56c0498,retrecir,0.25,True,10,False,True,0.250000,7.627,ok,2858985421
e4908778d87f210435a07815a56c0498,retrecir,0.5,False,10,False,False,,5.542,invariant_viole,4174413650
e4908778d87f210435a07815a56c0498,retrecir,0.5,True,10,False,True,0.500000,7.073,ok,4174413650
e4908778d87f210435a07815a56c0498,retrecir,1.0,False,10,False,False,,6.033,invariant_viole,1130639197
e4908778d87f210435a07815a56c0498,retrecir,1.0,True,10,False,True,1.129470,8.709,ok,1130639197
e4908778d87f210435a07815a56c0498,aplatir,0.1,False,10,False,False,,5.563,invariant_viole,2734039324
e4908778d87f210435a07815a56c0498,aplatir,0.1,True,10,False,True,0.100000,6.551,ok,2734039324
e4908778d87f210435a07815a56c0498,aplatir,0.25,False,10,False,False,,5.461,invariant_viole,2364677754
e4908778d87f210435a07815a56c0498,aplatir,0.25,True,10,False,True,0.250000,7.651,ok,2364677754
e4908778d87f210435a07815a56c0498,aplatir,0.5,False,10,False,False,,8.203,invariant_viole,2824635250
e4908778d87f210435a07815a56c0498,aplatir,0.5,True,10,False,True,0.500000,7.161,ok,2824635250
e4908778d87f210435a07815a56c0498,aplatir,1.0,False,10,False,False,,7.798,invariant_viole,2608615099
e4908778d87f210435a07815a56c0498,aplatir,1.0,True,10,False,True,1.000000,7.214,ok,2608615099
a1bd524a028198e94eee663951bacf6a,deplacer,0.1,False,8,False,False,,4.944,invariant_viole,81799914
a1bd524a028198e94eee663951bacf6a,deplacer,0.1,True,8,False,False,,8.375,infaisable,81799914
a1bd524a028198e94eee663951bacf6a,deplacer,0.25,False,8,False,True,0.250000,4.442,ok,4132599438
a1bd524a028198e94eee663951bacf6a,deplacer,0.25,True,8,False,True,0.250000,4.476,ok,4132599438
a1bd524a028198e94eee663951bacf6a,deplacer,0.5,False,8,False,True,0.500000,4.636,ok,2681121867
a1bd524a028198e94eee663951bacf6a,deplacer,0.5,True,8,False,True,0.500000,4.873,ok,2681121867
a1bd524a028198e94eee663951bacf6a,deplacer,1.0,False,8,False,True,1.000000,4.233,ok,1948156117
a1bd524a028198e94eee663951bacf6a,deplacer,1.0,True,8,False,True,1.000000,4.460,ok,1948156117
a1bd524a028198e94eee663951bacf6a,elargir,0.1,False,8,False,False,,4.806,invariant_viole,218945167
a1bd524a028198e94eee663951bacf6a,elargir,0.1,True,8,False,True,0.100000,4.366,ok,218945167
a1bd524a028198e94eee663951bacf6a,elargir,0.25,False,8,False,True,0.250000,5.077,ok,2161256631
a1bd524a028198e94eee663951bacf6a,elargir,0.25,True,8,False,True,0.250000,5.126,ok,2161256631
a1bd524a028198e94eee663951bacf6a,elargir,0.5,False,8,False,False,,4.649,invariant_viole,3516762018
a1bd524a028198e94eee663951bacf6a,elargir,0.5,True,8,False,True,0.500000,4.934,ok,3516762018
a1bd524a028198e94eee663951bacf6a,elargir,1.0,False,8,False,False,,4.435,invariant_viole,994554872
a1bd524a028198e94eee663951bacf6a,elargir,1.0,True,8,False,False,,6.730,infaisable,994554872
a1bd524a028198e94eee663951bacf6a,retrecir,0.1,False,8,False,False,,4.243,invariant_viole,2292964385
a1bd524a028198e94eee663951bacf6a,retrecir,0.1,True,8,False,True,0.100000,4.458,ok,2292964385
a1bd524a028198e94eee663951bacf6a,retrecir,0.25,False,8,False,False,,4.530,invariant_viole,2722539022
a1bd524a028198e94eee663951bacf6a,retrecir,0.25,True,8,False,True,0.250000,4.493,ok,2722539022
a1bd524a028198e94eee663951bacf6a,retrecir,0.5,False,8,False,False,,4.255,invariant_viole,377614844
a1bd524a028198e94eee663951bacf6a,retrecir,0.5,True,8,False,True,0.500000,4.421,ok,377614844
a1bd524a028198e94eee663951bacf6a,retrecir,1.0,False,8,False,False,,4.273,invariant_viole,144966309
a1bd524a028198e94eee663951bacf6a,retrecir,1.0,True,8,False,True,1.000000,4.601,ok,144966309
a1bd524a028198e94eee663951bacf6a,aplatir,0.1,False,8,False,False,,4.190,invariant_viole,3426697230
a1bd524a028198e94eee663951bacf6a,aplatir,0.1,True,8,False,True,0.100000,5.725,ok,3426697230
a1bd524a028198e94eee663951bacf6a,aplatir,0.25,False,8,False,False,,4.410,invariant_viole,2387098427
a1bd524a028198e94eee663951bacf6a,aplatir,0.25,True,8,False,True,0.250000,4.854,ok,2387098427
a1bd524a028198e94eee663951bacf6a,aplatir,0.5,False,8,False,False,,6.530,invariant_viole,231318677
a1bd524a028198e94eee663951bacf6a,aplatir,0.5,True,8,False,True,0.500000,5.879,ok,231318677
a1bd524a028198e94eee663951bacf6a,aplatir,1.0,False,8,False,False,,6.580,invariant_viole,473070381
a1bd524a028198e94eee663951bacf6a,aplatir,1.0,True,8,False,True,1.000000,4.787,ok,473070381
a8d2db41d46fef24f4e25fba4127c061,deplacer,0.1,False,10,False,True,0.100000,6.957,ok,3689207545
a8d2db41d46fef24f4e25fba4127c061,deplacer,0.1,True,10,False,True,0.100000,8.695,ok,3689207545
a8d2db41d46fef24f4e25fba4127c061,deplacer,0.25,False,10,False,True,0.250000,6.665,ok,3672298596
a8d2db41d46fef24f4e25fba4127c061,deplacer,0.25,True,10,False,True,0.250000,6.704,ok,3672298596
a8d2db41d46fef24f4e25fba4127c061,deplacer,0.5,False,10,False,True,0.500000,6.676,ok,463338015
a8d2db41d46fef24f4e25fba4127c061,deplacer,0.5,True,10,False,True,0.500000,6.833,ok,463338015
a8d2db41d46fef24f4e25fba4127c061,deplacer,1.0,False,10,False,False,,6.178,invariant_viole,938144723
a8d2db41d46fef24f4e25fba4127c061,deplacer,1.0,True,10,False,False,,8.455,infaisable,938144723
a8d2db41d46fef24f4e25fba4127c061,elargir,0.1,False,10,False,False,,6.116,invariant_viole,3911296956
a8d2db41d46fef24f4e25fba4127c061,elargir,0.1,True,10,False,True,0.100000,6.683,ok,3911296956
a8d2db41d46fef24f4e25fba4127c061,elargir,0.25,False,10,False,False,,5.974,invariant_viole,144417424
a8d2db41d46fef24f4e25fba4127c061,elargir,0.25,True,10,False,False,,7.921,infaisable,144417424
a8d2db41d46fef24f4e25fba4127c061,elargir,0.5,False,10,False,True,0.500000,5.844,ok,31230073
a8d2db41d46fef24f4e25fba4127c061,elargir,0.5,True,10,False,True,0.500000,6.052,ok,31230073
a8d2db41d46fef24f4e25fba4127c061,elargir,1.0,False,10,False,True,1.000000,5.973,ok,102657888
a8d2db41d46fef24f4e25fba4127c061,elargir,1.0,True,10,False,True,1.000000,6.354,ok,102657888
a8d2db41d46fef24f4e25fba4127c061,retrecir,0.1,False,10,False,False,,6.727,invariant_viole,1868204170
a8d2db41d46fef24f4e25fba4127c061,retrecir,0.1,True,10,False,True,0.100000,6.010,ok,1868204170
a8d2db41d46fef24f4e25fba4127c061,retrecir,0.25,False,10,False,False,,7.634,invariant_viole,1666165601
a8d2db41d46fef24f4e25fba4127c061,retrecir,0.25,True,10,False,True,0.250000,6.083,ok,1666165601
a8d2db41d46fef24f4e25fba4127c061,retrecir,0.5,False,10,False,False,,5.679,invariant_viole,3152090335
a8d2db41d46fef24f4e25fba4127c061,retrecir,0.5,True,10,False,True,0.500000,6.197,ok,3152090335
a8d2db41d46fef24f4e25fba4127c061,retrecir,1.0,False,10,False,False,,5.668,invariant_viole,2352691254
a8d2db41d46fef24f4e25fba4127c061,retrecir,1.0,True,10,False,True,1.000000,6.699,ok,2352691254
a8d2db41d46fef24f4e25fba4127c061,aplatir,0.1,False,10,False,False,,5.849,invariant_viole,2581816606
a8d2db41d46fef24f4e25fba4127c061,aplatir,0.1,True,10,False,True,0.100000,6.337,ok,2581816606
a8d2db41d46fef24f4e25fba4127c061,aplatir,0.25,False,10,False,False,,5.798,invariant_viole,1194873537
a8d2db41d46fef24f4e25fba4127c061,aplatir,0.25,True,10,False,True,0.250000,6.417,ok,1194873537
a8d2db41d46fef24f4e25fba4127c061,aplatir,0.5,False,10,False,False,,5.505,invariant_viole,1853258017
a8d2db41d46fef24f4e25fba4127c061,aplatir,0.5,True,10,False,True,0.500000,6.408,ok,1853258017
a8d2db41d46fef24f4e25fba4127c061,aplatir,1.0,False,10,False,False,,7.864,invariant_viole,1840691567
a8d2db41d46fef24f4e25fba4127c061,aplatir,1.0,True,10,False,True,1.000000,7.842,ok,1840691567
c08f09888a86750b3d53be5ef94abac5,deplacer,0.1,False,11,False,True,0.100000,6.664,ok,3149848356
c08f09888a86750b3d53be5ef94abac5,deplacer,0.1,True,11,False,True,0.100000,6.375,ok,3149848356
c08f09888a86750b3d53be5ef94abac5,deplacer,0.25,False,11,False,True,0.250000,9.106,ok,481297535
c08f09888a86750b3d53be5ef94abac5,deplacer,0.25,True,11,False,True,0.250000,6.542,ok,481297535
c08f09888a86750b3d53be5ef94abac5,deplacer,0.5,False,11,False,True,0.500000,10.199,ok,1060518387
c08f09888a86750b3d53be5ef94abac5,deplacer,0.5,True,11,False,True,0.500000,7.853,ok,1060518387
c08f09888a86750b3d53be5ef94abac5,deplacer,1.0,False,11,False,True,1.000000,8.537,ok,790510862
c08f09888a86750b3d53be5ef94abac5,deplacer,1.0,True,11,False,False,,8.055,invariant_viole,790510862
c08f09888a86750b3d53be5ef94abac5,elargir,0.1,False,11,False,True,0.100000,9.646,ok,1314582186
c08f09888a86750b3d53be5ef94abac5,elargir,0.1,True,11,False,True,0.100000,6.783,ok,1314582186
c08f09888a86750b3d53be5ef94abac5,elargir,0.25,False,11,False,True,0.250000,9.279,ok,2207922952
c08f09888a86750b3d53be5ef94abac5,elargir,0.25,True,11,False,True,0.250000,6.980,ok,2207922952
c08f09888a86750b3d53be5ef94abac5,elargir,0.5,False,11,False,True,0.500000,9.510,ok,3563061835
c08f09888a86750b3d53be5ef94abac5,elargir,0.5,True,11,False,True,0.500000,9.005,ok,3563061835
c08f09888a86750b3d53be5ef94abac5,elargir,1.0,False,11,False,True,1.000000,8.411,ok,2427932469
c08f09888a86750b3d53be5ef94abac5,elargir,1.0,True,11,False,True,1.000000,6.547,ok,2427932469
c08f09888a86750b3d53be5ef94abac5,retrecir,0.1,False,11,False,False,,6.297,invariant_viole,687711597
c08f09888a86750b3d53be5ef94abac5,retrecir,0.1,True,11,False,True,0.100000,6.723,ok,687711597
c08f09888a86750b3d53be5ef94abac5,retrecir,0.25,False,11,False,False,,6.196,invariant_viole,2096480641
c08f09888a86750b3d53be5ef94abac5,retrecir,0.25,True,11,False,True,0.250000,6.478,ok,2096480641
c08f09888a86750b3d53be5ef94abac5,retrecir,0.5,False,11,False,False,,6.094,invariant_viole,3526234123
c08f09888a86750b3d53be5ef94abac5,retrecir,0.5,True,11,False,True,0.500000,6.189,ok,3526234123
c08f09888a86750b3d53be5ef94abac5,retrecir,1.0,False,11,False,False,,6.695,invariant_viole,2858926168
c08f09888a86750b3d53be5ef94abac5,retrecir,1.0,True,11,False,True,0.930245,6.504,ok,2858926168
c08f09888a86750b3d53be5ef94abac5,aplatir,0.1,False,11,False,False,,8.293,invariant_viole,928710782
c08f09888a86750b3d53be5ef94abac5,aplatir,0.1,True,11,False,True,0.100000,8.352,ok,928710782
c08f09888a86750b3d53be5ef94abac5,aplatir,0.25,False,11,False,False,,7.267,invariant_viole,1974995375
c08f09888a86750b3d53be5ef94abac5,aplatir,0.25,True,11,False,True,0.250000,8.514,ok,1974995375
c08f09888a86750b3d53be5ef94abac5,aplatir,0.5,False,11,False,False,,6.348,invariant_viole,3053114758
c08f09888a86750b3d53be5ef94abac5,aplatir,0.5,True,11,False,True,0.500000,7.694,ok,3053114758
c08f09888a86750b3d53be5ef94abac5,aplatir,1.0,False,11,False,False,,6.306,invariant_viole,2704852151
c08f09888a86750b3d53be5ef94abac5,aplatir,1.0,True,11,False,True,1.000000,7.933,ok,2704852151
b1a8970518de64275151adee24e94d31,deplacer,0.1,False,10,False,True,0.100000,5.912,ok,893858839
b1a8970518de64275151adee24e94d31,deplacer,0.1,True,10,False,True,0.100000,6.339,ok,893858839
b1a8970518de64275151adee24e94d31,deplacer,0.25,False,10,False,True,0.250000,5.906,ok,3047370307
b1a8970518de64275151adee24e94d31,deplacer,0.25,True,10,False,True,0.250000,7.088,ok,3047370307
b1a8970518de64275151adee24e94d31,deplacer,0.5,False,10,False,False,,7.028,invariant_viole,2070199169
b1a8970518de64275151adee24e94d31,deplacer,0.5,True,10,False,False,,8.253,infaisable,2070199169
b1a8970518de64275151adee24e94d31,deplacer,1.0,False,10,False,False,,5.560,invariant_viole,2342906104
b1a8970518de64275151adee24e94d31,deplacer,1.0,True,10,False,False,,10.841,infaisable,2342906104
b1a8970518de64275151adee24e94d31,elargir,0.1,False,10,False,False,,5.995,invariant_viole,3296432715
b1a8970518de64275151adee24e94d31,elargir,0.1,True,10,False,True,0.100000,6.262,ok,3296432715
b1a8970518de64275151adee24e94d31,elargir,0.25,False,10,False,True,0.250000,5.896,ok,2540386642
b1a8970518de64275151adee24e94d31,elargir,0.25,True,10,False,True,0.250000,6.664,ok,2540386642
b1a8970518de64275151adee24e94d31,elargir,0.5,False,10,False,True,0.500000,5.871,ok,3508660756
b1a8970518de64275151adee24e94d31,elargir,0.5,True,10,False,True,0.500000,6.451,ok,3508660756
b1a8970518de64275151adee24e94d31,elargir,1.0,False,10,False,True,1.000000,5.782,ok,3307557298
b1a8970518de64275151adee24e94d31,elargir,1.0,True,10,False,True,1.000000,6.657,ok,3307557298
b1a8970518de64275151adee24e94d31,retrecir,0.1,False,10,False,False,,5.368,invariant_viole,4168821233
b1a8970518de64275151adee24e94d31,retrecir,0.1,True,10,False,True,0.100000,6.009,ok,4168821233
b1a8970518de64275151adee24e94d31,retrecir,0.25,False,10,False,True,0.250000,5.858,ok,593090237
b1a8970518de64275151adee24e94d31,retrecir,0.25,True,10,False,True,0.250000,6.073,ok,593090237
b1a8970518de64275151adee24e94d31,retrecir,0.5,False,10,False,False,,7.506,invariant_viole,3517154374
b1a8970518de64275151adee24e94d31,retrecir,0.5,True,10,False,True,0.500000,7.388,ok,3517154374
b1a8970518de64275151adee24e94d31,retrecir,1.0,False,10,False,True,0.944520,5.964,ok,1756384709
b1a8970518de64275151adee24e94d31,retrecir,1.0,True,10,False,True,0.944520,6.603,ok,1756384709
b1a8970518de64275151adee24e94d31,aplatir,0.1,False,10,False,True,0.100000,6.339,ok,2213504340
b1a8970518de64275151adee24e94d31,aplatir,0.1,True,10,False,True,0.100000,6.191,ok,2213504340
b1a8970518de64275151adee24e94d31,aplatir,0.25,False,10,False,False,,5.886,invariant_viole,1512984731
b1a8970518de64275151adee24e94d31,aplatir,0.25,True,10,False,True,0.250000,7.381,ok,1512984731
b1a8970518de64275151adee24e94d31,aplatir,0.5,False,10,False,False,,5.811,invariant_viole,2846752995
b1a8970518de64275151adee24e94d31,aplatir,0.5,True,10,False,True,0.500000,6.374,ok,2846752995
b1a8970518de64275151adee24e94d31,aplatir,1.0,False,10,False,False,,5.483,invariant_viole,2177849932
b1a8970518de64275151adee24e94d31,aplatir,1.0,True,10,False,False,,7.804,infaisable,2177849932
c12cf2f8be03bf60f492169e62bfb743,deplacer,0.1,False,8,False,True,0.100000,4.608,ok,1117588901
c12cf2f8be03bf60f492169e62bfb743,deplacer,0.1,True,8,False,True,0.100000,4.808,ok,1117588901
c12cf2f8be03bf60f492169e62bfb743,deplacer,0.25,False,8,False,True,0.250000,4.717,ok,3075249086
c12cf2f8be03bf60f492169e62bfb743,deplacer,0.25,True,8,False,True,0.250000,4.845,ok,3075249086
c12cf2f8be03bf60f492169e62bfb743,deplacer,0.5,False,8,False,False,,4.434,invariant_viole,400702855
c12cf2f8be03bf60f492169e62bfb743,deplacer,0.5,True,8,False,True,0.500000,6.705,ok,400702855
c12cf2f8be03bf60f492169e62bfb743,deplacer,1.0,False,8,False,True,1.000000,6.002,ok,3131611993
c12cf2f8be03bf60f492169e62bfb743,deplacer,1.0,True,8,False,True,1.000000,6.885,ok,3131611993
c12cf2f8be03bf60f492169e62bfb743,elargir,0.1,False,8,False,True,0.100000,4.753,ok,318863649
c12cf2f8be03bf60f492169e62bfb743,elargir,0.1,True,8,False,True,0.100000,6.458,ok,318863649
c12cf2f8be03bf60f492169e62bfb743,elargir,0.25,False,8,False,True,0.250000,4.764,ok,3743184582
c12cf2f8be03bf60f492169e62bfb743,elargir,0.25,True,8,False,True,0.250000,5.739,ok,3743184582
c12cf2f8be03bf60f492169e62bfb743,elargir,0.5,False,8,False,True,0.500000,4.867,ok,1418222987
c12cf2f8be03bf60f492169e62bfb743,elargir,0.5,True,8,False,True,0.500000,4.929,ok,1418222987
c12cf2f8be03bf60f492169e62bfb743,elargir,1.0,False,8,False,False,,4.911,invariant_viole,854089564
c12cf2f8be03bf60f492169e62bfb743,elargir,1.0,True,8,False,True,1.000000,5.177,ok,854089564
c12cf2f8be03bf60f492169e62bfb743,retrecir,0.1,False,8,False,False,,4.427,invariant_viole,2961919143
c12cf2f8be03bf60f492169e62bfb743,retrecir,0.1,True,8,False,True,0.100000,6.033,ok,2961919143
c12cf2f8be03bf60f492169e62bfb743,retrecir,0.25,False,8,False,False,,4.777,invariant_viole,1210546638
c12cf2f8be03bf60f492169e62bfb743,retrecir,0.25,True,8,False,True,0.250000,4.863,ok,1210546638
c12cf2f8be03bf60f492169e62bfb743,retrecir,0.5,False,8,False,True,0.500000,5.598,ok,1157864084
c12cf2f8be03bf60f492169e62bfb743,retrecir,0.5,True,8,False,True,0.500000,6.398,ok,1157864084
c12cf2f8be03bf60f492169e62bfb743,retrecir,1.0,False,8,False,False,,6.968,invariant_viole,4079199950
c12cf2f8be03bf60f492169e62bfb743,retrecir,1.0,True,8,False,True,1.000000,6.845,ok,4079199950
c12cf2f8be03bf60f492169e62bfb743,aplatir,0.1,False,8,False,False,,5.123,invariant_viole,3814548249
c12cf2f8be03bf60f492169e62bfb743,aplatir,0.1,True,8,False,True,0.100000,4.842,ok,3814548249
c12cf2f8be03bf60f492169e62bfb743,aplatir,0.25,False,8,False,False,,4.450,invariant_viole,3814249353
c12cf2f8be03bf60f492169e62bfb743,aplatir,0.25,True,8,False,True,0.250000,8.698,ok,3814249353
c12cf2f8be03bf60f492169e62bfb743,aplatir,0.5,False,8,False,False,,6.547,invariant_viole,1891315289
c12cf2f8be03bf60f492169e62bfb743,aplatir,0.5,True,8,False,True,0.500000,5.142,ok,1891315289
c12cf2f8be03bf60f492169e62bfb743,aplatir,1.0,False,8,False,False,,4.467,invariant_viole,197640861
c12cf2f8be03bf60f492169e62bfb743,aplatir,1.0,True,8,False,True,1.000000,5.689,ok,197640861
9efd35d9b3ba9aaed90ae7da64acbd35,deplacer,0.1,False,11,False,False,,6.149,invariant_viole,1631440230
9efd35d9b3ba9aaed90ae7da64acbd35,deplacer,0.1,True,11,False,True,0.100000,7.227,ok,1631440230
9efd35d9b3ba9aaed90ae7da64acbd35,deplacer,0.25,False,11,False,True,0.250000,6.053,ok,440131245
9efd35d9b3ba9aaed90ae7da64acbd35,deplacer,0.25,True,11,False,True,0.250000,6.440,ok,440131245
9efd35d9b3ba9aaed90ae7da64acbd35,deplacer,0.5,False,11,False,False,,5.949,invariant_viole,3453842809
9efd35d9b3ba9aaed90ae7da64acbd35,deplacer,0.5,True,11,False,True,0.500000,6.931,ok,3453842809
9efd35d9b3ba9aaed90ae7da64acbd35,deplacer,1.0,False,11,False,True,1.000000,6.166,ok,2371831645
9efd35d9b3ba9aaed90ae7da64acbd35,deplacer,1.0,True,11,False,True,1.000000,6.425,ok,2371831645
9efd35d9b3ba9aaed90ae7da64acbd35,elargir,0.1,False,11,False,False,,6.876,invariant_viole,1526456412
9efd35d9b3ba9aaed90ae7da64acbd35,elargir,0.1,True,11,False,False,,7.973,infaisable,1526456412
9efd35d9b3ba9aaed90ae7da64acbd35,elargir,0.25,False,11,False,True,0.250000,7.747,ok,2049347989
9efd35d9b3ba9aaed90ae7da64acbd35,elargir,0.25,True,11,False,True,0.250000,6.960,ok,2049347989
9efd35d9b3ba9aaed90ae7da64acbd35,elargir,0.5,False,11,False,True,0.500000,6.852,ok,1046757974
9efd35d9b3ba9aaed90ae7da64acbd35,elargir,0.5,True,11,False,True,0.500000,6.371,ok,1046757974
9efd35d9b3ba9aaed90ae7da64acbd35,elargir,1.0,False,11,False,False,,6.430,invariant_viole,4060982670
9efd35d9b3ba9aaed90ae7da64acbd35,elargir,1.0,True,11,False,True,1.000000,6.693,ok,4060982670
9efd35d9b3ba9aaed90ae7da64acbd35,retrecir,0.1,False,11,False,False,,5.986,invariant_viole,1026936665
9efd35d9b3ba9aaed90ae7da64acbd35,retrecir,0.1,True,11,False,True,0.100000,6.585,ok,1026936665
9efd35d9b3ba9aaed90ae7da64acbd35,retrecir,0.25,False,11,False,False,,8.726,invariant_viole,4291009984
9efd35d9b3ba9aaed90ae7da64acbd35,retrecir,0.25,True,11,False,True,0.250000,6.971,ok,4291009984
9efd35d9b3ba9aaed90ae7da64acbd35,retrecir,0.5,False,11,False,False,,6.074,invariant_viole,4239166027
9efd35d9b3ba9aaed90ae7da64acbd35,retrecir,0.5,True,11,False,True,0.500000,6.614,ok,4239166027
9efd35d9b3ba9aaed90ae7da64acbd35,retrecir,1.0,False,11,False,True,0.915518,8.068,ok,94734971
9efd35d9b3ba9aaed90ae7da64acbd35,retrecir,1.0,True,11,False,True,0.915518,6.569,ok,94734971
9efd35d9b3ba9aaed90ae7da64acbd35,aplatir,0.1,False,11,False,False,,6.088,invariant_viole,1507892629
9efd35d9b3ba9aaed90ae7da64acbd35,aplatir,0.1,True,11,False,True,0.100000,6.408,ok,1507892629
9efd35d9b3ba9aaed90ae7da64acbd35,aplatir,0.25,False,11,False,False,,8.299,invariant_viole,3873015657
9efd35d9b3ba9aaed90ae7da64acbd35,aplatir,0.25,True,11,False,True,0.250000,8.301,ok,3873015657
9efd35d9b3ba9aaed90ae7da64acbd35,aplatir,0.5,False,11,False,False,,6.462,invariant_viole,1017331632
9efd35d9b3ba9aaed90ae7da64acbd35,aplatir,0.5,True,11,False,True,0.500000,6.533,ok,1017331632
9efd35d9b3ba9aaed90ae7da64acbd35,aplatir,1.0,False,11,False,False,,6.368,invariant_viole,1464957063
9efd35d9b3ba9aaed90ae7da64acbd35,aplatir,1.0,True,11,False,True,1.000000,6.601,ok,1464957063
4bc451639ba9998c88c5d1bc0f797e70,deplacer,0.1,False,13,False,False,,7.314,invariant_viole,2983889764
4bc451639ba9998c88c5d1bc0f797e70,deplacer,0.1,True,13,False,True,0.100000,8.971,ok,2983889764
4bc451639ba9998c88c5d1bc0f797e70,deplacer,0.25,False,13,False,True,0.250000,8.784,ok,2932418114
4bc451639ba9998c88c5d1bc0f797e70,deplacer,0.25,True,13,False,True,0.250000,8.508,ok,2932418114
4bc451639ba9998c88c5d1bc0f797e70,deplacer,0.5,False,13,False,True,0.500000,8.483,ok,85785094
4bc451639ba9998c88c5d1bc0f797e70,deplacer,0.5,True,13,False,True,0.500000,7.773,ok,85785094
4bc451639ba9998c88c5d1bc0f797e70,deplacer,1.0,False,13,False,False,,9.270,invariant_viole,533102711
4bc451639ba9998c88c5d1bc0f797e70,deplacer,1.0,True,13,False,True,1.000000,9.707,ok,533102711
4bc451639ba9998c88c5d1bc0f797e70,elargir,0.1,False,13,False,False,,7.065,invariant_viole,4273948226
4bc451639ba9998c88c5d1bc0f797e70,elargir,0.1,True,13,False,True,0.100000,8.673,ok,4273948226
4bc451639ba9998c88c5d1bc0f797e70,elargir,0.25,False,13,False,False,,8.638,invariant_viole,3094605569
4bc451639ba9998c88c5d1bc0f797e70,elargir,0.25,True,13,False,True,0.250000,9.220,ok,3094605569
4bc451639ba9998c88c5d1bc0f797e70,elargir,0.5,False,13,False,False,,8.543,invariant_viole,2917713750
4bc451639ba9998c88c5d1bc0f797e70,elargir,0.5,True,13,False,True,0.500000,8.253,ok,2917713750
4bc451639ba9998c88c5d1bc0f797e70,elargir,1.0,False,13,False,False,,9.816,invariant_viole,214323226
4bc451639ba9998c88c5d1bc0f797e70,elargir,1.0,True,13,False,False,,9.775,infaisable,214323226
4bc451639ba9998c88c5d1bc0f797e70,retrecir,0.1,False,13,False,True,0.100000,7.207,ok,3987732718
4bc451639ba9998c88c5d1bc0f797e70,retrecir,0.1,True,13,False,True,0.100000,7.986,ok,3987732718
4bc451639ba9998c88c5d1bc0f797e70,retrecir,0.25,False,13,False,True,0.250000,7.571,ok,3204885375
4bc451639ba9998c88c5d1bc0f797e70,retrecir,0.25,True,13,False,True,0.250000,7.491,ok,3204885375
4bc451639ba9998c88c5d1bc0f797e70,retrecir,0.5,False,13,False,False,,7.880,invariant_viole,322663374
4bc451639ba9998c88c5d1bc0f797e70,retrecir,0.5,True,13,False,True,0.500000,8.317,ok,322663374
4bc451639ba9998c88c5d1bc0f797e70,retrecir,1.0,False,13,False,False,,7.755,invariant_viole,1555048624
4bc451639ba9998c88c5d1bc0f797e70,retrecir,1.0,True,13,False,False,,11.019,infaisable,1555048624
4bc451639ba9998c88c5d1bc0f797e70,aplatir,0.1,False,13,False,False,,7.869,invariant_viole,4212114016
4bc451639ba9998c88c5d1bc0f797e70,aplatir,0.1,True,13,False,True,0.100000,9.351,ok,4212114016
4bc451639ba9998c88c5d1bc0f797e70,aplatir,0.25,False,13,False,False,,9.374,invariant_viole,604619748
4bc451639ba9998c88c5d1bc0f797e70,aplatir,0.25,True,13,False,True,0.250000,9.871,ok,604619748
4bc451639ba9998c88c5d1bc0f797e70,aplatir,0.5,False,13,False,False,,9.302,invariant_viole,282574657
4bc451639ba9998c88c5d1bc0f797e70,aplatir,0.5,True,13,False,True,0.500000,9.137,ok,282574657
4bc451639ba9998c88c5d1bc0f797e70,aplatir,1.0,False,13,False,False,,7.334,invariant_viole,3167217188
4bc451639ba9998c88c5d1bc0f797e70,aplatir,1.0,True,13,False,True,1.000000,7.812,ok,3167217188
532e7cf586ebbcca23d8b0ebe6954063,deplacer,0.1,False,11,False,True,0.100000,7.364,ok,3503658183
532e7cf586ebbcca23d8b0ebe6954063,deplacer,0.1,True,11,False,True,0.100000,7.848,ok,3503658183
532e7cf586ebbcca23d8b0ebe6954063,deplacer,0.25,False,11,False,False,,6.332,invariant_viole,31727558
532e7cf586ebbcca23d8b0ebe6954063,deplacer,0.25,True,11,False,True,0.250000,9.445,ok,31727558
532e7cf586ebbcca23d8b0ebe6954063,deplacer,0.5,False,11,False,True,0.500000,7.157,ok,1296172869
532e7cf586ebbcca23d8b0ebe6954063,deplacer,0.5,True,11,False,True,0.500000,8.282,ok,1296172869
532e7cf586ebbcca23d8b0ebe6954063,deplacer,1.0,False,11,False,True,1.000000,8.255,ok,2188731769
532e7cf586ebbcca23d8b0ebe6954063,deplacer,1.0,True,11,False,True,1.000000,7.864,ok,2188731769
532e7cf586ebbcca23d8b0ebe6954063,elargir,0.1,False,11,False,True,0.100000,8.221,ok,3932749620
532e7cf586ebbcca23d8b0ebe6954063,elargir,0.1,True,11,False,True,0.100000,7.296,ok,3932749620
532e7cf586ebbcca23d8b0ebe6954063,elargir,0.25,False,11,False,False,,8.713,invariant_viole,551241019
532e7cf586ebbcca23d8b0ebe6954063,elargir,0.25,True,11,False,True,0.250000,7.280,ok,551241019
532e7cf586ebbcca23d8b0ebe6954063,elargir,0.5,False,11,False,True,0.500000,6.575,ok,4245216290
532e7cf586ebbcca23d8b0ebe6954063,elargir,0.5,True,11,False,True,0.500000,8.087,ok,4245216290
532e7cf586ebbcca23d8b0ebe6954063,elargir,1.0,False,11,False,True,1.000000,6.827,ok,1030599050
532e7cf586ebbcca23d8b0ebe6954063,elargir,1.0,True,11,False,True,1.000000,7.220,ok,1030599050
532e7cf586ebbcca23d8b0ebe6954063,retrecir,0.1,False,11,False,False,,7.332,invariant_viole,3569116296
532e7cf586ebbcca23d8b0ebe6954063,retrecir,0.1,True,11,False,True,0.100000,7.547,ok,3569116296
532e7cf586ebbcca23d8b0ebe6954063,retrecir,0.25,False,11,False,False,,6.575,invariant_viole,746316956
532e7cf586ebbcca23d8b0ebe6954063,retrecir,0.25,True,11,False,True,0.250000,10.666,ok,746316956
532e7cf586ebbcca23d8b0ebe6954063,retrecir,0.5,False,11,False,False,,7.095,invariant_viole,1091591763
532e7cf586ebbcca23d8b0ebe6954063,retrecir,0.5,True,11,False,True,0.500000,7.782,ok,1091591763
532e7cf586ebbcca23d8b0ebe6954063,retrecir,1.0,False,11,False,False,,6.898,invariant_viole,1797261562
532e7cf586ebbcca23d8b0ebe6954063,retrecir,1.0,True,11,False,True,1.000000,8.545,ok,1797261562
532e7cf586ebbcca23d8b0ebe6954063,aplatir,0.1,False,11,False,True,0.100000,7.623,ok,3775130251
532e7cf586ebbcca23d8b0ebe6954063,aplatir,0.1,True,11,False,True,0.100000,7.230,ok,3775130251
532e7cf586ebbcca23d8b0ebe6954063,aplatir,0.25,False,11,False,False,,7.915,invariant_viole,2387183080
532e7cf586ebbcca23d8b0ebe6954063,aplatir,0.25,True,11,False,True,0.250000,7.169,ok,2387183080
532e7cf586ebbcca23d8b0ebe6954063,aplatir,0.5,False,11,False,False,,7.247,invariant_viole,3131324197
532e7cf586ebbcca23d8b0ebe6954063,aplatir,0.5,True,11,False,True,0.500000,8.520,ok,3131324197
532e7cf586ebbcca23d8b0ebe6954063,aplatir,1.0,False,11,False,False,,7.695,invariant_viole,1517584356
532e7cf586ebbcca23d8b0ebe6954063,aplatir,1.0,True,11,False,True,1.000000,8.030,ok,1517584356
e2d4fe1e8889cc7627d2f2dc567b5b30,deplacer,0.1,False,11,False,True,0.100000,7.759,ok,2687409675
e2d4fe1e8889cc7627d2f2dc567b5b30,deplacer,0.1,True,11,False,True,0.100000,8.285,ok,2687409675
e2d4fe1e8889cc7627d2f2dc567b5b30,deplacer,0.25,False,11,False,False,,6.593,invariant_viole,3836054957
e2d4fe1e8889cc7627d2f2dc567b5b30,deplacer,0.25,True,11,False,True,0.250000,9.458,ok,3836054957
e2d4fe1e8889cc7627d2f2dc567b5b30,deplacer,0.5,False,11,False,True,0.500000,7.529,ok,1469158889
e2d4fe1e8889cc7627d2f2dc567b5b30,deplacer,0.5,True,11,False,True,0.500000,6.986,ok,1469158889
e2d4fe1e8889cc7627d2f2dc567b5b30,deplacer,1.0,False,11,False,True,1.000000,7.502,ok,3633226231
e2d4fe1e8889cc7627d2f2dc567b5b30,deplacer,1.0,True,11,False,True,1.000000,7.021,ok,3633226231
e2d4fe1e8889cc7627d2f2dc567b5b30,elargir,0.1,False,11,False,False,,6.984,invariant_viole,3109122582
e2d4fe1e8889cc7627d2f2dc567b5b30,elargir,0.1,True,11,False,True,0.100000,8.510,ok,3109122582
e2d4fe1e8889cc7627d2f2dc567b5b30,elargir,0.25,False,11,False,True,0.250000,9.722,ok,96218823
e2d4fe1e8889cc7627d2f2dc567b5b30,elargir,0.25,True,11,False,True,0.250000,7.626,ok,96218823
e2d4fe1e8889cc7627d2f2dc567b5b30,elargir,0.5,False,11,False,True,0.500000,6.704,ok,4094492000
e2d4fe1e8889cc7627d2f2dc567b5b30,elargir,0.5,True,11,False,True,0.500000,6.695,ok,4094492000
e2d4fe1e8889cc7627d2f2dc567b5b30,elargir,1.0,False,11,False,True,1.000000,8.133,ok,143131389
e2d4fe1e8889cc7627d2f2dc567b5b30,elargir,1.0,True,11,False,True,1.000000,7.377,ok,143131389
e2d4fe1e8889cc7627d2f2dc567b5b30,retrecir,0.1,False,11,False,True,0.031856,6.778,ok,3231077738
e2d4fe1e8889cc7627d2f2dc567b5b30,retrecir,0.1,True,11,False,True,0.031856,9.018,ok,3231077738
e2d4fe1e8889cc7627d2f2dc567b5b30,retrecir,0.25,False,11,False,False,,6.401,invariant_viole,1054720273
e2d4fe1e8889cc7627d2f2dc567b5b30,retrecir,0.25,True,11,False,True,0.250000,7.552,ok,1054720273
e2d4fe1e8889cc7627d2f2dc567b5b30,retrecir,0.5,False,11,False,False,,6.427,invariant_viole,3887730754
e2d4fe1e8889cc7627d2f2dc567b5b30,retrecir,0.5,True,11,False,True,0.500000,8.569,ok,3887730754
e2d4fe1e8889cc7627d2f2dc567b5b30,retrecir,1.0,False,11,False,True,1.000000,7.450,ok,3219082742
e2d4fe1e8889cc7627d2f2dc567b5b30,retrecir,1.0,True,11,False,True,1.000000,9.363,ok,3219082742
e2d4fe1e8889cc7627d2f2dc567b5b30,aplatir,0.1,False,11,False,False,,7.358,invariant_viole,2212286521
e2d4fe1e8889cc7627d2f2dc567b5b30,aplatir,0.1,True,11,False,True,0.100000,7.375,ok,2212286521
e2d4fe1e8889cc7627d2f2dc567b5b30,aplatir,0.25,False,11,False,True,0.250000,7.057,ok,3386072858
e2d4fe1e8889cc7627d2f2dc567b5b30,aplatir,0.25,True,11,False,True,0.250000,10.467,ok,3386072858
e2d4fe1e8889cc7627d2f2dc567b5b30,aplatir,0.5,False,11,False,True,0.500000,7.899,ok,1826016404
e2d4fe1e8889cc7627d2f2dc567b5b30,aplatir,0.5,True,11,False,True,0.500000,10.131,ok,1826016404
e2d4fe1e8889cc7627d2f2dc567b5b30,aplatir,1.0,False,11,False,False,,6.323,invariant_viole,3277991425
e2d4fe1e8889cc7627d2f2dc567b5b30,aplatir,1.0,True,11,False,True,1.000000,7.602,ok,3277991425
ac1bf581274694e72156dd80ea37d020,deplacer,0.1,False,11,False,True,0.100000,8.269,ok,951871541
ac1bf581274694e72156dd80ea37d020,deplacer,0.1,True,11,False,True,0.100000,13.482,ok,951871541
ac1bf581274694e72156dd80ea37d020,deplacer,0.25,False,11,False,True,0.250000,7.986,ok,4279763007
ac1bf581274694e72156dd80ea37d020,deplacer,0.25,True,11,False,True,0.250000,10.618,ok,4279763007
ac1bf581274694e72156dd80ea37d020,deplacer,0.5,False,11,False,True,0.500000,7.097,ok,3862663598
ac1bf581274694e72156dd80ea37d020,deplacer,0.5,True,11,False,True,0.500000,15.083,ok,3862663598
ac1bf581274694e72156dd80ea37d020,deplacer,1.0,False,11,False,False,,7.892,invariant_viole,1978524087
ac1bf581274694e72156dd80ea37d020,deplacer,1.0,True,11,False,False,,9.578,infaisable,1978524087
ac1bf581274694e72156dd80ea37d020,elargir,0.1,False,11,False,False,,8.007,invariant_viole,1323291283
ac1bf581274694e72156dd80ea37d020,elargir,0.1,True,11,False,True,0.100000,10.868,ok,1323291283
ac1bf581274694e72156dd80ea37d020,elargir,0.25,False,11,False,True,0.250000,6.947,ok,4249448707
ac1bf581274694e72156dd80ea37d020,elargir,0.25,True,11,False,True,0.250000,12.658,ok,4249448707
ac1bf581274694e72156dd80ea37d020,elargir,0.5,False,11,False,False,,7.597,invariant_viole,2330697461
ac1bf581274694e72156dd80ea37d020,elargir,0.5,True,11,False,True,0.500000,9.331,ok,2330697461
ac1bf581274694e72156dd80ea37d020,elargir,1.0,False,11,False,True,1.000000,6.060,ok,139802026
ac1bf581274694e72156dd80ea37d020,elargir,1.0,True,11,False,True,1.000000,10.372,ok,139802026
ac1bf581274694e72156dd80ea37d020,retrecir,0.1,False,11,False,False,,7.152,invariant_viole,4001678075
ac1bf581274694e72156dd80ea37d020,retrecir,0.1,True,11,False,True,0.100000,10.357,ok,4001678075
ac1bf581274694e72156dd80ea37d020,retrecir,0.25,False,11,False,False,,7.508,invariant_viole,1349911899
ac1bf581274694e72156dd80ea37d020,retrecir,0.25,True,11,False,True,0.250000,9.202,ok,1349911899
ac1bf581274694e72156dd80ea37d020,retrecir,0.5,False,11,False,False,,5.954,invariant_viole,455298849
ac1bf581274694e72156dd80ea37d020,retrecir,0.5,True,11,False,True,0.500000,10.651,ok,455298849
ac1bf581274694e72156dd80ea37d020,retrecir,1.0,False,11,False,False,,6.436,invariant_viole,3733137704
ac1bf581274694e72156dd80ea37d020,retrecir,1.0,True,11,False,True,1.000000,10.535,ok,3733137704
ac1bf581274694e72156dd80ea37d020,aplatir,0.1,False,11,False,False,,6.170,invariant_viole,2868014220
ac1bf581274694e72156dd80ea37d020,aplatir,0.1,True,11,False,True,0.100000,9.616,ok,2868014220
ac1bf581274694e72156dd80ea37d020,aplatir,0.25,False,11,False,False,,6.179,invariant_viole,3499506743
ac1bf581274694e72156dd80ea37d020,aplatir,0.25,True,11,False,True,0.250000,8.646,ok,3499506743
ac1bf581274694e72156dd80ea37d020,aplatir,0.5,False,11,False,False,,6.182,invariant_viole,2862475145
ac1bf581274694e72156dd80ea37d020,aplatir,0.5,True,11,False,True,0.500000,8.852,ok,2862475145
ac1bf581274694e72156dd80ea37d020,aplatir,1.0,False,11,False,True,1.000000,6.573,ok,3479453852
ac1bf581274694e72156dd80ea37d020,aplatir,1.0,True,11,False,True,1.000000,7.385,ok,3479453852
0640b07b4d7ca04dc7b37adcf237b86d,deplacer,0.1,False,11,False,True,0.100000,7.065,ok,2145602501
0640b07b4d7ca04dc7b37adcf237b86d,deplacer,0.1,True,11,False,True,0.100000,6.898,ok,2145602501
0640b07b4d7ca04dc7b37adcf237b86d,deplacer,0.25,False,11,False,True,0.250000,6.361,ok,2755524455
0640b07b4d7ca04dc7b37adcf237b86d,deplacer,0.25,True,11,False,True,0.250000,6.873,ok,2755524455
0640b07b4d7ca04dc7b37adcf237b86d,deplacer,0.5,False,11,False,False,,7.014,invariant_viole,3546158716
0640b07b4d7ca04dc7b37adcf237b86d,deplacer,0.5,True,11,False,True,0.500000,6.924,ok,3546158716
0640b07b4d7ca04dc7b37adcf237b86d,deplacer,1.0,False,11,False,True,1.000000,9.622,ok,3416140705
0640b07b4d7ca04dc7b37adcf237b86d,deplacer,1.0,True,11,False,True,1.000000,7.604,ok,3416140705
0640b07b4d7ca04dc7b37adcf237b86d,elargir,0.1,False,11,False,False,,7.340,invariant_viole,2288791371
0640b07b4d7ca04dc7b37adcf237b86d,elargir,0.1,True,11,False,True,0.100000,6.877,ok,2288791371
0640b07b4d7ca04dc7b37adcf237b86d,elargir,0.25,False,11,False,True,0.250000,10.426,ok,884456704
0640b07b4d7ca04dc7b37adcf237b86d,elargir,0.25,True,11,False,True,0.250000,7.550,ok,884456704
0640b07b4d7ca04dc7b37adcf237b86d,elargir,0.5,False,11,False,False,,6.262,invariant_viole,72417515
0640b07b4d7ca04dc7b37adcf237b86d,elargir,0.5,True,11,False,True,0.500000,7.740,ok,72417515
0640b07b4d7ca04dc7b37adcf237b86d,elargir,1.0,False,11,False,True,1.000000,7.400,ok,1178311137
0640b07b4d7ca04dc7b37adcf237b86d,elargir,1.0,True,11,False,True,1.000000,7.283,ok,1178311137
0640b07b4d7ca04dc7b37adcf237b86d,retrecir,0.1,False,11,False,False,,6.291,invariant_viole,4010411220
0640b07b4d7ca04dc7b37adcf237b86d,retrecir,0.1,True,11,False,True,0.100000,7.161,ok,4010411220
0640b07b4d7ca04dc7b37adcf237b86d,retrecir,0.25,False,11,False,False,,6.220,invariant_viole,850378280
0640b07b4d7ca04dc7b37adcf237b86d,retrecir,0.25,True,11,False,True,0.250000,6.945,ok,850378280
0640b07b4d7ca04dc7b37adcf237b86d,retrecir,0.5,False,11,False,False,,6.151,invariant_viole,2070737495
0640b07b4d7ca04dc7b37adcf237b86d,retrecir,0.5,True,11,False,True,0.199547,7.025,ok,2070737495
0640b07b4d7ca04dc7b37adcf237b86d,retrecir,1.0,False,11,False,True,0.932997,6.172,ok,951728692
0640b07b4d7ca04dc7b37adcf237b86d,retrecir,1.0,True,11,False,True,0.932997,6.841,ok,951728692
0640b07b4d7ca04dc7b37adcf237b86d,aplatir,0.1,False,11,False,False,,6.296,invariant_viole,3522500708
0640b07b4d7ca04dc7b37adcf237b86d,aplatir,0.1,True,11,False,True,0.100000,6.717,ok,3522500708
0640b07b4d7ca04dc7b37adcf237b86d,aplatir,0.25,False,11,False,False,,9.747,invariant_viole,260950605
0640b07b4d7ca04dc7b37adcf237b86d,aplatir,0.25,True,11,False,True,0.250000,8.700,ok,260950605
0640b07b4d7ca04dc7b37adcf237b86d,aplatir,0.5,False,11,False,True,0.500000,6.796,ok,1940263320
0640b07b4d7ca04dc7b37adcf237b86d,aplatir,0.5,True,11,False,True,0.500000,8.369,ok,1940263320
0640b07b4d7ca04dc7b37adcf237b86d,aplatir,1.0,False,11,False,True,1.000000,6.231,ok,1972219654
0640b07b4d7ca04dc7b37adcf237b86d,aplatir,1.0,True,11,False,True,1.000000,7.205,ok,1972219654
7f4375833dc0ae624d56be9af29b5a48,deplacer,0.1,False,7,False,True,0.100000,4.203,ok,3546236621
7f4375833dc0ae624d56be9af29b5a48,deplacer,0.1,True,7,False,True,0.100000,4.480,ok,3546236621
7f4375833dc0ae624d56be9af29b5a48,deplacer,0.25,False,7,False,True,0.250000,3.992,ok,1488719552
7f4375833dc0ae624d56be9af29b5a48,deplacer,0.25,True,7,False,True,0.250000,4.697,ok,1488719552
7f4375833dc0ae624d56be9af29b5a48,deplacer,0.5,False,7,False,False,,3.876,invariant_viole,207738185
7f4375833dc0ae624d56be9af29b5a48,deplacer,0.5,True,7,False,True,0.500000,4.499,ok,207738185
7f4375833dc0ae624d56be9af29b5a48,deplacer,1.0,False,7,False,False,,4.660,invariant_viole,1017644326
7f4375833dc0ae624d56be9af29b5a48,deplacer,1.0,True,7,False,True,1.000000,4.743,ok,1017644326
7f4375833dc0ae624d56be9af29b5a48,elargir,0.1,False,7,False,True,0.100000,3.929,ok,2172640001
7f4375833dc0ae624d56be9af29b5a48,elargir,0.1,True,7,False,True,0.100000,4.899,ok,2172640001
7f4375833dc0ae624d56be9af29b5a48,elargir,0.25,False,7,False,True,0.250000,3.907,ok,2938113111
7f4375833dc0ae624d56be9af29b5a48,elargir,0.25,True,7,False,True,0.250000,4.307,ok,2938113111
7f4375833dc0ae624d56be9af29b5a48,elargir,0.5,False,7,False,False,,7.020,invariant_viole,39014370
7f4375833dc0ae624d56be9af29b5a48,elargir,0.5,True,7,False,True,0.500000,6.206,ok,39014370
7f4375833dc0ae624d56be9af29b5a48,elargir,1.0,False,7,False,True,1.000000,4.592,ok,1130861783
7f4375833dc0ae624d56be9af29b5a48,elargir,1.0,True,7,False,True,1.000000,4.371,ok,1130861783
7f4375833dc0ae624d56be9af29b5a48,retrecir,0.1,False,7,False,False,,3.977,invariant_viole,1474305235
7f4375833dc0ae624d56be9af29b5a48,retrecir,0.1,True,7,False,True,0.100000,5.790,ok,1474305235
7f4375833dc0ae624d56be9af29b5a48,retrecir,0.25,False,7,False,False,,3.954,invariant_viole,1030057915
7f4375833dc0ae624d56be9af29b5a48,retrecir,0.25,True,7,False,True,0.250000,4.330,ok,1030057915
7f4375833dc0ae624d56be9af29b5a48,aplatir,0.1,False,7,False,False,,4.268,invariant_viole,1914354218
7f4375833dc0ae624d56be9af29b5a48,aplatir,0.1,True,7,False,True,0.100000,4.636,ok,1914354218
7f4375833dc0ae624d56be9af29b5a48,aplatir,0.25,False,7,False,False,,3.847,invariant_viole,163063384
7f4375833dc0ae624d56be9af29b5a48,aplatir,0.25,True,7,False,True,0.250000,4.862,ok,163063384
7f4375833dc0ae624d56be9af29b5a48,aplatir,0.5,False,7,False,False,,4.552,invariant_viole,2240099425
7f4375833dc0ae624d56be9af29b5a48,aplatir,0.5,True,7,False,True,0.500000,4.490,ok,2240099425
7f4375833dc0ae624d56be9af29b5a48,aplatir,1.0,False,7,False,False,,4.078,invariant_viole,2840378794
7f4375833dc0ae624d56be9af29b5a48,aplatir,1.0,True,7,False,True,0.403747,4.357,ok,2840378794
1885c8cccad0bf3d4fe8315336917d02,deplacer,0.1,False,7,False,True,0.100000,8.077,ok,3091300248
1885c8cccad0bf3d4fe8315336917d02,deplacer,0.1,True,7,False,True,0.100000,5.438,ok,3091300248
1885c8cccad0bf3d4fe8315336917d02,deplacer,0.25,False,7,False,True,0.250000,4.799,ok,1659643922
1885c8cccad0bf3d4fe8315336917d02,deplacer,0.25,True,7,False,True,0.250000,5.787,ok,1659643922
1885c8cccad0bf3d4fe8315336917d02,deplacer,0.5,False,7,False,False,,3.716,invariant_viole,403141954
1885c8cccad0bf3d4fe8315336917d02,deplacer,0.5,True,7,False,True,0.500000,5.671,ok,403141954
1885c8cccad0bf3d4fe8315336917d02,deplacer,1.0,False,7,False,False,,3.893,invariant_viole,3041499423
1885c8cccad0bf3d4fe8315336917d02,deplacer,1.0,True,7,False,False,,5.516,infaisable,3041499423
1885c8cccad0bf3d4fe8315336917d02,elargir,0.1,False,7,False,False,,4.514,invariant_viole,3833469161
1885c8cccad0bf3d4fe8315336917d02,elargir,0.1,True,7,False,True,0.100000,4.685,ok,3833469161
1885c8cccad0bf3d4fe8315336917d02,elargir,0.25,False,7,False,True,0.250000,5.750,ok,3643542180
1885c8cccad0bf3d4fe8315336917d02,elargir,0.25,True,7,False,True,0.250000,4.688,ok,3643542180
1885c8cccad0bf3d4fe8315336917d02,elargir,0.5,False,7,False,True,0.500000,3.883,ok,1079933943
1885c8cccad0bf3d4fe8315336917d02,elargir,0.5,True,7,False,True,0.500000,4.887,ok,1079933943
1885c8cccad0bf3d4fe8315336917d02,elargir,1.0,False,7,False,False,,3.691,invariant_viole,322195880
1885c8cccad0bf3d4fe8315336917d02,elargir,1.0,True,7,False,True,1.000000,4.770,ok,322195880
1885c8cccad0bf3d4fe8315336917d02,retrecir,0.1,False,7,False,False,,3.784,invariant_viole,782892033
1885c8cccad0bf3d4fe8315336917d02,retrecir,0.1,True,7,False,True,0.100000,4.808,ok,782892033
1885c8cccad0bf3d4fe8315336917d02,retrecir,0.25,False,7,False,False,,3.611,invariant_viole,736913958
1885c8cccad0bf3d4fe8315336917d02,retrecir,0.25,True,7,False,True,0.250000,4.571,ok,736913958
1885c8cccad0bf3d4fe8315336917d02,retrecir,0.5,False,7,False,False,,4.665,invariant_viole,1305640569
1885c8cccad0bf3d4fe8315336917d02,retrecir,0.5,True,7,False,True,0.500000,4.902,ok,1305640569
1885c8cccad0bf3d4fe8315336917d02,retrecir,1.0,False,7,False,False,,3.741,invariant_viole,2141323845
1885c8cccad0bf3d4fe8315336917d02,retrecir,1.0,True,7,False,False,,5.590,infaisable,2141323845
1885c8cccad0bf3d4fe8315336917d02,aplatir,0.1,False,7,False,False,,3.845,invariant_viole,565246027
1885c8cccad0bf3d4fe8315336917d02,aplatir,0.1,True,7,False,True,0.100000,5.679,ok,565246027
1885c8cccad0bf3d4fe8315336917d02,aplatir,0.25,False,7,False,False,,3.789,invariant_viole,2923337748
1885c8cccad0bf3d4fe8315336917d02,aplatir,0.25,True,7,False,True,0.250000,4.783,ok,2923337748
1885c8cccad0bf3d4fe8315336917d02,aplatir,0.5,False,7,False,False,,4.748,invariant_viole,3155822556
1885c8cccad0bf3d4fe8315336917d02,aplatir,0.5,True,7,False,True,0.500000,4.895,ok,3155822556
1885c8cccad0bf3d4fe8315336917d02,aplatir,1.0,False,7,False,False,,3.962,invariant_viole,2706558235
1885c8cccad0bf3d4fe8315336917d02,aplatir,1.0,True,7,False,True,1.000000,8.166,ok,2706558235
9bc4ad8c3b2eaa4872a00207326b07c0,deplacer,0.1,False,7,False,False,,3.893,invariant_viole,1995108980
9bc4ad8c3b2eaa4872a00207326b07c0,deplacer,0.1,True,7,False,True,0.100000,5.388,ok,1995108980
9bc4ad8c3b2eaa4872a00207326b07c0,deplacer,0.25,False,7,False,False,,3.730,invariant_viole,2900837976
9bc4ad8c3b2eaa4872a00207326b07c0,deplacer,0.25,True,7,False,False,,5.127,infaisable,2900837976
9bc4ad8c3b2eaa4872a00207326b07c0,deplacer,0.5,False,7,False,False,,3.636,invariant_viole,3751780311
9bc4ad8c3b2eaa4872a00207326b07c0,deplacer,0.5,True,7,False,False,,5.119,infaisable,3751780311
9bc4ad8c3b2eaa4872a00207326b07c0,deplacer,1.0,False,7,False,False,,3.666,invariant_viole,12862149
9bc4ad8c3b2eaa4872a00207326b07c0,deplacer,1.0,True,7,False,True,1.000000,4.768,ok,12862149
9bc4ad8c3b2eaa4872a00207326b07c0,elargir,0.1,False,7,False,True,0.100000,3.765,ok,932853170
9bc4ad8c3b2eaa4872a00207326b07c0,elargir,0.1,True,7,False,True,0.100000,4.476,ok,932853170
9bc4ad8c3b2eaa4872a00207326b07c0,elargir,0.25,False,7,False,True,0.250000,4.822,ok,1622914307
9bc4ad8c3b2eaa4872a00207326b07c0,elargir,0.25,True,7,False,True,0.250000,4.565,ok,1622914307
9bc4ad8c3b2eaa4872a00207326b07c0,elargir,0.5,False,7,False,True,0.500000,3.870,ok,1960551592
9bc4ad8c3b2eaa4872a00207326b07c0,elargir,0.5,True,7,False,True,0.500000,4.625,ok,1960551592
9bc4ad8c3b2eaa4872a00207326b07c0,elargir,1.0,False,7,False,True,1.000000,3.898,ok,877706257
9bc4ad8c3b2eaa4872a00207326b07c0,elargir,1.0,True,7,False,True,1.000000,4.501,ok,877706257
9bc4ad8c3b2eaa4872a00207326b07c0,retrecir,0.1,False,7,False,True,0.100000,6.770,ok,4252673295
9bc4ad8c3b2eaa4872a00207326b07c0,retrecir,0.1,True,7,False,True,0.100000,4.282,ok,4252673295
9bc4ad8c3b2eaa4872a00207326b07c0,retrecir,0.25,False,7,False,True,0.250000,5.321,ok,290335244
9bc4ad8c3b2eaa4872a00207326b07c0,retrecir,0.25,True,7,False,True,0.250000,7.493,ok,290335244
9bc4ad8c3b2eaa4872a00207326b07c0,retrecir,0.5,False,7,False,False,,3.874,invariant_viole,3571908199
9bc4ad8c3b2eaa4872a00207326b07c0,retrecir,0.5,True,7,False,True,0.500000,5.459,ok,3571908199
9bc4ad8c3b2eaa4872a00207326b07c0,retrecir,1.0,False,7,False,False,,4.672,invariant_viole,3131336106
9bc4ad8c3b2eaa4872a00207326b07c0,retrecir,1.0,True,7,False,True,1.000000,4.416,ok,3131336106
9bc4ad8c3b2eaa4872a00207326b07c0,aplatir,0.1,False,7,False,False,,5.204,invariant_viole,4018441359
9bc4ad8c3b2eaa4872a00207326b07c0,aplatir,0.1,True,7,False,True,0.100000,5.364,ok,4018441359
9bc4ad8c3b2eaa4872a00207326b07c0,aplatir,0.25,False,7,False,False,,3.744,invariant_viole,2476832267
9bc4ad8c3b2eaa4872a00207326b07c0,aplatir,0.25,True,7,False,True,0.250000,4.847,ok,2476832267
9bc4ad8c3b2eaa4872a00207326b07c0,aplatir,0.5,False,7,False,False,,3.795,invariant_viole,4258554492
9bc4ad8c3b2eaa4872a00207326b07c0,aplatir,0.5,True,7,False,True,0.403340,4.357,ok,4258554492
9bc4ad8c3b2eaa4872a00207326b07c0,aplatir,1.0,False,7,False,False,,7.400,invariant_viole,2025992733
9bc4ad8c3b2eaa4872a00207326b07c0,aplatir,1.0,True,7,False,True,1.000000,6.096,ok,2025992733
4ef421ab7804a67eead9bd84dd84105b,deplacer,0.1,False,7,False,True,0.100000,4.663,ok,2439574219
4ef421ab7804a67eead9bd84dd84105b,deplacer,0.1,True,7,False,True,0.100000,5.038,ok,2439574219
4ef421ab7804a67eead9bd84dd84105b,deplacer,0.25,False,7,False,True,0.250000,5.330,ok,2080042448
4ef421ab7804a67eead9bd84dd84105b,deplacer,0.25,True,7,False,True,0.250000,4.760,ok,2080042448
4ef421ab7804a67eead9bd84dd84105b,deplacer,0.5,False,7,False,True,0.500000,5.648,ok,1586257736
4ef421ab7804a67eead9bd84dd84105b,deplacer,0.5,True,7,False,True,0.500000,7.363,ok,1586257736
4ef421ab7804a67eead9bd84dd84105b,deplacer,1.0,False,7,False,False,,4.033,invariant_viole,1582641629
4ef421ab7804a67eead9bd84dd84105b,deplacer,1.0,True,7,False,True,1.000000,5.431,ok,1582641629
4ef421ab7804a67eead9bd84dd84105b,elargir,0.1,False,7,False,False,,3.754,invariant_viole,3242298045
4ef421ab7804a67eead9bd84dd84105b,elargir,0.1,True,7,False,True,0.100000,4.683,ok,3242298045
4ef421ab7804a67eead9bd84dd84105b,elargir,0.25,False,7,False,True,0.250000,5.584,ok,3946512809
4ef421ab7804a67eead9bd84dd84105b,elargir,0.25,True,7,False,True,0.250000,5.049,ok,3946512809
4ef421ab7804a67eead9bd84dd84105b,elargir,0.5,False,7,False,False,,3.708,invariant_viole,3607685831
4ef421ab7804a67eead9bd84dd84105b,elargir,0.5,True,7,False,False,,5.267,infaisable,3607685831
4ef421ab7804a67eead9bd84dd84105b,elargir,1.0,False,7,False,True,1.000000,4.324,ok,668400213
4ef421ab7804a67eead9bd84dd84105b,elargir,1.0,True,7,False,True,1.000000,4.621,ok,668400213
4ef421ab7804a67eead9bd84dd84105b,retrecir,0.25,False,7,False,False,,8.213,invariant_viole,3039114175
4ef421ab7804a67eead9bd84dd84105b,retrecir,0.25,True,7,False,True,0.250000,5.084,ok,3039114175
4ef421ab7804a67eead9bd84dd84105b,retrecir,0.5,False,7,False,False,,5.726,invariant_viole,1899085316
4ef421ab7804a67eead9bd84dd84105b,retrecir,0.5,True,7,False,True,0.500000,5.458,ok,1899085316
4ef421ab7804a67eead9bd84dd84105b,retrecir,1.0,False,7,False,False,,5.002,invariant_viole,3094976270
4ef421ab7804a67eead9bd84dd84105b,retrecir,1.0,True,7,False,True,1.000000,7.054,ok,3094976270
4ef421ab7804a67eead9bd84dd84105b,aplatir,0.1,False,7,False,False,,3.783,invariant_viole,171226950
4ef421ab7804a67eead9bd84dd84105b,aplatir,0.1,True,7,False,True,0.100000,5.442,ok,171226950
4ef421ab7804a67eead9bd84dd84105b,aplatir,0.25,False,7,False,False,,4.177,invariant_viole,3316108526
4ef421ab7804a67eead9bd84dd84105b,aplatir,0.25,True,7,False,True,0.250000,5.833,ok,3316108526
4ef421ab7804a67eead9bd84dd84105b,aplatir,0.5,False,7,False,False,,6.252,invariant_viole,2167459152
4ef421ab7804a67eead9bd84dd84105b,aplatir,0.5,True,7,False,False,,6.002,infaisable,2167459152
4ef421ab7804a67eead9bd84dd84105b,aplatir,1.0,False,7,False,False,,4.590,invariant_viole,316088031
4ef421ab7804a67eead9bd84dd84105b,aplatir,1.0,True,7,False,False,,5.150,infaisable,316088031
0f11c7f958983007590a3b6fc8c5b52d,deplacer,0.1,False,10,False,True,0.100000,6.607,ok,220155747
0f11c7f958983007590a3b6fc8c5b52d,deplacer,0.1,True,10,False,True,0.100000,9.850,ok,220155747
0f11c7f958983007590a3b6fc8c5b52d,deplacer,0.25,False,10,False,True,0.250000,6.815,ok,3114148552
0f11c7f958983007590a3b6fc8c5b52d,deplacer,0.25,True,10,False,True,0.250000,6.461,ok,3114148552
0f11c7f958983007590a3b6fc8c5b52d,deplacer,0.5,False,10,False,True,0.500000,6.478,ok,4104455627
0f11c7f958983007590a3b6fc8c5b52d,deplacer,0.5,True,10,False,True,0.500000,6.473,ok,4104455627
0f11c7f958983007590a3b6fc8c5b52d,deplacer,1.0,False,10,False,False,,5.595,invariant_viole,3120265527
0f11c7f958983007590a3b6fc8c5b52d,deplacer,1.0,True,10,False,False,,1.966,trame,3120265527
0f11c7f958983007590a3b6fc8c5b52d,elargir,0.1,False,10,False,True,0.100000,6.154,ok,4171928037
0f11c7f958983007590a3b6fc8c5b52d,elargir,0.1,True,10,False,True,0.100000,5.680,ok,4171928037
0f11c7f958983007590a3b6fc8c5b52d,elargir,0.25,False,10,False,True,0.250000,6.190,ok,3906795403
0f11c7f958983007590a3b6fc8c5b52d,elargir,0.25,True,10,False,True,0.250000,5.955,ok,3906795403
0f11c7f958983007590a3b6fc8c5b52d,elargir,0.5,False,10,False,True,0.500000,6.267,ok,3113303767
0f11c7f958983007590a3b6fc8c5b52d,elargir,0.5,True,10,False,True,0.500000,5.653,ok,3113303767
0f11c7f958983007590a3b6fc8c5b52d,elargir,1.0,False,10,False,True,1.000000,6.295,ok,3102598236
0f11c7f958983007590a3b6fc8c5b52d,elargir,1.0,True,10,False,True,1.000000,5.667,ok,3102598236
0f11c7f958983007590a3b6fc8c5b52d,retrecir,0.1,False,10,False,False,,6.418,invariant_viole,3975727684
0f11c7f958983007590a3b6fc8c5b52d,retrecir,0.1,True,10,False,True,0.100000,7.678,ok,3975727684
0f11c7f958983007590a3b6fc8c5b52d,retrecir,0.25,False,10,False,False,,6.926,invariant_viole,2009456188
0f11c7f958983007590a3b6fc8c5b52d,retrecir,0.25,True,10,False,True,0.250000,6.754,ok,2009456188
0f11c7f958983007590a3b6fc8c5b52d,retrecir,0.5,False,10,False,False,,6.199,invariant_viole,2705162770
0f11c7f958983007590a3b6fc8c5b52d,retrecir,0.5,True,10,False,True,0.500000,6.724,ok,2705162770
0f11c7f958983007590a3b6fc8c5b52d,retrecir,1.0,False,10,False,False,,5.647,invariant_viole,1917059435
0f11c7f958983007590a3b6fc8c5b52d,retrecir,1.0,True,10,False,True,1.000000,7.199,ok,1917059435
0f11c7f958983007590a3b6fc8c5b52d,aplatir,0.1,False,10,False,False,,7.715,invariant_viole,1373220665
0f11c7f958983007590a3b6fc8c5b52d,aplatir,0.1,True,10,False,True,0.100000,6.400,ok,1373220665
0f11c7f958983007590a3b6fc8c5b52d,aplatir,0.25,False,10,False,False,,5.866,invariant_viole,1328185823
0f11c7f958983007590a3b6fc8c5b52d,aplatir,0.25,True,10,False,True,0.250000,7.054,ok,1328185823
0f11c7f958983007590a3b6fc8c5b52d,aplatir,0.5,False,10,False,False,,5.851,invariant_viole,1205433522
0f11c7f958983007590a3b6fc8c5b52d,aplatir,0.5,True,10,False,True,0.500000,7.057,ok,1205433522
0f11c7f958983007590a3b6fc8c5b52d,aplatir,1.0,False,10,False,False,,5.667,invariant_viole,577192412
0f11c7f958983007590a3b6fc8c5b52d,aplatir,1.0,True,10,False,True,1.000000,6.251,ok,577192412
6835518992981e66a422cdbd8a410cbc,deplacer,0.1,False,10,False,True,0.100000,6.073,ok,431166316
6835518992981e66a422cdbd8a410cbc,deplacer,0.1,True,10,False,True,0.100000,8.849,ok,431166316
6835518992981e66a422cdbd8a410cbc,deplacer,0.25,False,10,False,True,0.250000,5.773,ok,106977216
6835518992981e66a422cdbd8a410cbc,deplacer,0.25,True,10,False,True,0.250000,9.177,ok,106977216
6835518992981e66a422cdbd8a410cbc,deplacer,0.5,False,10,False,True,0.500000,5.781,ok,3313027221
6835518992981e66a422cdbd8a410cbc,deplacer,0.5,True,10,False,True,0.500000,9.052,ok,3313027221
6835518992981e66a422cdbd8a410cbc,deplacer,1.0,False,10,False,True,1.000000,7.709,ok,1548937015
6835518992981e66a422cdbd8a410cbc,deplacer,1.0,True,10,False,True,1.000000,9.680,ok,1548937015
6835518992981e66a422cdbd8a410cbc,elargir,0.1,False,10,False,True,0.100000,5.800,ok,2763490396
6835518992981e66a422cdbd8a410cbc,elargir,0.1,True,10,False,True,0.100000,8.739,ok,2763490396
6835518992981e66a422cdbd8a410cbc,elargir,0.25,False,10,False,False,,5.613,invariant_viole,1121722402
6835518992981e66a422cdbd8a410cbc,elargir,0.25,True,10,False,True,0.250000,8.891,ok,1121722402
6835518992981e66a422cdbd8a410cbc,elargir,0.5,False,10,False,True,0.500000,5.512,ok,2519722519
6835518992981e66a422cdbd8a410cbc,elargir,0.5,True,10,False,True,0.500000,8.651,ok,2519722519
6835518992981e66a422cdbd8a410cbc,elargir,1.0,False,10,False,True,1.000000,5.653,ok,982430220
6835518992981e66a422cdbd8a410cbc,elargir,1.0,True,10,False,True,1.000000,8.829,ok,982430220
6835518992981e66a422cdbd8a410cbc,retrecir,0.1,False,10,False,False,,6.004,invariant_viole,3117838800
6835518992981e66a422cdbd8a410cbc,retrecir,0.1,True,10,False,True,0.100000,8.667,ok,3117838800
6835518992981e66a422cdbd8a410cbc,retrecir,0.25,False,10,False,True,0.250000,9.767,ok,4239671245
6835518992981e66a422cdbd8a410cbc,retrecir,0.25,True,10,False,True,0.250000,9.081,ok,4239671245
6835518992981e66a422cdbd8a410cbc,retrecir,0.5,False,10,False,False,,6.239,invariant_viole,447887168
6835518992981e66a422cdbd8a410cbc,retrecir,0.5,True,10,False,True,0.500000,12.447,ok,447887168
6835518992981e66a422cdbd8a410cbc,retrecir,1.0,False,10,False,False,,6.062,invariant_viole,2087373507
6835518992981e66a422cdbd8a410cbc,retrecir,1.0,True,10,False,True,1.000000,9.215,ok,2087373507
6835518992981e66a422cdbd8a410cbc,aplatir,0.1,False,10,False,False,,5.682,invariant_viole,2332474574
6835518992981e66a422cdbd8a410cbc,aplatir,0.1,True,10,False,True,0.100000,9.650,ok,2332474574
6835518992981e66a422cdbd8a410cbc,aplatir,0.25,False,10,False,False,,6.179,invariant_viole,1603250563
6835518992981e66a422cdbd8a410cbc,aplatir,0.25,True,10,False,True,0.250000,8.553,ok,1603250563
6835518992981e66a422cdbd8a410cbc,aplatir,0.5,False,10,False,False,,5.802,invariant_viole,2476372834
6835518992981e66a422cdbd8a410cbc,aplatir,0.5,True,10,False,True,0.500000,8.254,ok,2476372834
6835518992981e66a422cdbd8a410cbc,aplatir,1.0,False,10,False,False,,6.978,invariant_viole,2170598722
6835518992981e66a422cdbd8a410cbc,aplatir,1.0,True,10,False,True,1.000000,9.086,ok,2170598722
d2f3aaad6f115b17dd0a94d38f77c5a0,deplacer,0.1,False,10,False,False,,7.293,invariant_viole,1391502420
d2f3aaad6f115b17dd0a94d38f77c5a0,deplacer,0.1,True,10,False,True,0.100000,6.060,ok,1391502420
d2f3aaad6f115b17dd0a94d38f77c5a0,deplacer,0.25,False,10,False,True,0.250000,7.395,ok,1125501572
d2f3aaad6f115b17dd0a94d38f77c5a0,deplacer,0.25,True,10,False,True,0.250000,6.986,ok,1125501572
d2f3aaad6f115b17dd0a94d38f77c5a0,deplacer,0.5,False,10,False,True,0.500000,6.023,ok,4229023246
d2f3aaad6f115b17dd0a94d38f77c5a0,deplacer,0.5,True,10,False,True,0.500000,6.920,ok,4229023246
d2f3aaad6f115b17dd0a94d38f77c5a0,deplacer,1.0,False,10,False,False,,5.329,invariant_viole,692358893
d2f3aaad6f115b17dd0a94d38f77c5a0,deplacer,1.0,True,10,False,True,1.000000,6.877,ok,692358893
d2f3aaad6f115b17dd0a94d38f77c5a0,elargir,0.1,False,10,False,True,0.100000,5.355,ok,2158114572
d2f3aaad6f115b17dd0a94d38f77c5a0,elargir,0.1,True,10,False,True,0.100000,6.084,ok,2158114572
d2f3aaad6f115b17dd0a94d38f77c5a0,elargir,0.25,False,10,False,True,0.250000,5.382,ok,50226386
d2f3aaad6f115b17dd0a94d38f77c5a0,elargir,0.25,True,10,False,True,0.250000,6.730,ok,50226386
d2f3aaad6f115b17dd0a94d38f77c5a0,elargir,0.5,False,10,False,True,0.500000,5.733,ok,2898750481
d2f3aaad6f115b17dd0a94d38f77c5a0,elargir,0.5,True,10,False,True,0.500000,5.776,ok,2898750481
d2f3aaad6f115b17dd0a94d38f77c5a0,elargir,1.0,False,10,False,True,1.000000,5.447,ok,337253255
d2f3aaad6f115b17dd0a94d38f77c5a0,elargir,1.0,True,10,False,True,1.000000,6.013,ok,337253255
d2f3aaad6f115b17dd0a94d38f77c5a0,retrecir,0.1,False,10,False,False,,8.548,invariant_viole,2461099062
d2f3aaad6f115b17dd0a94d38f77c5a0,retrecir,0.1,True,10,False,True,0.100000,5.993,ok,2461099062
d2f3aaad6f115b17dd0a94d38f77c5a0,retrecir,0.25,False,10,False,True,0.250000,5.584,ok,1427516268
d2f3aaad6f115b17dd0a94d38f77c5a0,retrecir,0.25,True,10,False,True,0.250000,6.091,ok,1427516268
d2f3aaad6f115b17dd0a94d38f77c5a0,retrecir,0.5,False,10,False,False,,7.388,invariant_viole,1915740545
d2f3aaad6f115b17dd0a94d38f77c5a0,retrecir,0.5,True,10,False,True,0.319384,6.177,ok,1915740545
d2f3aaad6f115b17dd0a94d38f77c5a0,retrecir,1.0,False,10,False,False,,6.204,invariant_viole,2581748643
d2f3aaad6f115b17dd0a94d38f77c5a0,retrecir,1.0,True,10,False,True,0.319384,5.922,ok,2581748643
d2f3aaad6f115b17dd0a94d38f77c5a0,aplatir,0.1,False,10,False,False,,5.539,invariant_viole,4251622632
d2f3aaad6f115b17dd0a94d38f77c5a0,aplatir,0.1,True,10,False,True,0.100000,6.970,ok,4251622632
d2f3aaad6f115b17dd0a94d38f77c5a0,aplatir,0.25,False,10,False,False,,5.398,invariant_viole,792092166
d2f3aaad6f115b17dd0a94d38f77c5a0,aplatir,0.25,True,10,False,True,0.250000,7.553,ok,792092166
d2f3aaad6f115b17dd0a94d38f77c5a0,aplatir,0.5,False,10,False,False,,5.323,invariant_viole,3880937966
d2f3aaad6f115b17dd0a94d38f77c5a0,aplatir,0.5,True,10,False,True,0.500000,6.338,ok,3880937966
d2f3aaad6f115b17dd0a94d38f77c5a0,aplatir,1.0,False,10,False,False,,5.396,invariant_viole,3353158903
d2f3aaad6f115b17dd0a94d38f77c5a0,aplatir,1.0,True,10,False,True,1.000000,7.488,ok,3353158903
d33cf4db124cba8f8bb1d37921f63433,deplacer,0.1,False,11,False,False,,6.421,invariant_viole,2642906517
d33cf4db124cba8f8bb1d37921f63433,deplacer,0.1,True,11,False,True,0.100000,6.251,ok,2642906517
d33cf4db124cba8f8bb1d37921f63433,deplacer,0.25,False,11,False,True,0.250000,7.594,ok,3220476501
d33cf4db124cba8f8bb1d37921f63433,deplacer,0.25,True,11,False,True,0.250000,7.213,ok,3220476501
d33cf4db124cba8f8bb1d37921f63433,deplacer,0.5,False,11,False,True,0.500000,6.921,ok,3984858997
d33cf4db124cba8f8bb1d37921f63433,deplacer,0.5,True,11,False,True,0.500000,6.477,ok,3984858997
d33cf4db124cba8f8bb1d37921f63433,deplacer,1.0,False,11,False,True,1.000000,7.800,ok,221755095
d33cf4db124cba8f8bb1d37921f63433,deplacer,1.0,True,11,False,True,1.000000,6.667,ok,221755095
d33cf4db124cba8f8bb1d37921f63433,elargir,0.1,False,11,False,True,0.100000,6.007,ok,1750789188
d33cf4db124cba8f8bb1d37921f63433,elargir,0.1,True,11,False,True,0.100000,8.203,ok,1750789188
d33cf4db124cba8f8bb1d37921f63433,elargir,0.25,False,11,False,True,0.250000,7.472,ok,3899297927
d33cf4db124cba8f8bb1d37921f63433,elargir,0.25,True,11,False,True,0.250000,6.621,ok,3899297927
d33cf4db124cba8f8bb1d37921f63433,elargir,0.5,False,11,False,True,0.500000,8.857,ok,3717021169
d33cf4db124cba8f8bb1d37921f63433,elargir,0.5,True,11,False,True,0.500000,9.556,ok,3717021169
d33cf4db124cba8f8bb1d37921f63433,elargir,1.0,False,11,False,True,1.000000,7.511,ok,1151510147
d33cf4db124cba8f8bb1d37921f63433,elargir,1.0,True,11,False,True,1.000000,7.387,ok,1151510147
d33cf4db124cba8f8bb1d37921f63433,retrecir,0.1,False,11,False,False,,7.969,invariant_viole,1150640677
d33cf4db124cba8f8bb1d37921f63433,retrecir,0.1,True,11,False,True,0.100000,6.462,ok,1150640677
d33cf4db124cba8f8bb1d37921f63433,retrecir,0.25,False,11,False,False,,6.360,invariant_viole,102640564
d33cf4db124cba8f8bb1d37921f63433,retrecir,0.25,True,11,False,True,0.250000,6.107,ok,102640564
d33cf4db124cba8f8bb1d37921f63433,retrecir,0.5,False,11,False,False,,6.198,invariant_viole,2510396929
d33cf4db124cba8f8bb1d37921f63433,retrecir,0.5,True,11,False,True,0.500000,6.491,ok,2510396929
d33cf4db124cba8f8bb1d37921f63433,retrecir,1.0,False,11,False,False,,5.881,invariant_viole,1794256101
d33cf4db124cba8f8bb1d37921f63433,retrecir,1.0,True,11,False,True,1.000000,6.442,ok,1794256101
d33cf4db124cba8f8bb1d37921f63433,aplatir,0.1,False,11,False,False,,5.855,invariant_viole,1611848988
d33cf4db124cba8f8bb1d37921f63433,aplatir,0.1,True,11,False,True,0.100000,6.050,ok,1611848988
d33cf4db124cba8f8bb1d37921f63433,aplatir,0.25,False,11,False,False,,5.947,invariant_viole,3807814162
d33cf4db124cba8f8bb1d37921f63433,aplatir,0.25,True,11,False,True,0.250000,6.087,ok,3807814162
d33cf4db124cba8f8bb1d37921f63433,aplatir,0.5,False,11,False,False,,5.886,invariant_viole,120987103
d33cf4db124cba8f8bb1d37921f63433,aplatir,0.5,True,11,False,True,0.500000,6.353,ok,120987103
d33cf4db124cba8f8bb1d37921f63433,aplatir,1.0,False,11,False,False,,6.250,invariant_viole,3308963183
d33cf4db124cba8f8bb1d37921f63433,aplatir,1.0,True,11,False,True,1.000000,5.912,ok,3308963183
7612211316d2e00be9cc10ae760db1ce,deplacer,0.1,False,11,False,True,0.100000,5.981,ok,1622996617
7612211316d2e00be9cc10ae760db1ce,deplacer,0.1,True,11,False,True,0.100000,6.402,ok,1622996617
7612211316d2e00be9cc10ae760db1ce,deplacer,0.25,False,11,False,True,0.250000,5.886,ok,1282059201
7612211316d2e00be9cc10ae760db1ce,deplacer,0.25,True,11,False,True,0.250000,5.834,ok,1282059201
7612211316d2e00be9cc10ae760db1ce,deplacer,0.5,False,11,False,False,,5.940,invariant_viole,1832754199
7612211316d2e00be9cc10ae760db1ce,deplacer,0.5,True,11,False,True,0.500000,6.660,ok,1832754199
7612211316d2e00be9cc10ae760db1ce,deplacer,1.0,False,11,False,True,1.000000,6.024,ok,4142589325
7612211316d2e00be9cc10ae760db1ce,deplacer,1.0,True,11,False,True,1.000000,5.845,ok,4142589325
7612211316d2e00be9cc10ae760db1ce,elargir,0.1,False,11,False,True,0.100000,6.445,ok,1710481095
7612211316d2e00be9cc10ae760db1ce,elargir,0.1,True,11,False,True,0.100000,6.108,ok,1710481095
7612211316d2e00be9cc10ae760db1ce,elargir,0.25,False,11,False,False,,6.723,invariant_viole,2457014624
7612211316d2e00be9cc10ae760db1ce,elargir,0.25,True,11,False,False,,7.343,infaisable,2457014624
7612211316d2e00be9cc10ae760db1ce,elargir,0.5,False,11,False,False,,7.695,invariant_viole,3460242405
7612211316d2e00be9cc10ae760db1ce,elargir,0.5,True,11,False,False,,7.954,infaisable,3460242405
7612211316d2e00be9cc10ae760db1ce,elargir,1.0,False,11,False,True,1.000000,6.464,ok,645412293
7612211316d2e00be9cc10ae760db1ce,elargir,1.0,True,11,False,True,1.000000,5.814,ok,645412293
7612211316d2e00be9cc10ae760db1ce,retrecir,0.1,False,11,False,False,,5.822,invariant_viole,210019173
7612211316d2e00be9cc10ae760db1ce,retrecir,0.1,True,11,False,True,0.100000,5.837,ok,210019173
7612211316d2e00be9cc10ae760db1ce,retrecir,0.25,False,11,False,True,0.250000,6.426,ok,4040483254
7612211316d2e00be9cc10ae760db1ce,retrecir,0.25,True,11,False,True,0.250000,6.169,ok,4040483254
7612211316d2e00be9cc10ae760db1ce,retrecir,0.5,False,11,False,False,,6.266,invariant_viole,1777811664
7612211316d2e00be9cc10ae760db1ce,retrecir,0.5,True,11,False,True,0.500000,6.368,ok,1777811664
7612211316d2e00be9cc10ae760db1ce,retrecir,1.0,False,11,False,False,,6.047,invariant_viole,1453769434
7612211316d2e00be9cc10ae760db1ce,retrecir,1.0,True,11,False,True,1.000000,6.114,ok,1453769434
7612211316d2e00be9cc10ae760db1ce,aplatir,0.1,False,11,False,False,,6.768,invariant_viole,839837226
7612211316d2e00be9cc10ae760db1ce,aplatir,0.1,True,11,False,True,0.100000,7.523,ok,839837226
7612211316d2e00be9cc10ae760db1ce,aplatir,0.25,False,11,False,False,,7.441,invariant_viole,3873178665
7612211316d2e00be9cc10ae760db1ce,aplatir,0.25,True,11,False,True,0.250000,6.361,ok,3873178665
7612211316d2e00be9cc10ae760db1ce,aplatir,0.5,False,11,False,False,,7.633,invariant_viole,144453687
7612211316d2e00be9cc10ae760db1ce,aplatir,0.5,True,11,False,True,0.500000,6.598,ok,144453687
7612211316d2e00be9cc10ae760db1ce,aplatir,1.0,False,11,False,False,,5.920,invariant_viole,2506263347
7612211316d2e00be9cc10ae760db1ce,aplatir,1.0,True,11,False,True,1.000000,5.861,ok,2506263347
48628832730644efeee82386b9b02b8b,deplacer,0.1,False,11,False,False,,6.453,invariant_viole,4149585352
48628832730644efeee82386b9b02b8b,deplacer,0.1,True,11,False,True,0.100000,8.493,ok,4149585352
48628832730644efeee82386b9b02b8b,deplacer,0.25,False,11,False,False,,6.180,invariant_viole,477203770
48628832730644efeee82386b9b02b8b,deplacer,0.25,True,11,False,True,0.250000,8.353,ok,477203770
48628832730644efeee82386b9b02b8b,deplacer,0.5,False,11,False,False,,6.555,invariant_viole,304339821
48628832730644efeee82386b9b02b8b,deplacer,0.5,True,11,False,False,,7.745,infaisable,304339821
48628832730644efeee82386b9b02b8b,deplacer,1.0,False,11,False,False,,8.236,invariant_viole,2929802373
48628832730644efeee82386b9b02b8b,deplacer,1.0,True,11,False,True,1.000000,8.736,ok,2929802373
48628832730644efeee82386b9b02b8b,elargir,0.1,False,11,False,True,0.100000,6.543,ok,1470774895
48628832730644efeee82386b9b02b8b,elargir,0.1,True,11,False,True,0.100000,11.337,ok,1470774895
48628832730644efeee82386b9b02b8b,elargir,0.25,False,11,False,False,,6.966,invariant_viole,1948974252
48628832730644efeee82386b9b02b8b,elargir,0.25,True,11,False,False,,7.918,infaisable,1948974252
48628832730644efeee82386b9b02b8b,elargir,0.5,False,11,False,True,0.500000,6.057,ok,1980822845
48628832730644efeee82386b9b02b8b,elargir,0.5,True,11,False,True,0.500000,8.175,ok,1980822845
48628832730644efeee82386b9b02b8b,elargir,1.0,False,11,False,True,1.000000,6.968,ok,3618991586
48628832730644efeee82386b9b02b8b,elargir,1.0,True,11,False,True,1.000000,10.337,ok,3618991586
48628832730644efeee82386b9b02b8b,retrecir,0.1,False,11,False,False,,6.570,invariant_viole,2034292373
48628832730644efeee82386b9b02b8b,retrecir,0.1,True,11,False,True,0.100000,7.930,ok,2034292373
48628832730644efeee82386b9b02b8b,retrecir,0.25,False,11,False,False,,6.537,invariant_viole,2317891523
48628832730644efeee82386b9b02b8b,retrecir,0.25,True,11,False,True,0.250000,7.977,ok,2317891523
48628832730644efeee82386b9b02b8b,retrecir,0.5,False,11,False,False,,10.060,invariant_viole,3681279335
48628832730644efeee82386b9b02b8b,retrecir,0.5,True,11,False,True,0.308360,8.836,ok,3681279335
48628832730644efeee82386b9b02b8b,retrecir,1.0,False,11,False,False,,7.264,invariant_viole,2587745577
48628832730644efeee82386b9b02b8b,retrecir,1.0,True,11,False,True,1.000000,8.986,ok,2587745577
48628832730644efeee82386b9b02b8b,aplatir,0.1,False,11,False,False,,5.979,invariant_viole,1724759371
48628832730644efeee82386b9b02b8b,aplatir,0.1,True,11,False,True,0.100000,10.648,ok,1724759371
48628832730644efeee82386b9b02b8b,aplatir,0.25,False,11,False,True,0.250000,6.527,ok,2419948034
48628832730644efeee82386b9b02b8b,aplatir,0.25,True,11,False,True,0.250000,8.065,ok,2419948034
48628832730644efeee82386b9b02b8b,aplatir,0.5,False,11,False,True,0.500000,6.682,ok,4276299822
48628832730644efeee82386b9b02b8b,aplatir,0.5,True,11,False,True,0.500000,9.952,ok,4276299822
48628832730644efeee82386b9b02b8b,aplatir,1.0,False,11,False,False,,6.289,invariant_viole,2415587677
48628832730644efeee82386b9b02b8b,aplatir,1.0,True,11,False,True,1.000000,8.239,ok,2415587677
ec91bce88f3c508927370bdb4fed8537,deplacer,0.1,False,11,False,True,0.100000,6.733,ok,822289073
ec91bce88f3c508927370bdb4fed8537,deplacer,0.1,True,11,False,True,0.100000,6.156,ok,822289073
ec91bce88f3c508927370bdb4fed8537,deplacer,0.25,False,11,False,False,,5.986,invariant_viole,792279063
ec91bce88f3c508927370bdb4fed8537,deplacer,0.25,True,11,False,False,,8.320,infaisable,792279063
ec91bce88f3c508927370bdb4fed8537,deplacer,0.5,False,11,False,False,,6.433,invariant_viole,2153407711
ec91bce88f3c508927370bdb4fed8537,deplacer,0.5,True,11,False,True,0.500000,6.750,ok,2153407711
ec91bce88f3c508927370bdb4fed8537,deplacer,1.0,False,11,False,False,,5.912,invariant_viole,2160383246
ec91bce88f3c508927370bdb4fed8537,deplacer,1.0,True,11,False,True,1.000000,6.631,ok,2160383246
ec91bce88f3c508927370bdb4fed8537,elargir,0.1,False,11,False,False,,6.101,invariant_viole,1896330310
ec91bce88f3c508927370bdb4fed8537,elargir,0.1,True,11,False,False,,8.032,infaisable,1896330310
ec91bce88f3c508927370bdb4fed8537,elargir,0.25,False,11,False,True,0.250000,7.164,ok,3211289354
ec91bce88f3c508927370bdb4fed8537,elargir,0.25,True,11,False,True,0.250000,7.245,ok,3211289354
ec91bce88f3c508927370bdb4fed8537,elargir,0.5,False,11,False,False,,5.978,invariant_viole,201917871
ec91bce88f3c508927370bdb4fed8537,elargir,0.5,True,11,False,True,0.500000,8.280,ok,201917871
ec91bce88f3c508927370bdb4fed8537,elargir,1.0,False,11,False,True,1.000000,10.619,ok,1218125789
ec91bce88f3c508927370bdb4fed8537,elargir,1.0,True,11,False,True,1.000000,7.139,ok,1218125789
ec91bce88f3c508927370bdb4fed8537,retrecir,0.1,False,11,False,False,,6.696,invariant_viole,155828401
ec91bce88f3c508927370bdb4fed8537,retrecir,0.1,True,11,False,True,0.100000,7.498,ok,155828401
ec91bce88f3c508927370bdb4fed8537,retrecir,0.25,False,11,False,False,,7.485,invariant_viole,1412282823
ec91bce88f3c508927370bdb4fed8537,retrecir,0.25,True,11,False,True,0.250000,6.206,ok,1412282823
ec91bce88f3c508927370bdb4fed8537,retrecir,0.5,False,11,False,False,,5.739,invariant_viole,493996726
ec91bce88f3c508927370bdb4fed8537,retrecir,0.5,True,11,False,True,0.500000,5.965,ok,493996726
ec91bce88f3c508927370bdb4fed8537,retrecir,1.0,False,11,False,False,,6.392,invariant_viole,776357595
ec91bce88f3c508927370bdb4fed8537,retrecir,1.0,True,11,False,True,0.341841,6.677,ok,776357595
ec91bce88f3c508927370bdb4fed8537,aplatir,0.1,False,11,False,False,,5.734,invariant_viole,1562826309
ec91bce88f3c508927370bdb4fed8537,aplatir,0.1,True,11,False,True,0.100000,6.245,ok,1562826309
ec91bce88f3c508927370bdb4fed8537,aplatir,0.25,False,11,False,False,,9.830,invariant_viole,336742476
ec91bce88f3c508927370bdb4fed8537,aplatir,0.25,True,11,False,True,0.250000,7.214,ok,336742476
ec91bce88f3c508927370bdb4fed8537,aplatir,0.5,False,11,False,False,,6.204,invariant_viole,933103938
ec91bce88f3c508927370bdb4fed8537,aplatir,0.5,True,11,False,True,0.500000,8.666,ok,933103938
ec91bce88f3c508927370bdb4fed8537,aplatir,1.0,False,11,False,True,1.000000,6.897,ok,1722615186
ec91bce88f3c508927370bdb4fed8537,aplatir,1.0,True,11,False,True,1.000000,7.161,ok,1722615186
1a85fae2910e0f788b14cccb304531cd,deplacer,0.1,False,11,False,True,0.100000,7.609,ok,3825094807
1a85fae2910e0f788b14cccb304531cd,deplacer,0.1,True,11,False,True,0.100000,5.671,ok,3825094807
1a85fae2910e0f788b14cccb304531cd,deplacer,0.25,False,11,False,False,,6.675,invariant_viole,2887070600
1a85fae2910e0f788b14cccb304531cd,deplacer,0.25,True,11,False,True,0.250000,5.697,ok,2887070600
1a85fae2910e0f788b14cccb304531cd,deplacer,0.5,False,11,False,True,0.500000,5.903,ok,3316992200
1a85fae2910e0f788b14cccb304531cd,deplacer,0.5,True,11,False,True,0.500000,6.147,ok,3316992200
1a85fae2910e0f788b14cccb304531cd,deplacer,1.0,False,11,False,True,1.000000,7.785,ok,2094892069
1a85fae2910e0f788b14cccb304531cd,deplacer,1.0,True,11,False,True,1.000000,6.841,ok,2094892069
1a85fae2910e0f788b14cccb304531cd,elargir,0.1,False,11,False,False,,6.088,invariant_viole,1393911704
1a85fae2910e0f788b14cccb304531cd,elargir,0.1,True,11,False,False,,7.500,infaisable,1393911704
1a85fae2910e0f788b14cccb304531cd,elargir,0.25,False,11,False,True,0.250000,6.446,ok,2612635804
1a85fae2910e0f788b14cccb304531cd,elargir,0.25,True,11,False,True,0.250000,5.687,ok,2612635804
1a85fae2910e0f788b14cccb304531cd,elargir,0.5,False,11,False,False,,5.731,invariant_viole,629145699
1a85fae2910e0f788b14cccb304531cd,elargir,0.5,True,11,False,True,0.500000,8.206,ok,629145699
1a85fae2910e0f788b14cccb304531cd,elargir,1.0,False,11,False,False,,6.681,invariant_viole,208980551
1a85fae2910e0f788b14cccb304531cd,elargir,1.0,True,11,False,False,,8.783,infaisable,208980551
1a85fae2910e0f788b14cccb304531cd,retrecir,0.1,False,11,False,False,,5.895,invariant_viole,2748507876
1a85fae2910e0f788b14cccb304531cd,retrecir,0.1,True,11,False,True,0.100000,5.769,ok,2748507876
1a85fae2910e0f788b14cccb304531cd,retrecir,0.25,False,11,False,False,,5.819,invariant_viole,1540466584
1a85fae2910e0f788b14cccb304531cd,retrecir,0.25,True,11,False,True,0.250000,5.670,ok,1540466584
1a85fae2910e0f788b14cccb304531cd,retrecir,0.5,False,11,False,False,,5.487,invariant_viole,932358166
1a85fae2910e0f788b14cccb304531cd,retrecir,0.5,True,11,False,True,0.500000,8.024,ok,932358166
1a85fae2910e0f788b14cccb304531cd,retrecir,1.0,False,11,False,False,,6.006,invariant_viole,3630192452
1a85fae2910e0f788b14cccb304531cd,retrecir,1.0,True,11,False,True,1.000000,7.227,ok,3630192452
1a85fae2910e0f788b14cccb304531cd,aplatir,0.1,False,11,False,False,,5.779,invariant_viole,2861853197
1a85fae2910e0f788b14cccb304531cd,aplatir,0.1,True,11,False,True,0.100000,10.302,ok,2861853197
1a85fae2910e0f788b14cccb304531cd,aplatir,0.25,False,11,False,False,,5.884,invariant_viole,2479584041
1a85fae2910e0f788b14cccb304531cd,aplatir,0.25,True,11,False,True,0.250000,6.777,ok,2479584041
1a85fae2910e0f788b14cccb304531cd,aplatir,0.5,False,11,False,False,,5.912,invariant_viole,720465897
1a85fae2910e0f788b14cccb304531cd,aplatir,0.5,True,11,False,True,0.500000,6.792,ok,720465897
1a85fae2910e0f788b14cccb304531cd,aplatir,1.0,False,11,False,False,,5.571,invariant_viole,3172905954
1a85fae2910e0f788b14cccb304531cd,aplatir,1.0,True,11,False,True,1.000000,6.387,ok,3172905954
e7e1b7fdadd7cf0a75a30884dcf9f359,deplacer,0.1,False,11,False,False,,6.694,invariant_viole,365558334
e7e1b7fdadd7cf0a75a30884dcf9f359,deplacer,0.1,True,11,False,True,0.100000,8.064,ok,365558334
e7e1b7fdadd7cf0a75a30884dcf9f359,deplacer,0.25,False,11,False,False,,7.987,invariant_viole,3364093392
e7e1b7fdadd7cf0a75a30884dcf9f359,deplacer,0.25,True,11,False,False,,8.018,infaisable,3364093392
e7e1b7fdadd7cf0a75a30884dcf9f359,deplacer,0.5,False,11,False,True,0.500000,10.314,ok,1522124668
e7e1b7fdadd7cf0a75a30884dcf9f359,deplacer,0.5,True,11,False,True,0.500000,10.197,ok,1522124668
e7e1b7fdadd7cf0a75a30884dcf9f359,deplacer,1.0,False,11,False,True,1.000000,10.723,ok,207865178
e7e1b7fdadd7cf0a75a30884dcf9f359,deplacer,1.0,True,11,False,True,1.000000,8.508,ok,207865178
e7e1b7fdadd7cf0a75a30884dcf9f359,elargir,0.1,False,11,False,True,0.100000,6.281,ok,503953078
e7e1b7fdadd7cf0a75a30884dcf9f359,elargir,0.1,True,11,False,True,0.100000,8.120,ok,503953078
e7e1b7fdadd7cf0a75a30884dcf9f359,elargir,0.25,False,11,False,True,0.250000,7.193,ok,214284849
e7e1b7fdadd7cf0a75a30884dcf9f359,elargir,0.25,True,11,False,True,0.250000,7.991,ok,214284849
e7e1b7fdadd7cf0a75a30884dcf9f359,elargir,0.5,False,11,False,True,0.500000,8.721,ok,4143043269
e7e1b7fdadd7cf0a75a30884dcf9f359,elargir,0.5,True,11,False,True,0.500000,8.616,ok,4143043269
e7e1b7fdadd7cf0a75a30884dcf9f359,elargir,1.0,False,11,False,True,1.000000,11.711,ok,1173700299
e7e1b7fdadd7cf0a75a30884dcf9f359,elargir,1.0,True,11,False,True,1.000000,9.168,ok,1173700299
e7e1b7fdadd7cf0a75a30884dcf9f359,retrecir,0.1,False,11,False,False,,6.334,invariant_viole,3886016084
e7e1b7fdadd7cf0a75a30884dcf9f359,retrecir,0.1,True,11,False,True,0.100000,8.540,ok,3886016084
e7e1b7fdadd7cf0a75a30884dcf9f359,retrecir,0.25,False,11,False,True,0.250000,8.661,ok,1207924447
e7e1b7fdadd7cf0a75a30884dcf9f359,retrecir,0.25,True,11,False,True,0.250000,8.336,ok,1207924447
e7e1b7fdadd7cf0a75a30884dcf9f359,retrecir,0.5,False,11,False,False,,6.936,invariant_viole,3294464035
e7e1b7fdadd7cf0a75a30884dcf9f359,retrecir,0.5,True,11,False,True,0.500000,8.266,ok,3294464035
e7e1b7fdadd7cf0a75a30884dcf9f359,retrecir,1.0,False,11,False,False,,5.898,invariant_viole,2162078784
e7e1b7fdadd7cf0a75a30884dcf9f359,retrecir,1.0,True,11,False,True,1.000000,8.410,ok,2162078784
e7e1b7fdadd7cf0a75a30884dcf9f359,aplatir,0.1,False,11,False,False,,9.061,invariant_viole,2393922535
e7e1b7fdadd7cf0a75a30884dcf9f359,aplatir,0.1,True,11,False,True,0.100000,8.734,ok,2393922535
e7e1b7fdadd7cf0a75a30884dcf9f359,aplatir,0.25,False,11,False,False,,6.012,invariant_viole,2688627964
e7e1b7fdadd7cf0a75a30884dcf9f359,aplatir,0.25,True,11,False,True,0.250000,8.530,ok,2688627964
e7e1b7fdadd7cf0a75a30884dcf9f359,aplatir,0.5,False,11,False,False,,5.846,invariant_viole,2244858516
e7e1b7fdadd7cf0a75a30884dcf9f359,aplatir,0.5,True,11,False,True,0.500000,10.569,ok,2244858516
e7e1b7fdadd7cf0a75a30884dcf9f359,aplatir,1.0,False,11,False,False,,5.900,invariant_viole,146829805
e7e1b7fdadd7cf0a75a30884dcf9f359,aplatir,1.0,True,11,False,True,1.000000,8.926,ok,146829805
32d7ae7613fc68356e1f683cea26c46c,deplacer,0.1,False,11,False,True,0.100000,6.505,ok,655749754
32d7ae7613fc68356e1f683cea26c46c,deplacer,0.1,True,11,False,True,0.100000,9.948,ok,655749754
32d7ae7613fc68356e1f683cea26c46c,deplacer,0.25,False,11,False,False,,7.952,invariant_viole,399569175
32d7ae7613fc68356e1f683cea26c46c,deplacer,0.25,True,11,False,True,0.250000,6.417,ok,399569175
32d7ae7613fc68356e1f683cea26c46c,deplacer,0.5,False,11,False,False,,9.376,invariant_viole,3620180027
32d7ae7613fc68356e1f683cea26c46c,deplacer,0.5,True,11,False,True,0.500000,6.127,ok,3620180027
32d7ae7613fc68356e1f683cea26c46c,deplacer,1.0,False,11,False,True,1.000000,7.077,ok,2668848093
32d7ae7613fc68356e1f683cea26c46c,deplacer,1.0,True,11,False,True,1.000000,7.971,ok,2668848093
32d7ae7613fc68356e1f683cea26c46c,elargir,0.1,False,11,False,True,0.100000,8.803,ok,3961134785
32d7ae7613fc68356e1f683cea26c46c,elargir,0.1,True,11,False,True,0.100000,6.352,ok,3961134785
32d7ae7613fc68356e1f683cea26c46c,elargir,0.25,False,11,False,False,,6.086,invariant_viole,4034888475
32d7ae7613fc68356e1f683cea26c46c,elargir,0.25,True,11,False,True,0.288512,7.101,ok,4034888475
32d7ae7613fc68356e1f683cea26c46c,elargir,0.5,False,11,False,True,0.500000,10.964,ok,2809976088
32d7ae7613fc68356e1f683cea26c46c,elargir,0.5,True,11,False,True,0.500000,6.633,ok,2809976088
32d7ae7613fc68356e1f683cea26c46c,elargir,1.0,False,11,False,True,1.000000,6.851,ok,3494116097
32d7ae7613fc68356e1f683cea26c46c,elargir,1.0,True,11,False,True,1.000000,7.510,ok,3494116097
32d7ae7613fc68356e1f683cea26c46c,retrecir,0.1,False,11,False,False,,6.904,invariant_viole,2695114454
32d7ae7613fc68356e1f683cea26c46c,retrecir,0.1,True,11,False,True,0.100000,6.799,ok,2695114454
32d7ae7613fc68356e1f683cea26c46c,retrecir,0.25,False,11,False,False,,6.990,invariant_viole,151901018
32d7ae7613fc68356e1f683cea26c46c,retrecir,0.25,True,11,False,True,0.250000,6.356,ok,151901018
32d7ae7613fc68356e1f683cea26c46c,retrecir,0.5,False,11,False,False,,6.701,invariant_viole,2790463131
32d7ae7613fc68356e1f683cea26c46c,retrecir,0.5,True,11,False,True,0.500000,6.272,ok,2790463131
32d7ae7613fc68356e1f683cea26c46c,retrecir,1.0,False,11,False,True,0.326996,8.157,ok,3388174237
32d7ae7613fc68356e1f683cea26c46c,retrecir,1.0,True,11,False,True,0.326996,6.689,ok,3388174237
32d7ae7613fc68356e1f683cea26c46c,aplatir,0.1,False,11,False,False,,7.094,invariant_viole,205967458
32d7ae7613fc68356e1f683cea26c46c,aplatir,0.1,True,11,False,True,0.100000,6.031,ok,205967458
32d7ae7613fc68356e1f683cea26c46c,aplatir,0.25,False,11,False,False,,7.430,invariant_viole,3602899887
32d7ae7613fc68356e1f683cea26c46c,aplatir,0.25,True,11,False,True,0.250000,8.560,ok,3602899887
32d7ae7613fc68356e1f683cea26c46c,aplatir,0.5,False,11,False,False,,6.948,invariant_viole,2206805584
32d7ae7613fc68356e1f683cea26c46c,aplatir,0.5,True,11,False,True,0.500000,8.005,ok,2206805584
32d7ae7613fc68356e1f683cea26c46c,aplatir,1.0,False,11,False,False,,8.398,invariant_viole,3903886234
32d7ae7613fc68356e1f683cea26c46c,aplatir,1.0,True,11,False,False,,9.523,infaisable,3903886234
3eee32c3ec6d00674afabd58c3d22018,deplacer,0.1,False,11,False,True,0.100000,6.439,ok,363569368
3eee32c3ec6d00674afabd58c3d22018,deplacer,0.1,True,11,False,True,0.100000,6.635,ok,363569368
3eee32c3ec6d00674afabd58c3d22018,deplacer,0.25,False,11,False,True,0.250000,7.362,ok,571920767
3eee32c3ec6d00674afabd58c3d22018,deplacer,0.25,True,11,False,True,0.250000,6.422,ok,571920767
3eee32c3ec6d00674afabd58c3d22018,deplacer,0.5,False,11,False,True,0.500000,6.169,ok,2324146305
3eee32c3ec6d00674afabd58c3d22018,deplacer,0.5,True,11,False,True,0.500000,6.052,ok,2324146305
3eee32c3ec6d00674afabd58c3d22018,deplacer,1.0,False,11,False,True,1.000000,6.296,ok,3220318518
3eee32c3ec6d00674afabd58c3d22018,deplacer,1.0,True,11,False,True,1.000000,6.615,ok,3220318518
3eee32c3ec6d00674afabd58c3d22018,elargir,0.1,False,11,False,True,0.100000,6.462,ok,3412914607
3eee32c3ec6d00674afabd58c3d22018,elargir,0.1,True,11,False,True,0.100000,6.640,ok,3412914607
3eee32c3ec6d00674afabd58c3d22018,elargir,0.25,False,11,False,True,0.250000,5.852,ok,2900784371
3eee32c3ec6d00674afabd58c3d22018,elargir,0.25,True,11,False,True,0.250000,7.333,ok,2900784371
3eee32c3ec6d00674afabd58c3d22018,elargir,0.5,False,11,False,True,0.500000,6.682,ok,489062007
3eee32c3ec6d00674afabd58c3d22018,elargir,0.5,True,11,False,True,0.500000,10.017,ok,489062007
3eee32c3ec6d00674afabd58c3d22018,elargir,1.0,False,11,False,False,,6.595,invariant_viole,803487092
3eee32c3ec6d00674afabd58c3d22018,elargir,1.0,True,11,False,False,,8.656,infaisable,803487092
3eee32c3ec6d00674afabd58c3d22018,retrecir,0.1,False,11,False,False,,7.603,invariant_viole,2012495960
3eee32c3ec6d00674afabd58c3d22018,retrecir,0.1,True,11,False,True,0.100000,6.843,ok,2012495960
3eee32c3ec6d00674afabd58c3d22018,retrecir,0.25,False,11,False,False,,6.690,invariant_viole,2635139472
3eee32c3ec6d00674afabd58c3d22018,retrecir,0.25,True,11,False,True,0.250000,6.395,ok,2635139472
3eee32c3ec6d00674afabd58c3d22018,retrecir,0.5,False,11,False,False,,7.218,invariant_viole,2004863379
3eee32c3ec6d00674afabd58c3d22018,retrecir,0.5,True,11,False,True,0.500000,6.134,ok,2004863379
3eee32c3ec6d00674afabd58c3d22018,retrecir,1.0,False,11,False,False,,7.500,invariant_viole,3234662766
3eee32c3ec6d00674afabd58c3d22018,retrecir,1.0,True,11,False,True,1.000000,7.890,ok,3234662766
3eee32c3ec6d00674afabd58c3d22018,aplatir,0.1,False,11,False,False,,6.970,invariant_viole,356205890
3eee32c3ec6d00674afabd58c3d22018,aplatir,0.1,True,11,False,True,0.100000,6.145,ok,356205890
3eee32c3ec6d00674afabd58c3d22018,aplatir,0.25,False,11,False,False,,7.264,invariant_viole,1854952435
3eee32c3ec6d00674afabd58c3d22018,aplatir,0.25,True,11,False,True,0.250000,6.109,ok,1854952435
3eee32c3ec6d00674afabd58c3d22018,aplatir,0.5,False,11,False,False,,6.649,invariant_viole,1594792452
3eee32c3ec6d00674afabd58c3d22018,aplatir,0.5,True,11,False,True,0.500000,6.229,ok,1594792452
3eee32c3ec6d00674afabd58c3d22018,aplatir,1.0,False,11,False,False,,6.600,invariant_viole,3325149142
3eee32c3ec6d00674afabd58c3d22018,aplatir,1.0,True,11,False,True,1.000000,6.847,ok,3325149142
9e740685c422db00cf982f90d25f7ef6,deplacer,0.1,False,11,False,True,0.100000,7.376,ok,1682095402
9e740685c422db00cf982f90d25f7ef6,deplacer,0.1,True,11,False,True,0.100000,7.284,ok,1682095402
9e740685c422db00cf982f90d25f7ef6,deplacer,0.25,False,11,False,True,0.250000,7.233,ok,143429006
9e740685c422db00cf982f90d25f7ef6,deplacer,0.25,True,11,False,True,0.250000,7.250,ok,143429006
9e740685c422db00cf982f90d25f7ef6,deplacer,0.5,False,11,False,True,0.500000,13.371,ok,3717878000
9e740685c422db00cf982f90d25f7ef6,deplacer,0.5,True,11,False,True,0.500000,9.290,ok,3717878000
9e740685c422db00cf982f90d25f7ef6,deplacer,1.0,False,11,False,True,1.000000,8.195,ok,4210873295
9e740685c422db00cf982f90d25f7ef6,deplacer,1.0,True,11,False,True,1.000000,8.884,ok,4210873295
9e740685c422db00cf982f90d25f7ef6,elargir,0.1,False,11,False,True,0.100000,10.061,ok,431615468
9e740685c422db00cf982f90d25f7ef6,elargir,0.1,True,11,False,True,0.100000,9.091,ok,431615468
9e740685c422db00cf982f90d25f7ef6,elargir,0.25,False,11,False,False,,7.424,invariant_viole,1035268960
9e740685c422db00cf982f90d25f7ef6,elargir,0.25,True,11,False,False,,6.985,invariant_viole,1035268960
9e740685c422db00cf982f90d25f7ef6,elargir,0.5,False,11,False,True,0.500000,7.654,ok,1920032835
9e740685c422db00cf982f90d25f7ef6,elargir,0.5,True,11,False,True,0.500000,7.978,ok,1920032835
9e740685c422db00cf982f90d25f7ef6,elargir,1.0,False,11,False,True,1.000000,7.685,ok,48347049
9e740685c422db00cf982f90d25f7ef6,elargir,1.0,True,11,False,True,1.000000,8.483,ok,48347049
9e740685c422db00cf982f90d25f7ef6,retrecir,0.1,False,11,False,False,,8.346,invariant_viole,2851861020
9e740685c422db00cf982f90d25f7ef6,retrecir,0.1,True,11,False,True,0.100000,7.223,ok,2851861020
9e740685c422db00cf982f90d25f7ef6,retrecir,0.25,False,11,False,False,,6.612,invariant_viole,2768450541
9e740685c422db00cf982f90d25f7ef6,retrecir,0.25,True,11,False,True,0.250000,7.588,ok,2768450541
9e740685c422db00cf982f90d25f7ef6,retrecir,0.5,False,11,False,True,0.500000,8.045,ok,1538894641
9e740685c422db00cf982f90d25f7ef6,retrecir,0.5,True,11,False,True,0.500000,7.098,ok,1538894641
9e740685c422db00cf982f90d25f7ef6,retrecir,1.0,False,11,False,False,,7.006,invariant_viole,1195583480
9e740685c422db00cf982f90d25f7ef6,retrecir,1.0,True,11,False,True,1.000000,8.283,ok,1195583480
9e740685c422db00cf982f90d25f7ef6,aplatir,0.1,False,11,False,False,,7.417,invariant_viole,3627385947
9e740685c422db00cf982f90d25f7ef6,aplatir,0.1,True,11,False,True,0.100000,6.465,ok,3627385947
9e740685c422db00cf982f90d25f7ef6,aplatir,0.25,False,11,False,False,,7.013,invariant_viole,1004896420
9e740685c422db00cf982f90d25f7ef6,aplatir,0.25,True,11,False,True,0.250000,6.546,ok,1004896420
9e740685c422db00cf982f90d25f7ef6,aplatir,0.5,False,11,False,False,,7.508,invariant_viole,1852413467
9e740685c422db00cf982f90d25f7ef6,aplatir,0.5,True,11,False,True,0.500000,7.603,ok,1852413467
9e740685c422db00cf982f90d25f7ef6,aplatir,1.0,False,11,False,False,,6.303,invariant_viole,775865534
9e740685c422db00cf982f90d25f7ef6,aplatir,1.0,True,11,False,True,1.000000,6.461,ok,775865534
e2e1f7889244a0977caf5f78c2689723,deplacer,0.1,False,11,False,False,,6.379,invariant_viole,2633389776
e2e1f7889244a0977caf5f78c2689723,deplacer,0.1,True,11,False,True,0.100000,9.114,ok,2633389776
e2e1f7889244a0977caf5f78c2689723,deplacer,0.25,False,11,False,False,,6.192,invariant_viole,2124774251
e2e1f7889244a0977caf5f78c2689723,deplacer,0.25,True,11,False,True,0.250000,8.900,ok,2124774251
e2e1f7889244a0977caf5f78c2689723,deplacer,0.5,False,11,False,True,0.500000,7.869,ok,424279054
e2e1f7889244a0977caf5f78c2689723,deplacer,0.5,True,11,False,True,0.500000,9.249,ok,424279054
e2e1f7889244a0977caf5f78c2689723,deplacer,1.0,False,11,False,True,1.000000,6.955,ok,1405045282
e2e1f7889244a0977caf5f78c2689723,deplacer,1.0,True,11,False,True,1.000000,9.369,ok,1405045282
e2e1f7889244a0977caf5f78c2689723,elargir,0.1,False,11,False,False,,7.526,invariant_viole,3429639142
e2e1f7889244a0977caf5f78c2689723,elargir,0.1,True,11,False,True,0.100000,9.709,ok,3429639142
e2e1f7889244a0977caf5f78c2689723,elargir,0.25,False,11,False,False,,7.141,invariant_viole,4242996102
e2e1f7889244a0977caf5f78c2689723,elargir,0.25,True,11,False,True,0.250000,9.687,ok,4242996102
e2e1f7889244a0977caf5f78c2689723,elargir,0.5,False,11,False,False,,6.169,invariant_viole,3953746571
e2e1f7889244a0977caf5f78c2689723,elargir,0.5,True,11,False,True,0.500000,9.033,ok,3953746571
e2e1f7889244a0977caf5f78c2689723,elargir,1.0,False,11,False,True,1.000000,6.930,ok,965033569
e2e1f7889244a0977caf5f78c2689723,elargir,1.0,True,11,False,True,1.000000,8.814,ok,965033569
e2e1f7889244a0977caf5f78c2689723,retrecir,0.1,False,11,False,True,0.100000,6.984,ok,3018374165
e2e1f7889244a0977caf5f78c2689723,retrecir,0.1,True,11,False,True,0.100000,9.998,ok,3018374165
e2e1f7889244a0977caf5f78c2689723,retrecir,0.25,False,11,False,False,,6.875,invariant_viole,916927070
e2e1f7889244a0977caf5f78c2689723,retrecir,0.25,True,11,False,True,0.250000,8.473,ok,916927070
e2e1f7889244a0977caf5f78c2689723,retrecir,0.5,False,11,False,True,0.321805,10.562,ok,493779748
e2e1f7889244a0977caf5f78c2689723,retrecir,0.5,True,11,False,True,0.321805,11.629,ok,493779748
e2e1f7889244a0977caf5f78c2689723,retrecir,1.0,False,11,False,False,,7.377,invariant_viole,1721745319
e2e1f7889244a0977caf5f78c2689723,retrecir,1.0,True,11,False,True,1.000000,8.627,ok,1721745319
e2e1f7889244a0977caf5f78c2689723,aplatir,0.1,False,11,False,False,,6.144,invariant_viole,3901562742
e2e1f7889244a0977caf5f78c2689723,aplatir,0.1,True,11,False,True,0.100000,8.564,ok,3901562742
e2e1f7889244a0977caf5f78c2689723,aplatir,0.25,False,11,False,False,,6.099,invariant_viole,3377249808
e2e1f7889244a0977caf5f78c2689723,aplatir,0.25,True,11,False,True,0.250000,8.363,ok,3377249808
e2e1f7889244a0977caf5f78c2689723,aplatir,0.5,False,11,False,False,,6.341,invariant_viole,1477430726
e2e1f7889244a0977caf5f78c2689723,aplatir,0.5,True,11,False,True,0.500000,8.773,ok,1477430726
e2e1f7889244a0977caf5f78c2689723,aplatir,1.0,False,11,False,False,,6.825,invariant_viole,2278948481
e2e1f7889244a0977caf5f78c2689723,aplatir,1.0,True,11,False,True,1.000000,10.458,ok,2278948481
f8b74add4005950402b84372eca8cc9d,deplacer,0.1,False,11,False,True,0.100000,7.700,ok,3086602794
f8b74add4005950402b84372eca8cc9d,deplacer,0.1,True,11,False,True,0.100000,6.968,ok,3086602794
f8b74add4005950402b84372eca8cc9d,deplacer,0.25,False,11,False,False,,6.652,invariant_viole,2639420839
f8b74add4005950402b84372eca8cc9d,deplacer,0.25,True,11,False,True,0.250000,6.935,ok,2639420839
f8b74add4005950402b84372eca8cc9d,deplacer,0.5,False,11,False,True,0.500000,6.291,ok,1028212581
f8b74add4005950402b84372eca8cc9d,deplacer,0.5,True,11,False,True,0.500000,6.309,ok,1028212581
f8b74add4005950402b84372eca8cc9d,deplacer,1.0,False,11,False,False,,5.733,invariant_viole,70438880
f8b74add4005950402b84372eca8cc9d,deplacer,1.0,True,11,False,False,,8.395,infaisable,70438880
f8b74add4005950402b84372eca8cc9d,elargir,0.1,False,11,False,False,,5.759,invariant_viole,1860977630
f8b74add4005950402b84372eca8cc9d,elargir,0.1,True,11,False,True,0.100000,6.435,ok,1860977630
f8b74add4005950402b84372eca8cc9d,elargir,0.25,False,11,False,True,0.250000,5.768,ok,635813884
f8b74add4005950402b84372eca8cc9d,elargir,0.25,True,11,False,True,0.250000,6.187,ok,635813884
f8b74add4005950402b84372eca8cc9d,elargir,0.5,False,11,False,True,0.500000,6.696,ok,212330375
f8b74add4005950402b84372eca8cc9d,elargir,0.5,True,11,False,True,0.500000,5.922,ok,212330375
f8b74add4005950402b84372eca8cc9d,elargir,1.0,False,11,False,True,1.000000,6.677,ok,1639882436
f8b74add4005950402b84372eca8cc9d,elargir,1.0,True,11,False,True,1.000000,5.858,ok,1639882436
f8b74add4005950402b84372eca8cc9d,retrecir,0.1,False,11,False,False,,6.964,invariant_viole,3222601104
f8b74add4005950402b84372eca8cc9d,retrecir,0.1,True,11,False,True,0.100000,7.316,ok,3222601104
f8b74add4005950402b84372eca8cc9d,retrecir,0.25,False,11,False,False,,6.622,invariant_viole,865964732
f8b74add4005950402b84372eca8cc9d,retrecir,0.25,True,11,False,True,0.250000,6.275,ok,865964732
f8b74add4005950402b84372eca8cc9d,retrecir,0.5,False,11,False,False,,6.017,invariant_viole,3144534855
f8b74add4005950402b84372eca8cc9d,retrecir,0.5,True,11,False,True,0.500000,5.990,ok,3144534855
f8b74add4005950402b84372eca8cc9d,retrecir,1.0,False,11,False,False,,7.185,invariant_viole,3734564175
f8b74add4005950402b84372eca8cc9d,retrecir,1.0,True,11,False,True,0.990732,6.503,ok,3734564175
f8b74add4005950402b84372eca8cc9d,aplatir,0.1,False,11,False,False,,6.914,invariant_viole,915580793
f8b74add4005950402b84372eca8cc9d,aplatir,0.1,True,11,False,True,0.100000,7.324,ok,915580793
f8b74add4005950402b84372eca8cc9d,aplatir,0.25,False,11,False,False,,6.481,invariant_viole,3341378954
f8b74add4005950402b84372eca8cc9d,aplatir,0.25,True,11,False,True,0.250000,6.056,ok,3341378954
f8b74add4005950402b84372eca8cc9d,aplatir,0.5,False,11,False,False,,6.061,invariant_viole,912059771
f8b74add4005950402b84372eca8cc9d,aplatir,0.5,True,11,False,True,0.382955,8.070,ok,912059771
f8b74add4005950402b84372eca8cc9d,aplatir,1.0,False,11,False,False,,6.177,invariant_viole,2192675582
f8b74add4005950402b84372eca8cc9d,aplatir,1.0,True,11,False,True,1.000000,6.159,ok,2192675582
8bdcd74c029edc62ffa5c95b5254c524,deplacer,0.1,False,11,False,False,,6.841,invariant_viole,4273477635
8bdcd74c029edc62ffa5c95b5254c524,deplacer,0.1,True,11,False,True,0.100000,8.190,ok,4273477635
8bdcd74c029edc62ffa5c95b5254c524,deplacer,0.25,False,11,False,True,0.250000,7.798,ok,1670736461
8bdcd74c029edc62ffa5c95b5254c524,deplacer,0.25,True,11,False,True,0.250000,8.028,ok,1670736461
8bdcd74c029edc62ffa5c95b5254c524,deplacer,0.5,False,11,False,True,0.500000,8.165,ok,3933634113
8bdcd74c029edc62ffa5c95b5254c524,deplacer,0.5,True,11,False,True,0.500000,11.266,ok,3933634113
8bdcd74c029edc62ffa5c95b5254c524,deplacer,1.0,False,11,False,True,1.000000,6.600,ok,2788646576
8bdcd74c029edc62ffa5c95b5254c524,deplacer,1.0,True,11,False,True,0.661891,10.660,ok,2788646576
8bdcd74c029edc62ffa5c95b5254c524,elargir,0.1,False,11,False,False,,8.305,invariant_viole,245546512
8bdcd74c029edc62ffa5c95b5254c524,elargir,0.1,True,11,False,True,0.100000,8.217,ok,245546512
8bdcd74c029edc62ffa5c95b5254c524,elargir,0.25,False,11,False,False,,6.497,invariant_viole,1387034612
8bdcd74c029edc62ffa5c95b5254c524,elargir,0.25,True,11,False,False,,7.577,infaisable,1387034612
8bdcd74c029edc62ffa5c95b5254c524,elargir,0.5,False,11,False,False,,8.026,invariant_viole,2452562043
8bdcd74c029edc62ffa5c95b5254c524,elargir,0.5,True,11,False,True,0.500000,8.063,ok,2452562043
8bdcd74c029edc62ffa5c95b5254c524,elargir,1.0,False,11,False,True,1.000000,8.508,ok,1761238055
8bdcd74c029edc62ffa5c95b5254c524,elargir,1.0,True,11,False,True,1.000000,6.765,ok,1761238055
8bdcd74c029edc62ffa5c95b5254c524,retrecir,0.1,False,11,False,False,,6.267,invariant_viole,739694577
8bdcd74c029edc62ffa5c95b5254c524,retrecir,0.1,True,11,False,True,0.100000,8.345,ok,739694577
8bdcd74c029edc62ffa5c95b5254c524,retrecir,0.25,False,11,False,True,0.250000,8.074,ok,3850274560
8bdcd74c029edc62ffa5c95b5254c524,retrecir,0.25,True,11,False,True,0.250000,6.293,ok,3850274560
8bdcd74c029edc62ffa5c95b5254c524,retrecir,0.5,False,11,False,False,,5.961,invariant_viole,1738135636
8bdcd74c029edc62ffa5c95b5254c524,retrecir,0.5,True,11,False,True,0.500000,9.083,ok,1738135636
8bdcd74c029edc62ffa5c95b5254c524,retrecir,1.0,False,11,False,False,,8.098,invariant_viole,4068772945
8bdcd74c029edc62ffa5c95b5254c524,retrecir,1.0,True,11,False,True,1.000000,10.602,ok,4068772945
8bdcd74c029edc62ffa5c95b5254c524,aplatir,0.1,False,11,False,False,,6.064,invariant_viole,2515300988
8bdcd74c029edc62ffa5c95b5254c524,aplatir,0.1,True,11,False,True,0.100000,9.549,ok,2515300988
8bdcd74c029edc62ffa5c95b5254c524,aplatir,0.25,False,11,False,False,,7.291,invariant_viole,16242283
8bdcd74c029edc62ffa5c95b5254c524,aplatir,0.25,True,11,False,True,0.250000,8.860,ok,16242283
8bdcd74c029edc62ffa5c95b5254c524,aplatir,0.5,False,11,False,False,,6.710,invariant_viole,1706416458
8bdcd74c029edc62ffa5c95b5254c524,aplatir,0.5,True,11,False,True,0.500000,7.897,ok,1706416458
8bdcd74c029edc62ffa5c95b5254c524,aplatir,1.0,False,11,False,False,,6.759,invariant_viole,136930598
8bdcd74c029edc62ffa5c95b5254c524,aplatir,1.0,True,11,False,True,1.000000,8.127,ok,136930598
34d2cd312382150fd04fb9238db94f98,deplacer,0.1,False,11,False,True,0.100000,7.255,ok,2407780825
34d2cd312382150fd04fb9238db94f98,deplacer,0.1,True,11,False,True,0.100000,7.993,ok,2407780825
34d2cd312382150fd04fb9238db94f98,deplacer,0.25,False,11,False,True,0.250000,7.359,ok,2822092438
34d2cd312382150fd04fb9238db94f98,deplacer,0.25,True,11,False,True,0.250000,8.687,ok,2822092438
34d2cd312382150fd04fb9238db94f98,deplacer,0.5,False,11,False,True,0.500000,8.115,ok,3888845739
34d2cd312382150fd04fb9238db94f98,deplacer,0.5,True,11,False,True,0.500000,10.674,ok,3888845739
34d2cd312382150fd04fb9238db94f98,deplacer,1.0,False,11,False,True,1.000000,7.547,ok,3976912841
34d2cd312382150fd04fb9238db94f98,deplacer,1.0,True,11,False,True,1.000000,10.128,ok,3976912841
34d2cd312382150fd04fb9238db94f98,elargir,0.1,False,11,False,True,0.100000,7.023,ok,2178527149
34d2cd312382150fd04fb9238db94f98,elargir,0.1,True,11,False,True,0.100000,8.157,ok,2178527149
34d2cd312382150fd04fb9238db94f98,elargir,0.25,False,11,False,False,,10.183,invariant_viole,2557322735
34d2cd312382150fd04fb9238db94f98,elargir,0.25,True,11,False,True,0.250000,8.260,ok,2557322735
34d2cd312382150fd04fb9238db94f98,elargir,0.5,False,11,False,True,0.500000,7.541,ok,456369253
34d2cd312382150fd04fb9238db94f98,elargir,0.5,True,11,False,True,0.500000,8.330,ok,456369253
34d2cd312382150fd04fb9238db94f98,elargir,1.0,False,11,False,True,1.000000,7.334,ok,1620750027
34d2cd312382150fd04fb9238db94f98,elargir,1.0,True,11,False,True,1.000000,8.028,ok,1620750027
34d2cd312382150fd04fb9238db94f98,retrecir,0.1,False,11,False,False,,6.725,invariant_viole,2513361172
34d2cd312382150fd04fb9238db94f98,retrecir,0.1,True,11,False,True,0.100000,10.725,ok,2513361172
34d2cd312382150fd04fb9238db94f98,retrecir,0.25,False,11,False,False,,6.278,invariant_viole,521445490
34d2cd312382150fd04fb9238db94f98,retrecir,0.25,True,11,False,True,0.250000,9.660,ok,521445490
34d2cd312382150fd04fb9238db94f98,retrecir,0.5,False,11,False,False,,6.141,invariant_viole,1342262939
34d2cd312382150fd04fb9238db94f98,retrecir,0.5,True,11,False,True,0.500000,8.650,ok,1342262939
34d2cd312382150fd04fb9238db94f98,retrecir,1.0,False,11,False,False,,5.964,invariant_viole,1840898902
34d2cd312382150fd04fb9238db94f98,retrecir,1.0,True,11,False,True,1.237543,9.974,ok,1840898902
34d2cd312382150fd04fb9238db94f98,aplatir,0.1,False,11,False,False,,7.156,invariant_viole,1845893040
34d2cd312382150fd04fb9238db94f98,aplatir,0.1,True,11,False,True,0.100000,7.946,ok,1845893040
34d2cd312382150fd04fb9238db94f98,aplatir,0.25,False,11,False,False,,7.214,invariant_viole,850116989
34d2cd312382150fd04fb9238db94f98,aplatir,0.25,True,11,False,True,0.250000,9.632,ok,850116989
34d2cd312382150fd04fb9238db94f98,aplatir,0.5,False,11,False,False,,6.843,invariant_viole,1298307458
34d2cd312382150fd04fb9238db94f98,aplatir,0.5,True,11,False,True,0.500000,7.929,ok,1298307458
34d2cd312382150fd04fb9238db94f98,aplatir,1.0,False,11,False,False,,9.204,invariant_viole,2548866925
34d2cd312382150fd04fb9238db94f98,aplatir,1.0,True,11,False,True,1.000000,9.248,ok,2548866925
e7e310f98e5fbd97c60e8d0a1e0f89e2,deplacer,0.1,False,5,False,False,,3.427,invariant_viole,426085062
e7e310f98e5fbd97c60e8d0a1e0f89e2,deplacer,0.1,True,5,False,True,0.100000,5.237,ok,426085062
e7e310f98e5fbd97c60e8d0a1e0f89e2,deplacer,0.25,False,5,False,True,0.250000,4.507,ok,1712057025
e7e310f98e5fbd97c60e8d0a1e0f89e2,deplacer,0.25,True,5,False,True,0.250000,4.856,ok,1712057025
e7e310f98e5fbd97c60e8d0a1e0f89e2,deplacer,0.5,False,5,False,False,,3.218,invariant_viole,2377729096
e7e310f98e5fbd97c60e8d0a1e0f89e2,deplacer,0.5,True,5,False,True,0.500000,4.717,ok,2377729096
e7e310f98e5fbd97c60e8d0a1e0f89e2,deplacer,1.0,False,5,False,False,,2.884,invariant_viole,506785347
e7e310f98e5fbd97c60e8d0a1e0f89e2,deplacer,1.0,True,5,False,False,,4.971,infaisable,506785347
e7e310f98e5fbd97c60e8d0a1e0f89e2,elargir,0.1,False,5,False,True,0.100000,4.310,ok,869713723
e7e310f98e5fbd97c60e8d0a1e0f89e2,elargir,0.1,True,5,False,True,0.100000,4.643,ok,869713723
e7e310f98e5fbd97c60e8d0a1e0f89e2,elargir,0.25,False,5,False,True,0.250000,4.230,ok,3377375217
e7e310f98e5fbd97c60e8d0a1e0f89e2,elargir,0.25,True,5,False,True,0.250000,4.639,ok,3377375217
e7e310f98e5fbd97c60e8d0a1e0f89e2,elargir,0.5,False,5,False,False,,2.995,invariant_viole,1024176329
e7e310f98e5fbd97c60e8d0a1e0f89e2,elargir,0.5,True,5,False,False,,4.024,infaisable,1024176329
e7e310f98e5fbd97c60e8d0a1e0f89e2,elargir,1.0,False,5,False,True,1.000000,6.924,ok,2237317491
e7e310f98e5fbd97c60e8d0a1e0f89e2,elargir,1.0,True,5,False,True,1.000000,5.468,ok,2237317491
e7e310f98e5fbd97c60e8d0a1e0f89e2,retrecir,0.1,False,5,False,False,,3.898,invariant_viole,4167420242
e7e310f98e5fbd97c60e8d0a1e0f89e2,retrecir,0.1,True,5,False,True,0.100000,5.895,ok,4167420242
e7e310f98e5fbd97c60e8d0a1e0f89e2,retrecir,0.25,False,5,False,False,,3.584,invariant_viole,3645488884
e7e310f98e5fbd97c60e8d0a1e0f89e2,retrecir,0.25,True,5,False,True,0.250000,6.528,ok,3645488884
e7e310f98e5fbd97c60e8d0a1e0f89e2,retrecir,0.5,False,5,False,False,,3.086,invariant_viole,3826279434
e7e310f98e5fbd97c60e8d0a1e0f89e2,retrecir,0.5,True,5,False,True,0.500000,4.646,ok,3826279434
e7e310f98e5fbd97c60e8d0a1e0f89e2,retrecir,1.0,False,5,False,False,,3.835,invariant_viole,2351952181
e7e310f98e5fbd97c60e8d0a1e0f89e2,retrecir,1.0,True,5,False,True,1.000000,5.141,ok,2351952181
e7e310f98e5fbd97c60e8d0a1e0f89e2,aplatir,0.1,False,5,False,False,,3.398,invariant_viole,3102101956
e7e310f98e5fbd97c60e8d0a1e0f89e2,aplatir,0.1,True,5,False,True,0.100000,5.064,ok,3102101956
e7e310f98e5fbd97c60e8d0a1e0f89e2,aplatir,0.25,False,5,False,False,,3.154,invariant_viole,1991414652
e7e310f98e5fbd97c60e8d0a1e0f89e2,aplatir,0.25,True,5,False,True,0.250000,4.770,ok,1991414652
e7e310f98e5fbd97c60e8d0a1e0f89e2,aplatir,0.5,False,5,False,False,,2.869,invariant_viole,1545263189
e7e310f98e5fbd97c60e8d0a1e0f89e2,aplatir,0.5,True,5,False,True,0.500000,5.633,ok,1545263189
e7e310f98e5fbd97c60e8d0a1e0f89e2,aplatir,1.0,False,5,False,False,,2.824,invariant_viole,1201891889
e7e310f98e5fbd97c60e8d0a1e0f89e2,aplatir,1.0,True,5,False,True,1.000000,4.573,ok,1201891889
1e8fe1dbf8b04f0aaa94100888305d97,deplacer,0.1,False,11,False,False,,6.995,invariant_viole,3236556463
1e8fe1dbf8b04f0aaa94100888305d97,deplacer,0.1,True,11,False,True,0.100000,7.352,ok,3236556463
1e8fe1dbf8b04f0aaa94100888305d97,deplacer,0.25,False,11,False,True,0.250000,6.019,ok,3953339725
1e8fe1dbf8b04f0aaa94100888305d97,deplacer,0.25,True,11,False,True,0.250000,7.214,ok,3953339725
1e8fe1dbf8b04f0aaa94100888305d97,deplacer,0.5,False,11,False,True,0.500000,5.876,ok,351855756
1e8fe1dbf8b04f0aaa94100888305d97,deplacer,0.5,True,11,False,True,0.500000,7.164,ok,351855756
1e8fe1dbf8b04f0aaa94100888305d97,deplacer,1.0,False,11,False,False,,5.921,invariant_viole,3115957047
1e8fe1dbf8b04f0aaa94100888305d97,deplacer,1.0,True,11,False,False,,8.190,infaisable,3115957047
1e8fe1dbf8b04f0aaa94100888305d97,elargir,0.1,False,11,False,True,0.100000,5.658,ok,47777129
1e8fe1dbf8b04f0aaa94100888305d97,elargir,0.1,True,11,False,True,0.100000,6.512,ok,47777129
1e8fe1dbf8b04f0aaa94100888305d97,elargir,0.25,False,11,False,False,,5.622,invariant_viole,4137135096
1e8fe1dbf8b04f0aaa94100888305d97,elargir,0.25,True,11,False,True,0.250000,9.277,ok,4137135096
1e8fe1dbf8b04f0aaa94100888305d97,elargir,0.5,False,11,False,True,0.500000,7.091,ok,126975948
1e8fe1dbf8b04f0aaa94100888305d97,elargir,0.5,True,11,False,True,0.500000,8.362,ok,126975948
1e8fe1dbf8b04f0aaa94100888305d97,elargir,1.0,False,11,False,False,,7.262,invariant_viole,660992346
1e8fe1dbf8b04f0aaa94100888305d97,elargir,1.0,True,11,False,False,,8.199,infaisable,660992346
1e8fe1dbf8b04f0aaa94100888305d97,retrecir,0.1,False,11,False,False,,7.252,invariant_viole,2487662887
1e8fe1dbf8b04f0aaa94100888305d97,retrecir,0.1,True,11,False,True,0.100000,6.528,ok,2487662887
1e8fe1dbf8b04f0aaa94100888305d97,retrecir,0.25,False,11,False,False,,6.300,invariant_viole,3638604351
1e8fe1dbf8b04f0aaa94100888305d97,retrecir,0.25,True,11,False,True,0.250000,7.405,ok,3638604351
1e8fe1dbf8b04f0aaa94100888305d97,retrecir,0.5,False,11,False,False,,6.138,invariant_viole,408871572
1e8fe1dbf8b04f0aaa94100888305d97,retrecir,0.5,True,11,False,True,0.500000,6.376,ok,408871572
1e8fe1dbf8b04f0aaa94100888305d97,retrecir,1.0,False,11,False,False,,6.187,invariant_viole,2258938631
1e8fe1dbf8b04f0aaa94100888305d97,retrecir,1.0,True,11,False,True,1.000000,7.445,ok,2258938631
1e8fe1dbf8b04f0aaa94100888305d97,aplatir,0.1,False,11,False,False,,6.763,invariant_viole,1345852700
1e8fe1dbf8b04f0aaa94100888305d97,aplatir,0.1,True,11,False,True,0.100000,6.351,ok,1345852700
1e8fe1dbf8b04f0aaa94100888305d97,aplatir,0.25,False,11,False,False,,8.801,invariant_viole,518721068
1e8fe1dbf8b04f0aaa94100888305d97,aplatir,0.25,True,11,False,True,0.250000,7.682,ok,518721068
1e8fe1dbf8b04f0aaa94100888305d97,aplatir,0.5,False,11,False,True,0.500000,6.364,ok,3864080346
1e8fe1dbf8b04f0aaa94100888305d97,aplatir,0.5,True,11,False,True,0.500000,8.111,ok,3864080346
1e8fe1dbf8b04f0aaa94100888305d97,aplatir,1.0,False,11,False,False,,7.194,invariant_viole,2612030941
1e8fe1dbf8b04f0aaa94100888305d97,aplatir,1.0,True,11,False,True,1.000000,7.633,ok,2612030941
c8a204d49eccd2c6998a7030b8445a67,deplacer,0.1,False,11,False,False,,6.319,invariant_viole,749060250
c8a204d49eccd2c6998a7030b8445a67,deplacer,0.1,True,11,False,True,0.100000,6.789,ok,749060250
c8a204d49eccd2c6998a7030b8445a67,deplacer,0.25,False,11,False,False,,6.225,invariant_viole,2928102652
c8a204d49eccd2c6998a7030b8445a67,deplacer,0.25,True,11,False,True,0.250000,7.187,ok,2928102652
c8a204d49eccd2c6998a7030b8445a67,deplacer,0.5,False,11,False,True,0.500000,6.151,ok,2224029465
c8a204d49eccd2c6998a7030b8445a67,deplacer,0.5,True,11,False,True,0.500000,6.383,ok,2224029465
c8a204d49eccd2c6998a7030b8445a67,deplacer,1.0,False,11,False,False,,6.827,invariant_viole,4291186336
c8a204d49eccd2c6998a7030b8445a67,deplacer,1.0,True,11,False,True,2.059060,6.487,ok,4291186336
c8a204d49eccd2c6998a7030b8445a67,elargir,0.1,False,11,False,False,,6.881,invariant_viole,4055600561
c8a204d49eccd2c6998a7030b8445a67,elargir,0.1,True,11,False,True,0.100000,8.074,ok,4055600561
c8a204d49eccd2c6998a7030b8445a67,elargir,0.25,False,11,False,True,0.250000,6.794,ok,1505631591
c8a204d49eccd2c6998a7030b8445a67,elargir,0.25,True,11,False,True,0.250000,6.258,ok,1505631591
c8a204d49eccd2c6998a7030b8445a67,elargir,0.5,False,11,False,True,0.500000,5.774,ok,3849149849
c8a204d49eccd2c6998a7030b8445a67,elargir,0.5,True,11,False,True,0.500000,5.733,ok,3849149849
c8a204d49eccd2c6998a7030b8445a67,elargir,1.0,False,11,False,False,,6.097,invariant_viole,1550602139
c8a204d49eccd2c6998a7030b8445a67,elargir,1.0,True,11,False,True,1.000000,6.647,ok,1550602139
c8a204d49eccd2c6998a7030b8445a67,retrecir,0.1,False,11,False,False,,5.887,invariant_viole,3370050299
c8a204d49eccd2c6998a7030b8445a67,retrecir,0.1,True,11,False,True,0.100000,5.604,ok,3370050299
c8a204d49eccd2c6998a7030b8445a67,retrecir,0.25,False,11,False,False,,6.118,invariant_viole,3987783208
c8a204d49eccd2c6998a7030b8445a67,retrecir,0.25,True,11,False,True,0.250000,5.650,ok,3987783208
c8a204d49eccd2c6998a7030b8445a67,retrecir,0.5,False,11,False,False,,6.235,invariant_viole,2258523672
c8a204d49eccd2c6998a7030b8445a67,retrecir,0.5,True,11,False,True,0.500000,5.636,ok,2258523672
c8a204d49eccd2c6998a7030b8445a67,retrecir,1.0,False,11,False,False,,6.434,invariant_viole,2174846697
c8a204d49eccd2c6998a7030b8445a67,retrecir,1.0,True,11,False,True,0.869339,5.622,ok,2174846697
c8a204d49eccd2c6998a7030b8445a67,aplatir,0.1,False,11,False,False,,6.715,invariant_viole,4069314709
c8a204d49eccd2c6998a7030b8445a67,aplatir,0.1,True,11,False,True,0.100000,5.900,ok,4069314709
c8a204d49eccd2c6998a7030b8445a67,aplatir,0.25,False,11,False,False,,5.907,invariant_viole,1970074123
c8a204d49eccd2c6998a7030b8445a67,aplatir,0.25,True,11,False,True,0.250000,6.860,ok,1970074123
c8a204d49eccd2c6998a7030b8445a67,aplatir,0.5,False,11,False,False,,5.849,invariant_viole,3979814885
c8a204d49eccd2c6998a7030b8445a67,aplatir,0.5,True,11,False,True,0.500000,8.044,ok,3979814885
c8a204d49eccd2c6998a7030b8445a67,aplatir,1.0,False,11,False,False,,6.004,invariant_viole,2482618434
c8a204d49eccd2c6998a7030b8445a67,aplatir,1.0,True,11,False,True,1.000000,6.200,ok,2482618434
e72990ea9d1d05b3aef4cbf5bcdf397e,deplacer,0.1,False,11,False,False,,7.154,invariant_viole,573448331
e72990ea9d1d05b3aef4cbf5bcdf397e,deplacer,0.1,True,11,False,True,0.100000,6.846,ok,573448331
e72990ea9d1d05b3aef4cbf5bcdf397e,deplacer,0.25,False,11,False,False,,7.676,invariant_viole,2359384590
e72990ea9d1d05b3aef4cbf5bcdf397e,deplacer,0.25,True,11,False,False,,8.360,infaisable,2359384590
e72990ea9d1d05b3aef4cbf5bcdf397e,deplacer,0.5,False,11,False,False,,8.898,invariant_viole,78534714
e72990ea9d1d05b3aef4cbf5bcdf397e,deplacer,0.5,True,11,False,False,,11.504,infaisable,78534714
e72990ea9d1d05b3aef4cbf5bcdf397e,deplacer,1.0,False,11,False,False,,11.159,invariant_viole,2554837120
e72990ea9d1d05b3aef4cbf5bcdf397e,deplacer,1.0,True,11,False,True,1.000000,7.867,ok,2554837120
e72990ea9d1d05b3aef4cbf5bcdf397e,elargir,0.1,False,11,False,False,,8.240,invariant_viole,3437185305
e72990ea9d1d05b3aef4cbf5bcdf397e,elargir,0.1,True,11,False,True,0.100000,6.450,ok,3437185305
e72990ea9d1d05b3aef4cbf5bcdf397e,elargir,0.25,False,11,False,False,,8.644,invariant_viole,760665030
e72990ea9d1d05b3aef4cbf5bcdf397e,elargir,0.25,True,11,False,False,,9.622,infaisable,760665030
e72990ea9d1d05b3aef4cbf5bcdf397e,elargir,0.5,False,11,False,True,0.500000,13.309,ok,1760608576
e72990ea9d1d05b3aef4cbf5bcdf397e,elargir,0.5,True,11,False,True,0.500000,6.198,ok,1760608576
e72990ea9d1d05b3aef4cbf5bcdf397e,elargir,1.0,False,11,False,False,,6.230,invariant_viole,3347917510
e72990ea9d1d05b3aef4cbf5bcdf397e,elargir,1.0,True,11,False,True,1.000000,6.332,ok,3347917510
e72990ea9d1d05b3aef4cbf5bcdf397e,retrecir,0.1,False,11,False,False,,6.098,invariant_viole,1590403781
e72990ea9d1d05b3aef4cbf5bcdf397e,retrecir,0.1,True,11,False,True,0.100000,7.803,ok,1590403781
e72990ea9d1d05b3aef4cbf5bcdf397e,retrecir,0.25,False,11,False,False,,6.786,invariant_viole,2370175644
e72990ea9d1d05b3aef4cbf5bcdf397e,retrecir,0.25,True,11,False,True,0.250000,6.635,ok,2370175644
e72990ea9d1d05b3aef4cbf5bcdf397e,retrecir,0.5,False,11,False,False,,6.294,invariant_viole,2286975491
e72990ea9d1d05b3aef4cbf5bcdf397e,retrecir,0.5,True,11,False,True,0.500000,5.992,ok,2286975491
e72990ea9d1d05b3aef4cbf5bcdf397e,retrecir,1.0,False,11,False,False,,5.867,invariant_viole,1539854367
e72990ea9d1d05b3aef4cbf5bcdf397e,retrecir,1.0,True,11,False,True,1.000000,7.258,ok,1539854367
e72990ea9d1d05b3aef4cbf5bcdf397e,aplatir,0.1,False,11,False,False,,5.903,invariant_viole,1743308921
e72990ea9d1d05b3aef4cbf5bcdf397e,aplatir,0.1,True,11,False,True,0.100000,6.452,ok,1743308921
e72990ea9d1d05b3aef4cbf5bcdf397e,aplatir,0.25,False,11,False,False,,6.098,invariant_viole,1618993689
e72990ea9d1d05b3aef4cbf5bcdf397e,aplatir,0.25,True,11,False,True,0.250000,7.136,ok,1618993689
e72990ea9d1d05b3aef4cbf5bcdf397e,aplatir,0.5,False,11,False,False,,5.813,invariant_viole,4191598371
e72990ea9d1d05b3aef4cbf5bcdf397e,aplatir,0.5,True,11,False,True,0.500000,6.048,ok,4191598371
e72990ea9d1d05b3aef4cbf5bcdf397e,aplatir,1.0,False,11,False,False,,5.912,invariant_viole,3453471889
e72990ea9d1d05b3aef4cbf5bcdf397e,aplatir,1.0,True,11,False,True,1.000000,6.907,ok,3453471889
4fd557913c9aa7b47f9b0f0ad1c6880d,deplacer,0.1,False,11,False,True,0.100000,6.922,ok,1308667835
4fd557913c9aa7b47f9b0f0ad1c6880d,deplacer,0.1,True,11,False,True,0.100000,8.417,ok,1308667835
4fd557913c9aa7b47f9b0f0ad1c6880d,deplacer,0.25,False,11,False,False,,6.364,invariant_viole,1910610820
4fd557913c9aa7b47f9b0f0ad1c6880d,deplacer,0.25,True,11,False,False,,8.141,infaisable,1910610820
4fd557913c9aa7b47f9b0f0ad1c6880d,deplacer,0.5,False,11,False,True,0.500000,6.034,ok,3240598534
4fd557913c9aa7b47f9b0f0ad1c6880d,deplacer,0.5,True,11,False,True,0.500000,5.899,ok,3240598534
4fd557913c9aa7b47f9b0f0ad1c6880d,deplacer,1.0,False,11,False,False,,5.866,invariant_viole,1804099330
4fd557913c9aa7b47f9b0f0ad1c6880d,deplacer,1.0,True,11,False,True,1.000000,7.118,ok,1804099330
4fd557913c9aa7b47f9b0f0ad1c6880d,elargir,0.1,False,11,False,True,0.100000,5.949,ok,3954763900
4fd557913c9aa7b47f9b0f0ad1c6880d,elargir,0.1,True,11,False,True,0.100000,7.429,ok,3954763900
4fd557913c9aa7b47f9b0f0ad1c6880d,elargir,0.25,False,11,False,False,,5.673,invariant_viole,1121490861
4fd557913c9aa7b47f9b0f0ad1c6880d,elargir,0.25,True,11,False,True,0.250000,7.587,ok,1121490861
4fd557913c9aa7b47f9b0f0ad1c6880d,elargir,0.5,False,11,False,False,,6.029,invariant_viole,697883972
4fd557913c9aa7b47f9b0f0ad1c6880d,elargir,0.5,True,11,False,False,,11.156,infaisable,697883972
4fd557913c9aa7b47f9b0f0ad1c6880d,elargir,1.0,False,11,False,False,,6.172,invariant_viole,1814305174
4fd557913c9aa7b47f9b0f0ad1c6880d,elargir,1.0,True,11,False,True,1.000000,6.671,ok,1814305174
4fd557913c9aa7b47f9b0f0ad1c6880d,retrecir,0.1,False,11,False,False,,8.151,invariant_viole,3723730760
4fd557913c9aa7b47f9b0f0ad1c6880d,retrecir,0.1,True,11,False,True,0.100000,10.114,ok,3723730760
4fd557913c9aa7b47f9b0f0ad1c6880d,retrecir,0.25,False,11,False,False,,6.355,invariant_viole,1226272194
4fd557913c9aa7b47f9b0f0ad1c6880d,retrecir,0.25,True,11,False,True,0.250000,6.023,ok,1226272194
4fd557913c9aa7b47f9b0f0ad1c6880d,retrecir,0.5,False,11,False,False,,6.652,invariant_viole,2261544733
4fd557913c9aa7b47f9b0f0ad1c6880d,retrecir,0.5,True,11,False,True,0.500000,7.215,ok,2261544733
4fd557913c9aa7b47f9b0f0ad1c6880d,retrecir,1.0,False,11,False,False,,6.100,invariant_viole,3114773600
4fd557913c9aa7b47f9b0f0ad1c6880d,retrecir,1.0,True,11,False,True,1.000000,5.779,ok,3114773600
4fd557913c9aa7b47f9b0f0ad1c6880d,aplatir,0.1,False,11,False,False,,5.873,invariant_viole,3682277130
4fd557913c9aa7b47f9b0f0ad1c6880d,aplatir,0.1,True,11,False,True,0.100000,6.099,ok,3682277130
4fd557913c9aa7b47f9b0f0ad1c6880d,aplatir,0.25,False,11,False,False,,5.792,invariant_viole,117689865
4fd557913c9aa7b47f9b0f0ad1c6880d,aplatir,0.25,True,11,False,True,0.250000,5.874,ok,117689865
4fd557913c9aa7b47f9b0f0ad1c6880d,aplatir,0.5,False,11,False,False,,6.185,invariant_viole,177586448
4fd557913c9aa7b47f9b0f0ad1c6880d,aplatir,0.5,True,11,False,True,0.500000,6.914,ok,177586448
4fd557913c9aa7b47f9b0f0ad1c6880d,aplatir,1.0,False,11,False,False,,8.136,invariant_viole,1128911493
4fd557913c9aa7b47f9b0f0ad1c6880d,aplatir,1.0,True,11,False,True,1.000000,8.818,ok,1128911493
c4ac7b6f2c7a6eeeb3bb9b529ca44597,deplacer,0.1,False,11,False,True,0.100000,6.557,ok,1602246121
c4ac7b6f2c7a6eeeb3bb9b529ca44597,deplacer,0.1,True,11,False,True,0.100000,6.160,ok,1602246121
c4ac7b6f2c7a6eeeb3bb9b529ca44597,deplacer,0.25,False,11,False,True,0.250000,7.171,ok,4096394142
c4ac7b6f2c7a6eeeb3bb9b529ca44597,deplacer,0.25,True,11,False,True,0.250000,6.678,ok,4096394142
c4ac7b6f2c7a6eeeb3bb9b529ca44597,deplacer,0.5,False,11,False,False,,5.961,invariant_viole,3657002186
c4ac7b6f2c7a6eeeb3bb9b529ca44597,deplacer,0.5,True,11,False,True,0.500000,6.379,ok,3657002186
c4ac7b6f2c7a6eeeb3bb9b529ca44597,deplacer,1.0,False,11,False,True,1.000000,5.869,ok,3568446251
c4ac7b6f2c7a6eeeb3bb9b529ca44597,deplacer,1.0,True,11,False,False,,8.484,infaisable,3568446251
c4ac7b6f2c7a6eeeb3bb9b529ca44597,elargir,0.1,False,11,False,False,,5.729,invariant_viole,3395998792
c4ac7b6f2c7a6eeeb3bb9b529ca44597,elargir,0.1,True,11,False,True,0.100000,6.213,ok,3395998792
c4ac7b6f2c7a6eeeb3bb9b529ca44597,elargir,0.25,False,11,False,False,,6.086,invariant_viole,2635551692
c4ac7b6f2c7a6eeeb3bb9b529ca44597,elargir,0.25,True,11,False,False,,8.078,infaisable,2635551692
c4ac7b6f2c7a6eeeb3bb9b529ca44597,elargir,0.5,False,11,False,True,0.500000,5.894,ok,1180850685
c4ac7b6f2c7a6eeeb3bb9b529ca44597,elargir,0.5,True,11,False,True,0.500000,6.288,ok,1180850685
c4ac7b6f2c7a6eeeb3bb9b529ca44597,elargir,1.0,False,11,False,False,,5.827,invariant_viole,3459567245
c4ac7b6f2c7a6eeeb3bb9b529ca44597,elargir,1.0,True,11,False,True,1.000000,6.576,ok,3459567245
c4ac7b6f2c7a6eeeb3bb9b529ca44597,retrecir,0.1,False,11,False,False,,5.782,invariant_viole,4161152634
c4ac7b6f2c7a6eeeb3bb9b529ca44597,retrecir,0.1,True,11,False,True,0.100000,6.738,ok,4161152634
c4ac7b6f2c7a6eeeb3bb9b529ca44597,retrecir,0.25,False,11,False,False,,6.422,invariant_viole,3777098229
c4ac7b6f2c7a6eeeb3bb9b529ca44597,retrecir,0.25,True,11,False,True,0.250000,6.546,ok,3777098229
c4ac7b6f2c7a6eeeb3bb9b529ca44597,retrecir,0.5,False,11,False,False,,5.849,invariant_viole,875665445
c4ac7b6f2c7a6eeeb3bb9b529ca44597,retrecir,0.5,True,11,False,True,0.500000,6.040,ok,875665445
c4ac7b6f2c7a6eeeb3bb9b529ca44597,retrecir,1.0,False,11,False,False,,5.793,invariant_viole,1320851437
c4ac7b6f2c7a6eeeb3bb9b529ca44597,retrecir,1.0,True,11,False,True,1.000000,6.137,ok,1320851437
c4ac7b6f2c7a6eeeb3bb9b529ca44597,aplatir,0.1,False,11,False,False,,6.468,invariant_viole,2581187318
c4ac7b6f2c7a6eeeb3bb9b529ca44597,aplatir,0.1,True,11,False,True,0.100000,5.881,ok,2581187318
c4ac7b6f2c7a6eeeb3bb9b529ca44597,aplatir,0.25,False,11,False,False,,7.269,invariant_viole,4149616477
c4ac7b6f2c7a6eeeb3bb9b529ca44597,aplatir,0.25,True,11,False,True,0.250000,6.282,ok,4149616477
c4ac7b6f2c7a6eeeb3bb9b529ca44597,aplatir,0.5,False,11,False,False,,6.113,invariant_viole,3908302155
c4ac7b6f2c7a6eeeb3bb9b529ca44597,aplatir,0.5,True,11,False,True,0.500000,5.985,ok,3908302155
c4ac7b6f2c7a6eeeb3bb9b529ca44597,aplatir,1.0,False,11,False,False,,6.420,invariant_viole,3945601802
c4ac7b6f2c7a6eeeb3bb9b529ca44597,aplatir,1.0,True,11,False,True,1.000000,7.585,ok,3945601802
f455bb3bd1cbf4b4164937315fcb1897,deplacer,0.1,False,11,False,False,,7.921,invariant_viole,2939569178
f455bb3bd1cbf4b4164937315fcb1897,deplacer,0.1,True,11,False,False,,7.620,infaisable,2939569178
f455bb3bd1cbf4b4164937315fcb1897,deplacer,0.25,False,11,False,False,,6.436,invariant_viole,2887814043
f455bb3bd1cbf4b4164937315fcb1897,deplacer,0.25,True,11,False,False,,7.435,infaisable,2887814043
f455bb3bd1cbf4b4164937315fcb1897,deplacer,0.5,False,11,False,False,,6.295,invariant_viole,3568573257
f455bb3bd1cbf4b4164937315fcb1897,deplacer,0.5,True,11,False,True,0.500000,6.949,ok,3568573257
f455bb3bd1cbf4b4164937315fcb1897,deplacer,1.0,False,11,False,False,,8.046,invariant_viole,2238497370
f455bb3bd1cbf4b4164937315fcb1897,deplacer,1.0,True,11,False,True,1.000000,6.850,ok,2238497370
f455bb3bd1cbf4b4164937315fcb1897,elargir,0.1,False,11,False,True,0.100000,9.437,ok,935833863
f455bb3bd1cbf4b4164937315fcb1897,elargir,0.1,True,11,False,True,0.100000,6.878,ok,935833863
f455bb3bd1cbf4b4164937315fcb1897,elargir,0.25,False,11,False,True,0.250000,8.176,ok,48149415
f455bb3bd1cbf4b4164937315fcb1897,elargir,0.25,True,11,False,True,0.250000,6.944,ok,48149415
f455bb3bd1cbf4b4164937315fcb1897,elargir,0.5,False,11,False,False,,8.952,invariant_viole,1325122389
f455bb3bd1cbf4b4164937315fcb1897,elargir,0.5,True,11,False,True,0.500000,9.319,ok,1325122389
f455bb3bd1cbf4b4164937315fcb1897,elargir,1.0,False,11,False,False,,6.112,invariant_viole,389786206
f455bb3bd1cbf4b4164937315fcb1897,elargir,1.0,True,11,False,False,,8.294,infaisable,389786206
f455bb3bd1cbf4b4164937315fcb1897,retrecir,0.1,False,11,False,False,,6.145,invariant_viole,1484530435
f455bb3bd1cbf4b4164937315fcb1897,retrecir,0.1,True,11,False,True,0.100000,10.418,ok,1484530435
f455bb3bd1cbf4b4164937315fcb1897,retrecir,0.25,False,11,False,False,,7.949,invariant_viole,3501749724
f455bb3bd1cbf4b4164937315fcb1897,retrecir,0.25,True,11,False,True,0.250000,8.162,ok,3501749724
f455bb3bd1cbf4b4164937315fcb1897,retrecir,0.5,False,11,False,False,,8.566,invariant_viole,3300386765
f455bb3bd1cbf4b4164937315fcb1897,retrecir,0.5,True,11,False,True,0.500000,6.753,ok,3300386765
f455bb3bd1cbf4b4164937315fcb1897,retrecir,1.0,False,11,False,False,,8.352,invariant_viole,1715920525
f455bb3bd1cbf4b4164937315fcb1897,retrecir,1.0,True,11,False,True,1.000000,9.388,ok,1715920525
f455bb3bd1cbf4b4164937315fcb1897,aplatir,0.1,False,11,False,False,,7.123,invariant_viole,3828592384
f455bb3bd1cbf4b4164937315fcb1897,aplatir,0.1,True,11,False,True,0.100000,7.641,ok,3828592384
f455bb3bd1cbf4b4164937315fcb1897,aplatir,0.25,False,11,False,False,,8.679,invariant_viole,2503052325
f455bb3bd1cbf4b4164937315fcb1897,aplatir,0.25,True,11,False,True,0.250000,8.705,ok,2503052325
f455bb3bd1cbf4b4164937315fcb1897,aplatir,0.5,False,11,False,False,,6.192,invariant_viole,2879164383
f455bb3bd1cbf4b4164937315fcb1897,aplatir,0.5,True,11,False,True,0.500000,7.218,ok,2879164383
f455bb3bd1cbf4b4164937315fcb1897,aplatir,1.0,False,11,False,True,1.000000,6.290,ok,2221942463
f455bb3bd1cbf4b4164937315fcb1897,aplatir,1.0,True,11,False,True,1.000000,9.413,ok,2221942463
1f2570cccd2ca9d79d75a8a9092d59e8,deplacer,0.1,False,11,False,True,0.100000,12.210,ok,86630202
1f2570cccd2ca9d79d75a8a9092d59e8,deplacer,0.1,True,11,False,True,0.100000,8.643,ok,86630202
1f2570cccd2ca9d79d75a8a9092d59e8,deplacer,0.25,False,11,False,False,,6.711,invariant_viole,1770199983
1f2570cccd2ca9d79d75a8a9092d59e8,deplacer,0.25,True,11,False,True,0.250000,7.753,ok,1770199983
1f2570cccd2ca9d79d75a8a9092d59e8,deplacer,0.5,False,11,False,True,0.500000,6.466,ok,2960535898
1f2570cccd2ca9d79d75a8a9092d59e8,deplacer,0.5,True,11,False,True,0.500000,6.175,ok,2960535898
1f2570cccd2ca9d79d75a8a9092d59e8,deplacer,1.0,False,11,False,True,1.000000,6.753,ok,723618363
1f2570cccd2ca9d79d75a8a9092d59e8,deplacer,1.0,True,11,False,True,1.000000,6.798,ok,723618363
1f2570cccd2ca9d79d75a8a9092d59e8,elargir,0.1,False,11,False,True,0.100000,5.801,ok,1556257752
1f2570cccd2ca9d79d75a8a9092d59e8,elargir,0.1,True,11,False,True,0.100000,7.748,ok,1556257752
1f2570cccd2ca9d79d75a8a9092d59e8,elargir,0.25,False,11,False,True,0.250000,6.646,ok,725878183
1f2570cccd2ca9d79d75a8a9092d59e8,elargir,0.25,True,11,False,True,0.250000,9.030,ok,725878183
1f2570cccd2ca9d79d75a8a9092d59e8,elargir,0.5,False,11,False,True,0.500000,7.916,ok,3339694307
1f2570cccd2ca9d79d75a8a9092d59e8,elargir,0.5,True,11,False,True,0.500000,5.876,ok,3339694307
1f2570cccd2ca9d79d75a8a9092d59e8,elargir,1.0,False,11,False,True,1.000000,6.173,ok,1019254728
1f2570cccd2ca9d79d75a8a9092d59e8,elargir,1.0,True,11,False,True,1.000000,7.578,ok,1019254728
1f2570cccd2ca9d79d75a8a9092d59e8,retrecir,0.1,False,11,False,False,,6.959,invariant_viole,4033310843
1f2570cccd2ca9d79d75a8a9092d59e8,retrecir,0.1,True,11,False,True,0.100000,6.517,ok,4033310843
1f2570cccd2ca9d79d75a8a9092d59e8,retrecir,0.25,False,11,False,False,,6.564,invariant_viole,3760898721
1f2570cccd2ca9d79d75a8a9092d59e8,retrecir,0.25,True,11,False,True,0.250000,6.694,ok,3760898721
1f2570cccd2ca9d79d75a8a9092d59e8,retrecir,0.5,False,11,False,False,,5.911,invariant_viole,2793505083
1f2570cccd2ca9d79d75a8a9092d59e8,retrecir,0.5,True,11,False,True,0.341650,6.225,ok,2793505083
1f2570cccd2ca9d79d75a8a9092d59e8,retrecir,1.0,False,11,False,False,,5.716,invariant_viole,4253207941
1f2570cccd2ca9d79d75a8a9092d59e8,retrecir,1.0,True,11,False,True,1.000000,7.118,ok,4253207941
1f2570cccd2ca9d79d75a8a9092d59e8,aplatir,0.1,False,11,False,False,,5.557,invariant_viole,2089046605
1f2570cccd2ca9d79d75a8a9092d59e8,aplatir,0.1,True,11,False,True,0.100000,6.806,ok,2089046605
1f2570cccd2ca9d79d75a8a9092d59e8,aplatir,0.25,False,11,False,False,,5.602,invariant_viole,236713260
1f2570cccd2ca9d79d75a8a9092d59e8,aplatir,0.25,True,11,False,True,0.250000,7.668,ok,236713260
1f2570cccd2ca9d79d75a8a9092d59e8,aplatir,0.5,False,11,False,False,,5.696,invariant_viole,557453847
1f2570cccd2ca9d79d75a8a9092d59e8,aplatir,0.5,True,11,False,True,0.500000,6.556,ok,557453847
1f2570cccd2ca9d79d75a8a9092d59e8,aplatir,1.0,False,11,False,False,,6.145,invariant_viole,1618490184
1f2570cccd2ca9d79d75a8a9092d59e8,aplatir,1.0,True,11,False,True,0.658350,6.426,ok,1618490184
78a15f00a0a8d6ee92fecf75b954a5ed,deplacer,0.1,False,11,False,True,0.100000,6.187,ok,2495834615
78a15f00a0a8d6ee92fecf75b954a5ed,deplacer,0.1,True,11,False,True,0.100000,6.039,ok,2495834615
78a15f00a0a8d6ee92fecf75b954a5ed,deplacer,0.25,False,11,False,False,,5.779,invariant_viole,2067237165
78a15f00a0a8d6ee92fecf75b954a5ed,deplacer,0.25,True,11,False,True,0.250000,6.441,ok,2067237165
78a15f00a0a8d6ee92fecf75b954a5ed,deplacer,0.5,False,11,False,True,0.500000,6.399,ok,87298850
78a15f00a0a8d6ee92fecf75b954a5ed,deplacer,0.5,True,11,False,True,0.500000,6.241,ok,87298850
78a15f00a0a8d6ee92fecf75b954a5ed,deplacer,1.0,False,11,False,True,1.000000,8.765,ok,1920483424
78a15f00a0a8d6ee92fecf75b954a5ed,deplacer,1.0,True,11,False,True,1.000000,7.278,ok,1920483424
78a15f00a0a8d6ee92fecf75b954a5ed,elargir,0.1,False,11,False,False,,6.216,invariant_viole,977776774
78a15f00a0a8d6ee92fecf75b954a5ed,elargir,0.1,True,11,False,False,,9.245,infaisable,977776774
78a15f00a0a8d6ee92fecf75b954a5ed,elargir,0.25,False,11,False,True,0.250000,6.040,ok,1866042465
78a15f00a0a8d6ee92fecf75b954a5ed,elargir,0.25,True,11,False,True,0.250000,8.541,ok,1866042465
78a15f00a0a8d6ee92fecf75b954a5ed,elargir,0.5,False,11,False,False,,6.948,invariant_viole,4210461667
78a15f00a0a8d6ee92fecf75b954a5ed,elargir,0.5,True,11,False,False,,8.036,infaisable,4210461667
78a15f00a0a8d6ee92fecf75b954a5ed,elargir,1.0,False,11,False,False,,5.665,invariant_viole,1696936506
78a15f00a0a8d6ee92fecf75b954a5ed,elargir,1.0,True,11,False,False,,8.021,infaisable,1696936506
78a15f00a0a8d6ee92fecf75b954a5ed,retrecir,0.1,False,11,False,False,,5.817,invariant_viole,2047281265
78a15f00a0a8d6ee92fecf75b954a5ed,retrecir,0.1,True,11,False,True,0.100000,6.414,ok,2047281265
78a15f00a0a8d6ee92fecf75b954a5ed,retrecir,0.25,False,11,False,False,,5.798,invariant_viole,738349906
78a15f00a0a8d6ee92fecf75b954a5ed,retrecir,0.25,True,11,False,True,0.250000,7.657,ok,738349906
78a15f00a0a8d6ee92fecf75b954a5ed,retrecir,0.5,False,11,False,False,,5.804,invariant_viole,1583334204
78a15f00a0a8d6ee92fecf75b954a5ed,retrecir,0.5,True,11,False,True,0.500000,6.260,ok,1583334204
78a15f00a0a8d6ee92fecf75b954a5ed,retrecir,1.0,False,11,False,False,,5.724,invariant_viole,3063130458
78a15f00a0a8d6ee92fecf75b954a5ed,retrecir,1.0,True,11,False,True,1.000000,6.497,ok,3063130458
78a15f00a0a8d6ee92fecf75b954a5ed,aplatir,0.1,False,11,False,False,,7.358,invariant_viole,3069084203
78a15f00a0a8d6ee92fecf75b954a5ed,aplatir,0.1,True,11,False,True,0.100000,6.432,ok,3069084203
78a15f00a0a8d6ee92fecf75b954a5ed,aplatir,0.25,False,11,False,False,,6.071,invariant_viole,1306859191
78a15f00a0a8d6ee92fecf75b954a5ed,aplatir,0.25,True,11,False,True,0.250000,8.019,ok,1306859191
78a15f00a0a8d6ee92fecf75b954a5ed,aplatir,0.5,False,11,False,False,,6.216,invariant_viole,4170943186
78a15f00a0a8d6ee92fecf75b954a5ed,aplatir,0.5,True,11,False,True,0.500000,6.027,ok,4170943186
78a15f00a0a8d6ee92fecf75b954a5ed,aplatir,1.0,False,11,False,False,,5.936,invariant_viole,54247791
78a15f00a0a8d6ee92fecf75b954a5ed,aplatir,1.0,True,11,False,True,1.000000,7.982,ok,54247791
7857238c35ea31dcd9c49b6274d9f40f,deplacer,0.1,False,10,False,True,0.100000,10.440,ok,4221606390
7857238c35ea31dcd9c49b6274d9f40f,deplacer,0.1,True,10,False,True,0.100000,8.137,ok,4221606390
7857238c35ea31dcd9c49b6274d9f40f,deplacer,0.25,False,10,False,True,0.250000,8.495,ok,4236311740
7857238c35ea31dcd9c49b6274d9f40f,deplacer,0.25,True,10,False,True,0.250000,6.555,ok,4236311740
7857238c35ea31dcd9c49b6274d9f40f,deplacer,0.5,False,10,False,False,,5.537,invariant_viole,92281389
7857238c35ea31dcd9c49b6274d9f40f,deplacer,0.5,True,10,False,False,,7.533,infaisable,92281389
7857238c35ea31dcd9c49b6274d9f40f,deplacer,1.0,False,10,False,False,,5.557,invariant_viole,1918492676
7857238c35ea31dcd9c49b6274d9f40f,deplacer,1.0,True,10,False,False,,8.056,infaisable,1918492676
7857238c35ea31dcd9c49b6274d9f40f,elargir,0.1,False,10,False,False,,5.263,invariant_viole,2059106577
7857238c35ea31dcd9c49b6274d9f40f,elargir,0.1,True,10,False,False,,7.701,infaisable,2059106577
7857238c35ea31dcd9c49b6274d9f40f,elargir,0.25,False,10,False,True,0.250000,8.153,ok,2055712559
7857238c35ea31dcd9c49b6274d9f40f,elargir,0.25,True,10,False,True,0.250000,6.252,ok,2055712559
7857238c35ea31dcd9c49b6274d9f40f,elargir,0.5,False,10,False,True,0.500000,8.391,ok,676234878
7857238c35ea31dcd9c49b6274d9f40f,elargir,0.5,True,10,False,True,0.500000,8.032,ok,676234878
7857238c35ea31dcd9c49b6274d9f40f,elargir,1.0,False,10,False,True,1.000000,6.535,ok,3688265087
7857238c35ea31dcd9c49b6274d9f40f,elargir,1.0,True,10,False,True,1.000000,6.961,ok,3688265087
7857238c35ea31dcd9c49b6274d9f40f,retrecir,0.1,False,10,False,False,,5.715,invariant_viole,1132250549
7857238c35ea31dcd9c49b6274d9f40f,retrecir,0.1,True,10,False,True,0.100000,6.833,ok,1132250549
7857238c35ea31dcd9c49b6274d9f40f,retrecir,0.25,False,10,False,False,,6.844,invariant_viole,3657657139
7857238c35ea31dcd9c49b6274d9f40f,retrecir,0.25,True,10,False,True,0.250000,7.377,ok,3657657139
7857238c35ea31dcd9c49b6274d9f40f,retrecir,0.5,False,10,False,False,,5.786,invariant_viole,2595362640
7857238c35ea31dcd9c49b6274d9f40f,retrecir,0.5,True,10,False,True,0.500000,7.009,ok,2595362640
7857238c35ea31dcd9c49b6274d9f40f,retrecir,1.0,False,10,False,True,0.100159,8.517,ok,3336075285
7857238c35ea31dcd9c49b6274d9f40f,retrecir,1.0,True,10,False,True,0.100159,6.269,ok,3336075285
7857238c35ea31dcd9c49b6274d9f40f,aplatir,0.1,False,10,False,False,,5.494,invariant_viole,848288805
7857238c35ea31dcd9c49b6274d9f40f,aplatir,0.1,True,10,False,True,0.100000,6.769,ok,848288805
7857238c35ea31dcd9c49b6274d9f40f,aplatir,0.25,False,10,False,True,0.250000,8.234,ok,1607814714
7857238c35ea31dcd9c49b6274d9f40f,aplatir,0.25,True,10,False,True,0.250000,6.200,ok,1607814714
7857238c35ea31dcd9c49b6274d9f40f,aplatir,0.5,False,10,False,False,,5.381,invariant_viole,4049348015
7857238c35ea31dcd9c49b6274d9f40f,aplatir,0.5,True,10,False,True,0.500000,7.037,ok,4049348015
7857238c35ea31dcd9c49b6274d9f40f,aplatir,1.0,False,10,False,False,,6.848,invariant_viole,2649869704
7857238c35ea31dcd9c49b6274d9f40f,aplatir,1.0,True,10,False,True,1.000000,7.624,ok,2649869704
8001b660ede3e6ce67afd806e64f057e,deplacer,0.1,False,12,False,False,,6.738,invariant_viole,3479311491
8001b660ede3e6ce67afd806e64f057e,deplacer,0.1,True,12,False,True,0.100000,7.128,ok,3479311491
8001b660ede3e6ce67afd806e64f057e,deplacer,0.25,False,12,False,False,,7.082,invariant_viole,1644846497
8001b660ede3e6ce67afd806e64f057e,deplacer,0.25,True,12,False,True,0.250000,8.776,ok,1644846497
8001b660ede3e6ce67afd806e64f057e,deplacer,0.5,False,12,False,False,,6.698,invariant_viole,2644879426
8001b660ede3e6ce67afd806e64f057e,deplacer,0.5,True,12,False,True,0.500000,7.543,ok,2644879426
8001b660ede3e6ce67afd806e64f057e,deplacer,1.0,False,12,False,True,1.000000,9.986,ok,2610162124
8001b660ede3e6ce67afd806e64f057e,deplacer,1.0,True,12,False,True,1.000000,8.341,ok,2610162124
8001b660ede3e6ce67afd806e64f057e,elargir,0.1,False,12,False,False,,6.626,invariant_viole,911836920
8001b660ede3e6ce67afd806e64f057e,elargir,0.1,True,12,False,True,0.100000,7.553,ok,911836920
8001b660ede3e6ce67afd806e64f057e,elargir,0.25,False,12,False,True,0.250000,9.998,ok,1843395928
8001b660ede3e6ce67afd806e64f057e,elargir,0.25,True,12,False,True,0.250000,6.858,ok,1843395928
8001b660ede3e6ce67afd806e64f057e,elargir,0.5,False,12,False,False,,6.374,invariant_viole,3963521156
8001b660ede3e6ce67afd806e64f057e,elargir,0.5,True,12,False,False,,9.543,infaisable,3963521156
8001b660ede3e6ce67afd806e64f057e,elargir,1.0,False,12,False,False,,6.587,invariant_viole,3064342538
8001b660ede3e6ce67afd806e64f057e,elargir,1.0,True,12,False,True,1.000000,7.869,ok,3064342538
8001b660ede3e6ce67afd806e64f057e,retrecir,0.1,False,12,False,False,,6.291,invariant_viole,844417246
8001b660ede3e6ce67afd806e64f057e,retrecir,0.1,True,12,False,True,0.100000,7.348,ok,844417246
8001b660ede3e6ce67afd806e64f057e,retrecir,0.25,False,12,False,False,,6.620,invariant_viole,3113514905
8001b660ede3e6ce67afd806e64f057e,retrecir,0.25,True,12,False,True,0.250000,7.298,ok,3113514905
8001b660ede3e6ce67afd806e64f057e,retrecir,0.5,False,12,False,False,,7.005,invariant_viole,3825114910
8001b660ede3e6ce67afd806e64f057e,retrecir,0.5,True,12,False,True,0.069364,8.473,ok,3825114910
8001b660ede3e6ce67afd806e64f057e,retrecir,1.0,False,12,False,False,,6.973,invariant_viole,3271644731
8001b660ede3e6ce67afd806e64f057e,retrecir,1.0,True,12,False,True,0.069364,10.816,ok,3271644731
8001b660ede3e6ce67afd806e64f057e,aplatir,0.1,False,12,False,False,,8.438,invariant_viole,3629402320
8001b660ede3e6ce67afd806e64f057e,aplatir,0.1,True,12,False,True,0.100000,8.386,ok,3629402320
8001b660ede3e6ce67afd806e64f057e,aplatir,0.25,False,12,False,False,,6.635,invariant_viole,1936261059
8001b660ede3e6ce67afd806e64f057e,aplatir,0.25,True,12,False,True,0.250000,7.033,ok,1936261059
8001b660ede3e6ce67afd806e64f057e,aplatir,0.5,False,12,False,False,,6.436,invariant_viole,1688583451
8001b660ede3e6ce67afd806e64f057e,aplatir,0.5,True,12,False,True,0.500000,7.062,ok,1688583451
8001b660ede3e6ce67afd806e64f057e,aplatir,1.0,False,12,False,False,,7.572,invariant_viole,2807452189
8001b660ede3e6ce67afd806e64f057e,aplatir,1.0,True,12,False,True,1.000000,8.973,ok,2807452189
0470d5d3b7adb2292f0841848221810b,deplacer,0.1,False,6,False,True,0.100000,6.762,ok,645798985
0470d5d3b7adb2292f0841848221810b,deplacer,0.1,True,6,False,True,0.100000,3.852,ok,645798985
0470d5d3b7adb2292f0841848221810b,deplacer,0.25,False,6,False,False,,4.210,invariant_viole,2394986946
0470d5d3b7adb2292f0841848221810b,deplacer,0.25,True,6,False,True,0.250000,5.352,ok,2394986946
0470d5d3b7adb2292f0841848221810b,deplacer,0.5,False,6,False,True,0.500000,4.628,ok,2366810058
0470d5d3b7adb2292f0841848221810b,deplacer,0.5,True,6,False,True,0.500000,4.267,ok,2366810058
0470d5d3b7adb2292f0841848221810b,deplacer,1.0,False,6,False,True,1.000000,6.277,ok,1769095567
0470d5d3b7adb2292f0841848221810b,deplacer,1.0,True,6,False,True,1.000000,6.149,ok,1769095567
0470d5d3b7adb2292f0841848221810b,elargir,0.1,False,6,False,True,0.100000,4.115,ok,626513614
0470d5d3b7adb2292f0841848221810b,elargir,0.1,True,6,False,True,0.100000,4.264,ok,626513614
0470d5d3b7adb2292f0841848221810b,elargir,0.25,False,6,False,True,0.250000,4.121,ok,3212517228
0470d5d3b7adb2292f0841848221810b,elargir,0.25,True,6,False,True,0.250000,5.431,ok,3212517228
0470d5d3b7adb2292f0841848221810b,elargir,0.5,False,6,False,False,,3.878,invariant_viole,2324010219
0470d5d3b7adb2292f0841848221810b,elargir,0.5,True,6,False,False,,5.655,infaisable,2324010219
0470d5d3b7adb2292f0841848221810b,elargir,1.0,False,6,False,True,1.000000,5.136,ok,1632860717
0470d5d3b7adb2292f0841848221810b,elargir,1.0,True,6,False,True,1.000000,4.200,ok,1632860717
0470d5d3b7adb2292f0841848221810b,retrecir,0.1,False,6,False,False,,6.374,invariant_viole,2007133074
0470d5d3b7adb2292f0841848221810b,retrecir,0.1,True,6,False,True,0.100000,5.062,ok,2007133074
0470d5d3b7adb2292f0841848221810b,retrecir,0.25,False,6,False,False,,5.331,invariant_viole,2447180937
0470d5d3b7adb2292f0841848221810b,retrecir,0.25,True,6,False,True,0.250000,4.981,ok,2447180937
0470d5d3b7adb2292f0841848221810b,retrecir,0.5,False,6,False,False,,3.501,invariant_viole,658755590
0470d5d3b7adb2292f0841848221810b,retrecir,0.5,True,6,False,True,0.500000,4.167,ok,658755590
0470d5d3b7adb2292f0841848221810b,retrecir,1.0,False,6,False,False,,4.664,invariant_viole,3916931766
0470d5d3b7adb2292f0841848221810b,retrecir,1.0,True,6,False,True,0.173201,4.248,ok,3916931766
0470d5d3b7adb2292f0841848221810b,aplatir,0.1,False,6,False,False,,3.877,invariant_viole,2056110558
0470d5d3b7adb2292f0841848221810b,aplatir,0.1,True,6,False,True,0.100000,3.864,ok,2056110558
0470d5d3b7adb2292f0841848221810b,aplatir,0.25,False,6,False,False,,3.502,invariant_viole,2975532235
0470d5d3b7adb2292f0841848221810b,aplatir,0.25,True,6,False,True,0.250000,3.999,ok,2975532235
0470d5d3b7adb2292f0841848221810b,aplatir,0.5,False,6,False,False,,3.704,invariant_viole,3263087896
0470d5d3b7adb2292f0841848221810b,aplatir,0.5,True,6,False,True,0.500000,6.261,ok,3263087896
0470d5d3b7adb2292f0841848221810b,aplatir,1.0,False,6,False,False,,5.841,invariant_viole,3197309838
0470d5d3b7adb2292f0841848221810b,aplatir,1.0,True,6,False,False,,5.544,infaisable,3197309838
b4f561620700215abb7d185a68fa998a,deplacer,0.1,False,6,False,False,,3.827,invariant_viole,2411344806
b4f561620700215abb7d185a68fa998a,deplacer,0.1,True,6,False,True,0.100000,4.774,ok,2411344806
b4f561620700215abb7d185a68fa998a,deplacer,0.25,False,6,False,True,0.250000,4.312,ok,770383178
b4f561620700215abb7d185a68fa998a,deplacer,0.25,True,6,False,True,0.250000,5.092,ok,770383178
b4f561620700215abb7d185a68fa998a,deplacer,0.5,False,6,False,True,0.500000,4.500,ok,3818299988
b4f561620700215abb7d185a68fa998a,deplacer,0.5,True,6,False,False,,4.614,invariant_viole,3818299988
b4f561620700215abb7d185a68fa998a,deplacer,1.0,False,6,False,True,1.000000,4.168,ok,1472360700
b4f561620700215abb7d185a68fa998a,deplacer,1.0,True,6,False,False,,5.041,infaisable,1472360700
b4f561620700215abb7d185a68fa998a,elargir,0.1,False,6,False,False,,3.620,invariant_viole,3955489042
b4f561620700215abb7d185a68fa998a,elargir,0.1,True,6,False,True,0.100000,4.420,ok,3955489042
b4f561620700215abb7d185a68fa998a,elargir,0.25,False,6,False,True,0.250000,5.033,ok,52792065
b4f561620700215abb7d185a68fa998a,elargir,0.25,True,6,False,True,0.250000,4.730,ok,52792065
b4f561620700215abb7d185a68fa998a,elargir,0.5,False,6,False,False,,3.762,invariant_viole,187037457
b4f561620700215abb7d185a68fa998a,elargir,0.5,True,6,False,True,0.500000,4.641,ok,187037457
b4f561620700215abb7d185a68fa998a,elargir,1.0,False,6,False,False,,4.884,invariant_viole,3849110393
b4f561620700215abb7d185a68fa998a,elargir,1.0,True,6,False,True,1.000000,4.803,ok,3849110393
b4f561620700215abb7d185a68fa998a,retrecir,0.1,False,6,False,False,,3.736,invariant_viole,3929629201
b4f561620700215abb7d185a68fa998a,retrecir,0.1,True,6,False,True,0.100000,6.322,ok,3929629201
b4f561620700215abb7d185a68fa998a,retrecir,0.25,False,6,False,False,,4.159,invariant_viole,1656304221
b4f561620700215abb7d185a68fa998a,retrecir,0.25,True,6,False,True,0.250000,4.923,ok,1656304221
b4f561620700215abb7d185a68fa998a,retrecir,0.5,False,6,False,False,,3.642,invariant_viole,2641842989
b4f561620700215abb7d185a68fa998a,retrecir,0.5,True,6,False,True,0.500000,4.446,ok,2641842989
b4f561620700215abb7d185a68fa998a,retrecir,1.0,False,6,False,False,,3.660,invariant_viole,4254844661
b4f561620700215abb7d185a68fa998a,retrecir,1.0,True,6,False,True,1.000000,5.661,ok,4254844661
b4f561620700215abb7d185a68fa998a,aplatir,0.1,False,6,False,False,,3.698,invariant_viole,3094127413
b4f561620700215abb7d185a68fa998a,aplatir,0.1,True,6,False,True,0.100000,4.456,ok,3094127413
b4f561620700215abb7d185a68fa998a,aplatir,0.25,False,6,False,False,,4.656,invariant_viole,423329181
b4f561620700215abb7d185a68fa998a,aplatir,0.25,True,6,False,True,0.250000,4.658,ok,423329181
b4f561620700215abb7d185a68fa998a,aplatir,0.5,False,6,False,False,,3.604,invariant_viole,2810944527
b4f561620700215abb7d185a68fa998a,aplatir,0.5,True,6,False,True,0.500000,7.232,ok,2810944527
b4f561620700215abb7d185a68fa998a,aplatir,1.0,False,6,False,False,,3.732,invariant_viole,2576801414
b4f561620700215abb7d185a68fa998a,aplatir,1.0,True,6,False,False,,4.691,infaisable,2576801414
48472b8d96082f3eaa9d53f4cdd183fc,deplacer,0.1,False,11,False,False,,6.865,invariant_viole,549465357
48472b8d96082f3eaa9d53f4cdd183fc,deplacer,0.1,True,11,False,True,0.100000,7.331,ok,549465357
48472b8d96082f3eaa9d53f4cdd183fc,deplacer,0.25,False,11,False,True,0.250000,6.259,ok,351358651
48472b8d96082f3eaa9d53f4cdd183fc,deplacer,0.25,True,11,False,True,0.250000,7.486,ok,351358651
48472b8d96082f3eaa9d53f4cdd183fc,deplacer,0.5,False,11,False,False,,6.441,invariant_viole,573214689
48472b8d96082f3eaa9d53f4cdd183fc,deplacer,0.5,True,11,False,True,0.706860,7.747,ok,573214689
48472b8d96082f3eaa9d53f4cdd183fc,deplacer,1.0,False,11,False,True,1.000000,6.762,ok,4137545438
48472b8d96082f3eaa9d53f4cdd183fc,deplacer,1.0,True,11,False,False,,2.855,trame,4137545438
48472b8d96082f3eaa9d53f4cdd183fc,elargir,0.1,False,11,False,True,0.100000,6.272,ok,3713203201
48472b8d96082f3eaa9d53f4cdd183fc,elargir,0.1,True,11,False,True,0.100000,6.473,ok,3713203201
48472b8d96082f3eaa9d53f4cdd183fc,elargir,0.25,False,11,False,True,0.250000,6.519,ok,599734340
48472b8d96082f3eaa9d53f4cdd183fc,elargir,0.25,True,11,False,True,0.250000,6.496,ok,599734340
48472b8d96082f3eaa9d53f4cdd183fc,elargir,0.5,False,11,False,True,0.500000,6.683,ok,2192213040
48472b8d96082f3eaa9d53f4cdd183fc,elargir,0.5,True,11,False,True,0.500000,7.861,ok,2192213040
48472b8d96082f3eaa9d53f4cdd183fc,elargir,1.0,False,11,False,True,1.000000,7.991,ok,2437570312
48472b8d96082f3eaa9d53f4cdd183fc,elargir,1.0,True,11,False,True,1.000000,7.314,ok,2437570312
48472b8d96082f3eaa9d53f4cdd183fc,retrecir,0.1,False,11,False,False,,6.329,invariant_viole,2963173471
48472b8d96082f3eaa9d53f4cdd183fc,retrecir,0.1,True,11,False,True,0.100000,7.417,ok,2963173471
48472b8d96082f3eaa9d53f4cdd183fc,retrecir,0.25,False,11,False,False,,7.172,invariant_viole,900284592
48472b8d96082f3eaa9d53f4cdd183fc,retrecir,0.25,True,11,False,True,0.250000,8.188,ok,900284592
48472b8d96082f3eaa9d53f4cdd183fc,retrecir,0.5,False,11,False,False,,6.172,invariant_viole,1083599209
48472b8d96082f3eaa9d53f4cdd183fc,retrecir,0.5,True,11,False,True,0.500000,7.218,ok,1083599209
48472b8d96082f3eaa9d53f4cdd183fc,retrecir,1.0,False,11,False,False,,6.433,invariant_viole,2816243642
48472b8d96082f3eaa9d53f4cdd183fc,retrecir,1.0,True,11,False,True,1.000000,7.056,ok,2816243642
48472b8d96082f3eaa9d53f4cdd183fc,aplatir,0.1,False,11,False,False,,6.144,invariant_viole,2760574039
48472b8d96082f3eaa9d53f4cdd183fc,aplatir,0.1,True,11,False,True,0.100000,9.279,ok,2760574039
48472b8d96082f3eaa9d53f4cdd183fc,aplatir,0.25,False,11,False,False,,6.623,invariant_viole,3383655739
48472b8d96082f3eaa9d53f4cdd183fc,aplatir,0.25,True,11,False,True,0.250000,7.932,ok,3383655739
48472b8d96082f3eaa9d53f4cdd183fc,aplatir,0.5,False,11,False,False,,10.446,invariant_viole,3867204763
48472b8d96082f3eaa9d53f4cdd183fc,aplatir,0.5,True,11,False,True,0.500000,8.356,ok,3867204763
48472b8d96082f3eaa9d53f4cdd183fc,aplatir,1.0,False,11,False,False,,6.936,invariant_viole,1277339714
48472b8d96082f3eaa9d53f4cdd183fc,aplatir,1.0,True,11,False,False,,8.305,infaisable,1277339714
115f7cf132104111e7cbd6129f374cf8,deplacer,0.1,False,9,False,False,,5.732,invariant_viole,3209568766
115f7cf132104111e7cbd6129f374cf8,deplacer,0.1,True,9,False,True,0.100000,6.934,ok,3209568766
115f7cf132104111e7cbd6129f374cf8,deplacer,0.25,False,9,False,True,0.250000,6.939,ok,1980068089
115f7cf132104111e7cbd6129f374cf8,deplacer,0.25,True,9,False,True,0.250000,6.803,ok,1980068089
115f7cf132104111e7cbd6129f374cf8,deplacer,0.5,False,9,False,True,0.500000,6.646,ok,2052468519
115f7cf132104111e7cbd6129f374cf8,deplacer,0.5,True,9,False,True,0.500000,7.650,ok,2052468519
115f7cf132104111e7cbd6129f374cf8,deplacer,1.0,False,9,False,True,1.000000,8.296,ok,520952755
115f7cf132104111e7cbd6129f374cf8,deplacer,1.0,True,9,False,True,1.000000,7.344,ok,520952755
115f7cf132104111e7cbd6129f374cf8,elargir,0.1,False,9,False,True,0.100000,6.889,ok,3508405768
115f7cf132104111e7cbd6129f374cf8,elargir,0.1,True,9,False,True,0.100000,6.734,ok,3508405768
115f7cf132104111e7cbd6129f374cf8,elargir,0.25,False,9,False,True,0.250000,6.380,ok,2622253520
115f7cf132104111e7cbd6129f374cf8,elargir,0.25,True,9,False,True,0.250000,6.854,ok,2622253520
115f7cf132104111e7cbd6129f374cf8,elargir,0.5,False,9,False,True,0.500000,6.314,ok,2162962647
115f7cf132104111e7cbd6129f374cf8,elargir,0.5,True,9,False,True,0.500000,6.556,ok,2162962647
115f7cf132104111e7cbd6129f374cf8,elargir,1.0,False,9,False,False,,4.853,invariant_viole,2608470670
115f7cf132104111e7cbd6129f374cf8,elargir,1.0,True,9,False,True,1.000000,6.651,ok,2608470670
115f7cf132104111e7cbd6129f374cf8,retrecir,0.1,False,9,False,False,,4.572,invariant_viole,400783469
115f7cf132104111e7cbd6129f374cf8,retrecir,0.1,True,9,False,True,0.100000,6.810,ok,400783469
115f7cf132104111e7cbd6129f374cf8,retrecir,0.25,False,9,False,False,,4.577,invariant_viole,2120946656
115f7cf132104111e7cbd6129f374cf8,retrecir,0.25,True,9,False,True,0.250000,6.746,ok,2120946656
115f7cf132104111e7cbd6129f374cf8,retrecir,0.5,False,9,False,False,,5.109,invariant_viole,2275942054
115f7cf132104111e7cbd6129f374cf8,retrecir,0.5,True,9,False,True,0.500000,6.573,ok,2275942054
115f7cf132104111e7cbd6129f374cf8,retrecir,1.0,False,9,False,False,,8.339,invariant_viole,240409792
115f7cf132104111e7cbd6129f374cf8,retrecir,1.0,True,9,False,True,0.558357,8.642,ok,240409792
115f7cf132104111e7cbd6129f374cf8,aplatir,0.1,False,9,False,False,,4.829,invariant_viole,3513371414
115f7cf132104111e7cbd6129f374cf8,aplatir,0.1,True,9,False,True,0.100000,7.066,ok,3513371414
115f7cf132104111e7cbd6129f374cf8,aplatir,0.25,False,9,False,False,,4.703,invariant_viole,2527429842
115f7cf132104111e7cbd6129f374cf8,aplatir,0.25,True,9,False,True,0.250000,6.627,ok,2527429842
115f7cf132104111e7cbd6129f374cf8,aplatir,0.5,False,9,False,False,,7.037,invariant_viole,926309956
115f7cf132104111e7cbd6129f374cf8,aplatir,0.5,True,9,False,True,0.500000,6.967,ok,926309956
115f7cf132104111e7cbd6129f374cf8,aplatir,1.0,False,9,False,False,,4.796,invariant_viole,4072305905
115f7cf132104111e7cbd6129f374cf8,aplatir,1.0,True,9,False,True,1.000000,6.590,ok,4072305905
ec817c9a9029057b5dc080d0cfdd1fe2,deplacer,0.1,False,9,False,False,,5.393,invariant_viole,1202695639
ec817c9a9029057b5dc080d0cfdd1fe2,deplacer,0.1,True,9,False,True,0.558890,9.613,ok,1202695639
ec817c9a9029057b5dc080d0cfdd1fe2,deplacer,0.25,False,9,False,True,0.250000,5.103,ok,1376644927
ec817c9a9029057b5dc080d0cfdd1fe2,deplacer,0.25,True,9,False,True,0.250000,10.410,ok,1376644927
ec817c9a9029057b5dc080d0cfdd1fe2,deplacer,0.5,False,9,False,True,0.500000,8.439,ok,951706260
ec817c9a9029057b5dc080d0cfdd1fe2,deplacer,0.5,True,9,False,True,0.500000,8.793,ok,951706260
ec817c9a9029057b5dc080d0cfdd1fe2,deplacer,1.0,False,9,False,False,,5.623,invariant_viole,3378025726
ec817c9a9029057b5dc080d0cfdd1fe2,deplacer,1.0,True,9,False,False,,2.019,trame,3378025726
ec817c9a9029057b5dc080d0cfdd1fe2,elargir,0.1,False,9,False,True,0.100000,6.995,ok,2226394141
ec817c9a9029057b5dc080d0cfdd1fe2,elargir,0.1,True,9,False,True,0.100000,10.460,ok,2226394141
ec817c9a9029057b5dc080d0cfdd1fe2,elargir,0.25,False,9,False,True,0.250000,8.670,ok,1162398642
ec817c9a9029057b5dc080d0cfdd1fe2,elargir,0.25,True,9,False,True,0.250000,8.525,ok,1162398642
ec817c9a9029057b5dc080d0cfdd1fe2,elargir,0.5,False,9,False,False,,8.436,invariant_viole,4053626428
ec817c9a9029057b5dc080d0cfdd1fe2,elargir,0.5,True,9,False,True,0.500000,11.166,ok,4053626428
ec817c9a9029057b5dc080d0cfdd1fe2,elargir,1.0,False,9,False,True,1.000000,7.401,ok,955091866
ec817c9a9029057b5dc080d0cfdd1fe2,elargir,1.0,True,9,False,True,1.000000,8.879,ok,955091866
ec817c9a9029057b5dc080d0cfdd1fe2,retrecir,0.1,False,9,False,False,,4.949,invariant_viole,3125180787
ec817c9a9029057b5dc080d0cfdd1fe2,retrecir,0.1,True,9,False,True,0.100000,7.644,ok,3125180787
ec817c9a9029057b5dc080d0cfdd1fe2,retrecir,0.25,False,9,False,False,,4.861,invariant_viole,3443023183
ec817c9a9029057b5dc080d0cfdd1fe2,retrecir,0.25,True,9,False,True,0.250000,7.764,ok,3443023183
ec817c9a9029057b5dc080d0cfdd1fe2,retrecir,0.5,False,9,False,True,0.231310,7.112,ok,3073189099
ec817c9a9029057b5dc080d0cfdd1fe2,retrecir,0.5,True,9,False,True,0.231310,7.735,ok,3073189099
ec817c9a9029057b5dc080d0cfdd1fe2,retrecir,1.0,False,9,False,False,,4.866,invariant_viole,2375636711
ec817c9a9029057b5dc080d0cfdd1fe2,retrecir,1.0,True,9,False,True,1.000000,7.370,ok,2375636711
ec817c9a9029057b5dc080d0cfdd1fe2,aplatir,0.1,False,9,False,False,,5.416,invariant_viole,576215746
ec817c9a9029057b5dc080d0cfdd1fe2,aplatir,0.1,True,9,False,True,0.100000,7.559,ok,576215746
ec817c9a9029057b5dc080d0cfdd1fe2,aplatir,0.25,False,9,False,False,,5.579,invariant_viole,2586972749
ec817c9a9029057b5dc080d0cfdd1fe2,aplatir,0.25,True,9,False,True,0.250000,7.797,ok,2586972749
ec817c9a9029057b5dc080d0cfdd1fe2,aplatir,0.5,False,9,False,False,,5.162,invariant_viole,403757592
ec817c9a9029057b5dc080d0cfdd1fe2,aplatir,0.5,True,9,False,True,0.500000,7.446,ok,403757592
ec817c9a9029057b5dc080d0cfdd1fe2,aplatir,1.0,False,9,False,False,,5.346,invariant_viole,970043880
ec817c9a9029057b5dc080d0cfdd1fe2,aplatir,1.0,True,9,False,True,1.558890,7.800,ok,970043880
1edb368bc2b55e62bc4a61ae23ba9e3e,deplacer,0.1,False,8,False,True,0.100000,7.730,ok,766465997
1edb368bc2b55e62bc4a61ae23ba9e3e,deplacer,0.1,True,8,False,True,0.100000,5.952,ok,766465997
1edb368bc2b55e62bc4a61ae23ba9e3e,deplacer,0.25,False,8,False,True,0.250000,6.506,ok,2331011386
1edb368bc2b55e62bc4a61ae23ba9e3e,deplacer,0.25,True,8,False,True,0.250000,5.485,ok,2331011386
1edb368bc2b55e62bc4a61ae23ba9e3e,deplacer,0.5,False,8,False,True,0.500000,5.863,ok,2259927962
1edb368bc2b55e62bc4a61ae23ba9e3e,deplacer,0.5,True,8,False,True,0.500000,5.054,ok,2259927962
1edb368bc2b55e62bc4a61ae23ba9e3e,deplacer,1.0,False,8,False,True,1.000000,6.311,ok,3397046792
1edb368bc2b55e62bc4a61ae23ba9e3e,deplacer,1.0,True,8,False,True,1.000000,5.581,ok,3397046792
1edb368bc2b55e62bc4a61ae23ba9e3e,elargir,0.1,False,8,False,True,0.100000,7.414,ok,4126732683
1edb368bc2b55e62bc4a61ae23ba9e3e,elargir,0.1,True,8,False,True,0.100000,5.286,ok,4126732683
1edb368bc2b55e62bc4a61ae23ba9e3e,elargir,0.25,False,8,False,True,0.250000,5.153,ok,4001083645
1edb368bc2b55e62bc4a61ae23ba9e3e,elargir,0.25,True,8,False,True,0.250000,5.883,ok,4001083645
1edb368bc2b55e62bc4a61ae23ba9e3e,elargir,0.5,False,8,False,False,,4.533,invariant_viole,7524144
1edb368bc2b55e62bc4a61ae23ba9e3e,elargir,0.5,True,8,False,True,0.500000,5.490,ok,7524144
1edb368bc2b55e62bc4a61ae23ba9e3e,elargir,1.0,False,8,False,True,1.000000,4.623,ok,137504802
1edb368bc2b55e62bc4a61ae23ba9e3e,elargir,1.0,True,8,False,True,1.000000,5.114,ok,137504802
1edb368bc2b55e62bc4a61ae23ba9e3e,retrecir,0.1,False,8,False,True,0.100000,4.907,ok,3386055491
1edb368bc2b55e62bc4a61ae23ba9e3e,retrecir,0.1,True,8,False,True,0.100000,5.109,ok,3386055491
1edb368bc2b55e62bc4a61ae23ba9e3e,retrecir,0.25,False,8,False,False,,4.617,invariant_viole,3920943395
1edb368bc2b55e62bc4a61ae23ba9e3e,retrecir,0.25,True,8,False,True,0.250000,5.593,ok,3920943395
1edb368bc2b55e62bc4a61ae23ba9e3e,retrecir,0.5,False,8,False,False,,4.686,invariant_viole,2541327005
1edb368bc2b55e62bc4a61ae23ba9e3e,retrecir,0.5,True,8,False,True,0.500000,5.507,ok,2541327005
1edb368bc2b55e62bc4a61ae23ba9e3e,retrecir,1.0,False,8,False,False,,5.406,invariant_viole,1465593188
1edb368bc2b55e62bc4a61ae23ba9e3e,retrecir,1.0,True,8,False,True,1.000000,5.253,ok,1465593188
1edb368bc2b55e62bc4a61ae23ba9e3e,aplatir,0.1,False,8,False,False,,8.546,invariant_viole,3720916873
1edb368bc2b55e62bc4a61ae23ba9e3e,aplatir,0.1,True,8,False,True,0.100000,5.525,ok,3720916873
1edb368bc2b55e62bc4a61ae23ba9e3e,aplatir,0.25,False,8,False,False,,6.284,invariant_viole,3423401951
1edb368bc2b55e62bc4a61ae23ba9e3e,aplatir,0.25,True,8,False,True,0.250000,5.050,ok,3423401951
1edb368bc2b55e62bc4a61ae23ba9e3e,aplatir,0.5,False,8,False,False,,4.869,invariant_viole,3926572247
1edb368bc2b55e62bc4a61ae23ba9e3e,aplatir,0.5,True,8,False,True,0.500000,5.031,ok,3926572247
1edb368bc2b55e62bc4a61ae23ba9e3e,aplatir,1.0,False,8,False,False,,4.526,invariant_viole,1590773890
1edb368bc2b55e62bc4a61ae23ba9e3e,aplatir,1.0,True,8,False,True,1.000000,5.436,ok,1590773890
0869a4d44b859bffb5a96be37f68ef76,deplacer,0.1,False,8,False,True,0.100000,4.737,ok,1735131661
0869a4d44b859bffb5a96be37f68ef76,deplacer,0.1,True,8,False,True,0.100000,5.207,ok,1735131661
0869a4d44b859bffb5a96be37f68ef76,deplacer,0.25,False,8,False,True,0.250000,4.631,ok,2636070360
0869a4d44b859bffb5a96be37f68ef76,deplacer,0.25,True,8,False,True,0.250000,6.279,ok,2636070360
0869a4d44b859bffb5a96be37f68ef76,deplacer,0.5,False,8,False,True,0.500000,5.489,ok,1594200626
0869a4d44b859bffb5a96be37f68ef76,deplacer,0.5,True,8,False,True,0.500000,5.878,ok,1594200626
0869a4d44b859bffb5a96be37f68ef76,deplacer,1.0,False,8,False,True,1.000000,4.264,ok,3036976563
0869a4d44b859bffb5a96be37f68ef76,deplacer,1.0,True,8,False,True,1.000000,4.837,ok,3036976563
0869a4d44b859bffb5a96be37f68ef76,elargir,0.1,False,8,False,True,0.100000,5.141,ok,1715702113
0869a4d44b859bffb5a96be37f68ef76,elargir,0.1,True,8,False,True,0.100000,4.862,ok,1715702113
0869a4d44b859bffb5a96be37f68ef76,elargir,0.25,False,8,False,True,0.250000,4.820,ok,2810847164
0869a4d44b859bffb5a96be37f68ef76,elargir,0.25,True,8,False,True,0.250000,5.454,ok,2810847164
0869a4d44b859bffb5a96be37f68ef76,elargir,0.5,False,8,False,False,,4.516,invariant_viole,2890043829
0869a4d44b859bffb5a96be37f68ef76,elargir,0.5,True,8,False,True,0.500000,5.311,ok,2890043829
0869a4d44b859bffb5a96be37f68ef76,elargir,1.0,False,8,False,True,1.000000,4.913,ok,1053117895
0869a4d44b859bffb5a96be37f68ef76,elargir,1.0,True,8,False,True,1.000000,5.508,ok,1053117895
0869a4d44b859bffb5a96be37f68ef76,retrecir,0.1,False,8,False,False,,5.087,invariant_viole,304968321
0869a4d44b859bffb5a96be37f68ef76,retrecir,0.1,True,8,False,True,0.100000,4.826,ok,304968321
0869a4d44b859bffb5a96be37f68ef76,retrecir,0.25,False,8,False,False,,4.475,invariant_viole,1587180318
0869a4d44b859bffb5a96be37f68ef76,retrecir,0.25,True,8,False,True,0.250000,5.440,ok,1587180318
0869a4d44b859bffb5a96be37f68ef76,retrecir,0.5,False,8,False,False,,4.594,invariant_viole,11004471
0869a4d44b859bffb5a96be37f68ef76,retrecir,0.5,True,8,False,True,0.500000,6.957,ok,11004471
0869a4d44b859bffb5a96be37f68ef76,retrecir,1.0,False,8,False,False,,4.859,invariant_viole,4101225273
0869a4d44b859bffb5a96be37f68ef76,retrecir,1.0,True,8,False,True,1.000000,5.821,ok,4101225273
0869a4d44b859bffb5a96be37f68ef76,aplatir,0.1,False,8,False,False,,4.961,invariant_viole,1266439898
0869a4d44b859bffb5a96be37f68ef76,aplatir,0.1,True,8,False,True,0.100000,4.972,ok,1266439898
0869a4d44b859bffb5a96be37f68ef76,aplatir,0.25,False,8,False,False,,5.464,invariant_viole,1388346934
0869a4d44b859bffb5a96be37f68ef76,aplatir,0.25,True,8,False,True,0.250000,5.320,ok,1388346934
0869a4d44b859bffb5a96be37f68ef76,aplatir,0.5,False,8,False,False,,4.828,invariant_viole,703840518
0869a4d44b859bffb5a96be37f68ef76,aplatir,0.5,True,8,False,True,0.500000,5.239,ok,703840518
0869a4d44b859bffb5a96be37f68ef76,aplatir,1.0,False,8,False,False,,4.500,invariant_viole,3662362851
0869a4d44b859bffb5a96be37f68ef76,aplatir,1.0,True,8,False,True,1.000000,5.569,ok,3662362851
3ef1ca69eccc378a07a77819744ac6d3,deplacer,0.1,False,7,False,True,0.100000,9.014,ok,1450235768
3ef1ca69eccc378a07a77819744ac6d3,deplacer,0.1,True,7,False,True,0.100000,5.634,ok,1450235768
3ef1ca69eccc378a07a77819744ac6d3,deplacer,0.25,False,7,False,False,,4.969,invariant_viole,4185932021
3ef1ca69eccc378a07a77819744ac6d3,deplacer,0.25,True,7,False,False,,5.273,infaisable,4185932021
3ef1ca69eccc378a07a77819744ac6d3,deplacer,0.5,False,7,False,True,0.500000,5.562,ok,1021472812
3ef1ca69eccc378a07a77819744ac6d3,deplacer,0.5,True,7,False,True,0.367120,5.978,ok,1021472812
3ef1ca69eccc378a07a77819744ac6d3,deplacer,1.0,False,7,False,False,,3.855,invariant_viole,3363495261
3ef1ca69eccc378a07a77819744ac6d3,deplacer,1.0,True,7,False,True,1.000000,5.737,ok,3363495261
3ef1ca69eccc378a07a77819744ac6d3,elargir,0.1,False,7,False,False,,3.837,invariant_viole,873699207
3ef1ca69eccc378a07a77819744ac6d3,elargir,0.1,True,7,False,True,0.100000,5.429,ok,873699207
3ef1ca69eccc378a07a77819744ac6d3,elargir,0.25,False,7,False,True,0.250000,5.626,ok,3201189386
3ef1ca69eccc378a07a77819744ac6d3,elargir,0.25,True,7,False,True,0.250000,5.752,ok,3201189386
3ef1ca69eccc378a07a77819744ac6d3,elargir,0.5,False,7,False,True,0.500000,6.276,ok,1323139922
3ef1ca69eccc378a07a77819744ac6d3,elargir,0.5,True,7,False,True,0.500000,5.735,ok,1323139922
3ef1ca69eccc378a07a77819744ac6d3,elargir,1.0,False,7,False,True,1.000000,5.458,ok,51234708
3ef1ca69eccc378a07a77819744ac6d3,elargir,1.0,True,7,False,True,1.000000,7.901,ok,51234708
3ef1ca69eccc378a07a77819744ac6d3,retrecir,0.1,False,7,False,False,,3.948,invariant_viole,3291686617
3ef1ca69eccc378a07a77819744ac6d3,retrecir,0.1,True,7,False,True,0.100000,6.565,ok,3291686617
3ef1ca69eccc378a07a77819744ac6d3,retrecir,0.25,False,7,False,False,,4.536,invariant_viole,1540454057
3ef1ca69eccc378a07a77819744ac6d3,retrecir,0.25,True,7,False,True,0.250000,5.777,ok,1540454057
3ef1ca69eccc378a07a77819744ac6d3,retrecir,0.5,False,7,False,False,,4.383,invariant_viole,1358021651
3ef1ca69eccc378a07a77819744ac6d3,retrecir,0.5,True,7,False,True,0.500000,5.861,ok,1358021651
3ef1ca69eccc378a07a77819744ac6d3,retrecir,1.0,False,7,False,False,,4.309,invariant_viole,2703910457
3ef1ca69eccc378a07a77819744ac6d3,retrecir,1.0,True,7,False,False,,5.262,infaisable,2703910457
3ef1ca69eccc378a07a77819744ac6d3,aplatir,0.1,False,7,False,False,,4.159,invariant_viole,2160810978
3ef1ca69eccc378a07a77819744ac6d3,aplatir,0.1,True,7,False,True,0.100000,5.427,ok,2160810978
3ef1ca69eccc378a07a77819744ac6d3,aplatir,0.25,False,7,False,False,,5.914,invariant_viole,1336019430
3ef1ca69eccc378a07a77819744ac6d3,aplatir,0.25,True,7,False,True,0.250000,5.595,ok,1336019430
3ef1ca69eccc378a07a77819744ac6d3,aplatir,0.5,False,7,False,False,,4.330,invariant_viole,1388998291
3ef1ca69eccc378a07a77819744ac6d3,aplatir,0.5,True,7,False,True,0.500000,5.560,ok,1388998291
3ef1ca69eccc378a07a77819744ac6d3,aplatir,1.0,False,7,False,False,,3.839,invariant_viole,1644655933
3ef1ca69eccc378a07a77819744ac6d3,aplatir,1.0,True,7,False,False,,8.369,infaisable,1644655933
7217d880f1538ebaf820ea98da035ebc,deplacer,0.1,False,10,False,False,,5.735,invariant_viole,4119314520
7217d880f1538ebaf820ea98da035ebc,deplacer,0.1,True,10,False,False,,7.709,infaisable,4119314520
7217d880f1538ebaf820ea98da035ebc,deplacer,0.25,False,10,False,True,0.250000,8.494,ok,2015351695
7217d880f1538ebaf820ea98da035ebc,deplacer,0.25,True,10,False,True,0.250000,8.124,ok,2015351695
7217d880f1538ebaf820ea98da035ebc,deplacer,0.5,False,10,False,True,0.500000,8.575,ok,265757919
7217d880f1538ebaf820ea98da035ebc,deplacer,0.5,True,10,False,True,0.500000,8.210,ok,265757919
7217d880f1538ebaf820ea98da035ebc,deplacer,1.0,False,10,False,True,1.000000,8.285,ok,2411090562
7217d880f1538ebaf820ea98da035ebc,deplacer,1.0,True,10,False,True,1.000000,8.966,ok,2411090562
7217d880f1538ebaf820ea98da035ebc,elargir,0.1,False,10,False,False,,5.435,invariant_viole,3485608840
7217d880f1538ebaf820ea98da035ebc,elargir,0.1,True,10,False,True,0.100000,8.748,ok,3485608840
7217d880f1538ebaf820ea98da035ebc,elargir,0.25,False,10,False,True,0.250000,8.614,ok,3392982246
7217d880f1538ebaf820ea98da035ebc,elargir,0.25,True,10,False,True,0.250000,9.194,ok,3392982246
7217d880f1538ebaf820ea98da035ebc,elargir,0.5,False,10,False,True,0.500000,8.025,ok,2212620653
7217d880f1538ebaf820ea98da035ebc,elargir,0.5,True,10,False,True,0.500000,11.456,ok,2212620653
7217d880f1538ebaf820ea98da035ebc,elargir,1.0,False,10,False,False,,7.028,invariant_viole,2581559227
7217d880f1538ebaf820ea98da035ebc,elargir,1.0,True,10,False,True,1.000000,8.600,ok,2581559227
7217d880f1538ebaf820ea98da035ebc,retrecir,0.1,False,10,False,False,,5.435,invariant_viole,3478589380
7217d880f1538ebaf820ea98da035ebc,retrecir,0.1,True,10,False,True,0.100000,8.411,ok,3478589380
7217d880f1538ebaf820ea98da035ebc,retrecir,0.25,False,10,False,False,,6.259,invariant_viole,1503844937
7217d880f1538ebaf820ea98da035ebc,retrecir,0.25,True,10,False,True,0.250000,8.251,ok,1503844937
7217d880f1538ebaf820ea98da035ebc,retrecir,0.5,False,10,False,False,,5.668,invariant_viole,423152485
7217d880f1538ebaf820ea98da035ebc,retrecir,0.5,True,10,False,True,0.500000,8.710,ok,423152485
7217d880f1538ebaf820ea98da035ebc,retrecir,1.0,False,10,False,False,,5.945,invariant_viole,3006337707
7217d880f1538ebaf820ea98da035ebc,retrecir,1.0,True,10,False,True,1.000000,9.713,ok,3006337707
7217d880f1538ebaf820ea98da035ebc,aplatir,0.1,False,10,False,False,,6.199,invariant_viole,1230155273
7217d880f1538ebaf820ea98da035ebc,aplatir,0.1,True,10,False,True,0.100000,13.139,ok,1230155273
7217d880f1538ebaf820ea98da035ebc,aplatir,0.25,False,10,False,False,,6.650,invariant_viole,3736945878
7217d880f1538ebaf820ea98da035ebc,aplatir,0.25,True,10,False,True,0.250000,9.915,ok,3736945878
7217d880f1538ebaf820ea98da035ebc,aplatir,0.5,False,10,False,False,,7.421,invariant_viole,280961167
7217d880f1538ebaf820ea98da035ebc,aplatir,0.5,True,10,False,False,,6.293,invariant_viole,280961167
7217d880f1538ebaf820ea98da035ebc,aplatir,1.0,False,10,False,False,,5.714,invariant_viole,1075561368
7217d880f1538ebaf820ea98da035ebc,aplatir,1.0,True,10,False,True,1.000000,8.344,ok,1075561368
f6992149da1dccaed40dce17f4fce4a1,deplacer,0.1,False,10,False,False,,6.724,invariant_viole,3454976318
f6992149da1dccaed40dce17f4fce4a1,deplacer,0.1,True,10,False,True,0.100000,8.748,ok,3454976318
f6992149da1dccaed40dce17f4fce4a1,deplacer,0.25,False,10,False,True,0.250000,11.965,ok,4256703675
f6992149da1dccaed40dce17f4fce4a1,deplacer,0.25,True,10,False,True,0.250000,11.173,ok,4256703675
f6992149da1dccaed40dce17f4fce4a1,deplacer,0.5,False,10,False,True,0.500000,10.518,ok,4223573125
f6992149da1dccaed40dce17f4fce4a1,deplacer,0.5,True,10,False,True,0.500000,9.440,ok,4223573125
f6992149da1dccaed40dce17f4fce4a1,deplacer,1.0,False,10,False,False,,5.874,invariant_viole,310465965
f6992149da1dccaed40dce17f4fce4a1,deplacer,1.0,True,10,False,False,,7.604,infaisable,310465965
f6992149da1dccaed40dce17f4fce4a1,elargir,0.1,False,10,False,True,0.100000,6.510,ok,1575054745
f6992149da1dccaed40dce17f4fce4a1,elargir,0.1,True,10,False,True,0.100000,9.556,ok,1575054745
f6992149da1dccaed40dce17f4fce4a1,elargir,0.25,False,10,False,False,,5.547,invariant_viole,4178382704
f6992149da1dccaed40dce17f4fce4a1,elargir,0.25,True,10,False,True,0.250000,8.523,ok,4178382704
f6992149da1dccaed40dce17f4fce4a1,elargir,0.5,False,10,False,True,0.500000,5.650,ok,292250863
f6992149da1dccaed40dce17f4fce4a1,elargir,0.5,True,10,False,True,0.500000,8.757,ok,292250863
f6992149da1dccaed40dce17f4fce4a1,elargir,1.0,False,10,False,False,,6.067,invariant_viole,2297595078
f6992149da1dccaed40dce17f4fce4a1,elargir,1.0,True,10,False,True,1.000000,10.149,ok,2297595078
f6992149da1dccaed40dce17f4fce4a1,retrecir,0.1,False,10,False,False,,5.919,invariant_viole,1321550479
f6992149da1dccaed40dce17f4fce4a1,retrecir,0.1,True,10,False,True,0.100000,8.466,ok,1321550479
f6992149da1dccaed40dce17f4fce4a1,retrecir,0.25,False,10,False,True,0.250000,9.167,ok,1746558243
f6992149da1dccaed40dce17f4fce4a1,retrecir,0.25,True,10,False,True,0.250000,9.753,ok,1746558243
f6992149da1dccaed40dce17f4fce4a1,retrecir,0.5,False,10,False,False,,5.996,invariant_viole,3888135592
f6992149da1dccaed40dce17f4fce4a1,retrecir,0.5,True,10,False,True,0.500000,7.873,ok,3888135592
f6992149da1dccaed40dce17f4fce4a1,retrecir,1.0,False,10,False,False,,5.591,invariant_viole,2064541660
f6992149da1dccaed40dce17f4fce4a1,retrecir,1.0,True,10,False,True,1.000000,8.047,ok,2064541660
f6992149da1dccaed40dce17f4fce4a1,aplatir,0.1,False,10,False,False,,5.420,invariant_viole,1021809941
f6992149da1dccaed40dce17f4fce4a1,aplatir,0.1,True,10,False,True,0.100000,8.043,ok,1021809941
f6992149da1dccaed40dce17f4fce4a1,aplatir,0.25,False,10,False,False,,6.453,invariant_viole,3744992927
f6992149da1dccaed40dce17f4fce4a1,aplatir,0.25,True,10,False,True,0.250000,8.584,ok,3744992927
f6992149da1dccaed40dce17f4fce4a1,aplatir,0.5,False,10,False,False,,5.530,invariant_viole,1339093951
f6992149da1dccaed40dce17f4fce4a1,aplatir,0.5,True,10,False,True,0.500000,9.279,ok,1339093951
f6992149da1dccaed40dce17f4fce4a1,aplatir,1.0,False,10,False,False,,7.304,invariant_viole,3941640705
f6992149da1dccaed40dce17f4fce4a1,aplatir,1.0,True,10,False,True,1.000000,9.215,ok,3941640705
2401e36ee5a5930270a091f89b1ab98c,deplacer,0.1,False,10,False,True,0.100000,6.666,ok,2658699066
2401e36ee5a5930270a091f89b1ab98c,deplacer,0.1,True,10,False,True,0.100000,6.231,ok,2658699066
2401e36ee5a5930270a091f89b1ab98c,deplacer,0.25,False,10,False,True,0.250000,6.087,ok,3940881639
2401e36ee5a5930270a091f89b1ab98c,deplacer,0.25,True,10,False,True,0.250000,6.303,ok,3940881639
2401e36ee5a5930270a091f89b1ab98c,deplacer,0.5,False,10,False,False,,5.382,invariant_viole,2496892723
2401e36ee5a5930270a091f89b1ab98c,deplacer,0.5,True,10,False,True,0.500000,6.463,ok,2496892723
2401e36ee5a5930270a091f89b1ab98c,deplacer,1.0,False,10,False,False,,5.391,invariant_viole,1382379180
2401e36ee5a5930270a091f89b1ab98c,deplacer,1.0,True,10,False,True,1.000000,6.847,ok,1382379180
2401e36ee5a5930270a091f89b1ab98c,elargir,0.1,False,10,False,True,0.100000,8.027,ok,3533042666
2401e36ee5a5930270a091f89b1ab98c,elargir,0.1,True,10,False,True,0.100000,6.156,ok,3533042666
2401e36ee5a5930270a091f89b1ab98c,elargir,0.25,False,10,False,True,0.250000,5.910,ok,3399898149
2401e36ee5a5930270a091f89b1ab98c,elargir,0.25,True,10,False,True,0.250000,5.977,ok,3399898149
2401e36ee5a5930270a091f89b1ab98c,elargir,0.5,False,10,False,True,0.500000,5.999,ok,2452934887
2401e36ee5a5930270a091f89b1ab98c,elargir,0.5,True,10,False,True,0.500000,5.761,ok,2452934887
2401e36ee5a5930270a091f89b1ab98c,elargir,1.0,False,10,False,False,,5.381,invariant_viole,4064662960
2401e36ee5a5930270a091f89b1ab98c,elargir,1.0,True,10,False,False,,7.290,infaisable,4064662960
2401e36ee5a5930270a091f89b1ab98c,retrecir,0.1,False,10,False,True,0.100000,5.769,ok,2054320424
2401e36ee5a5930270a091f89b1ab98c,retrecir,0.1,True,10,False,True,0.100000,5.897,ok,2054320424
2401e36ee5a5930270a091f89b1ab98c,retrecir,0.25,False,10,False,False,,5.663,invariant_viole,373578649
2401e36ee5a5930270a091f89b1ab98c,retrecir,0.25,True,10,False,True,0.250000,5.619,ok,373578649
2401e36ee5a5930270a091f89b1ab98c,retrecir,0.5,False,10,False,False,,5.574,invariant_viole,519727505
2401e36ee5a5930270a091f89b1ab98c,retrecir,0.5,True,10,False,True,0.500000,5.587,ok,519727505
2401e36ee5a5930270a091f89b1ab98c,retrecir,1.0,False,10,False,True,0.201318,6.133,ok,3201140208
2401e36ee5a5930270a091f89b1ab98c,retrecir,1.0,True,10,False,True,0.201318,9.041,ok,3201140208
2401e36ee5a5930270a091f89b1ab98c,aplatir,0.1,False,10,False,False,,7.088,invariant_viole,2465474068
2401e36ee5a5930270a091f89b1ab98c,aplatir,0.1,True,10,False,True,0.100000,6.162,ok,2465474068
2401e36ee5a5930270a091f89b1ab98c,aplatir,0.25,False,10,False,False,,5.369,invariant_viole,1782103250
2401e36ee5a5930270a091f89b1ab98c,aplatir,0.25,True,10,False,True,0.250000,7.487,ok,1782103250
2401e36ee5a5930270a091f89b1ab98c,aplatir,0.5,False,10,False,False,,6.594,invariant_viole,1628809350
2401e36ee5a5930270a091f89b1ab98c,aplatir,0.5,True,10,False,True,0.500000,6.653,ok,1628809350
2401e36ee5a5930270a091f89b1ab98c,aplatir,1.0,False,10,False,False,,5.428,invariant_viole,3308657079
2401e36ee5a5930270a091f89b1ab98c,aplatir,1.0,True,10,False,True,1.000000,6.220,ok,3308657079
7e438e6a585c48f2962507f84ede2232,deplacer,0.1,False,10,False,False,,5.720,invariant_viole,1388956438
7e438e6a585c48f2962507f84ede2232,deplacer,0.1,True,10,False,True,0.100000,84.554,ok,1388956438
7e438e6a585c48f2962507f84ede2232,deplacer,0.25,False,10,False,True,0.250000,6.079,ok,2243413023
7e438e6a585c48f2962507f84ede2232,deplacer,0.25,True,10,False,True,0.250000,9.531,ok,2243413023
7e438e6a585c48f2962507f84ede2232,deplacer,0.5,False,10,False,True,0.500000,5.625,ok,4124112366
7e438e6a585c48f2962507f84ede2232,deplacer,0.5,True,10,False,True,0.500000,9.204,ok,4124112366
7e438e6a585c48f2962507f84ede2232,deplacer,1.0,False,10,False,False,,5.629,invariant_viole,1193879468
7e438e6a585c48f2962507f84ede2232,deplacer,1.0,True,10,False,True,1.000000,7.857,ok,1193879468
7e438e6a585c48f2962507f84ede2232,elargir,0.1,False,10,False,False,,5.585,invariant_viole,828255712
7e438e6a585c48f2962507f84ede2232,elargir,0.1,True,10,False,True,0.100000,7.839,ok,828255712
7e438e6a585c48f2962507f84ede2232,elargir,0.25,False,10,False,False,,5.593,invariant_viole,311974078
7e438e6a585c48f2962507f84ede2232,elargir,0.25,True,10,False,True,0.250000,8.224,ok,311974078
7e438e6a585c48f2962507f84ede2232,elargir,0.5,False,10,False,False,,5.379,invariant_viole,3593925465
7e438e6a585c48f2962507f84ede2232,elargir,0.5,True,10,False,True,0.500000,8.143,ok,3593925465
7e438e6a585c48f2962507f84ede2232,elargir,1.0,False,10,False,False,,5.711,invariant_viole,3458296930
7e438e6a585c48f2962507f84ede2232,elargir,1.0,True,10,False,True,1.000000,8.520,ok,3458296930
7e438e6a585c48f2962507f84ede2232,retrecir,0.1,False,10,False,False,,5.676,invariant_viole,3344449004
7e438e6a585c48f2962507f84ede2232,retrecir,0.1,True,10,False,True,0.100000,7.952,ok,3344449004
7e438e6a585c48f2962507f84ede2232,retrecir,0.25,False,10,False,False,,5.524,invariant_viole,3372547329
7e438e6a585c48f2962507f84ede2232,retrecir,0.25,True,10,False,True,0.250000,9.678,ok,3372547329
7e438e6a585c48f2962507f84ede2232,retrecir,0.5,False,10,False,True,0.500000,6.308,ok,2131224552
7e438e6a585c48f2962507f84ede2232,retrecir,0.5,True,10,False,True,0.500000,8.327,ok,2131224552
7e438e6a585c48f2962507f84ede2232,retrecir,1.0,False,10,False,False,,5.703,invariant_viole,1438959047
7e438e6a585c48f2962507f84ede2232,retrecir,1.0,True,10,False,True,1.000000,8.267,ok,1438959047
7e438e6a585c48f2962507f84ede2232,aplatir,0.1,False,10,False,False,,5.364,invariant_viole,1738586791
7e438e6a585c48f2962507f84ede2232,aplatir,0.1,True,10,False,True,0.100000,8.199,ok,1738586791
7e438e6a585c48f2962507f84ede2232,aplatir,0.25,False,10,False,False,,5.496,invariant_viole,2599344552
7e438e6a585c48f2962507f84ede2232,aplatir,0.25,True,10,False,True,0.250000,8.166,ok,2599344552
7e438e6a585c48f2962507f84ede2232,aplatir,0.5,False,10,False,False,,5.419,invariant_viole,1810443240
7e438e6a585c48f2962507f84ede2232,aplatir,0.5,True,10,False,True,0.500000,11.316,ok,1810443240
7e438e6a585c48f2962507f84ede2232,aplatir,1.0,False,10,False,False,,5.778,invariant_viole,2813125409
7e438e6a585c48f2962507f84ede2232,aplatir,1.0,True,10,False,True,1.000000,8.655,ok,2813125409
dbe68a2583627c7982e868fa1186e117,deplacer,0.1,False,10,False,False,,6.517,invariant_viole,1791709655
dbe68a2583627c7982e868fa1186e117,deplacer,0.1,True,10,False,True,0.100000,6.862,ok,1791709655
dbe68a2583627c7982e868fa1186e117,deplacer,0.25,False,10,False,True,0.250000,5.908,ok,3416572815
dbe68a2583627c7982e868fa1186e117,deplacer,0.25,True,10,False,True,0.250000,6.810,ok,3416572815
dbe68a2583627c7982e868fa1186e117,deplacer,0.5,False,10,False,False,,7.290,invariant_viole,1505097027
dbe68a2583627c7982e868fa1186e117,deplacer,0.5,True,10,False,True,0.500000,6.788,ok,1505097027
dbe68a2583627c7982e868fa1186e117,deplacer,1.0,False,10,False,False,,7.973,invariant_viole,132907731
dbe68a2583627c7982e868fa1186e117,deplacer,1.0,True,10,False,True,1.000000,7.287,ok,132907731
dbe68a2583627c7982e868fa1186e117,elargir,0.1,False,10,False,False,,5.944,invariant_viole,1999360150
dbe68a2583627c7982e868fa1186e117,elargir,0.1,True,10,False,True,0.100000,6.391,ok,1999360150
dbe68a2583627c7982e868fa1186e117,elargir,0.25,False,10,False,False,,6.158,invariant_viole,1778862305
dbe68a2583627c7982e868fa1186e117,elargir,0.25,True,10,False,True,0.855155,8.161,ok,1778862305
dbe68a2583627c7982e868fa1186e117,elargir,0.5,False,10,False,True,0.500000,6.432,ok,3898748061
dbe68a2583627c7982e868fa1186e117,elargir,0.5,True,10,False,True,0.500000,7.352,ok,3898748061
dbe68a2583627c7982e868fa1186e117,elargir,1.0,False,10,False,True,1.000000,6.511,ok,1941027133
dbe68a2583627c7982e868fa1186e117,elargir,1.0,True,10,False,True,1.000000,6.684,ok,1941027133
dbe68a2583627c7982e868fa1186e117,retrecir,0.1,False,10,False,False,,7.105,invariant_viole,3726672072
dbe68a2583627c7982e868fa1186e117,retrecir,0.1,True,10,False,True,0.100000,7.107,ok,3726672072
dbe68a2583627c7982e868fa1186e117,retrecir,0.25,False,10,False,False,,7.220,invariant_viole,527644535
dbe68a2583627c7982e868fa1186e117,retrecir,0.25,True,10,False,True,0.250000,6.922,ok,527644535
dbe68a2583627c7982e868fa1186e117,retrecir,0.5,False,10,False,False,,6.642,invariant_viole,1805836762
dbe68a2583627c7982e868fa1186e117,retrecir,0.5,True,10,False,False,,6.193,invariant_viole,1805836762
dbe68a2583627c7982e868fa1186e117,retrecir,1.0,False,10,False,True,1.000000,5.634,ok,2338432188
dbe68a2583627c7982e868fa1186e117,retrecir,1.0,True,10,False,True,1.000000,6.267,ok,2338432188
dbe68a2583627c7982e868fa1186e117,aplatir,0.1,False,10,False,False,,5.345,invariant_viole,2090707192
dbe68a2583627c7982e868fa1186e117,aplatir,0.1,True,10,False,True,0.100000,6.600,ok,2090707192
dbe68a2583627c7982e868fa1186e117,aplatir,0.25,False,10,False,False,,5.640,invariant_viole,2484282362
dbe68a2583627c7982e868fa1186e117,aplatir,0.25,True,10,False,True,0.250000,7.600,ok,2484282362
dbe68a2583627c7982e868fa1186e117,aplatir,0.5,False,10,False,False,,5.726,invariant_viole,2151864282
dbe68a2583627c7982e868fa1186e117,aplatir,0.5,True,10,False,False,,7.567,invariant_viole,2151864282
dbe68a2583627c7982e868fa1186e117,aplatir,1.0,False,10,False,False,,5.628,invariant_viole,3439140550
dbe68a2583627c7982e868fa1186e117,aplatir,1.0,True,10,False,True,1.000000,6.931,ok,3439140550
936a0a7f1b099d1972959f98f7cd1970,deplacer,0.1,False,10,False,False,,5.504,invariant_viole,3402746764
936a0a7f1b099d1972959f98f7cd1970,deplacer,0.1,True,10,False,True,0.100000,6.463,ok,3402746764
936a0a7f1b099d1972959f98f7cd1970,deplacer,0.25,False,10,False,False,,5.511,invariant_viole,3385274878
936a0a7f1b099d1972959f98f7cd1970,deplacer,0.25,True,10,False,True,0.250000,6.442,ok,3385274878
936a0a7f1b099d1972959f98f7cd1970,deplacer,0.5,False,10,False,False,,5.377,invariant_viole,3544662078
936a0a7f1b099d1972959f98f7cd1970,deplacer,0.5,True,10,False,True,0.500000,6.609,ok,3544662078
936a0a7f1b099d1972959f98f7cd1970,deplacer,1.0,False,10,False,False,,5.641,invariant_viole,1184828361
936a0a7f1b099d1972959f98f7cd1970,deplacer,1.0,True,10,False,True,1.000000,6.560,ok,1184828361
936a0a7f1b099d1972959f98f7cd1970,elargir,0.1,False,10,False,False,,5.815,invariant_viole,654156951
936a0a7f1b099d1972959f98f7cd1970,elargir,0.1,True,10,False,True,0.100000,8.561,ok,654156951
936a0a7f1b099d1972959f98f7cd1970,elargir,0.25,False,10,False,False,,5.769,invariant_viole,2612618027
936a0a7f1b099d1972959f98f7cd1970,elargir,0.25,True,10,False,True,0.250000,6.286,ok,2612618027
936a0a7f1b099d1972959f98f7cd1970,elargir,0.5,False,10,False,False,,6.135,invariant_viole,2038665604
936a0a7f1b099d1972959f98f7cd1970,elargir,0.5,True,10,False,True,0.500000,6.531,ok,2038665604
936a0a7f1b099d1972959f98f7cd1970,elargir,1.0,False,10,False,True,1.000000,6.426,ok,2566084517
936a0a7f1b099d1972959f98f7cd1970,elargir,1.0,True,10,False,True,1.000000,6.634,ok,2566084517
936a0a7f1b099d1972959f98f7cd1970,retrecir,0.1,False,10,False,False,,6.986,invariant_viole,3010558639
936a0a7f1b099d1972959f98f7cd1970,retrecir,0.1,True,10,False,True,0.100000,7.700,ok,3010558639
936a0a7f1b099d1972959f98f7cd1970,retrecir,0.25,False,10,False,False,,5.957,invariant_viole,2418011884
936a0a7f1b099d1972959f98f7cd1970,retrecir,0.25,True,10,False,True,0.250000,6.143,ok,2418011884
936a0a7f1b099d1972959f98f7cd1970,retrecir,0.5,False,10,False,False,,5.572,invariant_viole,2833464277
936a0a7f1b099d1972959f98f7cd1970,retrecir,0.5,True,10,False,True,0.500000,6.457,ok,2833464277
936a0a7f1b099d1972959f98f7cd1970,retrecir,1.0,False,10,False,False,,5.498,invariant_viole,119428631
936a0a7f1b099d1972959f98f7cd1970,retrecir,1.0,True,10,False,True,1.000000,7.244,ok,119428631
936a0a7f1b099d1972959f98f7cd1970,aplatir,0.1,False,10,False,False,,5.785,invariant_viole,261925976
936a0a7f1b099d1972959f98f7cd1970,aplatir,0.1,True,10,False,True,0.100000,12.617,ok,261925976
936a0a7f1b099d1972959f98f7cd1970,aplatir,0.25,False,10,False,False,,6.493,invariant_viole,4168538052
936a0a7f1b099d1972959f98f7cd1970,aplatir,0.25,True,10,False,True,0.250000,7.354,ok,4168538052
936a0a7f1b099d1972959f98f7cd1970,aplatir,0.5,False,10,False,False,,8.761,invariant_viole,713435190
936a0a7f1b099d1972959f98f7cd1970,aplatir,0.5,True,10,False,True,0.500000,6.763,ok,713435190
936a0a7f1b099d1972959f98f7cd1970,aplatir,1.0,False,10,False,False,,6.396,invariant_viole,3002811491
936a0a7f1b099d1972959f98f7cd1970,aplatir,1.0,True,10,False,True,1.000000,6.691,ok,3002811491
650d94694f392e7e0700220864c85cf9,deplacer,0.1,False,10,False,True,0.100000,5.905,ok,387135301
650d94694f392e7e0700220864c85cf9,deplacer,0.1,True,10,False,True,0.100000,7.893,ok,387135301
650d94694f392e7e0700220864c85cf9,deplacer,0.25,False,10,False,False,,5.176,invariant_viole,1464784995
650d94694f392e7e0700220864c85cf9,deplacer,0.25,True,10,False,True,0.250000,7.645,ok,1464784995
650d94694f392e7e0700220864c85cf9,deplacer,0.5,False,10,False,True,0.500000,5.192,ok,1027962623
650d94694f392e7e0700220864c85cf9,deplacer,0.5,True,10,False,True,0.500000,8.662,ok,1027962623
650d94694f392e7e0700220864c85cf9,deplacer,1.0,False,10,False,False,,5.246,invariant_viole,891443162
650d94694f392e7e0700220864c85cf9,deplacer,1.0,True,10,False,True,1.000000,11.671,ok,891443162
650d94694f392e7e0700220864c85cf9,elargir,0.1,False,10,False,False,,6.454,invariant_viole,2907659822
650d94694f392e7e0700220864c85cf9,elargir,0.1,True,10,False,True,0.100000,8.329,ok,2907659822
650d94694f392e7e0700220864c85cf9,elargir,0.25,False,10,False,True,0.250000,5.950,ok,3542174416
650d94694f392e7e0700220864c85cf9,elargir,0.25,True,10,False,True,0.250000,8.875,ok,3542174416
650d94694f392e7e0700220864c85cf9,elargir,0.5,False,10,False,True,0.500000,6.221,ok,1997607742
650d94694f392e7e0700220864c85cf9,elargir,0.5,True,10,False,True,0.500000,7.652,ok,1997607742
650d94694f392e7e0700220864c85cf9,elargir,1.0,False,10,False,True,1.000000,9.575,ok,2070043403
650d94694f392e7e0700220864c85cf9,elargir,1.0,True,10,False,True,1.000000,9.152,ok,2070043403
650d94694f392e7e0700220864c85cf9,retrecir,0.1,False,10,False,True,0.100000,5.479,ok,2473840318
650d94694f392e7e0700220864c85cf9,retrecir,0.1,True,10,False,True,0.100000,8.456,ok,2473840318
650d94694f392e7e0700220864c85cf9,retrecir,0.25,False,10,False,False,,5.566,invariant_viole,1209684454
650d94694f392e7e0700220864c85cf9,retrecir,0.25,True,10,False,True,0.250000,8.069,ok,1209684454
650d94694f392e7e0700220864c85cf9,retrecir,0.5,False,10,False,False,,6.896,invariant_viole,1813991760
650d94694f392e7e0700220864c85cf9,retrecir,0.5,True,10,False,True,0.500000,11.137,ok,1813991760
650d94694f392e7e0700220864c85cf9,retrecir,1.0,False,10,False,False,,5.471,invariant_viole,561808540
650d94694f392e7e0700220864c85cf9,retrecir,1.0,True,10,False,True,1.000000,8.458,ok,561808540
650d94694f392e7e0700220864c85cf9,aplatir,0.1,False,10,False,False,,5.303,invariant_viole,4141894270
650d94694f392e7e0700220864c85cf9,aplatir,0.1,True,10,False,True,0.100000,8.673,ok,4141894270
650d94694f392e7e0700220864c85cf9,aplatir,0.25,False,10,False,False,,5.336,invariant_viole,1083324430
650d94694f392e7e0700220864c85cf9,aplatir,0.25,True,10,False,True,0.250000,8.173,ok,1083324430
650d94694f392e7e0700220864c85cf9,aplatir,0.5,False,10,False,False,,5.841,invariant_viole,3757248936
650d94694f392e7e0700220864c85cf9,aplatir,0.5,True,10,False,True,0.500000,8.520,ok,3757248936
650d94694f392e7e0700220864c85cf9,aplatir,1.0,False,10,False,True,1.000000,5.324,ok,3578150835
650d94694f392e7e0700220864c85cf9,aplatir,1.0,True,10,False,True,1.000000,9.753,ok,3578150835
3555fa26076e2cc9e37adf1e4e42c0b5,deplacer,0.1,False,10,False,True,0.100000,8.317,ok,673566570
3555fa26076e2cc9e37adf1e4e42c0b5,deplacer,0.1,True,10,False,True,0.100000,8.558,ok,673566570
3555fa26076e2cc9e37adf1e4e42c0b5,deplacer,0.25,False,10,False,True,0.250000,9.966,ok,3159709189
3555fa26076e2cc9e37adf1e4e42c0b5,deplacer,0.25,True,10,False,True,0.250000,9.019,ok,3159709189
3555fa26076e2cc9e37adf1e4e42c0b5,deplacer,0.5,False,10,False,False,,6.358,invariant_viole,1102251668
3555fa26076e2cc9e37adf1e4e42c0b5,deplacer,0.5,True,10,False,False,,8.427,infaisable,1102251668
3555fa26076e2cc9e37adf1e4e42c0b5,deplacer,1.0,False,10,False,False,,5.578,invariant_viole,2527647267
3555fa26076e2cc9e37adf1e4e42c0b5,deplacer,1.0,True,10,False,False,,7.603,infaisable,2527647267
3555fa26076e2cc9e37adf1e4e42c0b5,elargir,0.1,False,10,False,True,0.100000,5.470,ok,2203576049
3555fa26076e2cc9e37adf1e4e42c0b5,elargir,0.1,True,10,False,True,0.100000,8.340,ok,2203576049
3555fa26076e2cc9e37adf1e4e42c0b5,elargir,0.25,False,10,False,True,0.250000,6.472,ok,3880935084
3555fa26076e2cc9e37adf1e4e42c0b5,elargir,0.25,True,10,False,True,0.250000,7.927,ok,3880935084
3555fa26076e2cc9e37adf1e4e42c0b5,elargir,0.5,False,10,False,True,0.500000,5.537,ok,4246604646
3555fa26076e2cc9e37adf1e4e42c0b5,elargir,0.5,True,10,False,True,0.500000,9.174,ok,4246604646
3555fa26076e2cc9e37adf1e4e42c0b5,elargir,1.0,False,10,False,True,1.000000,5.549,ok,1173390695
3555fa26076e2cc9e37adf1e4e42c0b5,elargir,1.0,True,10,False,True,1.000000,8.635,ok,1173390695
3555fa26076e2cc9e37adf1e4e42c0b5,retrecir,0.1,False,10,False,False,,5.446,invariant_viole,3192675406
3555fa26076e2cc9e37adf1e4e42c0b5,retrecir,0.1,True,10,False,True,0.100000,8.590,ok,3192675406
3555fa26076e2cc9e37adf1e4e42c0b5,retrecir,0.25,False,10,False,False,,5.435,invariant_viole,3649938292
3555fa26076e2cc9e37adf1e4e42c0b5,retrecir,0.25,True,10,False,True,0.250000,7.750,ok,3649938292
3555fa26076e2cc9e37adf1e4e42c0b5,retrecir,0.5,False,10,False,False,,5.416,invariant_viole,3015781490
3555fa26076e2cc9e37adf1e4e42c0b5,retrecir,0.5,True,10,False,True,0.500000,7.946,ok,3015781490
3555fa26076e2cc9e37adf1e4e42c0b5,retrecir,1.0,False,10,False,False,,5.422,invariant_viole,194242320
3555fa26076e2cc9e37adf1e4e42c0b5,retrecir,1.0,True,10,False,True,1.000000,8.475,ok,194242320
3555fa26076e2cc9e37adf1e4e42c0b5,aplatir,0.1,False,10,False,False,,5.363,invariant_viole,3595449760
3555fa26076e2cc9e37adf1e4e42c0b5,aplatir,0.1,True,10,False,True,0.100000,8.797,ok,3595449760
3555fa26076e2cc9e37adf1e4e42c0b5,aplatir,0.25,False,10,False,False,,5.421,invariant_viole,3008003355
3555fa26076e2cc9e37adf1e4e42c0b5,aplatir,0.25,True,10,False,True,0.250000,8.582,ok,3008003355
3555fa26076e2cc9e37adf1e4e42c0b5,aplatir,0.5,False,10,False,False,,5.441,invariant_viole,3427422657
3555fa26076e2cc9e37adf1e4e42c0b5,aplatir,0.5,True,10,False,True,0.500000,11.058,ok,3427422657
3555fa26076e2cc9e37adf1e4e42c0b5,aplatir,1.0,False,10,False,False,,6.538,invariant_viole,2050119986
3555fa26076e2cc9e37adf1e4e42c0b5,aplatir,1.0,True,10,False,True,1.000000,8.925,ok,2050119986
9b409660b2e2e1545306990837c82796,deplacer,0.1,False,10,False,True,0.100000,6.971,ok,1638160430
9b409660b2e2e1545306990837c82796,deplacer,0.1,True,10,False,True,0.100000,7.391,ok,1638160430
9b409660b2e2e1545306990837c82796,deplacer,0.25,False,10,False,True,0.250000,6.795,ok,2564133037
9b409660b2e2e1545306990837c82796,deplacer,0.25,True,10,False,True,0.250000,6.777,ok,2564133037
9b409660b2e2e1545306990837c82796,deplacer,0.5,False,10,False,False,,5.978,invariant_viole,1558517625
9b409660b2e2e1545306990837c82796,deplacer,0.5,True,10,False,True,0.500000,6.422,ok,1558517625
9b409660b2e2e1545306990837c82796,deplacer,1.0,False,10,False,True,1.000000,7.169,ok,4002763070
9b409660b2e2e1545306990837c82796,deplacer,1.0,True,10,False,True,1.000000,6.884,ok,4002763070
9b409660b2e2e1545306990837c82796,elargir,0.1,False,10,False,False,,6.236,invariant_viole,3874389735
9b409660b2e2e1545306990837c82796,elargir,0.1,True,10,False,True,0.926034,6.149,ok,3874389735
9b409660b2e2e1545306990837c82796,elargir,0.25,False,10,False,True,0.250000,7.891,ok,4009665252
9b409660b2e2e1545306990837c82796,elargir,0.25,True,10,False,True,0.250000,7.096,ok,4009665252
9b409660b2e2e1545306990837c82796,elargir,0.5,False,10,False,True,0.500000,7.418,ok,1819253625
9b409660b2e2e1545306990837c82796,elargir,0.5,True,10,False,True,0.500000,6.154,ok,1819253625
9b409660b2e2e1545306990837c82796,elargir,1.0,False,10,False,True,1.000000,8.601,ok,3299636287
9b409660b2e2e1545306990837c82796,elargir,1.0,True,10,False,True,1.000000,6.882,ok,3299636287
9b409660b2e2e1545306990837c82796,retrecir,0.1,False,10,False,False,,5.777,invariant_viole,3179208504
9b409660b2e2e1545306990837c82796,retrecir,0.1,True,10,False,True,0.100000,6.475,ok,3179208504
9b409660b2e2e1545306990837c82796,retrecir,0.25,False,10,False,False,,6.866,invariant_viole,3847135542
9b409660b2e2e1545306990837c82796,retrecir,0.25,True,10,False,True,0.250000,8.266,ok,3847135542
9b409660b2e2e1545306990837c82796,retrecir,0.5,False,10,False,False,,6.045,invariant_viole,3192941028
9b409660b2e2e1545306990837c82796,retrecir,0.5,True,10,False,True,0.500000,6.572,ok,3192941028
9b409660b2e2e1545306990837c82796,retrecir,1.0,False,10,False,False,,6.199,invariant_viole,355481634
9b409660b2e2e1545306990837c82796,retrecir,1.0,True,10,False,True,0.961277,8.832,ok,355481634
9b409660b2e2e1545306990837c82796,aplatir,0.1,False,10,False,False,,6.280,invariant_viole,1974868427
9b409660b2e2e1545306990837c82796,aplatir,0.1,True,10,False,True,0.100000,6.277,ok,1974868427
9b409660b2e2e1545306990837c82796,aplatir,0.25,False,10,False,False,,5.338,invariant_viole,695011425
9b409660b2e2e1545306990837c82796,aplatir,0.25,True,10,False,True,0.250000,7.127,ok,695011425
9b409660b2e2e1545306990837c82796,aplatir,0.5,False,10,False,True,0.500000,6.468,ok,2158539274
9b409660b2e2e1545306990837c82796,aplatir,0.5,True,10,False,True,0.500000,6.653,ok,2158539274
9b409660b2e2e1545306990837c82796,aplatir,1.0,False,10,False,False,,5.584,invariant_viole,1535874148
9b409660b2e2e1545306990837c82796,aplatir,1.0,True,10,False,True,1.000000,8.443,ok,1535874148
1d30f9b7c92ce70ca7df0b23013b6480,deplacer,0.1,False,10,False,True,0.100000,6.580,ok,3056855694
1d30f9b7c92ce70ca7df0b23013b6480,deplacer,0.1,True,10,False,True,0.100000,8.906,ok,3056855694
1d30f9b7c92ce70ca7df0b23013b6480,deplacer,0.25,False,10,False,False,,8.142,invariant_viole,748990100
1d30f9b7c92ce70ca7df0b23013b6480,deplacer,0.25,True,10,False,True,0.250000,6.923,ok,748990100
1d30f9b7c92ce70ca7df0b23013b6480,deplacer,0.5,False,10,False,False,,6.479,invariant_viole,2692441509
1d30f9b7c92ce70ca7df0b23013b6480,deplacer,0.5,True,10,False,True,0.500000,7.433,ok,2692441509
1d30f9b7c92ce70ca7df0b23013b6480,deplacer,1.0,False,10,False,False,,8.009,invariant_viole,1891488435
1d30f9b7c92ce70ca7df0b23013b6480,deplacer,1.0,True,10,False,True,1.000000,7.213,ok,1891488435
1d30f9b7c92ce70ca7df0b23013b6480,elargir,0.1,False,10,False,True,0.100000,7.242,ok,1245473313
1d30f9b7c92ce70ca7df0b23013b6480,elargir,0.1,True,10,False,True,0.100000,12.502,ok,1245473313
1d30f9b7c92ce70ca7df0b23013b6480,elargir,0.25,False,10,False,True,0.250000,5.922,ok,4213665962
1d30f9b7c92ce70ca7df0b23013b6480,elargir,0.25,True,10,False,True,0.250000,7.296,ok,4213665962
1d30f9b7c92ce70ca7df0b23013b6480,elargir,0.5,False,10,False,False,,5.651,invariant_viole,424840197
1d30f9b7c92ce70ca7df0b23013b6480,elargir,0.5,True,10,False,True,0.500000,7.029,ok,424840197
1d30f9b7c92ce70ca7df0b23013b6480,elargir,1.0,False,10,False,True,1.000000,5.541,ok,2774430575
1d30f9b7c92ce70ca7df0b23013b6480,elargir,1.0,True,10,False,True,1.000000,6.951,ok,2774430575
1d30f9b7c92ce70ca7df0b23013b6480,retrecir,0.1,False,10,False,True,0.100000,5.550,ok,790600406
1d30f9b7c92ce70ca7df0b23013b6480,retrecir,0.1,True,10,False,True,0.100000,7.164,ok,790600406
1d30f9b7c92ce70ca7df0b23013b6480,retrecir,0.25,False,10,False,False,,5.518,invariant_viole,154493775
1d30f9b7c92ce70ca7df0b23013b6480,retrecir,0.25,True,10,False,True,0.250000,6.321,ok,154493775
1d30f9b7c92ce70ca7df0b23013b6480,retrecir,0.5,False,10,False,False,,5.446,invariant_viole,3040464123
1d30f9b7c92ce70ca7df0b23013b6480,retrecir,0.5,True,10,False,True,0.500000,6.542,ok,3040464123
1d30f9b7c92ce70ca7df0b23013b6480,retrecir,1.0,False,10,False,True,1.000000,8.571,ok,1558899128
1d30f9b7c92ce70ca7df0b23013b6480,retrecir,1.0,True,10,False,True,1.000000,7.662,ok,1558899128
1d30f9b7c92ce70ca7df0b23013b6480,aplatir,0.1,False,10,False,False,,5.619,invariant_viole,3777167816
1d30f9b7c92ce70ca7df0b23013b6480,aplatir,0.1,True,10,False,True,0.100000,11.181,ok,3777167816
1d30f9b7c92ce70ca7df0b23013b6480,aplatir,0.25,False,10,False,False,,9.151,invariant_viole,441395690
1d30f9b7c92ce70ca7df0b23013b6480,aplatir,0.25,True,10,False,True,0.250000,11.005,ok,441395690
1d30f9b7c92ce70ca7df0b23013b6480,aplatir,0.5,False,10,False,False,,9.606,invariant_viole,1471229150
1d30f9b7c92ce70ca7df0b23013b6480,aplatir,0.5,True,10,False,True,0.500000,7.627,ok,1471229150
1d30f9b7c92ce70ca7df0b23013b6480,aplatir,1.0,False,10,False,False,,5.958,invariant_viole,1905287225
1d30f9b7c92ce70ca7df0b23013b6480,aplatir,1.0,True,10,False,True,1.000000,8.134,ok,1905287225
370ffc4e5e33088976ed40fb1a54fd87,deplacer,0.1,False,10,False,False,,5.958,invariant_viole,2264503608
370ffc4e5e33088976ed40fb1a54fd87,deplacer,0.1,True,10,False,True,0.100000,9.654,ok,2264503608
370ffc4e5e33088976ed40fb1a54fd87,deplacer,0.25,False,10,False,True,0.250000,8.612,ok,23765131
370ffc4e5e33088976ed40fb1a54fd87,deplacer,0.25,True,10,False,True,0.250000,8.762,ok,23765131
370ffc4e5e33088976ed40fb1a54fd87,deplacer,0.5,False,10,False,True,0.500000,8.821,ok,1072114147
370ffc4e5e33088976ed40fb1a54fd87,deplacer,0.5,True,10,False,True,0.500000,8.824,ok,1072114147
370ffc4e5e33088976ed40fb1a54fd87,deplacer,1.0,False,10,False,False,,7.489,invariant_viole,2619636597
370ffc4e5e33088976ed40fb1a54fd87,deplacer,1.0,True,10,False,True,1.000000,8.661,ok,2619636597
370ffc4e5e33088976ed40fb1a54fd87,elargir,0.1,False,10,False,True,0.100000,14.350,ok,1487973609
370ffc4e5e33088976ed40fb1a54fd87,elargir,0.1,True,10,False,True,0.100000,10.696,ok,1487973609
370ffc4e5e33088976ed40fb1a54fd87,elargir,0.25,False,10,False,True,0.250000,10.404,ok,4121543074
370ffc4e5e33088976ed40fb1a54fd87,elargir,0.25,True,10,False,True,0.250000,13.560,ok,4121543074
370ffc4e5e33088976ed40fb1a54fd87,elargir,0.5,False,10,False,False,,7.140,invariant_viole,3159469911
370ffc4e5e33088976ed40fb1a54fd87,elargir,0.5,True,10,False,True,0.500000,9.670,ok,3159469911
370ffc4e5e33088976ed40fb1a54fd87,elargir,1.0,False,10,False,True,1.000000,12.421,ok,1972092780
370ffc4e5e33088976ed40fb1a54fd87,elargir,1.0,True,10,False,True,1.000000,13.157,ok,1972092780
370ffc4e5e33088976ed40fb1a54fd87,retrecir,0.1,False,10,False,False,,6.073,invariant_viole,1044342942
370ffc4e5e33088976ed40fb1a54fd87,retrecir,0.1,True,10,False,True,0.100000,8.934,ok,1044342942
370ffc4e5e33088976ed40fb1a54fd87,retrecir,0.25,False,10,False,False,,8.948,invariant_viole,2592026858
370ffc4e5e33088976ed40fb1a54fd87,retrecir,0.25,True,10,False,True,0.250000,10.603,ok,2592026858
370ffc4e5e33088976ed40fb1a54fd87,retrecir,0.5,False,10,False,False,,6.041,invariant_viole,126198429
370ffc4e5e33088976ed40fb1a54fd87,retrecir,0.5,True,10,False,True,0.500000,8.675,ok,126198429
370ffc4e5e33088976ed40fb1a54fd87,retrecir,1.0,False,10,False,False,,7.633,invariant_viole,4073345067
370ffc4e5e33088976ed40fb1a54fd87,retrecir,1.0,True,10,False,True,1.000000,9.017,ok,4073345067
370ffc4e5e33088976ed40fb1a54fd87,aplatir,0.1,False,10,False,False,,6.447,invariant_viole,680054501
370ffc4e5e33088976ed40fb1a54fd87,aplatir,0.1,True,10,False,True,0.100000,10.079,ok,680054501
370ffc4e5e33088976ed40fb1a54fd87,aplatir,0.25,False,10,False,False,,5.938,invariant_viole,3711575027
370ffc4e5e33088976ed40fb1a54fd87,aplatir,0.25,True,10,False,True,0.250000,9.467,ok,3711575027
370ffc4e5e33088976ed40fb1a54fd87,aplatir,0.5,False,10,False,False,,5.997,invariant_viole,1806388053
370ffc4e5e33088976ed40fb1a54fd87,aplatir,0.5,True,10,False,True,0.500000,9.793,ok,1806388053
370ffc4e5e33088976ed40fb1a54fd87,aplatir,1.0,False,10,False,False,,6.212,invariant_viole,1184672533
370ffc4e5e33088976ed40fb1a54fd87,aplatir,1.0,True,10,False,True,1.000000,8.861,ok,1184672533
3884326d3786709382e4025a73fb2ab8,deplacer,0.1,False,10,False,False,,5.628,invariant_viole,2465778409
3884326d3786709382e4025a73fb2ab8,deplacer,0.1,True,10,False,True,0.100000,6.678,ok,2465778409
3884326d3786709382e4025a73fb2ab8,deplacer,0.25,False,10,False,False,,5.673,invariant_viole,3332047669
3884326d3786709382e4025a73fb2ab8,deplacer,0.25,True,10,False,True,0.250000,6.262,ok,3332047669
3884326d3786709382e4025a73fb2ab8,deplacer,0.5,False,10,False,False,,6.286,invariant_viole,1671011866
3884326d3786709382e4025a73fb2ab8,deplacer,0.5,True,10,False,True,0.895048,6.496,ok,1671011866
3884326d3786709382e4025a73fb2ab8,deplacer,1.0,False,10,False,True,1.000000,5.564,ok,4156273826
3884326d3786709382e4025a73fb2ab8,deplacer,1.0,True,10,False,True,1.000000,6.705,ok,4156273826
3884326d3786709382e4025a73fb2ab8,elargir,0.1,False,10,False,False,,6.238,invariant_viole,3602239458
3884326d3786709382e4025a73fb2ab8,elargir,0.1,True,10,False,True,0.100000,6.663,ok,3602239458
3884326d3786709382e4025a73fb2ab8,elargir,0.25,False,10,False,True,0.250000,5.534,ok,1367268904
3884326d3786709382e4025a73fb2ab8,elargir,0.25,True,10,False,True,0.250000,6.292,ok,1367268904
3884326d3786709382e4025a73fb2ab8,elargir,0.5,False,10,False,False,,5.987,invariant_viole,3853957641
3884326d3786709382e4025a73fb2ab8,elargir,0.5,True,10,False,True,0.500000,7.282,ok,3853957641
3884326d3786709382e4025a73fb2ab8,elargir,1.0,False,10,False,True,1.000000,6.105,ok,1125333113
3884326d3786709382e4025a73fb2ab8,elargir,1.0,True,10,False,True,1.000000,6.294,ok,1125333113
3884326d3786709382e4025a73fb2ab8,retrecir,0.1,False,10,False,False,,6.336,invariant_viole,3600896050
3884326d3786709382e4025a73fb2ab8,retrecir,0.1,True,10,False,True,0.100000,6.727,ok,3600896050
3884326d3786709382e4025a73fb2ab8,retrecir,0.25,False,10,False,False,,5.263,invariant_viole,2083126002
3884326d3786709382e4025a73fb2ab8,retrecir,0.25,True,10,False,True,0.250000,6.422,ok,2083126002
3884326d3786709382e4025a73fb2ab8,retrecir,0.5,False,10,False,False,,5.670,invariant_viole,2436277002
3884326d3786709382e4025a73fb2ab8,retrecir,0.5,True,10,False,True,0.500000,6.746,ok,2436277002
3884326d3786709382e4025a73fb2ab8,retrecir,1.0,False,10,False,False,,5.506,invariant_viole,2517504927
3884326d3786709382e4025a73fb2ab8,retrecir,1.0,True,10,False,True,0.895048,6.504,ok,2517504927
3884326d3786709382e4025a73fb2ab8,aplatir,0.1,False,10,False,False,,5.341,invariant_viole,2798176991
3884326d3786709382e4025a73fb2ab8,aplatir,0.1,True,10,False,True,0.100000,6.381,ok,2798176991
3884326d3786709382e4025a73fb2ab8,aplatir,0.25,False,10,False,False,,6.127,invariant_viole,1694118589
3884326d3786709382e4025a73fb2ab8,aplatir,0.25,True,10,False,True,0.250000,6.215,ok,1694118589
3884326d3786709382e4025a73fb2ab8,aplatir,0.5,False,10,False,False,,7.149,invariant_viole,143823276
3884326d3786709382e4025a73fb2ab8,aplatir,0.5,True,10,False,True,0.500000,7.066,ok,143823276
3884326d3786709382e4025a73fb2ab8,aplatir,1.0,False,10,False,False,,6.086,invariant_viole,2961641233
3884326d3786709382e4025a73fb2ab8,aplatir,1.0,True,10,False,True,1.000000,6.720,ok,2961641233
8d182850f978033e4d541e56c673bdb7,deplacer,0.1,False,8,False,True,0.100000,5.642,ok,1997273446
8d182850f978033e4d541e56c673bdb7,deplacer,0.1,True,8,False,True,0.100000,6.201,ok,1997273446
8d182850f978033e4d541e56c673bdb7,deplacer,0.25,False,8,False,True,0.250000,5.501,ok,789279721
8d182850f978033e4d541e56c673bdb7,deplacer,0.25,True,8,False,True,0.250000,6.500,ok,789279721
8d182850f978033e4d541e56c673bdb7,deplacer,0.5,False,8,False,False,,4.430,invariant_viole,3316220691
8d182850f978033e4d541e56c673bdb7,deplacer,0.5,True,8,False,True,0.500000,6.720,ok,3316220691
8d182850f978033e4d541e56c673bdb7,deplacer,1.0,False,8,False,False,,4.624,invariant_viole,819868116
8d182850f978033e4d541e56c673bdb7,deplacer,1.0,True,8,False,True,1.000000,5.647,ok,819868116
8d182850f978033e4d541e56c673bdb7,elargir,0.1,False,8,False,True,0.100000,4.753,ok,768810204
8d182850f978033e4d541e56c673bdb7,elargir,0.1,True,8,False,True,0.100000,5.080,ok,768810204
8d182850f978033e4d541e56c673bdb7,elargir,0.25,False,8,False,True,0.250000,5.644,ok,1928119760
8d182850f978033e4d541e56c673bdb7,elargir,0.25,True,8,False,True,0.250000,4.909,ok,1928119760
8d182850f978033e4d541e56c673bdb7,elargir,0.5,False,8,False,True,0.500000,4.891,ok,319818273
8d182850f978033e4d541e56c673bdb7,elargir,0.5,True,8,False,True,0.500000,5.201,ok,319818273
8d182850f978033e4d541e56c673bdb7,elargir,1.0,False,8,False,True,1.000000,4.418,ok,3736805623
8d182850f978033e4d541e56c673bdb7,elargir,1.0,True,8,False,True,1.000000,5.138,ok,3736805623
8d182850f978033e4d541e56c673bdb7,retrecir,0.1,False,8,False,False,,4.391,invariant_viole,3376967128
8d182850f978033e4d541e56c673bdb7,retrecir,0.1,True,8,False,True,0.100000,4.936,ok,3376967128
8d182850f978033e4d541e56c673bdb7,retrecir,0.25,False,8,False,False,,4.464,invariant_viole,624524708
8d182850f978033e4d541e56c673bdb7,retrecir,0.25,True,8,False,True,0.250000,4.877,ok,624524708
8d182850f978033e4d541e56c673bdb7,retrecir,0.5,False,8,False,False,,4.357,invariant_viole,4179483074
8d182850f978033e4d541e56c673bdb7,retrecir,0.5,True,8,False,True,0.500000,5.089,ok,4179483074
8d182850f978033e4d541e56c673bdb7,retrecir,1.0,False,8,False,False,,4.341,invariant_viole,3058475091
8d182850f978033e4d541e56c673bdb7,retrecir,1.0,True,8,False,True,1.000000,5.306,ok,3058475091
8d182850f978033e4d541e56c673bdb7,aplatir,0.1,False,8,False,True,0.100000,6.101,ok,1494572872
8d182850f978033e4d541e56c673bdb7,aplatir,0.1,True,8,False,True,0.100000,5.452,ok,1494572872
8d182850f978033e4d541e56c673bdb7,aplatir,0.25,False,8,False,False,,5.669,invariant_viole,1945422291
8d182850f978033e4d541e56c673bdb7,aplatir,0.25,True,8,False,True,0.250000,5.548,ok,1945422291
8d182850f978033e4d541e56c673bdb7,aplatir,0.5,False,8,False,False,,4.272,invariant_viole,2921765085
8d182850f978033e4d541e56c673bdb7,aplatir,0.5,True,8,False,True,0.500000,5.437,ok,2921765085
8d182850f978033e4d541e56c673bdb7,aplatir,1.0,False,8,False,False,,4.475,invariant_viole,3511334525
8d182850f978033e4d541e56c673bdb7,aplatir,1.0,True,8,False,True,1.000000,5.008,ok,3511334525
7045ee515386839e044ab79124c514c1,deplacer,0.1,False,7,False,False,,4.055,invariant_viole,877121241
7045ee515386839e044ab79124c514c1,deplacer,0.1,True,7,False,True,0.100000,5.841,ok,877121241
7045ee515386839e044ab79124c514c1,deplacer,0.25,False,7,False,True,0.250000,6.294,ok,3388380363
7045ee515386839e044ab79124c514c1,deplacer,0.25,True,7,False,True,0.250000,4.690,ok,3388380363
7045ee515386839e044ab79124c514c1,deplacer,0.5,False,7,False,False,,4.096,invariant_viole,732699307
7045ee515386839e044ab79124c514c1,deplacer,0.5,True,7,False,True,0.500000,4.696,ok,732699307
7045ee515386839e044ab79124c514c1,deplacer,1.0,False,7,False,True,1.000000,5.674,ok,1622242568
7045ee515386839e044ab79124c514c1,deplacer,1.0,True,7,False,True,1.000000,4.888,ok,1622242568
7045ee515386839e044ab79124c514c1,elargir,0.1,False,7,False,True,0.100000,5.991,ok,1500503500
7045ee515386839e044ab79124c514c1,elargir,0.1,True,7,False,True,0.100000,4.575,ok,1500503500
7045ee515386839e044ab79124c514c1,elargir,0.25,False,7,False,True,0.250000,7.358,ok,1837103816
7045ee515386839e044ab79124c514c1,elargir,0.25,True,7,False,True,0.250000,4.861,ok,1837103816
7045ee515386839e044ab79124c514c1,elargir,0.5,False,7,False,True,0.500000,6.228,ok,834201358
7045ee515386839e044ab79124c514c1,elargir,0.5,True,7,False,True,0.304912,4.747,ok,834201358
7045ee515386839e044ab79124c514c1,elargir,1.0,False,7,False,True,1.000000,7.452,ok,4104092498
7045ee515386839e044ab79124c514c1,elargir,1.0,True,7,False,True,1.000000,4.719,ok,4104092498
7045ee515386839e044ab79124c514c1,retrecir,0.1,False,7,False,True,0.100000,6.721,ok,2336793960
7045ee515386839e044ab79124c514c1,retrecir,0.1,True,7,False,True,0.100000,4.594,ok,2336793960
7045ee515386839e044ab79124c514c1,retrecir,0.25,False,7,False,True,0.250000,6.020,ok,3939038598
7045ee515386839e044ab79124c514c1,retrecir,0.25,True,7,False,True,0.250000,6.576,ok,3939038598
7045ee515386839e044ab79124c514c1,retrecir,0.5,False,7,False,False,,4.088,invariant_viole,792246244
7045ee515386839e044ab79124c514c1,retrecir,0.5,True,7,False,True,0.500000,5.265,ok,792246244
7045ee515386839e044ab79124c514c1,retrecir,1.0,False,7,False,False,,3.932,invariant_viole,3715314975
7045ee515386839e044ab79124c514c1,retrecir,1.0,True,7,False,True,1.000000,4.506,ok,3715314975
7045ee515386839e044ab79124c514c1,aplatir,0.1,False,7,False,False,,5.258,invariant_viole,1019505466
7045ee515386839e044ab79124c514c1,aplatir,0.1,True,7,False,True,0.100000,5.212,ok,1019505466
7045ee515386839e044ab79124c514c1,aplatir,0.25,False,7,False,False,,4.899,invariant_viole,1072773233
7045ee515386839e044ab79124c514c1,aplatir,0.25,True,7,False,True,0.250000,6.454,ok,1072773233
7045ee515386839e044ab79124c514c1,aplatir,0.5,False,7,False,False,,4.503,invariant_viole,284790669
7045ee515386839e044ab79124c514c1,aplatir,0.5,True,7,False,True,0.500000,4.768,ok,284790669
7045ee515386839e044ab79124c514c1,aplatir,1.0,False,7,False,False,,4.420,invariant_viole,3735589550
7045ee515386839e044ab79124c514c1,aplatir,1.0,True,7,False,True,1.000000,6.762,ok,3735589550
2d318def14c85af01117bfe87fc23912,deplacer,0.1,False,7,False,True,0.100000,4.628,ok,4048120501
2d318def14c85af01117bfe87fc23912,deplacer,0.1,True,7,False,True,0.100000,5.655,ok,4048120501
2d318def14c85af01117bfe87fc23912,deplacer,0.25,False,7,False,True,0.250000,4.174,ok,2454761036
2d318def14c85af01117bfe87fc23912,deplacer,0.25,True,7,False,True,0.250000,4.332,ok,2454761036
2d318def14c85af01117bfe87fc23912,deplacer,0.5,False,7,False,True,0.500000,4.314,ok,4045472233
2d318def14c85af01117bfe87fc23912,deplacer,0.5,True,7,False,True,0.500000,4.358,ok,4045472233
2d318def14c85af01117bfe87fc23912,deplacer,1.0,False,7,False,True,1.000000,4.376,ok,2995345989
2d318def14c85af01117bfe87fc23912,deplacer,1.0,True,7,False,True,1.000000,4.684,ok,2995345989
2d318def14c85af01117bfe87fc23912,elargir,0.1,False,7,False,False,,4.265,invariant_viole,2040488071
2d318def14c85af01117bfe87fc23912,elargir,0.1,True,7,False,True,0.100000,4.249,ok,2040488071
2d318def14c85af01117bfe87fc23912,elargir,0.25,False,7,False,False,,4.864,invariant_viole,2209693208
2d318def14c85af01117bfe87fc23912,elargir,0.25,True,7,False,True,0.250000,4.600,ok,2209693208
2d318def14c85af01117bfe87fc23912,elargir,0.5,False,7,False,True,0.500000,4.448,ok,2109756452
2d318def14c85af01117bfe87fc23912,elargir,0.5,True,7,False,True,0.500000,6.417,ok,2109756452
2d318def14c85af01117bfe87fc23912,elargir,1.0,False,7,False,True,1.000000,4.823,ok,1104759659
2d318def14c85af01117bfe87fc23912,elargir,1.0,True,7,False,True,1.000000,5.027,ok,1104759659
2d318def14c85af01117bfe87fc23912,retrecir,0.1,False,7,False,False,,4.162,invariant_viole,4049099814
2d318def14c85af01117bfe87fc23912,retrecir,0.1,True,7,False,True,0.100000,4.394,ok,4049099814
2d318def14c85af01117bfe87fc23912,retrecir,0.25,False,7,False,True,0.250000,7.334,ok,3026505963
2d318def14c85af01117bfe87fc23912,retrecir,0.25,True,7,False,True,0.250000,6.415,ok,3026505963
2d318def14c85af01117bfe87fc23912,retrecir,0.5,False,7,False,False,,5.204,invariant_viole,3884373370
2d318def14c85af01117bfe87fc23912,retrecir,0.5,True,7,False,True,0.500000,4.551,ok,3884373370
2d318def14c85af01117bfe87fc23912,retrecir,1.0,False,7,False,False,,3.832,invariant_viole,3832703798
2d318def14c85af01117bfe87fc23912,retrecir,1.0,True,7,False,True,1.000000,4.245,ok,3832703798
2d318def14c85af01117bfe87fc23912,aplatir,0.1,False,7,False,False,,7.636,invariant_viole,413617284
2d318def14c85af01117bfe87fc23912,aplatir,0.1,True,7,False,True,0.100000,4.710,ok,413617284
2d318def14c85af01117bfe87fc23912,aplatir,0.25,False,7,False,False,,5.612,invariant_viole,1998920039
2d318def14c85af01117bfe87fc23912,aplatir,0.25,True,7,False,True,0.250000,4.724,ok,1998920039
2d318def14c85af01117bfe87fc23912,aplatir,0.5,False,7,False,True,0.500000,4.170,ok,260646031
2d318def14c85af01117bfe87fc23912,aplatir,0.5,True,7,False,True,0.500000,4.489,ok,260646031
2d318def14c85af01117bfe87fc23912,aplatir,1.0,False,7,False,False,,4.360,invariant_viole,414698914
2d318def14c85af01117bfe87fc23912,aplatir,1.0,True,7,False,True,1.000000,4.239,ok,414698914
523980262568df5151ea602a4838185f,deplacer,0.1,False,8,False,True,0.100000,4.906,ok,1309038355
523980262568df5151ea602a4838185f,deplacer,0.1,True,8,False,True,0.100000,7.394,ok,1309038355
523980262568df5151ea602a4838185f,deplacer,0.25,False,8,False,True,0.250000,5.042,ok,1014986617
523980262568df5151ea602a4838185f,deplacer,0.25,True,8,False,True,0.250000,5.141,ok,1014986617
523980262568df5151ea602a4838185f,deplacer,0.5,False,8,False,True,0.500000,5.618,ok,327225761
523980262568df5151ea602a4838185f,deplacer,0.5,True,8,False,True,0.500000,4.887,ok,327225761
523980262568df5151ea602a4838185f,deplacer,1.0,False,8,False,True,1.000000,6.489,ok,1680884338
523980262568df5151ea602a4838185f,deplacer,1.0,True,8,False,True,1.109889,7.008,ok,1680884338
523980262568df5151ea602a4838185f,elargir,0.1,False,8,False,True,0.100000,4.909,ok,3628005154
523980262568df5151ea602a4838185f,elargir,0.1,True,8,False,True,0.100000,5.179,ok,3628005154
523980262568df5151ea602a4838185f,elargir,0.25,False,8,False,True,0.250000,5.359,ok,865611928
523980262568df5151ea602a4838185f,elargir,0.25,True,8,False,True,0.250000,5.264,ok,865611928
523980262568df5151ea602a4838185f,elargir,0.5,False,8,False,True,0.500000,4.388,ok,1839111174
523980262568df5151ea602a4838185f,elargir,0.5,True,8,False,True,0.500000,4.897,ok,1839111174
523980262568df5151ea602a4838185f,elargir,1.0,False,8,False,True,1.000000,4.404,ok,2167408778
523980262568df5151ea602a4838185f,elargir,1.0,True,8,False,True,1.019902,5.190,ok,2167408778
523980262568df5151ea602a4838185f,retrecir,0.1,False,8,False,False,,6.379,invariant_viole,3633209128
523980262568df5151ea602a4838185f,retrecir,0.1,True,8,False,True,0.100000,5.703,ok,3633209128
523980262568df5151ea602a4838185f,retrecir,0.25,False,8,False,False,,7.020,invariant_viole,1265235950
523980262568df5151ea602a4838185f,retrecir,0.25,True,8,False,True,0.250000,5.213,ok,1265235950
523980262568df5151ea602a4838185f,retrecir,0.5,False,8,False,False,,4.203,invariant_viole,2441252766
523980262568df5151ea602a4838185f,retrecir,0.5,True,8,False,True,0.500000,5.668,ok,2441252766
523980262568df5151ea602a4838185f,retrecir,1.0,False,8,False,False,,4.098,invariant_viole,1951717551
523980262568df5151ea602a4838185f,retrecir,1.0,True,8,False,False,,5.697,infaisable,1951717551
523980262568df5151ea602a4838185f,aplatir,0.1,False,8,False,False,,5.518,invariant_viole,3036571069
523980262568df5151ea602a4838185f,aplatir,0.1,True,8,False,True,0.100000,6.271,ok,3036571069
523980262568df5151ea602a4838185f,aplatir,0.25,False,8,False,False,,4.868,invariant_viole,1689701415
523980262568df5151ea602a4838185f,aplatir,0.25,True,8,False,True,0.250000,4.859,ok,1689701415
523980262568df5151ea602a4838185f,aplatir,0.5,False,8,False,False,,4.259,invariant_viole,3672067241
523980262568df5151ea602a4838185f,aplatir,0.5,True,8,False,True,0.500000,5.372,ok,3672067241
523980262568df5151ea602a4838185f,aplatir,1.0,False,8,False,False,,6.623,invariant_viole,772062794
523980262568df5151ea602a4838185f,aplatir,1.0,True,8,False,True,1.000000,4.875,ok,772062794
b2138787c780f4f39146d1c1f933e588,deplacer,0.1,False,7,False,True,0.100000,4.344,ok,294077437
b2138787c780f4f39146d1c1f933e588,deplacer,0.1,True,7,False,True,0.100000,4.584,ok,294077437
b2138787c780f4f39146d1c1f933e588,deplacer,0.25,False,7,False,True,0.250000,5.665,ok,3715265380
b2138787c780f4f39146d1c1f933e588,deplacer,0.25,True,7,False,True,0.250000,4.255,ok,3715265380
b2138787c780f4f39146d1c1f933e588,deplacer,0.5,False,7,False,True,0.500000,4.098,ok,3530632525
b2138787c780f4f39146d1c1f933e588,deplacer,0.5,True,7,False,True,0.500000,4.117,ok,3530632525
b2138787c780f4f39146d1c1f933e588,deplacer,1.0,False,7,False,False,,3.745,invariant_viole,694830637
b2138787c780f4f39146d1c1f933e588,deplacer,1.0,True,7,False,True,1.000000,5.000,ok,694830637
b2138787c780f4f39146d1c1f933e588,elargir,0.1,False,7,False,True,0.100000,4.791,ok,3908981487
b2138787c780f4f39146d1c1f933e588,elargir,0.1,True,7,False,True,0.100000,4.648,ok,3908981487
b2138787c780f4f39146d1c1f933e588,elargir,0.25,False,7,False,True,0.250000,5.543,ok,1079006274
b2138787c780f4f39146d1c1f933e588,elargir,0.25,True,7,False,True,0.250000,4.213,ok,1079006274
b2138787c780f4f39146d1c1f933e588,elargir,0.5,False,7,False,True,0.500000,5.081,ok,2492722442
b2138787c780f4f39146d1c1f933e588,elargir,0.5,True,7,False,True,0.500000,6.144,ok,2492722442
b2138787c780f4f39146d1c1f933e588,elargir,1.0,False,7,False,False,,4.138,invariant_viole,985435276
b2138787c780f4f39146d1c1f933e588,elargir,1.0,True,7,False,True,1.000000,4.805,ok,985435276
b2138787c780f4f39146d1c1f933e588,retrecir,0.1,False,7,False,False,,3.825,invariant_viole,529693191
b2138787c780f4f39146d1c1f933e588,retrecir,0.1,True,7,False,True,0.100000,4.256,ok,529693191
b2138787c780f4f39146d1c1f933e588,retrecir,0.25,False,7,False,False,,4.495,invariant_viole,1541520333
b2138787c780f4f39146d1c1f933e588,retrecir,0.25,True,7,False,True,0.250000,6.717,ok,1541520333
b2138787c780f4f39146d1c1f933e588,retrecir,0.5,False,7,False,False,,3.823,invariant_viole,1099696022
b2138787c780f4f39146d1c1f933e588,retrecir,0.5,True,7,False,True,0.500000,5.215,ok,1099696022
b2138787c780f4f39146d1c1f933e588,retrecir,1.0,False,7,False,False,,3.759,invariant_viole,659549407
b2138787c780f4f39146d1c1f933e588,retrecir,1.0,True,7,False,True,1.000000,4.243,ok,659549407
b2138787c780f4f39146d1c1f933e588,aplatir,0.1,False,7,False,False,,4.024,invariant_viole,3646661143
b2138787c780f4f39146d1c1f933e588,aplatir,0.1,True,7,False,True,0.100000,4.457,ok,3646661143
b2138787c780f4f39146d1c1f933e588,aplatir,0.25,False,7,False,False,,3.761,invariant_viole,865967855
b2138787c780f4f39146d1c1f933e588,aplatir,0.25,True,7,False,True,0.250000,4.252,ok,865967855
b2138787c780f4f39146d1c1f933e588,aplatir,0.5,False,7,False,False,,3.920,invariant_viole,2181388336
b2138787c780f4f39146d1c1f933e588,aplatir,0.5,True,7,False,True,0.500000,4.223,ok,2181388336
b2138787c780f4f39146d1c1f933e588,aplatir,1.0,False,7,False,False,,3.699,invariant_viole,1195548210
b2138787c780f4f39146d1c1f933e588,aplatir,1.0,True,7,False,True,1.000000,4.734,ok,1195548210
9a25868408584635420cb3ca300a865b,deplacer,0.1,False,8,False,False,,6.144,invariant_viole,353885971
9a25868408584635420cb3ca300a865b,deplacer,0.1,True,8,False,False,,5.778,infaisable,353885971
9a25868408584635420cb3ca300a865b,deplacer,0.25,False,8,False,True,0.250000,5.360,ok,2078269882
9a25868408584635420cb3ca300a865b,deplacer,0.25,True,8,False,True,0.250000,10.866,ok,2078269882
9a25868408584635420cb3ca300a865b,deplacer,0.5,False,8,False,True,0.500000,5.595,ok,1792321341
9a25868408584635420cb3ca300a865b,deplacer,0.5,True,8,False,True,0.500000,6.325,ok,1792321341
9a25868408584635420cb3ca300a865b,deplacer,1.0,False,8,False,False,,5.287,invariant_viole,2631396718
9a25868408584635420cb3ca300a865b,deplacer,1.0,True,8,False,True,1.788980,8.073,ok,2631396718
9a25868408584635420cb3ca300a865b,elargir,0.1,False,8,False,True,0.100000,4.852,ok,2641767946
9a25868408584635420cb3ca300a865b,elargir,0.1,True,8,False,True,0.100000,5.668,ok,2641767946
9a25868408584635420cb3ca300a865b,elargir,0.25,False,8,False,True,0.250000,4.912,ok,883653052
9a25868408584635420cb3ca300a865b,elargir,0.25,True,8,False,True,0.250000,7.470,ok,883653052
9a25868408584635420cb3ca300a865b,elargir,0.5,False,8,False,True,0.500000,4.577,ok,3194611515
9a25868408584635420cb3ca300a865b,elargir,0.5,True,8,False,True,0.500000,6.548,ok,3194611515
9a25868408584635420cb3ca300a865b,elargir,1.0,False,8,False,True,1.000000,7.299,ok,3505279683
9a25868408584635420cb3ca300a865b,elargir,1.0,True,8,False,True,1.000000,6.261,ok,3505279683
9a25868408584635420cb3ca300a865b,retrecir,0.1,False,8,False,False,,4.727,invariant_viole,672952648
9a25868408584635420cb3ca300a865b,retrecir,0.1,True,8,False,True,0.100000,5.586,ok,672952648
9a25868408584635420cb3ca300a865b,retrecir,0.25,False,8,False,False,,5.195,invariant_viole,3808052452
9a25868408584635420cb3ca300a865b,retrecir,0.25,True,8,False,True,0.250000,6.303,ok,3808052452
9a25868408584635420cb3ca300a865b,retrecir,0.5,False,8,False,False,,4.793,invariant_viole,3735125709
9a25868408584635420cb3ca300a865b,retrecir,0.5,True,8,False,True,0.500000,6.250,ok,3735125709
9a25868408584635420cb3ca300a865b,retrecir,1.0,False,8,False,False,,4.549,invariant_viole,71814739
9a25868408584635420cb3ca300a865b,retrecir,1.0,True,8,False,True,1.000000,5.860,ok,71814739
9a25868408584635420cb3ca300a865b,aplatir,0.1,False,8,False,False,,4.540,invariant_viole,1537046062
9a25868408584635420cb3ca300a865b,aplatir,0.1,True,8,False,True,0.100000,5.519,ok,1537046062
9a25868408584635420cb3ca300a865b,aplatir,0.25,False,8,False,False,,4.666,invariant_viole,3511837356
9a25868408584635420cb3ca300a865b,aplatir,0.25,True,8,False,True,0.250000,5.585,ok,3511837356
9a25868408584635420cb3ca300a865b,aplatir,0.5,False,8,False,False,,4.619,invariant_viole,1646500848
9a25868408584635420cb3ca300a865b,aplatir,0.5,True,8,False,True,0.500000,5.704,ok,1646500848
9a25868408584635420cb3ca300a865b,aplatir,1.0,False,8,False,False,,4.407,invariant_viole,4114588819
9a25868408584635420cb3ca300a865b,aplatir,1.0,True,8,False,True,1.000000,6.284,ok,4114588819
089f99f27ae01249c512b0c0fed6e0ce,deplacer,0.1,False,8,False,True,0.100000,5.054,ok,2649212119
089f99f27ae01249c512b0c0fed6e0ce,deplacer,0.1,True,8,False,True,0.100000,5.251,ok,2649212119
089f99f27ae01249c512b0c0fed6e0ce,deplacer,0.25,False,8,False,False,,4.296,invariant_viole,302784465
089f99f27ae01249c512b0c0fed6e0ce,deplacer,0.25,True,8,False,False,,5.929,infaisable,302784465
089f99f27ae01249c512b0c0fed6e0ce,deplacer,0.5,False,8,False,False,,4.562,invariant_viole,795635699
089f99f27ae01249c512b0c0fed6e0ce,deplacer,0.5,True,8,False,True,0.500000,5.501,ok,795635699
089f99f27ae01249c512b0c0fed6e0ce,deplacer,1.0,False,8,False,True,1.000000,5.857,ok,1917235857
089f99f27ae01249c512b0c0fed6e0ce,deplacer,1.0,True,8,False,True,1.000000,5.494,ok,1917235857
089f99f27ae01249c512b0c0fed6e0ce,elargir,0.1,False,8,False,True,0.100000,4.631,ok,1441669925
089f99f27ae01249c512b0c0fed6e0ce,elargir,0.1,True,8,False,True,0.100000,5.645,ok,1441669925
089f99f27ae01249c512b0c0fed6e0ce,elargir,0.25,False,8,False,True,0.250000,5.076,ok,3067119352
089f99f27ae01249c512b0c0fed6e0ce,elargir,0.25,True,8,False,True,0.250000,5.373,ok,3067119352
089f99f27ae01249c512b0c0fed6e0ce,elargir,0.5,False,8,False,True,0.500000,4.728,ok,357515396
089f99f27ae01249c512b0c0fed6e0ce,elargir,0.5,True,8,False,True,0.500000,5.407,ok,357515396
089f99f27ae01249c512b0c0fed6e0ce,elargir,1.0,False,8,False,True,1.000000,4.359,ok,2436288930
089f99f27ae01249c512b0c0fed6e0ce,elargir,1.0,True,8,False,True,1.000000,5.268,ok,2436288930
089f99f27ae01249c512b0c0fed6e0ce,retrecir,0.1,False,8,False,False,,4.876,invariant_viole,4105688525
089f99f27ae01249c512b0c0fed6e0ce,retrecir,0.1,True,8,False,True,0.100000,5.411,ok,4105688525
089f99f27ae01249c512b0c0fed6e0ce,retrecir,0.25,False,8,False,False,,4.304,invariant_viole,2678544799
089f99f27ae01249c512b0c0fed6e0ce,retrecir,0.25,True,8,False,True,0.250000,5.752,ok,2678544799
089f99f27ae01249c512b0c0fed6e0ce,retrecir,0.5,False,8,False,False,,4.175,invariant_viole,3459464104
089f99f27ae01249c512b0c0fed6e0ce,retrecir,0.5,True,8,False,True,0.500000,5.792,ok,3459464104
089f99f27ae01249c512b0c0fed6e0ce,retrecir,1.0,False,8,False,False,,4.376,invariant_viole,1786695667
089f99f27ae01249c512b0c0fed6e0ce,retrecir,1.0,True,8,False,True,1.000000,5.306,ok,1786695667
089f99f27ae01249c512b0c0fed6e0ce,aplatir,0.1,False,8,False,False,,4.373,invariant_viole,3465794865
089f99f27ae01249c512b0c0fed6e0ce,aplatir,0.1,True,8,False,True,0.100000,5.227,ok,3465794865
089f99f27ae01249c512b0c0fed6e0ce,aplatir,0.25,False,8,False,False,,4.338,invariant_viole,2381709395
089f99f27ae01249c512b0c0fed6e0ce,aplatir,0.25,True,8,False,True,0.250000,6.172,ok,2381709395
089f99f27ae01249c512b0c0fed6e0ce,aplatir,0.5,False,8,False,False,,6.151,invariant_viole,2822830553
089f99f27ae01249c512b0c0fed6e0ce,aplatir,0.5,True,8,False,True,0.500000,6.059,ok,2822830553
089f99f27ae01249c512b0c0fed6e0ce,aplatir,1.0,False,8,False,False,,4.460,invariant_viole,3680701132
089f99f27ae01249c512b0c0fed6e0ce,aplatir,1.0,True,8,False,True,1.000000,5.282,ok,3680701132
52d482fc94e5be31f36cfff4833794f1,deplacer,0.1,False,7,False,True,0.100000,4.125,ok,509613921
52d482fc94e5be31f36cfff4833794f1,deplacer,0.1,True,7,False,True,0.100000,4.791,ok,509613921
52d482fc94e5be31f36cfff4833794f1,deplacer,0.25,False,7,False,False,,4.001,invariant_viole,1264223776
52d482fc94e5be31f36cfff4833794f1,deplacer,0.25,True,7,False,True,0.250000,4.261,ok,1264223776
52d482fc94e5be31f36cfff4833794f1,deplacer,0.5,False,7,False,False,,7.093,invariant_viole,2720649476
52d482fc94e5be31f36cfff4833794f1,deplacer,0.5,True,7,False,True,0.500000,5.539,ok,2720649476
52d482fc94e5be31f36cfff4833794f1,deplacer,1.0,False,7,False,False,,7.380,invariant_viole,782589530
52d482fc94e5be31f36cfff4833794f1,deplacer,1.0,True,7,False,True,1.000000,6.560,ok,782589530
52d482fc94e5be31f36cfff4833794f1,elargir,0.1,False,7,False,True,0.100000,5.493,ok,206549668
52d482fc94e5be31f36cfff4833794f1,elargir,0.1,True,7,False,True,0.100000,6.423,ok,206549668
52d482fc94e5be31f36cfff4833794f1,elargir,0.25,False,7,False,True,0.250000,4.319,ok,3472037545
52d482fc94e5be31f36cfff4833794f1,elargir,0.25,True,7,False,True,0.250000,4.632,ok,3472037545
52d482fc94e5be31f36cfff4833794f1,elargir,0.5,False,7,False,True,0.500000,6.051,ok,233236879
52d482fc94e5be31f36cfff4833794f1,elargir,0.5,True,7,False,True,0.500000,7.296,ok,233236879
52d482fc94e5be31f36cfff4833794f1,elargir,1.0,False,7,False,False,,7.271,invariant_viole,4159110876
52d482fc94e5be31f36cfff4833794f1,elargir,1.0,True,7,False,True,1.000000,5.017,ok,4159110876
52d482fc94e5be31f36cfff4833794f1,retrecir,0.1,False,7,False,False,,4.723,invariant_viole,3822539925
52d482fc94e5be31f36cfff4833794f1,retrecir,0.1,True,7,False,True,0.100000,4.348,ok,3822539925
52d482fc94e5be31f36cfff4833794f1,retrecir,0.25,False,7,False,False,,5.392,invariant_viole,4112853194
52d482fc94e5be31f36cfff4833794f1,retrecir,0.25,True,7,False,True,0.250000,5.657,ok,4112853194
52d482fc94e5be31f36cfff4833794f1,retrecir,0.5,False,7,False,False,,4.032,invariant_viole,480380812
52d482fc94e5be31f36cfff4833794f1,retrecir,0.5,True,7,False,True,0.500000,4.757,ok,480380812
52d482fc94e5be31f36cfff4833794f1,retrecir,1.0,False,7,False,False,,3.913,invariant_viole,1255847372
52d482fc94e5be31f36cfff4833794f1,retrecir,1.0,True,7,False,True,1.000000,4.030,ok,1255847372
52d482fc94e5be31f36cfff4833794f1,aplatir,0.1,False,7,False,False,,5.058,invariant_viole,2969962005
52d482fc94e5be31f36cfff4833794f1,aplatir,0.1,True,7,False,True,0.100000,4.622,ok,2969962005
52d482fc94e5be31f36cfff4833794f1,aplatir,0.25,False,7,False,False,,3.915,invariant_viole,1614893284
52d482fc94e5be31f36cfff4833794f1,aplatir,0.25,True,7,False,True,0.250000,4.402,ok,1614893284
52d482fc94e5be31f36cfff4833794f1,aplatir,0.5,False,7,False,False,,3.925,invariant_viole,1316067793
52d482fc94e5be31f36cfff4833794f1,aplatir,0.5,True,7,False,True,0.500000,4.017,ok,1316067793
52d482fc94e5be31f36cfff4833794f1,aplatir,1.0,False,7,False,False,,3.779,invariant_viole,3080771829
52d482fc94e5be31f36cfff4833794f1,aplatir,1.0,True,7,False,True,1.000000,4.432,ok,3080771829
77ba0809d50b9da91d8a7c4fd45e3a1a,deplacer,0.1,False,7,False,False,,4.375,invariant_viole,3058676804
77ba0809d50b9da91d8a7c4fd45e3a1a,deplacer,0.1,True,7,False,True,0.100000,4.669,ok,3058676804
77ba0809d50b9da91d8a7c4fd45e3a1a,deplacer,0.25,False,7,False,False,,4.099,invariant_viole,2872423784
77ba0809d50b9da91d8a7c4fd45e3a1a,deplacer,0.25,True,7,False,True,0.278063,9.995,ok,2872423784
77ba0809d50b9da91d8a7c4fd45e3a1a,deplacer,0.5,False,7,False,True,0.500000,4.474,ok,29994701
77ba0809d50b9da91d8a7c4fd45e3a1a,deplacer,0.5,True,7,False,True,0.500000,5.159,ok,29994701
77ba0809d50b9da91d8a7c4fd45e3a1a,deplacer,1.0,False,7,False,True,1.000000,6.205,ok,2974244745
77ba0809d50b9da91d8a7c4fd45e3a1a,deplacer,1.0,True,7,False,True,1.000000,5.016,ok,2974244745
77ba0809d50b9da91d8a7c4fd45e3a1a,elargir,0.1,False,7,False,True,0.100000,6.015,ok,2847690303
77ba0809d50b9da91d8a7c4fd45e3a1a,elargir,0.1,True,7,False,True,0.100000,4.472,ok,2847690303
77ba0809d50b9da91d8a7c4fd45e3a1a,elargir,0.25,False,7,False,True,0.250000,4.561,ok,174939754
77ba0809d50b9da91d8a7c4fd45e3a1a,elargir,0.25,True,7,False,True,0.250000,4.408,ok,174939754
77ba0809d50b9da91d8a7c4fd45e3a1a,elargir,0.5,False,7,False,True,0.500000,4.035,ok,4189089278
77ba0809d50b9da91d8a7c4fd45e3a1a,elargir,0.5,True,7,False,True,0.500000,4.942,ok,4189089278
77ba0809d50b9da91d8a7c4fd45e3a1a,elargir,1.0,False,7,False,False,,4.041,invariant_viole,4094479737
77ba0809d50b9da91d8a7c4fd45e3a1a,elargir,1.0,True,7,False,True,1.000000,4.210,ok,4094479737
77ba0809d50b9da91d8a7c4fd45e3a1a,retrecir,0.1,False,7,False,False,,4.254,invariant_viole,3425850244
77ba0809d50b9da91d8a7c4fd45e3a1a,retrecir,0.1,True,7,False,True,0.100000,4.465,ok,3425850244
77ba0809d50b9da91d8a7c4fd45e3a1a,retrecir,0.25,False,7,False,False,,4.127,invariant_viole,1380981003
77ba0809d50b9da91d8a7c4fd45e3a1a,retrecir,0.25,True,7,False,True,0.250000,4.357,ok,1380981003
77ba0809d50b9da91d8a7c4fd45e3a1a,retrecir,0.5,False,7,False,False,,4.044,invariant_viole,2064206504
77ba0809d50b9da91d8a7c4fd45e3a1a,retrecir,0.5,True,7,False,True,0.500000,4.292,ok,2064206504
77ba0809d50b9da91d8a7c4fd45e3a1a,retrecir,1.0,False,7,False,False,,3.997,invariant_viole,2506168305
77ba0809d50b9da91d8a7c4fd45e3a1a,retrecir,1.0,True,7,False,True,1.000000,5.944,ok,2506168305
77ba0809d50b9da91d8a7c4fd45e3a1a,aplatir,0.1,False,7,False,False,,5.486,invariant_viole,2237326902
77ba0809d50b9da91d8a7c4fd45e3a1a,aplatir,0.1,True,7,False,True,0.100000,6.403,ok,2237326902
77ba0809d50b9da91d8a7c4fd45e3a1a,aplatir,0.25,False,7,False,False,,3.983,invariant_viole,4157558031
77ba0809d50b9da91d8a7c4fd45e3a1a,aplatir,0.25,True,7,False,True,0.250000,4.296,ok,4157558031
77ba0809d50b9da91d8a7c4fd45e3a1a,aplatir,0.5,False,7,False,False,,5.142,invariant_viole,1244078819
77ba0809d50b9da91d8a7c4fd45e3a1a,aplatir,0.5,True,7,False,True,0.500000,6.149,ok,1244078819
77ba0809d50b9da91d8a7c4fd45e3a1a,aplatir,1.0,False,7,False,True,1.000000,5.011,ok,3500435561
77ba0809d50b9da91d8a7c4fd45e3a1a,aplatir,1.0,True,7,False,True,1.000000,4.487,ok,3500435561
3957bf5981dd27f724cec8fd126e57c6,deplacer,0.1,False,8,False,True,0.100000,6.539,ok,612084630
3957bf5981dd27f724cec8fd126e57c6,deplacer,0.1,True,8,False,True,0.100000,4.765,ok,612084630
3957bf5981dd27f724cec8fd126e57c6,deplacer,0.25,False,8,False,True,0.250000,5.521,ok,961601776
3957bf5981dd27f724cec8fd126e57c6,deplacer,0.25,True,8,False,True,0.250000,4.695,ok,961601776
3957bf5981dd27f724cec8fd126e57c6,deplacer,0.5,False,8,False,True,0.500000,5.215,ok,2838228424
3957bf5981dd27f724cec8fd126e57c6,deplacer,0.5,True,8,False,True,0.500000,4.896,ok,2838228424
3957bf5981dd27f724cec8fd126e57c6,deplacer,1.0,False,8,False,True,1.000000,4.242,ok,2813246375
3957bf5981dd27f724cec8fd126e57c6,deplacer,1.0,True,8,False,True,1.000000,5.403,ok,2813246375
3957bf5981dd27f724cec8fd126e57c6,elargir,0.1,False,8,False,True,0.100000,4.144,ok,3392300975
3957bf5981dd27f724cec8fd126e57c6,elargir,0.1,True,8,False,True,0.100000,4.656,ok,3392300975
3957bf5981dd27f724cec8fd126e57c6,elargir,0.25,False,8,False,True,0.250000,5.550,ok,1277504271
3957bf5981dd27f724cec8fd126e57c6,elargir,0.25,True,8,False,True,0.250000,8.175,ok,1277504271
3957bf5981dd27f724cec8fd126e57c6,elargir,0.5,False,8,False,False,,4.482,invariant_viole,4111269979
3957bf5981dd27f724cec8fd126e57c6,elargir,0.5,True,8,False,False,,5.778,infaisable,4111269979
3957bf5981dd27f724cec8fd126e57c6,elargir,1.0,False,8,False,True,1.000000,4.487,ok,1884336503
3957bf5981dd27f724cec8fd126e57c6,elargir,1.0,True,8,False,True,1.000000,5.155,ok,1884336503
3957bf5981dd27f724cec8fd126e57c6,retrecir,0.1,False,8,False,True,0.100000,5.579,ok,3668667103
3957bf5981dd27f724cec8fd126e57c6,retrecir,0.1,True,8,False,True,0.100000,4.621,ok,3668667103
3957bf5981dd27f724cec8fd126e57c6,retrecir,0.25,False,8,False,False,,5.149,invariant_viole,3924604699
3957bf5981dd27f724cec8fd126e57c6,retrecir,0.25,True,8,False,True,0.250000,5.196,ok,3924604699
3957bf5981dd27f724cec8fd126e57c6,retrecir,0.5,False,8,False,False,,4.921,invariant_viole,2713245211
3957bf5981dd27f724cec8fd126e57c6,retrecir,0.5,True,8,False,True,0.500000,5.160,ok,2713245211
3957bf5981dd27f724cec8fd126e57c6,retrecir,1.0,False,8,False,True,1.000000,4.620,ok,2941981342
3957bf5981dd27f724cec8fd126e57c6,retrecir,1.0,True,8,False,True,1.000000,4.989,ok,2941981342
3957bf5981dd27f724cec8fd126e57c6,aplatir,0.1,False,8,False,False,,4.102,invariant_viole,2473650031
3957bf5981dd27f724cec8fd126e57c6,aplatir,0.1,True,8,False,True,0.100000,4.938,ok,2473650031
3957bf5981dd27f724cec8fd126e57c6,aplatir,0.25,False,8,False,False,,6.033,invariant_viole,4243883425
3957bf5981dd27f724cec8fd126e57c6,aplatir,0.25,True,8,False,True,0.250000,4.828,ok,4243883425
3957bf5981dd27f724cec8fd126e57c6,aplatir,0.5,False,8,False,True,0.500000,5.068,ok,711752264
3957bf5981dd27f724cec8fd126e57c6,aplatir,0.5,True,8,False,True,0.500000,4.889,ok,711752264
3957bf5981dd27f724cec8fd126e57c6,aplatir,1.0,False,8,False,False,,4.181,invariant_viole,864168625
3957bf5981dd27f724cec8fd126e57c6,aplatir,1.0,True,8,False,True,1.000000,5.614,ok,864168625
dec04cd73cf486acfb330057282dbd7d,deplacer,0.1,False,8,False,True,0.100000,5.632,ok,645156007
dec04cd73cf486acfb330057282dbd7d,deplacer,0.1,True,8,False,True,0.100000,4.692,ok,645156007
dec04cd73cf486acfb330057282dbd7d,deplacer,0.25,False,8,False,True,0.250000,7.324,ok,4195872274
dec04cd73cf486acfb330057282dbd7d,deplacer,0.25,True,8,False,True,0.250000,5.938,ok,4195872274
dec04cd73cf486acfb330057282dbd7d,deplacer,0.5,False,8,False,True,0.500000,4.443,ok,2273346265
dec04cd73cf486acfb330057282dbd7d,deplacer,0.5,True,8,False,True,0.500000,6.639,ok,2273346265
dec04cd73cf486acfb330057282dbd7d,deplacer,1.0,False,8,False,True,1.000000,4.977,ok,2809947143
dec04cd73cf486acfb330057282dbd7d,deplacer,1.0,True,8,False,True,1.000000,5.795,ok,2809947143
dec04cd73cf486acfb330057282dbd7d,elargir,0.1,False,8,False,True,0.100000,4.715,ok,560836446
dec04cd73cf486acfb330057282dbd7d,elargir,0.1,True,8,False,True,0.100000,4.571,ok,560836446
dec04cd73cf486acfb330057282dbd7d,elargir,0.25,False,8,False,True,0.250000,5.593,ok,2492031668
dec04cd73cf486acfb330057282dbd7d,elargir,0.25,True,8,False,True,0.250000,4.485,ok,2492031668
dec04cd73cf486acfb330057282dbd7d,elargir,0.5,False,8,False,True,0.500000,4.292,ok,2170798259
dec04cd73cf486acfb330057282dbd7d,elargir,0.5,True,8,False,True,0.500000,6.571,ok,2170798259
dec04cd73cf486acfb330057282dbd7d,elargir,1.0,False,8,False,True,1.000000,4.291,ok,2692592063
dec04cd73cf486acfb330057282dbd7d,elargir,1.0,True,8,False,True,1.000000,4.699,ok,2692592063
dec04cd73cf486acfb330057282dbd7d,retrecir,0.1,False,8,False,False,,4.546,invariant_viole,947733490
dec04cd73cf486acfb330057282dbd7d,retrecir,0.1,True,8,False,True,0.100000,4.787,ok,947733490
dec04cd73cf486acfb330057282dbd7d,retrecir,0.25,False,8,False,False,,4.305,invariant_viole,343054173
dec04cd73cf486acfb330057282dbd7d,retrecir,0.25,True,8,False,True,0.250000,4.869,ok,343054173
dec04cd73cf486acfb330057282dbd7d,retrecir,0.5,False,8,False,True,0.500000,4.361,ok,2628100221
dec04cd73cf486acfb330057282dbd7d,retrecir,0.5,True,8,False,True,0.500000,4.616,ok,2628100221
dec04cd73cf486acfb330057282dbd7d,retrecir,1.0,False,8,False,False,,4.542,invariant_viole,2044890202
dec04cd73cf486acfb330057282dbd7d,retrecir,1.0,True,8,False,False,,6.187,infaisable,2044890202
dec04cd73cf486acfb330057282dbd7d,aplatir,0.1,False,8,False,False,,4.922,invariant_viole,2519442136
dec04cd73cf486acfb330057282dbd7d,aplatir,0.1,True,8,False,True,0.100000,4.633,ok,2519442136
dec04cd73cf486acfb330057282dbd7d,aplatir,0.25,False,8,False,False,,4.375,invariant_viole,3576936045
dec04cd73cf486acfb330057282dbd7d,aplatir,0.25,True,8,False,True,0.250000,4.793,ok,3576936045
dec04cd73cf486acfb330057282dbd7d,aplatir,0.5,False,8,False,False,,4.484,invariant_viole,1278523917
dec04cd73cf486acfb330057282dbd7d,aplatir,0.5,True,8,False,True,0.500000,4.628,ok,1278523917
dec04cd73cf486acfb330057282dbd7d,aplatir,1.0,False,8,False,False,,4.460,invariant_viole,2786797720
dec04cd73cf486acfb330057282dbd7d,aplatir,1.0,True,8,False,False,,5.810,infaisable,2786797720
9a54548fa068084b276395413cd95205,deplacer,0.1,False,7,False,True,0.100000,4.596,ok,1534488508
9a54548fa068084b276395413cd95205,deplacer,0.1,True,7,False,True,0.100000,4.352,ok,1534488508
9a54548fa068084b276395413cd95205,deplacer,0.25,False,7,False,True,0.250000,5.490,ok,1004011256
9a54548fa068084b276395413cd95205,deplacer,0.25,True,7,False,True,0.250000,4.329,ok,1004011256
9a54548fa068084b276395413cd95205,deplacer,0.5,False,7,False,True,0.500000,5.868,ok,2263286292
9a54548fa068084b276395413cd95205,deplacer,0.5,True,7,False,True,0.500000,4.887,ok,2263286292
9a54548fa068084b276395413cd95205,deplacer,1.0,False,7,False,False,,5.342,invariant_viole,2978038621
9a54548fa068084b276395413cd95205,deplacer,1.0,True,7,False,True,1.000000,4.893,ok,2978038621
9a54548fa068084b276395413cd95205,elargir,0.1,False,7,False,True,0.100000,4.618,ok,2920163948
9a54548fa068084b276395413cd95205,elargir,0.1,True,7,False,True,0.100000,4.299,ok,2920163948
9a54548fa068084b276395413cd95205,elargir,0.25,False,7,False,True,0.250000,4.475,ok,905384262
9a54548fa068084b276395413cd95205,elargir,0.25,True,7,False,True,0.250000,4.365,ok,905384262
9a54548fa068084b276395413cd95205,elargir,0.5,False,7,False,True,0.500000,4.361,ok,3945420229
9a54548fa068084b276395413cd95205,elargir,0.5,True,7,False,True,0.500000,4.204,ok,3945420229
9a54548fa068084b276395413cd95205,elargir,1.0,False,7,False,False,,4.356,invariant_viole,1092125746
9a54548fa068084b276395413cd95205,elargir,1.0,True,7,False,True,0.721881,4.565,ok,1092125746
9a54548fa068084b276395413cd95205,retrecir,0.1,False,7,False,False,,3.810,invariant_viole,1758323391
9a54548fa068084b276395413cd95205,retrecir,0.1,True,7,False,True,0.100000,5.359,ok,1758323391
9a54548fa068084b276395413cd95205,retrecir,0.25,False,7,False,False,,3.793,invariant_viole,3981438693
9a54548fa068084b276395413cd95205,retrecir,0.25,True,7,False,True,0.250000,4.164,ok,3981438693
9a54548fa068084b276395413cd95205,retrecir,0.5,False,7,False,False,,4.950,invariant_viole,3279345016
9a54548fa068084b276395413cd95205,retrecir,0.5,True,7,False,True,0.500000,4.292,ok,3279345016
9a54548fa068084b276395413cd95205,retrecir,1.0,False,7,False,False,,3.823,invariant_viole,3634213588
9a54548fa068084b276395413cd95205,retrecir,1.0,True,7,False,True,1.000000,4.408,ok,3634213588
9a54548fa068084b276395413cd95205,aplatir,0.1,False,7,False,True,0.100000,4.432,ok,1863164647
9a54548fa068084b276395413cd95205,aplatir,0.1,True,7,False,True,0.100000,4.195,ok,1863164647
9a54548fa068084b276395413cd95205,aplatir,0.25,False,7,False,False,,4.289,invariant_viole,2597880945
9a54548fa068084b276395413cd95205,aplatir,0.25,True,7,False,True,0.250000,4.782,ok,2597880945
9a54548fa068084b276395413cd95205,aplatir,0.5,False,7,False,False,,3.864,invariant_viole,2589403325
9a54548fa068084b276395413cd95205,aplatir,0.5,True,7,False,True,0.500000,4.323,ok,2589403325
9a54548fa068084b276395413cd95205,aplatir,1.0,False,7,False,False,,3.795,invariant_viole,3465302879
9a54548fa068084b276395413cd95205,aplatir,1.0,True,7,False,True,1.000000,4.179,ok,3465302879
bb1bd7c704e6c9cfd6b72a71cf336fb3,deplacer,0.1,False,7,False,False,,3.965,invariant_viole,1996137
bb1bd7c704e6c9cfd6b72a71cf336fb3,deplacer,0.1,True,7,False,True,0.100000,4.090,ok,1996137
bb1bd7c704e6c9cfd6b72a71cf336fb3,deplacer,0.25,False,7,False,False,,4.295,invariant_viole,2523500134
bb1bd7c704e6c9cfd6b72a71cf336fb3,deplacer,0.25,True,7,False,True,0.250000,4.518,ok,2523500134
bb1bd7c704e6c9cfd6b72a71cf336fb3,deplacer,0.5,False,7,False,False,,4.026,invariant_viole,3332659372
bb1bd7c704e6c9cfd6b72a71cf336fb3,deplacer,0.5,True,7,False,True,0.500000,5.494,ok,3332659372
bb1bd7c704e6c9cfd6b72a71cf336fb3,deplacer,1.0,False,7,False,True,1.000000,4.312,ok,3833887433
bb1bd7c704e6c9cfd6b72a71cf336fb3,deplacer,1.0,True,7,False,False,,1.504,trame,3833887433
bb1bd7c704e6c9cfd6b72a71cf336fb3,elargir,0.1,False,7,False,True,0.100000,4.956,ok,1723695564
bb1bd7c704e6c9cfd6b72a71cf336fb3,elargir,0.1,True,7,False,True,0.100000,4.235,ok,1723695564
bb1bd7c704e6c9cfd6b72a71cf336fb3,elargir,0.25,False,7,False,False,,3.857,invariant_viole,2175438745
bb1bd7c704e6c9cfd6b72a71cf336fb3,elargir,0.25,True,7,False,True,0.250000,4.320,ok,2175438745
bb1bd7c704e6c9cfd6b72a71cf336fb3,elargir,0.5,False,7,False,True,0.500000,4.910,ok,930629645
bb1bd7c704e6c9cfd6b72a71cf336fb3,elargir,0.5,True,7,False,True,0.500000,4.110,ok,930629645
bb1bd7c704e6c9cfd6b72a71cf336fb3,elargir,1.0,False,7,False,True,1.000000,4.315,ok,2382488789
bb1bd7c704e6c9cfd6b72a71cf336fb3,elargir,1.0,True,7,False,True,1.000000,5.378,ok,2382488789
bb1bd7c704e6c9cfd6b72a71cf336fb3,retrecir,0.1,False,7,False,True,0.100000,4.255,ok,3377655411
bb1bd7c704e6c9cfd6b72a71cf336fb3,retrecir,0.1,True,7,False,True,0.100000,6.129,ok,3377655411
bb1bd7c704e6c9cfd6b72a71cf336fb3,retrecir,0.25,False,7,False,False,,6.667,invariant_viole,81459993
bb1bd7c704e6c9cfd6b72a71cf336fb3,retrecir,0.25,True,7,False,True,0.250000,4.244,ok,81459993
bb1bd7c704e6c9cfd6b72a71cf336fb3,retrecir,0.5,False,7,False,False,,4.794,invariant_viole,2245016770
bb1bd7c704e6c9cfd6b72a71cf336fb3,retrecir,0.5,True,7,False,True,0.500000,5.283,ok,2245016770
bb1bd7c704e6c9cfd6b72a71cf336fb3,retrecir,1.0,False,7,False,False,,5.021,invariant_viole,3632941755
bb1bd7c704e6c9cfd6b72a71cf336fb3,retrecir,1.0,True,7,False,True,1.000000,4.710,ok,3632941755
bb1bd7c704e6c9cfd6b72a71cf336fb3,aplatir,0.1,False,7,False,False,,3.977,invariant_viole,1236571413
bb1bd7c704e6c9cfd6b72a71cf336fb3,aplatir,0.1,True,7,False,True,0.100000,4.370,ok,1236571413
bb1bd7c704e6c9cfd6b72a71cf336fb3,aplatir,0.25,False,7,False,True,0.250000,4.326,ok,2983828958
bb1bd7c704e6c9cfd6b72a71cf336fb3,aplatir,0.25,True,7,False,True,0.250000,3.997,ok,2983828958
bb1bd7c704e6c9cfd6b72a71cf336fb3,aplatir,0.5,False,7,False,False,,3.982,invariant_viole,2211287434
bb1bd7c704e6c9cfd6b72a71cf336fb3,aplatir,0.5,True,7,False,True,0.500000,5.969,ok,2211287434
bb1bd7c704e6c9cfd6b72a71cf336fb3,aplatir,1.0,False,7,False,True,1.000000,6.015,ok,508657921
bb1bd7c704e6c9cfd6b72a71cf336fb3,aplatir,1.0,True,7,False,True,1.000000,4.481,ok,508657921
e15756934e6953877cfdaf899e02476d,deplacer,0.1,False,8,False,True,0.100000,6.842,ok,456041171
e15756934e6953877cfdaf899e02476d,deplacer,0.1,True,8,False,True,0.100000,4.713,ok,456041171
e15756934e6953877cfdaf899e02476d,deplacer,0.25,False,8,False,True,0.250000,4.526,ok,738692740
e15756934e6953877cfdaf899e02476d,deplacer,0.25,True,8,False,True,0.250000,4.851,ok,738692740
e15756934e6953877cfdaf899e02476d,deplacer,0.5,False,8,False,True,0.500000,4.886,ok,2257479548
e15756934e6953877cfdaf899e02476d,deplacer,0.5,True,8,False,True,0.500000,4.706,ok,2257479548
e15756934e6953877cfdaf899e02476d,deplacer,1.0,False,8,False,True,1.000000,8.260,ok,596502177
e15756934e6953877cfdaf899e02476d,deplacer,1.0,True,8,False,True,1.000000,6.005,ok,596502177
e15756934e6953877cfdaf899e02476d,elargir,0.1,False,8,False,True,0.100000,7.868,ok,1825736528
e15756934e6953877cfdaf899e02476d,elargir,0.1,True,8,False,True,0.100000,4.642,ok,1825736528
e15756934e6953877cfdaf899e02476d,elargir,0.25,False,8,False,True,0.250000,7.576,ok,1777536023
e15756934e6953877cfdaf899e02476d,elargir,0.25,True,8,False,True,0.250000,4.865,ok,1777536023
e15756934e6953877cfdaf899e02476d,elargir,0.5,False,8,False,True,0.500000,6.636,ok,800656053
e15756934e6953877cfdaf899e02476d,elargir,0.5,True,8,False,True,0.500000,4.805,ok,800656053
e15756934e6953877cfdaf899e02476d,elargir,1.0,False,8,False,True,1.000000,6.383,ok,3986466407
e15756934e6953877cfdaf899e02476d,elargir,1.0,True,8,False,True,1.000000,4.708,ok,3986466407
e15756934e6953877cfdaf899e02476d,retrecir,0.1,False,8,False,False,,4.253,invariant_viole,3596158500
e15756934e6953877cfdaf899e02476d,retrecir,0.1,True,8,False,True,0.100000,5.904,ok,3596158500
e15756934e6953877cfdaf899e02476d,retrecir,0.25,False,8,False,False,,4.770,invariant_viole,1112855188
e15756934e6953877cfdaf899e02476d,retrecir,0.25,True,8,False,True,0.250000,5.498,ok,1112855188
e15756934e6953877cfdaf899e02476d,retrecir,0.5,False,8,False,False,,5.518,invariant_viole,144441323
e15756934e6953877cfdaf899e02476d,retrecir,0.5,True,8,False,True,0.500000,4.647,ok,144441323
e15756934e6953877cfdaf899e02476d,retrecir,1.0,False,8,False,False,,4.356,invariant_viole,2767387455
e15756934e6953877cfdaf899e02476d,retrecir,1.0,True,8,False,True,1.000000,7.944,ok,2767387455
e15756934e6953877cfdaf899e02476d,aplatir,0.1,False,8,False,False,,6.073,invariant_viole,2350132449
e15756934e6953877cfdaf899e02476d,aplatir,0.1,True,8,False,True,0.100000,6.560,ok,2350132449
e15756934e6953877cfdaf899e02476d,aplatir,0.25,False,8,False,False,,5.346,invariant_viole,2979016863
e15756934e6953877cfdaf899e02476d,aplatir,0.25,True,8,False,True,0.250000,5.865,ok,2979016863
e15756934e6953877cfdaf899e02476d,aplatir,0.5,False,8,False,True,0.500000,6.139,ok,1077069394
e15756934e6953877cfdaf899e02476d,aplatir,0.5,True,8,False,True,0.500000,6.917,ok,1077069394
e15756934e6953877cfdaf899e02476d,aplatir,1.0,False,8,False,False,,4.741,invariant_viole,4270707028
e15756934e6953877cfdaf899e02476d,aplatir,1.0,True,8,False,True,1.000000,4.602,ok,4270707028
19334157983eba6c8cf0f5aaed13ef29,deplacer,0.1,False,8,False,True,0.100000,4.495,ok,1528951760
19334157983eba6c8cf0f5aaed13ef29,deplacer,0.1,True,8,False,True,0.100000,5.022,ok,1528951760
19334157983eba6c8cf0f5aaed13ef29,deplacer,0.25,False,8,False,True,0.250000,4.444,ok,4261153278
19334157983eba6c8cf0f5aaed13ef29,deplacer,0.25,True,8,False,True,0.250000,4.761,ok,4261153278
19334157983eba6c8cf0f5aaed13ef29,deplacer,0.5,False,8,False,True,0.500000,4.793,ok,2918575892
19334157983eba6c8cf0f5aaed13ef29,deplacer,0.5,True,8,False,True,0.500000,4.768,ok,2918575892
19334157983eba6c8cf0f5aaed13ef29,deplacer,1.0,False,8,False,True,1.000000,4.590,ok,415379695
19334157983eba6c8cf0f5aaed13ef29,deplacer,1.0,True,8,False,True,1.000000,5.750,ok,415379695
19334157983eba6c8cf0f5aaed13ef29,elargir,0.1,False,8,False,True,0.100000,4.413,ok,3453777349
19334157983eba6c8cf0f5aaed13ef29,elargir,0.1,True,8,False,True,0.100000,5.012,ok,3453777349
19334157983eba6c8cf0f5aaed13ef29,elargir,0.25,False,8,False,True,0.250000,6.477,ok,2642905872
19334157983eba6c8cf0f5aaed13ef29,elargir,0.25,True,8,False,True,0.250000,6.851,ok,2642905872
19334157983eba6c8cf0f5aaed13ef29,elargir,0.5,False,8,False,True,0.500000,4.698,ok,3589463064
19334157983eba6c8cf0f5aaed13ef29,elargir,0.5,True,8,False,True,0.500000,4.790,ok,3589463064
19334157983eba6c8cf0f5aaed13ef29,elargir,1.0,False,8,False,True,1.000000,4.744,ok,245889103
19334157983eba6c8cf0f5aaed13ef29,elargir,1.0,True,8,False,True,1.000000,5.145,ok,245889103
19334157983eba6c8cf0f5aaed13ef29,retrecir,0.1,False,8,False,False,,4.482,invariant_viole,1224739819
19334157983eba6c8cf0f5aaed13ef29,retrecir,0.1,True,8,False,True,0.100000,5.361,ok,1224739819
19334157983eba6c8cf0f5aaed13ef29,retrecir,0.25,False,8,False,False,,4.941,invariant_viole,2700603851
19334157983eba6c8cf0f5aaed13ef29,retrecir,0.25,True,8,False,True,0.250000,4.777,ok,2700603851
19334157983eba6c8cf0f5aaed13ef29,retrecir,0.5,False,8,False,False,,4.446,invariant_viole,581470625
19334157983eba6c8cf0f5aaed13ef29,retrecir,0.5,True,8,False,True,0.500000,4.767,ok,581470625
19334157983eba6c8cf0f5aaed13ef29,retrecir,1.0,False,8,False,False,,4.259,invariant_viole,4253830723
19334157983eba6c8cf0f5aaed13ef29,retrecir,1.0,True,8,False,True,1.000000,5.028,ok,4253830723
19334157983eba6c8cf0f5aaed13ef29,aplatir,0.1,False,8,False,False,,4.368,invariant_viole,2777178223
19334157983eba6c8cf0f5aaed13ef29,aplatir,0.1,True,8,False,True,0.100000,4.818,ok,2777178223
19334157983eba6c8cf0f5aaed13ef29,aplatir,0.25,False,8,False,False,,4.257,invariant_viole,1422259774
19334157983eba6c8cf0f5aaed13ef29,aplatir,0.25,True,8,False,True,0.250000,4.963,ok,1422259774
19334157983eba6c8cf0f5aaed13ef29,aplatir,0.5,False,8,False,False,,4.301,invariant_viole,3514234320
19334157983eba6c8cf0f5aaed13ef29,aplatir,0.5,True,8,False,True,0.500000,6.225,ok,3514234320
19334157983eba6c8cf0f5aaed13ef29,aplatir,1.0,False,8,False,False,,4.703,invariant_viole,3387109140
19334157983eba6c8cf0f5aaed13ef29,aplatir,1.0,True,8,False,True,1.000000,5.331,ok,3387109140
40227d93cf0e2b35e71bea70ebf3b77a,deplacer,0.1,False,7,False,True,0.100000,7.419,ok,454697263
40227d93cf0e2b35e71bea70ebf3b77a,deplacer,0.1,True,7,False,True,0.100000,4.497,ok,454697263
40227d93cf0e2b35e71bea70ebf3b77a,deplacer,0.25,False,7,False,True,0.250000,4.671,ok,196767822
40227d93cf0e2b35e71bea70ebf3b77a,deplacer,0.25,True,7,False,True,0.250000,4.451,ok,196767822
40227d93cf0e2b35e71bea70ebf3b77a,deplacer,0.5,False,7,False,False,,4.086,invariant_viole,1829465167
40227d93cf0e2b35e71bea70ebf3b77a,deplacer,0.5,True,7,False,True,0.500000,6.061,ok,1829465167
40227d93cf0e2b35e71bea70ebf3b77a,deplacer,1.0,False,7,False,False,,3.837,invariant_viole,884427606
40227d93cf0e2b35e71bea70ebf3b77a,deplacer,1.0,True,7,False,False,,6.320,infaisable,884427606
40227d93cf0e2b35e71bea70ebf3b77a,elargir,0.1,False,7,False,True,0.100000,4.687,ok,2610036574
40227d93cf0e2b35e71bea70ebf3b77a,elargir,0.1,True,7,False,True,0.100000,4.182,ok,2610036574
40227d93cf0e2b35e71bea70ebf3b77a,elargir,0.25,False,7,False,True,0.250000,4.467,ok,1363860124
40227d93cf0e2b35e71bea70ebf3b77a,elargir,0.25,True,7,False,True,0.250000,4.587,ok,1363860124
40227d93cf0e2b35e71bea70ebf3b77a,elargir,0.5,False,7,False,True,0.500000,4.524,ok,3706879029
40227d93cf0e2b35e71bea70ebf3b77a,elargir,0.5,True,7,False,True,0.500000,4.111,ok,3706879029
40227d93cf0e2b35e71bea70ebf3b77a,elargir,1.0,False,7,False,True,1.000000,5.442,ok,1559922880
40227d93cf0e2b35e71bea70ebf3b77a,elargir,1.0,True,7,False,True,1.000000,4.568,ok,1559922880
40227d93cf0e2b35e71bea70ebf3b77a,retrecir,0.1,False,7,False,False,,4.358,invariant_viole,3222770842
40227d93cf0e2b35e71bea70ebf3b77a,retrecir,0.1,True,7,False,True,0.100000,6.941,ok,3222770842
40227d93cf0e2b35e71bea70ebf3b77a,retrecir,0.25,False,7,False,False,,4.501,invariant_viole,1578871899
40227d93cf0e2b35e71bea70ebf3b77a,retrecir,0.25,True,7,False,True,0.250000,5.489,ok,1578871899
40227d93cf0e2b35e71bea70ebf3b77a,retrecir,0.5,False,7,False,False,,4.095,invariant_viole,2120945157
40227d93cf0e2b35e71bea70ebf3b77a,retrecir,0.5,True,7,False,True,0.500000,4.123,ok,2120945157
40227d93cf0e2b35e71bea70ebf3b77a,retrecir,1.0,False,7,False,False,,4.255,invariant_viole,3155798311
40227d93cf0e2b35e71bea70ebf3b77a,retrecir,1.0,True,7,False,True,1.000000,4.250,ok,3155798311
40227d93cf0e2b35e71bea70ebf3b77a,aplatir,0.1,False,7,False,False,,4.009,invariant_viole,368421336
40227d93cf0e2b35e71bea70ebf3b77a,aplatir,0.1,True,7,False,True,0.100000,4.073,ok,368421336
40227d93cf0e2b35e71bea70ebf3b77a,aplatir,0.25,False,7,False,False,,4.189,invariant_viole,383367907
40227d93cf0e2b35e71bea70ebf3b77a,aplatir,0.25,True,7,False,True,0.250000,4.141,ok,383367907
40227d93cf0e2b35e71bea70ebf3b77a,aplatir,0.5,False,7,False,True,0.500000,4.447,ok,3175710119
40227d93cf0e2b35e71bea70ebf3b77a,aplatir,0.5,True,7,False,True,0.500000,4.571,ok,3175710119
40227d93cf0e2b35e71bea70ebf3b77a,aplatir,1.0,False,7,False,False,,4.155,invariant_viole,2570475395
40227d93cf0e2b35e71bea70ebf3b77a,aplatir,1.0,True,7,False,True,1.000000,4.424,ok,2570475395
956199bbf88b277de7f24d373ddd9c83,deplacer,0.1,False,7,False,False,,3.875,invariant_viole,950478977
956199bbf88b277de7f24d373ddd9c83,deplacer,0.1,True,7,False,True,0.100000,4.330,ok,950478977
956199bbf88b277de7f24d373ddd9c83,deplacer,0.25,False,7,False,True,0.250000,5.631,ok,82893205
956199bbf88b277de7f24d373ddd9c83,deplacer,0.25,True,7,False,True,0.250000,4.129,ok,82893205
956199bbf88b277de7f24d373ddd9c83,deplacer,0.5,False,7,False,True,0.500000,4.139,ok,3400160232
956199bbf88b277de7f24d373ddd9c83,deplacer,0.5,True,7,False,True,0.500000,4.088,ok,3400160232
956199bbf88b277de7f24d373ddd9c83,deplacer,1.0,False,7,False,False,,3.898,invariant_viole,3261213214
956199bbf88b277de7f24d373ddd9c83,deplacer,1.0,True,7,False,True,1.000000,4.557,ok,3261213214
956199bbf88b277de7f24d373ddd9c83,elargir,0.1,False,7,False,True,0.100000,5.526,ok,2231048692
956199bbf88b277de7f24d373ddd9c83,elargir,0.1,True,7,False,True,0.100000,4.096,ok,2231048692
956199bbf88b277de7f24d373ddd9c83,elargir,0.25,False,7,False,False,,4.114,invariant_viole,1116802599
956199bbf88b277de7f24d373ddd9c83,elargir,0.25,True,7,False,True,0.250000,6.585,ok,1116802599
956199bbf88b277de7f24d373ddd9c83,elargir,0.5,False,7,False,True,0.500000,5.809,ok,2367437146
956199bbf88b277de7f24d373ddd9c83,elargir,0.5,True,7,False,True,0.500000,4.792,ok,2367437146
956199bbf88b277de7f24d373ddd9c83,elargir,1.0,False,7,False,True,1.000000,5.699,ok,2715285012
956199bbf88b277de7f24d373ddd9c83,elargir,1.0,True,7,False,True,1.000000,4.192,ok,2715285012
956199bbf88b277de7f24d373ddd9c83,retrecir,0.1,False,7,False,False,,4.667,invariant_viole,754245271
956199bbf88b277de7f24d373ddd9c83,retrecir,0.1,True,7,False,True,0.100000,4.335,ok,754245271
956199bbf88b277de7f24d373ddd9c83,retrecir,0.25,False,7,False,False,,3.992,invariant_viole,3281234241
956199bbf88b277de7f24d373ddd9c83,retrecir,0.25,True,7,False,True,0.250000,4.407,ok,3281234241
956199bbf88b277de7f24d373ddd9c83,retrecir,0.5,False,7,False,False,,3.918,invariant_viole,2361653310
956199bbf88b277de7f24d373ddd9c83,retrecir,0.5,True,7,False,True,0.500000,4.121,ok,2361653310
956199bbf88b277de7f24d373ddd9c83,retrecir,1.0,False,7,False,False,,4.011,invariant_viole,318416326
956199bbf88b277de7f24d373ddd9c83,retrecir,1.0,True,7,False,True,1.000000,4.547,ok,318416326
956199bbf88b277de7f24d373ddd9c83,aplatir,0.1,False,7,False,True,0.100000,3.940,ok,341163490
956199bbf88b277de7f24d373ddd9c83,aplatir,0.1,True,7,False,True,0.100000,4.102,ok,341163490
956199bbf88b277de7f24d373ddd9c83,aplatir,0.25,False,7,False,False,,3.903,invariant_viole,743531981
956199bbf88b277de7f24d373ddd9c83,aplatir,0.25,True,7,False,True,0.250000,4.084,ok,743531981
956199bbf88b277de7f24d373ddd9c83,aplatir,0.5,False,7,False,True,0.500000,3.910,ok,2851172448
956199bbf88b277de7f24d373ddd9c83,aplatir,0.5,True,7,False,True,0.500000,4.372,ok,2851172448
956199bbf88b277de7f24d373ddd9c83,aplatir,1.0,False,7,False,False,,3.890,invariant_viole,2233450541
956199bbf88b277de7f24d373ddd9c83,aplatir,1.0,True,7,False,True,1.000000,4.274,ok,2233450541
39c5d00730e2abc8064860f118c6f906,deplacer,0.1,False,8,False,True,0.100000,4.710,ok,598288465
39c5d00730e2abc8064860f118c6f906,deplacer,0.1,True,8,False,True,0.100000,6.471,ok,598288465
39c5d00730e2abc8064860f118c6f906,deplacer,0.25,False,8,False,True,0.250000,4.711,ok,2571413863
39c5d00730e2abc8064860f118c6f906,deplacer,0.25,True,8,False,True,0.250000,5.038,ok,2571413863
39c5d00730e2abc8064860f118c6f906,deplacer,0.5,False,8,False,False,,4.293,invariant_viole,3223862001
39c5d00730e2abc8064860f118c6f906,deplacer,0.5,True,8,False,True,0.500000,4.854,ok,3223862001
39c5d00730e2abc8064860f118c6f906,deplacer,1.0,False,8,False,True,1.000000,4.536,ok,2998835318
39c5d00730e2abc8064860f118c6f906,deplacer,1.0,True,8,False,True,1.000000,4.929,ok,2998835318
39c5d00730e2abc8064860f118c6f906,elargir,0.1,False,8,False,True,0.100000,4.377,ok,121242368
39c5d00730e2abc8064860f118c6f906,elargir,0.1,True,8,False,True,0.100000,4.835,ok,121242368
39c5d00730e2abc8064860f118c6f906,elargir,0.25,False,8,False,True,0.250000,4.247,ok,4103983709
39c5d00730e2abc8064860f118c6f906,elargir,0.25,True,8,False,True,0.250000,4.630,ok,4103983709
39c5d00730e2abc8064860f118c6f906,elargir,0.5,False,8,False,True,0.500000,4.941,ok,228180543
39c5d00730e2abc8064860f118c6f906,elargir,0.5,True,8,False,True,0.500000,4.988,ok,228180543
39c5d00730e2abc8064860f118c6f906,elargir,1.0,False,8,False,False,,4.302,invariant_viole,670591722
39c5d00730e2abc8064860f118c6f906,elargir,1.0,True,8,False,False,,6.172,infaisable,670591722
39c5d00730e2abc8064860f118c6f906,retrecir,0.1,False,8,False,False,,4.137,invariant_viole,2773404828
39c5d00730e2abc8064860f118c6f906,retrecir,0.1,True,8,False,True,0.100000,4.670,ok,2773404828
39c5d00730e2abc8064860f118c6f906,retrecir,0.25,False,8,False,False,,6.624,invariant_viole,283062524
39c5d00730e2abc8064860f118c6f906,retrecir,0.25,True,8,False,True,0.250000,4.774,ok,283062524
39c5d00730e2abc8064860f118c6f906,retrecir,0.5,False,8,False,False,,5.645,invariant_viole,3801732337
39c5d00730e2abc8064860f118c6f906,retrecir,0.5,True,8,False,True,0.500000,5.311,ok,3801732337
39c5d00730e2abc8064860f118c6f906,retrecir,1.0,False,8,False,False,,4.517,invariant_viole,1806246900
39c5d00730e2abc8064860f118c6f906,retrecir,1.0,True,8,False,True,1.023428,5.674,ok,1806246900
39c5d00730e2abc8064860f118c6f906,aplatir,0.1,False,8,False,False,,4.992,invariant_viole,3047834599
39c5d00730e2abc8064860f118c6f906,aplatir,0.1,True,8,False,True,0.100000,7.154,ok,3047834599
39c5d00730e2abc8064860f118c6f906,aplatir,0.25,False,8,False,False,,4.997,invariant_viole,881144100
39c5d00730e2abc8064860f118c6f906,aplatir,0.25,True,8,False,True,0.250000,4.743,ok,881144100
39c5d00730e2abc8064860f118c6f906,aplatir,0.5,False,8,False,False,,5.905,invariant_viole,1824171030
39c5d00730e2abc8064860f118c6f906,aplatir,0.5,True,8,False,True,0.500000,4.964,ok,1824171030
39c5d00730e2abc8064860f118c6f906,aplatir,1.0,False,8,False,False,,4.234,invariant_viole,4287286027
39c5d00730e2abc8064860f118c6f906,aplatir,1.0,True,8,False,True,1.000000,5.670,ok,4287286027
724fc51cce4720a0af7d541217ede385,deplacer,0.1,False,8,False,True,0.100000,9.183,ok,1519477263
724fc51cce4720a0af7d541217ede385,deplacer,0.1,True,8,False,True,0.100000,7.241,ok,1519477263
724fc51cce4720a0af7d541217ede385,deplacer,0.25,False,8,False,True,0.250000,7.848,ok,244167492
724fc51cce4720a0af7d541217ede385,deplacer,0.25,True,8,False,True,0.250000,7.199,ok,244167492
724fc51cce4720a0af7d541217ede385,deplacer,0.5,False,8,False,True,0.500000,7.707,ok,755340412
724fc51cce4720a0af7d541217ede385,deplacer,0.5,True,8,False,True,0.638801,8.253,ok,755340412
724fc51cce4720a0af7d541217ede385,deplacer,1.0,False,8,False,True,1.000000,6.650,ok,3883882351
724fc51cce4720a0af7d541217ede385,deplacer,1.0,True,8,False,True,1.000000,6.590,ok,3883882351
724fc51cce4720a0af7d541217ede385,elargir,0.1,False,8,False,True,0.100000,6.568,ok,1813348465
724fc51cce4720a0af7d541217ede385,elargir,0.1,True,8,False,True,0.100000,6.619,ok,1813348465
724fc51cce4720a0af7d541217ede385,elargir,0.25,False,8,False,True,0.250000,4.706,ok,2042212440
724fc51cce4720a0af7d541217ede385,elargir,0.25,True,8,False,True,0.250000,6.827,ok,2042212440
724fc51cce4720a0af7d541217ede385,elargir,0.5,False,8,False,True,0.500000,6.436,ok,429866137
724fc51cce4720a0af7d541217ede385,elargir,0.5,True,8,False,True,0.500000,6.769,ok,429866137
724fc51cce4720a0af7d541217ede385,elargir,1.0,False,8,False,False,,4.188,invariant_viole,363758077
724fc51cce4720a0af7d541217ede385,elargir,1.0,True,8,False,False,,6.305,infaisable,363758077
724fc51cce4720a0af7d541217ede385,retrecir,0.1,False,8,False,False,,4.321,invariant_viole,4178855251
724fc51cce4720a0af7d541217ede385,retrecir,0.1,True,8,False,True,0.100000,6.502,ok,4178855251
724fc51cce4720a0af7d541217ede385,retrecir,0.25,False,8,False,False,,7.873,invariant_viole,303033252
724fc51cce4720a0af7d541217ede385,retrecir,0.25,True,8,False,True,0.250000,7.642,ok,303033252
724fc51cce4720a0af7d541217ede385,retrecir,0.5,False,8,False,False,,6.561,invariant_viole,3106023421
724fc51cce4720a0af7d541217ede385,retrecir,0.5,True,8,False,True,0.500000,9.520,ok,3106023421
724fc51cce4720a0af7d541217ede385,retrecir,1.0,False,8,False,True,1.000000,7.248,ok,1094473257
724fc51cce4720a0af7d541217ede385,retrecir,1.0,True,8,False,True,1.000000,6.769,ok,1094473257
724fc51cce4720a0af7d541217ede385,aplatir,0.1,False,8,False,False,,4.364,invariant_viole,2704730886
724fc51cce4720a0af7d541217ede385,aplatir,0.1,True,8,False,True,0.100000,6.843,ok,2704730886
724fc51cce4720a0af7d541217ede385,aplatir,0.25,False,8,False,False,,6.375,invariant_viole,3993803496
724fc51cce4720a0af7d541217ede385,aplatir,0.25,True,8,False,True,0.250000,7.532,ok,3993803496
724fc51cce4720a0af7d541217ede385,aplatir,0.5,False,8,False,False,,5.192,invariant_viole,3058687096
724fc51cce4720a0af7d541217ede385,aplatir,0.5,True,8,False,True,0.500000,7.508,ok,3058687096
724fc51cce4720a0af7d541217ede385,aplatir,1.0,False,8,False,False,,8.652,invariant_viole,3502002002
724fc51cce4720a0af7d541217ede385,aplatir,1.0,True,8,False,True,1.000000,7.809,ok,3502002002
d5eb387de400976f5e05e492359c0762,deplacer,0.1,False,8,False,False,,4.766,invariant_viole,1139294157
d5eb387de400976f5e05e492359c0762,deplacer,0.1,True,8,False,True,0.100000,5.311,ok,1139294157
d5eb387de400976f5e05e492359c0762,deplacer,0.25,False,8,False,True,0.250000,4.325,ok,3826355986
d5eb387de400976f5e05e492359c0762,deplacer,0.25,True,8,False,True,0.250000,4.579,ok,3826355986
d5eb387de400976f5e05e492359c0762,deplacer,0.5,False,8,False,True,0.500000,4.461,ok,3952035485
d5eb387de400976f5e05e492359c0762,deplacer,0.5,True,8,False,True,0.500000,4.864,ok,3952035485
d5eb387de400976f5e05e492359c0762,deplacer,1.0,False,8,False,True,1.000000,4.342,ok,3158917875
d5eb387de400976f5e05e492359c0762,deplacer,1.0,True,8,False,True,1.000000,4.863,ok,3158917875
d5eb387de400976f5e05e492359c0762,elargir,0.1,False,8,False,True,0.100000,4.540,ok,607951743
d5eb387de400976f5e05e492359c0762,elargir,0.1,True,8,False,True,0.100000,4.495,ok,607951743
d5eb387de400976f5e05e492359c0762,elargir,0.25,False,8,False,True,0.250000,4.782,ok,2492008572
d5eb387de400976f5e05e492359c0762,elargir,0.25,True,8,False,True,0.250000,7.315,ok,2492008572
d5eb387de400976f5e05e492359c0762,elargir,0.5,False,8,False,True,0.500000,4.198,ok,23209591
d5eb387de400976f5e05e492359c0762,elargir,0.5,True,8,False,True,0.500000,5.315,ok,23209591
d5eb387de400976f5e05e492359c0762,elargir,1.0,False,8,False,True,1.000000,4.343,ok,2827227492
d5eb387de400976f5e05e492359c0762,elargir,1.0,True,8,False,True,1.000000,4.486,ok,2827227492
d5eb387de400976f5e05e492359c0762,retrecir,0.1,False,8,False,False,,4.410,invariant_viole,2709360695
d5eb387de400976f5e05e492359c0762,retrecir,0.1,True,8,False,True,0.100000,4.757,ok,2709360695
d5eb387de400976f5e05e492359c0762,retrecir,0.25,False,8,False,False,,4.444,invariant_viole,148177341
d5eb387de400976f5e05e492359c0762,retrecir,0.25,True,8,False,True,0.250000,5.804,ok,148177341
d5eb387de400976f5e05e492359c0762,retrecir,0.5,False,8,False,False,,4.554,invariant_viole,1901004353
d5eb387de400976f5e05e492359c0762,retrecir,0.5,True,8,False,True,0.500000,4.512,ok,1901004353
d5eb387de400976f5e05e492359c0762,retrecir,1.0,False,8,False,False,,5.936,invariant_viole,131430624
d5eb387de400976f5e05e492359c0762,retrecir,1.0,True,8,False,True,1.000000,6.980,ok,131430624
d5eb387de400976f5e05e492359c0762,aplatir,0.1,False,8,False,False,,4.351,invariant_viole,3545216702
d5eb387de400976f5e05e492359c0762,aplatir,0.1,True,8,False,True,0.100000,4.674,ok,3545216702
d5eb387de400976f5e05e492359c0762,aplatir,0.25,False,8,False,False,,4.308,invariant_viole,2164072740
d5eb387de400976f5e05e492359c0762,aplatir,0.25,True,8,False,True,0.250000,6.647,ok,2164072740
d5eb387de400976f5e05e492359c0762,aplatir,0.5,False,8,False,False,,4.946,invariant_viole,3616789567
d5eb387de400976f5e05e492359c0762,aplatir,0.5,True,8,False,True,0.500000,5.790,ok,3616789567
d5eb387de400976f5e05e492359c0762,aplatir,1.0,False,8,False,False,,4.365,invariant_viole,151018320
d5eb387de400976f5e05e492359c0762,aplatir,1.0,True,8,False,True,1.000000,4.820,ok,151018320
97174309437342f5eb39e6218ae3ad52,deplacer,0.1,False,9,False,False,,5.518,invariant_viole,2922919717
97174309437342f5eb39e6218ae3ad52,deplacer,0.1,True,9,False,True,0.100000,6.025,ok,2922919717
97174309437342f5eb39e6218ae3ad52,deplacer,0.25,False,9,False,False,,5.084,invariant_viole,2698113373
97174309437342f5eb39e6218ae3ad52,deplacer,0.25,True,9,False,True,0.250000,5.971,ok,2698113373
97174309437342f5eb39e6218ae3ad52,deplacer,0.5,False,9,False,False,,5.223,invariant_viole,490021421
97174309437342f5eb39e6218ae3ad52,deplacer,0.5,True,9,False,True,0.500000,6.789,ok,490021421
97174309437342f5eb39e6218ae3ad52,deplacer,1.0,False,9,False,True,1.000000,4.863,ok,1771479516
97174309437342f5eb39e6218ae3ad52,deplacer,1.0,True,9,False,True,1.000000,8.342,ok,1771479516
97174309437342f5eb39e6218ae3ad52,elargir,0.1,False,9,False,True,0.100000,5.656,ok,3245159996
97174309437342f5eb39e6218ae3ad52,elargir,0.1,True,9,False,True,0.100000,7.585,ok,3245159996
97174309437342f5eb39e6218ae3ad52,elargir,0.25,False,9,False,True,0.250000,5.076,ok,2886183037
97174309437342f5eb39e6218ae3ad52,elargir,0.25,True,9,False,True,0.250000,5.986,ok,2886183037
97174309437342f5eb39e6218ae3ad52,elargir,0.5,False,9,False,True,0.500000,4.984,ok,551581862
97174309437342f5eb39e6218ae3ad52,elargir,0.5,True,9,False,True,0.500000,6.072,ok,551581862
97174309437342f5eb39e6218ae3ad52,elargir,1.0,False,9,False,True,1.000000,5.209,ok,2862750463
97174309437342f5eb39e6218ae3ad52,elargir,1.0,True,9,False,True,1.000000,5.771,ok,2862750463
97174309437342f5eb39e6218ae3ad52,retrecir,0.1,False,9,False,False,,5.427,invariant_viole,596475529
97174309437342f5eb39e6218ae3ad52,retrecir,0.1,True,9,False,True,0.100000,5.648,ok,596475529
97174309437342f5eb39e6218ae3ad52,retrecir,0.25,False,9,False,False,,4.840,invariant_viole,2202989796
97174309437342f5eb39e6218ae3ad52,retrecir,0.25,True,9,False,True,0.250000,7.464,ok,2202989796
97174309437342f5eb39e6218ae3ad52,retrecir,0.5,False,9,False,False,,5.777,invariant_viole,1291211484
97174309437342f5eb39e6218ae3ad52,retrecir,0.5,True,9,False,True,0.500000,7.049,ok,1291211484
97174309437342f5eb39e6218ae3ad52,retrecir,1.0,False,9,False,False,,5.337,invariant_viole,2931371553
97174309437342f5eb39e6218ae3ad52,retrecir,1.0,True,9,False,True,1.000000,6.458,ok,2931371553
97174309437342f5eb39e6218ae3ad52,aplatir,0.1,False,9,False,False,,5.000,invariant_viole,2373925686
97174309437342f5eb39e6218ae3ad52,aplatir,0.1,True,9,False,True,0.100000,5.381,ok,2373925686
97174309437342f5eb39e6218ae3ad52,aplatir,0.25,False,9,False,True,0.250000,5.005,ok,2076214794
97174309437342f5eb39e6218ae3ad52,aplatir,0.25,True,9,False,True,0.250000,5.407,ok,2076214794
97174309437342f5eb39e6218ae3ad52,aplatir,0.5,False,9,False,False,,5.337,invariant_viole,890682395
97174309437342f5eb39e6218ae3ad52,aplatir,0.5,True,9,False,True,0.500000,5.617,ok,890682395
97174309437342f5eb39e6218ae3ad52,aplatir,1.0,False,9,False,False,,4.776,invariant_viole,1400925950
97174309437342f5eb39e6218ae3ad52,aplatir,1.0,True,9,False,True,1.000000,6.452,ok,1400925950
b9c1221afb7d5d3faee2955ced1ce8da,deplacer,0.1,False,9,False,True,0.100000,7.883,ok,4115579194
b9c1221afb7d5d3faee2955ced1ce8da,deplacer,0.1,True,9,False,True,0.100000,7.115,ok,4115579194
b9c1221afb7d5d3faee2955ced1ce8da,deplacer,0.25,False,9,False,False,,6.591,invariant_viole,3400742405
b9c1221afb7d5d3faee2955ced1ce8da,deplacer,0.25,True,9,False,True,0.250000,7.224,ok,3400742405
b9c1221afb7d5d3faee2955ced1ce8da,deplacer,0.5,False,9,False,False,,7.697,invariant_viole,3343510639
b9c1221afb7d5d3faee2955ced1ce8da,deplacer,0.5,True,9,False,True,0.500000,8.464,ok,3343510639
b9c1221afb7d5d3faee2955ced1ce8da,deplacer,1.0,False,9,False,False,,4.903,invariant_viole,106532589
b9c1221afb7d5d3faee2955ced1ce8da,deplacer,1.0,True,9,False,True,1.000000,7.491,ok,106532589
b9c1221afb7d5d3faee2955ced1ce8da,elargir,0.1,False,9,False,False,,6.232,invariant_viole,3418720132
b9c1221afb7d5d3faee2955ced1ce8da,elargir,0.1,True,9,False,True,0.100000,7.834,ok,3418720132
b9c1221afb7d5d3faee2955ced1ce8da,elargir,0.25,False,9,False,True,0.250000,8.077,ok,4151875709
b9c1221afb7d5d3faee2955ced1ce8da,elargir,0.25,True,9,False,True,0.250000,8.221,ok,4151875709
b9c1221afb7d5d3faee2955ced1ce8da,elargir,0.5,False,9,False,True,0.500000,7.108,ok,2388248265
b9c1221afb7d5d3faee2955ced1ce8da,elargir,0.5,True,9,False,True,0.500000,7.628,ok,2388248265
b9c1221afb7d5d3faee2955ced1ce8da,elargir,1.0,False,9,False,True,1.000000,7.151,ok,559146115
b9c1221afb7d5d3faee2955ced1ce8da,elargir,1.0,True,9,False,True,1.000000,8.252,ok,559146115
b9c1221afb7d5d3faee2955ced1ce8da,retrecir,0.1,False,9,False,False,,5.500,invariant_viole,3208761789
b9c1221afb7d5d3faee2955ced1ce8da,retrecir,0.1,True,9,False,True,0.100000,9.528,ok,3208761789
b9c1221afb7d5d3faee2955ced1ce8da,retrecir,0.25,False,9,False,False,,5.259,invariant_viole,1950118996
b9c1221afb7d5d3faee2955ced1ce8da,retrecir,0.25,True,9,False,True,0.250000,8.467,ok,1950118996
b9c1221afb7d5d3faee2955ced1ce8da,retrecir,0.5,False,9,False,False,,6.339,invariant_viole,1879937965
b9c1221afb7d5d3faee2955ced1ce8da,retrecir,0.5,True,9,False,True,0.515652,7.991,ok,1879937965
b9c1221afb7d5d3faee2955ced1ce8da,retrecir,1.0,False,9,False,False,,5.011,invariant_viole,3580054371
b9c1221afb7d5d3faee2955ced1ce8da,retrecir,1.0,True,9,False,True,1.000000,7.243,ok,3580054371
b9c1221afb7d5d3faee2955ced1ce8da,aplatir,0.1,False,9,False,False,,5.117,invariant_viole,3885867569
b9c1221afb7d5d3faee2955ced1ce8da,aplatir,0.1,True,9,False,True,0.100000,10.179,ok,3885867569
b9c1221afb7d5d3faee2955ced1ce8da,aplatir,0.25,False,9,False,False,,6.868,invariant_viole,477335805
b9c1221afb7d5d3faee2955ced1ce8da,aplatir,0.25,True,9,False,True,0.250000,7.578,ok,477335805
b9c1221afb7d5d3faee2955ced1ce8da,aplatir,0.5,False,9,False,False,,5.421,invariant_viole,112646381
b9c1221afb7d5d3faee2955ced1ce8da,aplatir,0.5,True,9,False,True,0.500000,7.401,ok,112646381
b9c1221afb7d5d3faee2955ced1ce8da,aplatir,1.0,False,9,False,False,,5.121,invariant_viole,3266811771
b9c1221afb7d5d3faee2955ced1ce8da,aplatir,1.0,True,9,False,True,1.000000,8.629,ok,3266811771
26acf5653f07b89703e24b50881dc26c,deplacer,0.1,False,9,False,True,0.100000,5.220,ok,780425188
26acf5653f07b89703e24b50881dc26c,deplacer,0.1,True,9,False,True,0.100000,5.657,ok,780425188
26acf5653f07b89703e24b50881dc26c,deplacer,0.25,False,9,False,True,0.250000,4.953,ok,459544431
26acf5653f07b89703e24b50881dc26c,deplacer,0.25,True,9,False,True,0.250000,6.459,ok,459544431
26acf5653f07b89703e24b50881dc26c,deplacer,0.5,False,9,False,True,0.500000,5.109,ok,4268744020
26acf5653f07b89703e24b50881dc26c,deplacer,0.5,True,9,False,True,0.500000,5.308,ok,4268744020
26acf5653f07b89703e24b50881dc26c,deplacer,1.0,False,9,False,True,1.000000,5.297,ok,1107594458
26acf5653f07b89703e24b50881dc26c,deplacer,1.0,True,9,False,True,1.000000,5.348,ok,1107594458
26acf5653f07b89703e24b50881dc26c,elargir,0.1,False,9,False,True,0.100000,4.849,ok,3527801699
26acf5653f07b89703e24b50881dc26c,elargir,0.1,True,9,False,True,0.100000,7.379,ok,3527801699
26acf5653f07b89703e24b50881dc26c,elargir,0.25,False,9,False,False,,5.588,invariant_viole,359356822
26acf5653f07b89703e24b50881dc26c,elargir,0.25,True,9,False,True,1.818558,5.755,ok,359356822
26acf5653f07b89703e24b50881dc26c,elargir,0.5,False,9,False,True,0.500000,5.288,ok,1984906092
26acf5653f07b89703e24b50881dc26c,elargir,0.5,True,9,False,True,0.500000,5.352,ok,1984906092
26acf5653f07b89703e24b50881dc26c,elargir,1.0,False,9,False,True,1.000000,5.752,ok,1474113842
26acf5653f07b89703e24b50881dc26c,elargir,1.0,True,9,False,True,1.110688,5.717,ok,1474113842
26acf5653f07b89703e24b50881dc26c,retrecir,0.1,False,9,False,False,,5.921,invariant_viole,2647155412
26acf5653f07b89703e24b50881dc26c,retrecir,0.1,True,9,False,True,0.100000,5.669,ok,2647155412
26acf5653f07b89703e24b50881dc26c,retrecir,0.25,False,9,False,False,,5.350,invariant_viole,4053790963
26acf5653f07b89703e24b50881dc26c,retrecir,0.25,True,9,False,True,0.250000,5.223,ok,4053790963
26acf5653f07b89703e24b50881dc26c,retrecir,0.5,False,9,False,False,,5.166,invariant_viole,3929457054
26acf5653f07b89703e24b50881dc26c,retrecir,0.5,True,9,False,True,0.502925,5.480,ok,3929457054
26acf5653f07b89703e24b50881dc26c,retrecir,1.0,False,9,False,False,,5.670,invariant_viole,1525822856
26acf5653f07b89703e24b50881dc26c,retrecir,1.0,True,9,False,True,1.000000,6.316,ok,1525822856
26acf5653f07b89703e24b50881dc26c,aplatir,0.1,False,9,False,False,,4.959,invariant_viole,2912305985
26acf5653f07b89703e24b50881dc26c,aplatir,0.1,True,9,False,True,0.100000,5.411,ok,2912305985
26acf5653f07b89703e24b50881dc26c,aplatir,0.25,False,9,False,False,,4.842,invariant_viole,1866190769
26acf5653f07b89703e24b50881dc26c,aplatir,0.25,True,9,False,True,0.250000,5.238,ok,1866190769
26acf5653f07b89703e24b50881dc26c,aplatir,0.5,False,9,False,False,,6.065,invariant_viole,929577698
26acf5653f07b89703e24b50881dc26c,aplatir,0.5,True,9,False,True,0.500000,6.608,ok,929577698
26acf5653f07b89703e24b50881dc26c,aplatir,1.0,False,9,False,False,,5.783,invariant_viole,3372783984
26acf5653f07b89703e24b50881dc26c,aplatir,1.0,True,9,False,True,1.000000,5.645,ok,3372783984
880b50f526200e45b8c3d10b6b48a970,deplacer,0.1,False,9,False,True,0.100000,5.340,ok,15365808
880b50f526200e45b8c3d10b6b48a970,deplacer,0.1,True,9,False,True,0.100000,5.396,ok,15365808
880b50f526200e45b8c3d10b6b48a970,deplacer,0.25,False,9,False,True,0.250000,6.126,ok,1600481087
880b50f526200e45b8c3d10b6b48a970,deplacer,0.25,True,9,False,True,0.250000,5.475,ok,1600481087
880b50f526200e45b8c3d10b6b48a970,deplacer,0.5,False,9,False,False,,5.376,invariant_viole,3466379851
880b50f526200e45b8c3d10b6b48a970,deplacer,0.5,True,9,False,True,2.828125,5.833,ok,3466379851
880b50f526200e45b8c3d10b6b48a970,deplacer,1.0,False,9,False,False,,5.858,invariant_viole,3470320782
880b50f526200e45b8c3d10b6b48a970,deplacer,1.0,True,9,False,True,2.828125,8.271,ok,3470320782
880b50f526200e45b8c3d10b6b48a970,elargir,0.1,False,9,False,True,0.100000,5.106,ok,327318908
880b50f526200e45b8c3d10b6b48a970,elargir,0.1,True,9,False,True,0.100000,6.647,ok,327318908
880b50f526200e45b8c3d10b6b48a970,elargir,0.25,False,9,False,True,0.250000,6.041,ok,2986541972
880b50f526200e45b8c3d10b6b48a970,elargir,0.25,True,9,False,True,0.250000,7.197,ok,2986541972
880b50f526200e45b8c3d10b6b48a970,elargir,0.5,False,9,False,True,0.500000,7.486,ok,2832282179
880b50f526200e45b8c3d10b6b48a970,elargir,0.5,True,9,False,True,0.500000,5.703,ok,2832282179
880b50f526200e45b8c3d10b6b48a970,elargir,1.0,False,9,False,True,1.000000,4.959,ok,3279472474
880b50f526200e45b8c3d10b6b48a970,elargir,1.0,True,9,False,True,1.000000,5.606,ok,3279472474
880b50f526200e45b8c3d10b6b48a970,retrecir,0.1,False,9,False,False,,5.510,invariant_viole,1297214279
880b50f526200e45b8c3d10b6b48a970,retrecir,0.1,True,9,False,True,0.100000,6.758,ok,1297214279
880b50f526200e45b8c3d10b6b48a970,retrecir,0.25,False,9,False,False,,5.078,invariant_viole,233008421
880b50f526200e45b8c3d10b6b48a970,retrecir,0.25,True,9,False,True,0.250000,5.302,ok,233008421
880b50f526200e45b8c3d10b6b48a970,retrecir,0.5,False,9,False,False,,6.438,invariant_viole,1218796885
880b50f526200e45b8c3d10b6b48a970,retrecir,0.5,True,9,False,True,0.500000,5.484,ok,1218796885
880b50f526200e45b8c3d10b6b48a970,retrecir,1.0,False,9,False,False,,4.812,invariant_viole,2708015437
880b50f526200e45b8c3d10b6b48a970,retrecir,1.0,True,9,False,True,0.755270,5.899,ok,2708015437
880b50f526200e45b8c3d10b6b48a970,aplatir,0.1,False,9,False,False,,4.841,invariant_viole,499141131
880b50f526200e45b8c3d10b6b48a970,aplatir,0.1,True,9,False,True,0.100000,7.396,ok,499141131
880b50f526200e45b8c3d10b6b48a970,aplatir,0.25,False,9,False,False,,5.164,invariant_viole,3962909228
880b50f526200e45b8c3d10b6b48a970,aplatir,0.25,True,9,False,True,0.250000,5.637,ok,3962909228
880b50f526200e45b8c3d10b6b48a970,aplatir,0.5,False,9,False,False,,5.091,invariant_viole,3983360310
880b50f526200e45b8c3d10b6b48a970,aplatir,0.5,True,9,False,True,0.500000,5.350,ok,3983360310
880b50f526200e45b8c3d10b6b48a970,aplatir,1.0,False,9,False,False,,6.785,invariant_viole,3223732266
880b50f526200e45b8c3d10b6b48a970,aplatir,1.0,True,9,False,True,1.000000,5.650,ok,3223732266
27705500608109f720dd0ca3f5ee6755,deplacer,0.1,False,9,False,False,,5.203,invariant_viole,1498228740
27705500608109f720dd0ca3f5ee6755,deplacer,0.1,True,9,False,True,0.100000,6.373,ok,1498228740
27705500608109f720dd0ca3f5ee6755,deplacer,0.25,False,9,False,True,0.250000,5.358,ok,3739793830
27705500608109f720dd0ca3f5ee6755,deplacer,0.25,True,9,False,True,0.250000,6.057,ok,3739793830
27705500608109f720dd0ca3f5ee6755,deplacer,0.5,False,9,False,True,0.500000,4.989,ok,2386636530
27705500608109f720dd0ca3f5ee6755,deplacer,0.5,True,9,False,True,0.500000,5.399,ok,2386636530
27705500608109f720dd0ca3f5ee6755,deplacer,1.0,False,9,False,False,,5.387,invariant_viole,3614894177
27705500608109f720dd0ca3f5ee6755,deplacer,1.0,True,9,False,False,,7.675,infaisable,3614894177
27705500608109f720dd0ca3f5ee6755,elargir,0.1,False,9,False,True,0.100000,5.262,ok,872314615
27705500608109f720dd0ca3f5ee6755,elargir,0.1,True,9,False,True,0.100000,5.320,ok,872314615
27705500608109f720dd0ca3f5ee6755,elargir,0.25,False,9,False,True,0.250000,5.591,ok,3223961042
27705500608109f720dd0ca3f5ee6755,elargir,0.25,True,9,False,True,0.250000,5.951,ok,3223961042
27705500608109f720dd0ca3f5ee6755,elargir,0.5,False,9,False,True,0.500000,5.106,ok,1707218621
27705500608109f720dd0ca3f5ee6755,elargir,0.5,True,9,False,True,0.500000,6.545,ok,1707218621
27705500608109f720dd0ca3f5ee6755,elargir,1.0,False,9,False,True,1.000000,5.029,ok,3636418403
27705500608109f720dd0ca3f5ee6755,elargir,1.0,True,9,False,True,1.000000,5.701,ok,3636418403
27705500608109f720dd0ca3f5ee6755,retrecir,0.1,False,9,False,True,0.100000,4.915,ok,514398711
27705500608109f720dd0ca3f5ee6755,retrecir,0.1,True,9,False,True,0.100000,5.397,ok,514398711
27705500608109f720dd0ca3f5ee6755,retrecir,0.25,False,9,False,False,,6.509,invariant_viole,3964798842
27705500608109f720dd0ca3f5ee6755,retrecir,0.25,True,9,False,True,0.250000,5.613,ok,3964798842
27705500608109f720dd0ca3f5ee6755,retrecir,0.5,False,9,False,False,,7.416,invariant_viole,860813171
27705500608109f720dd0ca3f5ee6755,retrecir,0.5,True,9,False,True,0.500000,5.591,ok,860813171
27705500608109f720dd0ca3f5ee6755,retrecir,1.0,False,9,False,False,,7.225,invariant_viole,3772345232
27705500608109f720dd0ca3f5ee6755,retrecir,1.0,True,9,False,True,0.778042,6.732,ok,3772345232
27705500608109f720dd0ca3f5ee6755,aplatir,0.1,False,9,False,False,,5.358,invariant_viole,1415482175
27705500608109f720dd0ca3f5ee6755,aplatir,0.1,True,9,False,True,0.100000,5.679,ok,1415482175
27705500608109f720dd0ca3f5ee6755,aplatir,0.25,False,9,False,False,,5.093,invariant_viole,1723406296
27705500608109f720dd0ca3f5ee6755,aplatir,0.25,True,9,False,True,0.250000,6.055,ok,1723406296
27705500608109f720dd0ca3f5ee6755,aplatir,0.5,False,9,False,False,,5.350,invariant_viole,2677405629
27705500608109f720dd0ca3f5ee6755,aplatir,0.5,True,9,False,True,0.500000,6.430,ok,2677405629
27705500608109f720dd0ca3f5ee6755,aplatir,1.0,False,9,False,False,,4.965,invariant_viole,3428210598
27705500608109f720dd0ca3f5ee6755,aplatir,1.0,True,9,False,True,1.000000,5.461,ok,3428210598
1e202f077d40a7591cf6cafa5b83da66,deplacer,0.1,False,9,False,True,0.100000,5.513,ok,2675878939
1e202f077d40a7591cf6cafa5b83da66,deplacer,0.1,True,9,False,True,0.100000,11.558,ok,2675878939
1e202f077d40a7591cf6cafa5b83da66,deplacer,0.25,False,9,False,True,0.250000,7.465,ok,476101496
1e202f077d40a7591cf6cafa5b83da66,deplacer,0.25,True,9,False,True,0.250000,6.195,ok,476101496
1e202f077d40a7591cf6cafa5b83da66,deplacer,0.5,False,9,False,True,0.500000,5.225,ok,994115973
1e202f077d40a7591cf6cafa5b83da66,deplacer,0.5,True,9,False,True,0.500000,5.427,ok,994115973
1e202f077d40a7591cf6cafa5b83da66,deplacer,1.0,False,9,False,False,,5.390,invariant_viole,58736536
1e202f077d40a7591cf6cafa5b83da66,deplacer,1.0,True,9,False,True,1.000000,5.577,ok,58736536
1e202f077d40a7591cf6cafa5b83da66,elargir,0.1,False,9,False,False,,5.035,invariant_viole,2958670286
1e202f077d40a7591cf6cafa5b83da66,elargir,0.1,True,9,False,True,0.100000,5.270,ok,2958670286
1e202f077d40a7591cf6cafa5b83da66,elargir,0.25,False,9,False,False,,4.850,invariant_viole,2445914850
1e202f077d40a7591cf6cafa5b83da66,elargir,0.25,True,9,False,True,0.250000,6.250,ok,2445914850
1e202f077d40a7591cf6cafa5b83da66,elargir,0.5,False,9,False,True,0.500000,5.109,ok,2865594068
1e202f077d40a7591cf6cafa5b83da66,elargir,0.5,True,9,False,True,0.500000,5.668,ok,2865594068
1e202f077d40a7591cf6cafa5b83da66,elargir,1.0,False,9,False,True,1.000000,6.116,ok,2574134028
1e202f077d40a7591cf6cafa5b83da66,elargir,1.0,True,9,False,True,0.516364,6.656,ok,2574134028
1e202f077d40a7591cf6cafa5b83da66,retrecir,0.1,False,9,False,False,,4.860,invariant_viole,2839259928
1e202f077d40a7591cf6cafa5b83da66,retrecir,0.1,True,9,False,True,0.100000,5.166,ok,2839259928
1e202f077d40a7591cf6cafa5b83da66,retrecir,0.25,False,9,False,False,,5.148,invariant_viole,327061693
1e202f077d40a7591cf6cafa5b83da66,retrecir,0.25,True,9,False,True,0.250000,5.372,ok,327061693
1e202f077d40a7591cf6cafa5b83da66,retrecir,0.5,False,9,False,True,0.137085,4.795,ok,1395834917
1e202f077d40a7591cf6cafa5b83da66,retrecir,0.5,True,9,False,True,0.137085,6.123,ok,1395834917
1e202f077d40a7591cf6cafa5b83da66,retrecir,1.0,False,9,False,False,,5.088,invariant_viole,3655679276
1e202f077d40a7591cf6cafa5b83da66,retrecir,1.0,True,9,False,True,1.000000,6.603,ok,3655679276
1e202f077d40a7591cf6cafa5b83da66,aplatir,0.1,False,9,False,False,,5.149,invariant_viole,39031551
1e202f077d40a7591cf6cafa5b83da66,aplatir,0.1,True,9,False,True,0.100000,5.391,ok,39031551
1e202f077d40a7591cf6cafa5b83da66,aplatir,0.25,False,9,False,False,,4.749,invariant_viole,1035381652
1e202f077d40a7591cf6cafa5b83da66,aplatir,0.25,True,9,False,True,0.250000,5.191,ok,1035381652
1e202f077d40a7591cf6cafa5b83da66,aplatir,0.5,False,9,False,False,,4.954,invariant_viole,2474633406
1e202f077d40a7591cf6cafa5b83da66,aplatir,0.5,True,9,False,True,0.500000,5.279,ok,2474633406
1e202f077d40a7591cf6cafa5b83da66,aplatir,1.0,False,9,False,False,,4.734,invariant_viole,868589855
1e202f077d40a7591cf6cafa5b83da66,aplatir,1.0,True,9,False,True,0.772166,5.327,ok,868589855
97f1c9dfe40c6c52fa80aca34ac4ab86,deplacer,0.1,False,11,False,True,0.100000,6.538,ok,512508547
97f1c9dfe40c6c52fa80aca34ac4ab86,deplacer,0.1,True,11,False,True,0.100000,6.580,ok,512508547
97f1c9dfe40c6c52fa80aca34ac4ab86,deplacer,0.25,False,11,False,False,,5.950,invariant_viole,1258730237
97f1c9dfe40c6c52fa80aca34ac4ab86,deplacer,0.25,True,11,False,True,0.250000,6.706,ok,1258730237
97f1c9dfe40c6c52fa80aca34ac4ab86,deplacer,0.5,False,11,False,False,,7.978,invariant_viole,3653150414
97f1c9dfe40c6c52fa80aca34ac4ab86,deplacer,0.5,True,11,False,True,0.500000,6.972,ok,3653150414
97f1c9dfe40c6c52fa80aca34ac4ab86,deplacer,1.0,False,11,False,False,,6.085,invariant_viole,1787493690
97f1c9dfe40c6c52fa80aca34ac4ab86,deplacer,1.0,True,11,False,True,1.000000,7.450,ok,1787493690
97f1c9dfe40c6c52fa80aca34ac4ab86,elargir,0.1,False,11,False,False,,6.574,invariant_viole,235455709
97f1c9dfe40c6c52fa80aca34ac4ab86,elargir,0.1,True,11,False,True,0.542039,7.235,ok,235455709
97f1c9dfe40c6c52fa80aca34ac4ab86,elargir,0.25,False,11,False,True,0.250000,5.988,ok,2582151439
97f1c9dfe40c6c52fa80aca34ac4ab86,elargir,0.25,True,11,False,True,0.250000,7.861,ok,2582151439
97f1c9dfe40c6c52fa80aca34ac4ab86,elargir,0.5,False,11,False,True,0.500000,8.825,ok,1604087116
97f1c9dfe40c6c52fa80aca34ac4ab86,elargir,0.5,True,11,False,True,0.500000,7.458,ok,1604087116
97f1c9dfe40c6c52fa80aca34ac4ab86,elargir,1.0,False,11,False,True,1.000000,6.409,ok,1721617940
97f1c9dfe40c6c52fa80aca34ac4ab86,elargir,1.0,True,11,False,True,1.542039,7.876,ok,1721617940
97f1c9dfe40c6c52fa80aca34ac4ab86,retrecir,0.1,False,11,False,True,0.100000,6.012,ok,2816738085
97f1c9dfe40c6c52fa80aca34ac4ab86,retrecir,0.1,True,11,False,True,0.100000,7.314,ok,2816738085
97f1c9dfe40c6c52fa80aca34ac4ab86,retrecir,0.25,False,11,False,True,0.250000,6.119,ok,377798282
97f1c9dfe40c6c52fa80aca34ac4ab86,retrecir,0.25,True,11,False,True,0.250000,8.470,ok,377798282
97f1c9dfe40c6c52fa80aca34ac4ab86,retrecir,0.5,False,11,False,False,,7.181,invariant_viole,3077024986
97f1c9dfe40c6c52fa80aca34ac4ab86,retrecir,0.5,True,11,False,True,0.500000,7.538,ok,3077024986
97f1c9dfe40c6c52fa80aca34ac4ab86,retrecir,1.0,False,11,False,False,,5.952,invariant_viole,627032496
97f1c9dfe40c6c52fa80aca34ac4ab86,retrecir,1.0,True,11,False,True,0.542039,7.384,ok,627032496
97f1c9dfe40c6c52fa80aca34ac4ab86,aplatir,0.1,False,11,False,False,,6.139,invariant_viole,2573185776
97f1c9dfe40c6c52fa80aca34ac4ab86,aplatir,0.1,True,11,False,True,0.100000,7.152,ok,2573185776
97f1c9dfe40c6c52fa80aca34ac4ab86,aplatir,0.25,False,11,False,False,,6.559,invariant_viole,1361891303
97f1c9dfe40c6c52fa80aca34ac4ab86,aplatir,0.25,True,11,False,True,0.250000,7.548,ok,1361891303
97f1c9dfe40c6c52fa80aca34ac4ab86,aplatir,0.5,False,11,False,False,,6.360,invariant_viole,130051051
97f1c9dfe40c6c52fa80aca34ac4ab86,aplatir,0.5,True,11,False,True,0.500000,9.622,ok,130051051
97f1c9dfe40c6c52fa80aca34ac4ab86,aplatir,1.0,False,11,False,False,,7.462,invariant_viole,1288426727
97f1c9dfe40c6c52fa80aca34ac4ab86,aplatir,1.0,True,11,False,True,1.000000,7.289,ok,1288426727
586ce26a8fd7b5b61a2d70667f4a3bf8,deplacer,0.1,False,9,False,True,0.100000,4.954,ok,2743508149
586ce26a8fd7b5b61a2d70667f4a3bf8,deplacer,0.1,True,9,False,True,0.100000,6.336,ok,2743508149
586ce26a8fd7b5b61a2d70667f4a3bf8,deplacer,0.25,False,9,False,True,0.250000,6.118,ok,779265823
586ce26a8fd7b5b61a2d70667f4a3bf8,deplacer,0.25,True,9,False,True,0.250000,6.423,ok,779265823
586ce26a8fd7b5b61a2d70667f4a3bf8,deplacer,0.5,False,9,False,False,,6.393,invariant_viole,1245147350
586ce26a8fd7b5b61a2d70667f4a3bf8,deplacer,0.5,True,9,False,True,0.500000,7.757,ok,1245147350
586ce26a8fd7b5b61a2d70667f4a3bf8,deplacer,1.0,False,9,False,True,1.000000,6.147,ok,3080037597
586ce26a8fd7b5b61a2d70667f4a3bf8,deplacer,1.0,True,9,False,True,1.524707,7.653,ok,3080037597
586ce26a8fd7b5b61a2d70667f4a3bf8,elargir,0.1,False,9,False,True,0.100000,6.054,ok,3223445675
586ce26a8fd7b5b61a2d70667f4a3bf8,elargir,0.1,True,9,False,True,0.100000,5.858,ok,3223445675
586ce26a8fd7b5b61a2d70667f4a3bf8,elargir,0.25,False,9,False,True,0.250000,5.967,ok,3965187603
586ce26a8fd7b5b61a2d70667f4a3bf8,elargir,0.25,True,9,False,True,0.250000,5.528,ok,3965187603
586ce26a8fd7b5b61a2d70667f4a3bf8,elargir,0.5,False,9,False,True,0.500000,5.833,ok,1841202151
586ce26a8fd7b5b61a2d70667f4a3bf8,elargir,0.5,True,9,False,True,0.500000,5.744,ok,1841202151
586ce26a8fd7b5b61a2d70667f4a3bf8,elargir,1.0,False,9,False,True,1.000000,5.680,ok,3432738395
586ce26a8fd7b5b61a2d70667f4a3bf8,elargir,1.0,True,9,False,True,1.000000,5.859,ok,3432738395
586ce26a8fd7b5b61a2d70667f4a3bf8,retrecir,0.1,False,9,False,False,,6.417,invariant_viole,2826092645
586ce26a8fd7b5b61a2d70667f4a3bf8,retrecir,0.1,True,9,False,True,0.100000,7.490,ok,2826092645
586ce26a8fd7b5b61a2d70667f4a3bf8,retrecir,0.25,False,9,False,True,0.250000,6.076,ok,4125193909
586ce26a8fd7b5b61a2d70667f4a3bf8,retrecir,0.25,True,9,False,True,0.250000,6.206,ok,4125193909
586ce26a8fd7b5b61a2d70667f4a3bf8,retrecir,0.5,False,9,False,False,,5.041,invariant_viole,1322410034
586ce26a8fd7b5b61a2d70667f4a3bf8,retrecir,0.5,True,9,False,True,0.500000,8.638,ok,1322410034
586ce26a8fd7b5b61a2d70667f4a3bf8,retrecir,1.0,False,9,False,False,,5.373,invariant_viole,4090271702
586ce26a8fd7b5b61a2d70667f4a3bf8,retrecir,1.0,True,9,False,True,1.000000,7.272,ok,4090271702
586ce26a8fd7b5b61a2d70667f4a3bf8,aplatir,0.1,False,9,False,False,,4.799,invariant_viole,706572978
586ce26a8fd7b5b61a2d70667f4a3bf8,aplatir,0.1,True,9,False,True,0.100000,7.297,ok,706572978
586ce26a8fd7b5b61a2d70667f4a3bf8,aplatir,0.25,False,9,False,False,,4.703,invariant_viole,895775484
586ce26a8fd7b5b61a2d70667f4a3bf8,aplatir,0.25,True,9,False,True,0.250000,5.828,ok,895775484
586ce26a8fd7b5b61a2d70667f4a3bf8,aplatir,0.5,False,9,False,False,,4.706,invariant_viole,2860139791
586ce26a8fd7b5b61a2d70667f4a3bf8,aplatir,0.5,True,9,False,True,0.500000,5.355,ok,2860139791
586ce26a8fd7b5b61a2d70667f4a3bf8,aplatir,1.0,False,9,False,False,,7.009,invariant_viole,3915499190
586ce26a8fd7b5b61a2d70667f4a3bf8,aplatir,1.0,True,9,False,True,1.143397,5.598,ok,3915499190
fb425891ddf88066f7793ce54db65421,deplacer,0.1,False,11,False,False,,8.677,invariant_viole,1064345121
fb425891ddf88066f7793ce54db65421,deplacer,0.1,True,11,False,True,0.100000,8.180,ok,1064345121
fb425891ddf88066f7793ce54db65421,deplacer,0.25,False,11,False,True,0.250000,6.510,ok,2228730514
fb425891ddf88066f7793ce54db65421,deplacer,0.25,True,11,False,True,0.250000,6.430,ok,2228730514
fb425891ddf88066f7793ce54db65421,deplacer,0.5,False,11,False,False,,6.230,invariant_viole,2609032348
fb425891ddf88066f7793ce54db65421,deplacer,0.5,True,11,False,False,,6.576,invariant_viole,2609032348
fb425891ddf88066f7793ce54db65421,deplacer,1.0,False,11,False,False,,6.050,invariant_viole,936120380
fb425891ddf88066f7793ce54db65421,deplacer,1.0,True,11,False,True,2.812968,7.243,ok,936120380
fb425891ddf88066f7793ce54db65421,elargir,0.1,False,11,False,True,0.100000,8.067,ok,4192327758
fb425891ddf88066f7793ce54db65421,elargir,0.1,True,11,False,True,0.100000,6.383,ok,4192327758
fb425891ddf88066f7793ce54db65421,elargir,0.25,False,11,False,True,0.250000,6.396,ok,3057180671
fb425891ddf88066f7793ce54db65421,elargir,0.25,True,11,False,True,0.250000,6.354,ok,3057180671
fb425891ddf88066f7793ce54db65421,elargir,0.5,False,11,False,False,,6.450,invariant_viole,3674464194
fb425891ddf88066f7793ce54db65421,elargir,0.5,True,11,False,True,1.030564,6.507,ok,3674464194
fb425891ddf88066f7793ce54db65421,elargir,1.0,False,11,False,False,,6.305,invariant_viole,4049154090
fb425891ddf88066f7793ce54db65421,elargir,1.0,True,11,False,False,,8.142,infaisable,4049154090
fb425891ddf88066f7793ce54db65421,retrecir,0.1,False,11,False,False,,7.060,invariant_viole,613996925
fb425891ddf88066f7793ce54db65421,retrecir,0.1,True,11,False,True,0.100000,9.031,ok,613996925
fb425891ddf88066f7793ce54db65421,retrecir,0.25,False,11,False,True,0.250000,7.487,ok,2832167073
fb425891ddf88066f7793ce54db65421,retrecir,0.25,True,11,False,True,0.250000,6.389,ok,2832167073
fb425891ddf88066f7793ce54db65421,retrecir,0.5,False,11,False,False,,7.021,invariant_viole,2144024603
fb425891ddf88066f7793ce54db65421,retrecir,0.5,True,11,False,True,0.500000,6.731,ok,2144024603
fb425891ddf88066f7793ce54db65421,retrecir,1.0,False,11,False,False,,6.176,invariant_viole,2739046646
fb425891ddf88066f7793ce54db65421,retrecir,1.0,True,11,False,True,1.000000,6.561,ok,2739046646
fb425891ddf88066f7793ce54db65421,aplatir,0.1,False,11,False,False,,7.355,invariant_viole,1373757996
fb425891ddf88066f7793ce54db65421,aplatir,0.1,True,11,False,True,0.100000,6.321,ok,1373757996
fb425891ddf88066f7793ce54db65421,aplatir,0.25,False,11,False,False,,6.137,invariant_viole,1257640495
fb425891ddf88066f7793ce54db65421,aplatir,0.25,True,11,False,True,0.250000,6.520,ok,1257640495
fb425891ddf88066f7793ce54db65421,aplatir,0.5,False,11,False,False,,8.356,invariant_viole,2691617581
fb425891ddf88066f7793ce54db65421,aplatir,0.5,True,11,False,True,0.500000,6.803,ok,2691617581
fb425891ddf88066f7793ce54db65421,aplatir,1.0,False,11,False,False,,6.796,invariant_viole,1447521030
fb425891ddf88066f7793ce54db65421,aplatir,1.0,True,11,False,True,0.512400,7.755,ok,1447521030
1b3072a0318b9a85196b7df364add249,deplacer,0.1,False,9,False,True,0.100000,5.109,ok,3558649831
1b3072a0318b9a85196b7df364add249,deplacer,0.1,True,9,False,True,0.100000,5.373,ok,3558649831
1b3072a0318b9a85196b7df364add249,deplacer,0.25,False,9,False,True,0.250000,4.671,ok,1189114522
1b3072a0318b9a85196b7df364add249,deplacer,0.25,True,9,False,True,0.250000,5.913,ok,1189114522
1b3072a0318b9a85196b7df364add249,deplacer,0.5,False,9,False,True,0.500000,5.081,ok,1326060135
1b3072a0318b9a85196b7df364add249,deplacer,0.5,True,9,False,True,0.500000,5.722,ok,1326060135
1b3072a0318b9a85196b7df364add249,deplacer,1.0,False,9,False,True,1.000000,5.114,ok,2548922520
1b3072a0318b9a85196b7df364add249,deplacer,1.0,True,9,False,True,1.000000,5.476,ok,2548922520
1b3072a0318b9a85196b7df364add249,elargir,0.1,False,9,False,True,0.100000,5.012,ok,1163972201
1b3072a0318b9a85196b7df364add249,elargir,0.1,True,9,False,True,0.100000,5.318,ok,1163972201
1b3072a0318b9a85196b7df364add249,elargir,0.25,False,9,False,False,,4.747,invariant_viole,2261752800
1b3072a0318b9a85196b7df364add249,elargir,0.25,True,9,False,True,1.853393,5.549,ok,2261752800
1b3072a0318b9a85196b7df364add249,elargir,0.5,False,9,False,True,0.500000,4.763,ok,806457873
1b3072a0318b9a85196b7df364add249,elargir,0.5,True,9,False,True,0.500000,5.258,ok,806457873
1b3072a0318b9a85196b7df364add249,elargir,1.0,False,9,False,True,1.000000,5.930,ok,4041979525
1b3072a0318b9a85196b7df364add249,elargir,1.0,True,9,False,True,1.000000,5.782,ok,4041979525
1b3072a0318b9a85196b7df364add249,retrecir,0.1,False,9,False,False,,7.945,invariant_viole,3465887545
1b3072a0318b9a85196b7df364add249,retrecir,0.1,True,9,False,True,0.100000,5.868,ok,3465887545
1b3072a0318b9a85196b7df364add249,retrecir,0.25,False,9,False,False,,5.430,invariant_viole,1966985230
1b3072a0318b9a85196b7df364add249,retrecir,0.25,True,9,False,True,0.250000,5.660,ok,1966985230
1b3072a0318b9a85196b7df364add249,retrecir,0.5,False,9,False,True,0.500000,5.083,ok,2209484178
1b3072a0318b9a85196b7df364add249,retrecir,0.5,True,9,False,True,0.500000,5.301,ok,2209484178
1b3072a0318b9a85196b7df364add249,retrecir,1.0,False,9,False,False,,4.756,invariant_viole,744653459
1b3072a0318b9a85196b7df364add249,retrecir,1.0,True,9,False,True,1.000000,5.404,ok,744653459
1b3072a0318b9a85196b7df364add249,aplatir,0.1,False,9,False,False,,5.047,invariant_viole,335597285
1b3072a0318b9a85196b7df364add249,aplatir,0.1,True,9,False,True,0.100000,5.254,ok,335597285
1b3072a0318b9a85196b7df364add249,aplatir,0.25,False,9,False,False,,4.786,invariant_viole,2115988320
1b3072a0318b9a85196b7df364add249,aplatir,0.25,True,9,False,True,0.250000,5.292,ok,2115988320
1b3072a0318b9a85196b7df364add249,aplatir,0.5,False,9,False,False,,5.436,invariant_viole,3594052474
1b3072a0318b9a85196b7df364add249,aplatir,0.5,True,9,False,True,0.500000,7.060,ok,3594052474
1b3072a0318b9a85196b7df364add249,aplatir,1.0,False,9,False,False,,4.785,invariant_viole,346026215
1b3072a0318b9a85196b7df364add249,aplatir,1.0,True,9,False,True,1.000000,5.715,ok,346026215
c6f25c99fd1ece2012dddc5bfeab7af2,deplacer,0.1,False,10,False,True,0.100000,7.565,ok,260029100
c6f25c99fd1ece2012dddc5bfeab7af2,deplacer,0.1,True,10,False,True,0.100000,9.589,ok,260029100
c6f25c99fd1ece2012dddc5bfeab7af2,deplacer,0.25,False,10,False,False,,6.802,invariant_viole,1407995720
c6f25c99fd1ece2012dddc5bfeab7af2,deplacer,0.25,True,10,False,True,0.250000,7.580,ok,1407995720
c6f25c99fd1ece2012dddc5bfeab7af2,deplacer,0.5,False,10,False,False,,5.402,invariant_viole,1086154056
c6f25c99fd1ece2012dddc5bfeab7af2,deplacer,0.5,True,10,False,True,0.500000,7.579,ok,1086154056
c6f25c99fd1ece2012dddc5bfeab7af2,deplacer,1.0,False,10,False,True,1.000000,8.767,ok,1084012574
c6f25c99fd1ece2012dddc5bfeab7af2,deplacer,1.0,True,10,False,True,1.000000,8.358,ok,1084012574
c6f25c99fd1ece2012dddc5bfeab7af2,elargir,0.1,False,10,False,False,,5.983,invariant_viole,1593825811
c6f25c99fd1ece2012dddc5bfeab7af2,elargir,0.1,True,10,False,True,0.100000,7.498,ok,1593825811
c6f25c99fd1ece2012dddc5bfeab7af2,elargir,0.25,False,10,False,True,0.250000,17.199,ok,236763215
c6f25c99fd1ece2012dddc5bfeab7af2,elargir,0.25,True,10,False,True,0.250000,10.338,ok,236763215
c6f25c99fd1ece2012dddc5bfeab7af2,elargir,0.5,False,10,False,False,,7.985,invariant_viole,3744303189
c6f25c99fd1ece2012dddc5bfeab7af2,elargir,0.5,True,10,False,True,0.500000,8.071,ok,3744303189
c6f25c99fd1ece2012dddc5bfeab7af2,elargir,1.0,False,10,False,False,,5.989,invariant_viole,1583807198
c6f25c99fd1ece2012dddc5bfeab7af2,elargir,1.0,True,10,False,True,1.000000,7.651,ok,1583807198
c6f25c99fd1ece2012dddc5bfeab7af2,retrecir,0.1,False,10,False,False,,9.424,invariant_viole,2931676337
c6f25c99fd1ece2012dddc5bfeab7af2,retrecir,0.1,True,10,False,True,0.100000,9.074,ok,2931676337
c6f25c99fd1ece2012dddc5bfeab7af2,retrecir,0.25,False,10,False,False,,5.504,invariant_viole,510192122
c6f25c99fd1ece2012dddc5bfeab7af2,retrecir,0.25,True,10,False,True,0.250000,8.013,ok,510192122
c6f25c99fd1ece2012dddc5bfeab7af2,retrecir,0.5,False,10,False,False,,5.252,invariant_viole,785486947
c6f25c99fd1ece2012dddc5bfeab7af2,retrecir,0.5,True,10,False,True,0.500000,7.212,ok,785486947
c6f25c99fd1ece2012dddc5bfeab7af2,retrecir,1.0,False,10,False,False,,5.306,invariant_viole,2525085891
c6f25c99fd1ece2012dddc5bfeab7af2,retrecir,1.0,True,10,False,True,1.000000,7.171,ok,2525085891
c6f25c99fd1ece2012dddc5bfeab7af2,aplatir,0.1,False,10,False,False,,7.107,invariant_viole,3818244237
c6f25c99fd1ece2012dddc5bfeab7af2,aplatir,0.1,True,10,False,True,0.100000,9.526,ok,3818244237
c6f25c99fd1ece2012dddc5bfeab7af2,aplatir,0.25,False,10,False,False,,5.370,invariant_viole,4246728690
c6f25c99fd1ece2012dddc5bfeab7af2,aplatir,0.25,True,10,False,True,0.250000,7.395,ok,4246728690
c6f25c99fd1ece2012dddc5bfeab7af2,aplatir,0.5,False,10,False,False,,7.717,invariant_viole,315011496
c6f25c99fd1ece2012dddc5bfeab7af2,aplatir,0.5,True,10,False,False,,6.374,invariant_viole,315011496
c6f25c99fd1ece2012dddc5bfeab7af2,aplatir,1.0,False,10,False,False,,6.268,invariant_viole,1414638596
c6f25c99fd1ece2012dddc5bfeab7af2,aplatir,1.0,True,10,False,True,1.000000,7.618,ok,1414638596
904b9a2cfba5a6de66e218a7ba20d2dd,deplacer,0.1,False,7,False,True,0.100000,4.939,ok,360690590
904b9a2cfba5a6de66e218a7ba20d2dd,deplacer,0.1,True,7,False,True,0.100000,4.877,ok,360690590
904b9a2cfba5a6de66e218a7ba20d2dd,deplacer,0.25,False,7,False,True,0.250000,5.510,ok,1859769216
904b9a2cfba5a6de66e218a7ba20d2dd,deplacer,0.25,True,7,False,True,0.250000,4.569,ok,1859769216
904b9a2cfba5a6de66e218a7ba20d2dd,deplacer,0.5,False,7,False,True,0.500000,9.517,ok,1709746291
904b9a2cfba5a6de66e218a7ba20d2dd,deplacer,0.5,True,7,False,True,0.500000,5.745,ok,1709746291
904b9a2cfba5a6de66e218a7ba20d2dd,deplacer,1.0,False,7,False,False,,4.342,invariant_viole,486787027
904b9a2cfba5a6de66e218a7ba20d2dd,deplacer,1.0,True,7,False,True,1.000000,4.698,ok,486787027
904b9a2cfba5a6de66e218a7ba20d2dd,elargir,0.1,False,7,False,True,0.100000,5.272,ok,1080747129
904b9a2cfba5a6de66e218a7ba20d2dd,elargir,0.1,True,7,False,True,0.100000,4.829,ok,1080747129
904b9a2cfba5a6de66e218a7ba20d2dd,elargir,0.25,False,7,False,False,,3.987,invariant_viole,2519521995
904b9a2cfba5a6de66e218a7ba20d2dd,elargir,0.25,True,7,False,True,1.263314,4.293,ok,2519521995
904b9a2cfba5a6de66e218a7ba20d2dd,elargir,0.5,False,7,False,False,,4.802,invariant_viole,1490381706
904b9a2cfba5a6de66e218a7ba20d2dd,elargir,0.5,True,7,False,True,0.500000,7.358,ok,1490381706
904b9a2cfba5a6de66e218a7ba20d2dd,elargir,1.0,False,7,False,True,1.000000,6.800,ok,2828066997
904b9a2cfba5a6de66e218a7ba20d2dd,elargir,1.0,True,7,False,True,1.000000,5.223,ok,2828066997
904b9a2cfba5a6de66e218a7ba20d2dd,retrecir,0.1,False,7,False,False,,6.352,invariant_viole,2862442478
904b9a2cfba5a6de66e218a7ba20d2dd,retrecir,0.1,True,7,False,True,0.100000,5.072,ok,2862442478
904b9a2cfba5a6de66e218a7ba20d2dd,retrecir,0.25,False,7,False,False,,3.987,invariant_viole,1567183185
904b9a2cfba5a6de66e218a7ba20d2dd,retrecir,0.25,True,7,False,True,0.250000,5.601,ok,1567183185
904b9a2cfba5a6de66e218a7ba20d2dd,retrecir,0.5,False,7,False,False,,5.433,invariant_viole,5492485
904b9a2cfba5a6de66e218a7ba20d2dd,retrecir,0.5,True,7,False,True,0.500000,4.569,ok,5492485
904b9a2cfba5a6de66e218a7ba20d2dd,retrecir,1.0,False,7,False,False,,4.306,invariant_viole,3104952193
904b9a2cfba5a6de66e218a7ba20d2dd,retrecir,1.0,True,7,False,True,1.000000,4.580,ok,3104952193
904b9a2cfba5a6de66e218a7ba20d2dd,aplatir,0.1,False,7,False,False,,3.999,invariant_viole,2515581897
904b9a2cfba5a6de66e218a7ba20d2dd,aplatir,0.1,True,7,False,True,0.100000,5.227,ok,2515581897
904b9a2cfba5a6de66e218a7ba20d2dd,aplatir,0.25,False,7,False,False,,4.232,invariant_viole,1150117289
904b9a2cfba5a6de66e218a7ba20d2dd,aplatir,0.25,True,7,False,True,0.250000,4.451,ok,1150117289
904b9a2cfba5a6de66e218a7ba20d2dd,aplatir,0.5,False,7,False,False,,5.325,invariant_viole,3556794688
904b9a2cfba5a6de66e218a7ba20d2dd,aplatir,0.5,True,7,False,True,0.500000,4.366,ok,3556794688
904b9a2cfba5a6de66e218a7ba20d2dd,aplatir,1.0,False,7,False,False,,3.969,invariant_viole,1696967132
904b9a2cfba5a6de66e218a7ba20d2dd,aplatir,1.0,True,7,False,True,1.000000,5.960,ok,1696967132
d32507e2e1823168ad1cf9ee7f044287,deplacer,0.1,False,9,False,True,0.100000,5.418,ok,358362909
d32507e2e1823168ad1cf9ee7f044287,deplacer,0.1,True,9,False,True,0.100000,6.814,ok,358362909
d32507e2e1823168ad1cf9ee7f044287,deplacer,0.25,False,9,False,False,,5.236,invariant_viole,91289257
d32507e2e1823168ad1cf9ee7f044287,deplacer,0.25,True,9,False,True,0.639340,6.118,ok,91289257
d32507e2e1823168ad1cf9ee7f044287,deplacer,0.5,False,9,False,False,,5.060,invariant_viole,704409619
d32507e2e1823168ad1cf9ee7f044287,deplacer,0.5,True,9,False,True,0.500000,6.149,ok,704409619
d32507e2e1823168ad1cf9ee7f044287,deplacer,1.0,False,9,False,True,1.000000,5.727,ok,3590327008
d32507e2e1823168ad1cf9ee7f044287,deplacer,1.0,True,9,False,True,1.000000,6.123,ok,3590327008
d32507e2e1823168ad1cf9ee7f044287,elargir,0.1,False,9,False,True,0.100000,5.694,ok,3428866899
d32507e2e1823168ad1cf9ee7f044287,elargir,0.1,True,9,False,True,0.100000,5.826,ok,3428866899
d32507e2e1823168ad1cf9ee7f044287,elargir,0.25,False,9,False,True,0.250000,6.215,ok,2338409501
d32507e2e1823168ad1cf9ee7f044287,elargir,0.25,True,9,False,True,0.250000,5.892,ok,2338409501
d32507e2e1823168ad1cf9ee7f044287,elargir,0.5,False,9,False,True,0.500000,5.581,ok,1874774371
d32507e2e1823168ad1cf9ee7f044287,elargir,0.5,True,9,False,True,0.500000,7.555,ok,1874774371
d32507e2e1823168ad1cf9ee7f044287,elargir,1.0,False,9,False,False,,8.150,invariant_viole,266410972
d32507e2e1823168ad1cf9ee7f044287,elargir,1.0,True,9,False,True,1.628338,7.981,ok,266410972
d32507e2e1823168ad1cf9ee7f044287,retrecir,0.1,False,9,False,False,,5.374,invariant_viole,1898000428
d32507e2e1823168ad1cf9ee7f044287,retrecir,0.1,True,9,False,True,0.100000,5.948,ok,1898000428
d32507e2e1823168ad1cf9ee7f044287,retrecir,0.25,False,9,False,False,,5.259,invariant_viole,425505337
d32507e2e1823168ad1cf9ee7f044287,retrecir,0.25,True,9,False,True,0.250000,6.330,ok,425505337
d32507e2e1823168ad1cf9ee7f044287,retrecir,0.5,False,9,False,False,,5.150,invariant_viole,2986722351
d32507e2e1823168ad1cf9ee7f044287,retrecir,0.5,True,9,False,True,0.500000,6.804,ok,2986722351
d32507e2e1823168ad1cf9ee7f044287,retrecir,1.0,False,9,False,False,,5.220,invariant_viole,3915645305
d32507e2e1823168ad1cf9ee7f044287,retrecir,1.0,True,9,False,False,,8.494,infaisable,3915645305
d32507e2e1823168ad1cf9ee7f044287,aplatir,0.1,False,9,False,False,,5.076,invariant_viole,1990315585
d32507e2e1823168ad1cf9ee7f044287,aplatir,0.1,True,9,False,True,0.100000,5.795,ok,1990315585
d32507e2e1823168ad1cf9ee7f044287,aplatir,0.25,False,9,False,False,,5.025,invariant_viole,1641534200
d32507e2e1823168ad1cf9ee7f044287,aplatir,0.25,True,9,False,True,0.250000,5.816,ok,1641534200
d32507e2e1823168ad1cf9ee7f044287,aplatir,0.5,False,9,False,False,,5.079,invariant_viole,77043776
d32507e2e1823168ad1cf9ee7f044287,aplatir,0.5,True,9,False,True,0.639340,5.775,ok,77043776
d32507e2e1823168ad1cf9ee7f044287,aplatir,1.0,False,9,False,False,,5.532,invariant_viole,2413656875
d32507e2e1823168ad1cf9ee7f044287,aplatir,1.0,True,9,False,False,,7.125,infaisable,2413656875
9f746cbfe40b17ba8822f0831bf9cc61,deplacer,0.1,False,9,False,False,,5.462,invariant_viole,1997027960
9f746cbfe40b17ba8822f0831bf9cc61,deplacer,0.1,True,9,False,True,0.100000,5.789,ok,1997027960
9f746cbfe40b17ba8822f0831bf9cc61,deplacer,0.25,False,9,False,False,,5.077,invariant_viole,807336017
9f746cbfe40b17ba8822f0831bf9cc61,deplacer,0.25,True,9,False,True,0.250000,5.701,ok,807336017
9f746cbfe40b17ba8822f0831bf9cc61,deplacer,0.5,False,9,False,True,0.500000,8.221,ok,810273317
9f746cbfe40b17ba8822f0831bf9cc61,deplacer,0.5,True,9,False,True,0.500000,5.900,ok,810273317
9f746cbfe40b17ba8822f0831bf9cc61,deplacer,1.0,False,9,False,True,1.000000,5.420,ok,262327928
9f746cbfe40b17ba8822f0831bf9cc61,deplacer,1.0,True,9,False,True,1.000000,7.866,ok,262327928
9f746cbfe40b17ba8822f0831bf9cc61,elargir,0.1,False,9,False,False,,4.978,invariant_viole,1065935255
9f746cbfe40b17ba8822f0831bf9cc61,elargir,0.1,True,9,False,True,0.100000,7.929,ok,1065935255
9f746cbfe40b17ba8822f0831bf9cc61,elargir,0.25,False,9,False,False,,5.196,invariant_viole,2926396697
9f746cbfe40b17ba8822f0831bf9cc61,elargir,0.25,True,9,False,True,0.623308,7.673,ok,2926396697
9f746cbfe40b17ba8822f0831bf9cc61,elargir,0.5,False,9,False,True,0.500000,5.328,ok,846574639
9f746cbfe40b17ba8822f0831bf9cc61,elargir,0.5,True,9,False,True,0.500000,6.252,ok,846574639
9f746cbfe40b17ba8822f0831bf9cc61,elargir,1.0,False,9,False,True,1.000000,5.023,ok,3878148550
9f746cbfe40b17ba8822f0831bf9cc61,elargir,1.0,True,9,False,True,1.000000,6.157,ok,3878148550
9f746cbfe40b17ba8822f0831bf9cc61,retrecir,0.1,False,9,False,False,,5.690,invariant_viole,3485947313
9f746cbfe40b17ba8822f0831bf9cc61,retrecir,0.1,True,9,False,True,0.100000,7.305,ok,3485947313
9f746cbfe40b17ba8822f0831bf9cc61,retrecir,0.25,False,9,False,True,0.250000,6.008,ok,2282931867
9f746cbfe40b17ba8822f0831bf9cc61,retrecir,0.25,True,9,False,True,0.250000,5.804,ok,2282931867
9f746cbfe40b17ba8822f0831bf9cc61,retrecir,0.5,False,9,False,False,,6.870,invariant_viole,3837835622
9f746cbfe40b17ba8822f0831bf9cc61,retrecir,0.5,True,9,False,True,0.500000,6.049,ok,3837835622
9f746cbfe40b17ba8822f0831bf9cc61,retrecir,1.0,False,9,False,False,,6.808,invariant_viole,18352078
9f746cbfe40b17ba8822f0831bf9cc61,retrecir,1.0,True,9,False,True,0.791781,5.784,ok,18352078
9f746cbfe40b17ba8822f0831bf9cc61,aplatir,0.1,False,9,False,False,,5.570,invariant_viole,2805124922
9f746cbfe40b17ba8822f0831bf9cc61,aplatir,0.1,True,9,False,True,0.100000,5.628,ok,2805124922
9f746cbfe40b17ba8822f0831bf9cc61,aplatir,0.25,False,9,False,False,,4.845,invariant_viole,356713554
9f746cbfe40b17ba8822f0831bf9cc61,aplatir,0.25,True,9,False,True,0.250000,6.065,ok,356713554
9f746cbfe40b17ba8822f0831bf9cc61,aplatir,0.5,False,9,False,False,,4.840,invariant_viole,2937921849
9f746cbfe40b17ba8822f0831bf9cc61,aplatir,0.5,True,9,False,True,0.500000,6.402,ok,2937921849
9f746cbfe40b17ba8822f0831bf9cc61,aplatir,1.0,False,9,False,False,,7.244,invariant_viole,2817256879
9f746cbfe40b17ba8822f0831bf9cc61,aplatir,1.0,True,9,False,True,1.001394,8.519,ok,2817256879
1ee64dfc1730218a5a9ec197944512f6,deplacer,0.1,False,9,False,True,0.100000,5.732,ok,3854200982
1ee64dfc1730218a5a9ec197944512f6,deplacer,0.1,True,9,False,True,0.100000,8.293,ok,3854200982
1ee64dfc1730218a5a9ec197944512f6,deplacer,0.25,False,9,False,True,0.250000,5.346,ok,1149727368
1ee64dfc1730218a5a9ec197944512f6,deplacer,0.25,True,9,False,True,0.250000,6.621,ok,1149727368
1ee64dfc1730218a5a9ec197944512f6,deplacer,0.5,False,9,False,True,0.500000,5.723,ok,245059732
1ee64dfc1730218a5a9ec197944512f6,deplacer,0.5,True,9,False,True,0.500000,7.561,ok,245059732
1ee64dfc1730218a5a9ec197944512f6,deplacer,1.0,False,9,False,False,,5.318,invariant_viole,4055698981
1ee64dfc1730218a5a9ec197944512f6,deplacer,1.0,True,9,False,True,1.000000,6.582,ok,4055698981
1ee64dfc1730218a5a9ec197944512f6,elargir,0.1,False,9,False,True,0.100000,5.214,ok,391339286
1ee64dfc1730218a5a9ec197944512f6,elargir,0.1,True,9,False,True,0.100000,5.496,ok,391339286
1ee64dfc1730218a5a9ec197944512f6,elargir,0.25,False,9,False,True,0.250000,7.242,ok,235620375
1ee64dfc1730218a5a9ec197944512f6,elargir,0.25,True,9,False,True,0.250000,5.634,ok,235620375
1ee64dfc1730218a5a9ec197944512f6,elargir,0.5,False,9,False,True,0.500000,6.253,ok,2576368898
1ee64dfc1730218a5a9ec197944512f6,elargir,0.5,True,9,False,True,0.500000,7.959,ok,2576368898
1ee64dfc1730218a5a9ec197944512f6,elargir,1.0,False,9,False,True,1.000000,7.554,ok,3040731852
1ee64dfc1730218a5a9ec197944512f6,elargir,1.0,True,9,False,True,1.000000,8.066,ok,3040731852
1ee64dfc1730218a5a9ec197944512f6,retrecir,0.1,False,9,False,False,,6.430,invariant_viole,2822498804
1ee64dfc1730218a5a9ec197944512f6,retrecir,0.1,True,9,False,True,0.100000,7.851,ok,2822498804
1ee64dfc1730218a5a9ec197944512f6,retrecir,0.25,False,9,False,False,,5.342,invariant_viole,3105830188
1ee64dfc1730218a5a9ec197944512f6,retrecir,0.25,True,9,False,True,0.250000,5.521,ok,3105830188
1ee64dfc1730218a5a9ec197944512f6,retrecir,0.5,False,9,False,False,,5.285,invariant_viole,4034935295
1ee64dfc1730218a5a9ec197944512f6,retrecir,0.5,True,9,False,True,0.500000,5.480,ok,4034935295
1ee64dfc1730218a5a9ec197944512f6,retrecir,1.0,False,9,False,False,,5.742,invariant_viole,3150862743
1ee64dfc1730218a5a9ec197944512f6,retrecir,1.0,True,9,False,False,,6.911,infaisable,3150862743
1ee64dfc1730218a5a9ec197944512f6,aplatir,0.1,False,9,False,False,,5.497,invariant_viole,2385618541
1ee64dfc1730218a5a9ec197944512f6,aplatir,0.1,True,9,False,True,0.100000,5.507,ok,2385618541
1ee64dfc1730218a5a9ec197944512f6,aplatir,0.25,False,9,False,False,,5.107,invariant_viole,566727265
1ee64dfc1730218a5a9ec197944512f6,aplatir,0.25,True,9,False,True,0.250000,7.885,ok,566727265
1ee64dfc1730218a5a9ec197944512f6,aplatir,0.5,False,9,False,False,,7.085,invariant_viole,3102668952
1ee64dfc1730218a5a9ec197944512f6,aplatir,0.5,True,9,False,True,0.500000,7.571,ok,3102668952
1ee64dfc1730218a5a9ec197944512f6,aplatir,1.0,False,9,False,False,,5.222,invariant_viole,1487728393
1ee64dfc1730218a5a9ec197944512f6,aplatir,1.0,True,9,False,True,1.000000,6.869,ok,1487728393
2d2df87d3f5299d2361b5f550a946703,deplacer,0.1,False,9,False,True,0.100000,5.496,ok,1516739910
2d2df87d3f5299d2361b5f550a946703,deplacer,0.1,True,9,False,True,0.100000,6.354,ok,1516739910
2d2df87d3f5299d2361b5f550a946703,deplacer,0.25,False,9,False,False,,5.121,invariant_viole,634774910
2d2df87d3f5299d2361b5f550a946703,deplacer,0.25,True,9,False,True,0.624183,6.362,ok,634774910
2d2df87d3f5299d2361b5f550a946703,deplacer,0.5,False,9,False,True,0.500000,5.716,ok,3090852926
2d2df87d3f5299d2361b5f550a946703,deplacer,0.5,True,9,False,True,0.500000,5.772,ok,3090852926
2d2df87d3f5299d2361b5f550a946703,deplacer,1.0,False,9,False,True,1.000000,5.377,ok,1943759128
2d2df87d3f5299d2361b5f550a946703,deplacer,1.0,True,9,False,False,,1.777,trame,1943759128
2d2df87d3f5299d2361b5f550a946703,elargir,0.1,False,9,False,True,0.100000,5.984,ok,478085735
2d2df87d3f5299d2361b5f550a946703,elargir,0.1,True,9,False,True,0.100000,8.470,ok,478085735
2d2df87d3f5299d2361b5f550a946703,elargir,0.25,False,9,False,True,0.250000,6.886,ok,3861928668
2d2df87d3f5299d2361b5f550a946703,elargir,0.25,True,9,False,True,0.250000,6.588,ok,3861928668
2d2df87d3f5299d2361b5f550a946703,elargir,0.5,False,9,False,True,0.500000,6.580,ok,340928417
2d2df87d3f5299d2361b5f550a946703,elargir,0.5,True,9,False,True,0.500000,6.998,ok,340928417
2d2df87d3f5299d2361b5f550a946703,elargir,1.0,False,9,False,False,,5.174,invariant_viole,903378791
2d2df87d3f5299d2361b5f550a946703,elargir,1.0,True,9,False,True,1.569250,6.245,ok,903378791
2d2df87d3f5299d2361b5f550a946703,retrecir,0.1,False,9,False,True,0.100000,5.841,ok,3117834779
2d2df87d3f5299d2361b5f550a946703,retrecir,0.1,True,9,False,True,0.100000,6.929,ok,3117834779
2d2df87d3f5299d2361b5f550a946703,retrecir,0.25,False,9,False,False,,5.201,invariant_viole,572304395
2d2df87d3f5299d2361b5f550a946703,retrecir,0.25,True,9,False,True,0.250000,6.514,ok,572304395
2d2df87d3f5299d2361b5f550a946703,retrecir,0.5,False,9,False,False,,5.323,invariant_viole,1841644057
2d2df87d3f5299d2361b5f550a946703,retrecir,0.5,True,9,False,True,0.624183,5.837,ok,1841644057
2d2df87d3f5299d2361b5f550a946703,retrecir,1.0,False,9,False,False,,5.799,invariant_viole,2020134002
2d2df87d3f5299d2361b5f550a946703,retrecir,1.0,True,9,False,True,1.000000,5.847,ok,2020134002
2d2df87d3f5299d2361b5f550a946703,aplatir,0.1,False,9,False,False,,6.124,invariant_viole,2267374583
2d2df87d3f5299d2361b5f550a946703,aplatir,0.1,True,9,False,True,0.100000,6.030,ok,2267374583
2d2df87d3f5299d2361b5f550a946703,aplatir,0.25,False,9,False,False,,6.603,invariant_viole,3835589170
2d2df87d3f5299d2361b5f550a946703,aplatir,0.25,True,9,False,True,0.250000,5.849,ok,3835589170
2d2df87d3f5299d2361b5f550a946703,aplatir,0.5,False,9,False,False,,6.350,invariant_viole,1297258881
2d2df87d3f5299d2361b5f550a946703,aplatir,0.5,True,9,False,True,0.500000,6.663,ok,1297258881
2d2df87d3f5299d2361b5f550a946703,aplatir,1.0,False,9,False,False,,5.544,invariant_viole,131907673
2d2df87d3f5299d2361b5f550a946703,aplatir,1.0,True,9,False,True,1.000000,6.025,ok,131907673
4339a727ae8666acfb63ed772a4f3928,deplacer,0.1,False,9,False,True,0.100000,6.953,ok,2949737889
4339a727ae8666acfb63ed772a4f3928,deplacer,0.1,True,9,False,True,0.100000,6.334,ok,2949737889
4339a727ae8666acfb63ed772a4f3928,deplacer,0.25,False,9,False,True,0.250000,6.974,ok,569681125
4339a727ae8666acfb63ed772a4f3928,deplacer,0.25,True,9,False,True,0.250000,6.553,ok,569681125
4339a727ae8666acfb63ed772a4f3928,deplacer,0.5,False,9,False,False,,4.933,invariant_viole,2561194621
4339a727ae8666acfb63ed772a4f3928,deplacer,0.5,True,9,False,True,0.500000,7.129,ok,2561194621
4339a727ae8666acfb63ed772a4f3928,deplacer,1.0,False,9,False,False,,4.919,invariant_viole,2861451220
4339a727ae8666acfb63ed772a4f3928,deplacer,1.0,True,9,False,True,1.000000,5.593,ok,2861451220
4339a727ae8666acfb63ed772a4f3928,elargir,0.1,False,9,False,True,0.100000,8.085,ok,1697474041
4339a727ae8666acfb63ed772a4f3928,elargir,0.1,True,9,False,True,0.100000,6.951,ok,1697474041
4339a727ae8666acfb63ed772a4f3928,elargir,0.25,False,9,False,False,,7.399,invariant_viole,2831694000
4339a727ae8666acfb63ed772a4f3928,elargir,0.25,True,9,False,True,1.628363,9.245,ok,2831694000
4339a727ae8666acfb63ed772a4f3928,elargir,0.5,False,9,False,False,,6.123,invariant_viole,4200829087
4339a727ae8666acfb63ed772a4f3928,elargir,0.5,True,9,False,True,0.664963,7.588,ok,4200829087
4339a727ae8666acfb63ed772a4f3928,elargir,1.0,False,9,False,False,,5.543,invariant_viole,3610852326
4339a727ae8666acfb63ed772a4f3928,elargir,1.0,True,9,False,True,1.628363,8.215,ok,3610852326
4339a727ae8666acfb63ed772a4f3928,retrecir,0.1,False,9,False,False,,5.345,invariant_viole,3547721166
4339a727ae8666acfb63ed772a4f3928,retrecir,0.1,True,9,False,True,0.100000,7.950,ok,3547721166
4339a727ae8666acfb63ed772a4f3928,retrecir,0.25,False,9,False,False,,5.468,invariant_viole,581421069
4339a727ae8666acfb63ed772a4f3928,retrecir,0.25,True,9,False,True,0.250000,6.001,ok,581421069
4339a727ae8666acfb63ed772a4f3928,retrecir,0.5,False,9,False,False,,5.320,invariant_viole,2250817465
4339a727ae8666acfb63ed772a4f3928,retrecir,0.5,True,9,False,True,0.500000,6.800,ok,2250817465
4339a727ae8666acfb63ed772a4f3928,retrecir,1.0,False,9,False,False,,4.944,invariant_viole,551466630
4339a727ae8666acfb63ed772a4f3928,retrecir,1.0,True,9,False,True,0.989640,5.428,ok,551466630
4339a727ae8666acfb63ed772a4f3928,aplatir,0.1,False,9,False,False,,5.979,invariant_viole,3617911948
4339a727ae8666acfb63ed772a4f3928,aplatir,0.1,True,9,False,True,0.100000,7.054,ok,3617911948
4339a727ae8666acfb63ed772a4f3928,aplatir,0.25,False,9,False,False,,5.654,invariant_viole,195640930
4339a727ae8666acfb63ed772a4f3928,aplatir,0.25,True,9,False,True,0.250000,6.305,ok,195640930
4339a727ae8666acfb63ed772a4f3928,aplatir,0.5,False,9,False,False,,5.697,invariant_viole,3125556140
4339a727ae8666acfb63ed772a4f3928,aplatir,0.5,True,9,False,True,0.500000,5.795,ok,3125556140
4339a727ae8666acfb63ed772a4f3928,aplatir,1.0,False,9,False,False,,5.154,invariant_viole,848324076
4339a727ae8666acfb63ed772a4f3928,aplatir,1.0,True,9,False,True,0.986927,8.744,ok,848324076
a0639050910e064c60279de3ac0cf5dd,deplacer,0.1,False,9,False,True,0.100000,5.293,ok,4124852791
a0639050910e064c60279de3ac0cf5dd,deplacer,0.1,True,9,False,True,0.100000,6.862,ok,4124852791
a0639050910e064c60279de3ac0cf5dd,deplacer,0.25,False,9,False,True,0.250000,5.050,ok,4190176845
a0639050910e064c60279de3ac0cf5dd,deplacer,0.25,True,9,False,True,0.250000,6.015,ok,4190176845
a0639050910e064c60279de3ac0cf5dd,deplacer,0.5,False,9,False,True,0.500000,4.915,ok,2436944970
a0639050910e064c60279de3ac0cf5dd,deplacer,0.5,True,9,False,True,0.500000,5.775,ok,2436944970
a0639050910e064c60279de3ac0cf5dd,deplacer,1.0,False,9,False,False,,4.926,invariant_viole,1675873955
a0639050910e064c60279de3ac0cf5dd,deplacer,1.0,True,9,False,False,,8.005,infaisable,1675873955
a0639050910e064c60279de3ac0cf5dd,elargir,0.1,False,9,False,False,,5.343,invariant_viole,432659634
a0639050910e064c60279de3ac0cf5dd,elargir,0.1,True,9,False,True,0.100000,5.852,ok,432659634
a0639050910e064c60279de3ac0cf5dd,elargir,0.25,False,9,False,False,,8.267,invariant_viole,327410979
a0639050910e064c60279de3ac0cf5dd,elargir,0.25,True,9,False,True,1.572429,5.952,ok,327410979
a0639050910e064c60279de3ac0cf5dd,elargir,0.5,False,9,False,True,0.500000,5.853,ok,2008980735
a0639050910e064c60279de3ac0cf5dd,elargir,0.5,True,9,False,True,0.500000,5.906,ok,2008980735
a0639050910e064c60279de3ac0cf5dd,elargir,1.0,False,9,False,True,1.000000,6.460,ok,2483688526
a0639050910e064c60279de3ac0cf5dd,elargir,1.0,True,9,False,True,1.000000,5.801,ok,2483688526
a0639050910e064c60279de3ac0cf5dd,retrecir,0.1,False,9,False,False,,5.648,invariant_viole,278067119
a0639050910e064c60279de3ac0cf5dd,retrecir,0.1,True,9,False,True,0.100000,7.700,ok,278067119
a0639050910e064c60279de3ac0cf5dd,retrecir,0.25,False,9,False,True,0.250000,6.317,ok,2225976293
a0639050910e064c60279de3ac0cf5dd,retrecir,0.25,True,9,False,True,0.250000,5.811,ok,2225976293
a0639050910e064c60279de3ac0cf5dd,retrecir,0.5,False,9,False,False,,5.845,invariant_viole,4087028265
a0639050910e064c60279de3ac0cf5dd,retrecir,0.5,True,9,False,True,0.500000,6.494,ok,4087028265
a0639050910e064c60279de3ac0cf5dd,retrecir,1.0,False,9,False,True,0.826134,4.961,ok,3140600351
a0639050910e064c60279de3ac0cf5dd,retrecir,1.0,True,9,False,True,0.826134,5.878,ok,3140600351
a0639050910e064c60279de3ac0cf5dd,aplatir,0.1,False,9,False,False,,4.937,invariant_viole,1641335148
a0639050910e064c60279de3ac0cf5dd,aplatir,0.1,True,9,False,True,0.100000,8.205,ok,1641335148
a0639050910e064c60279de3ac0cf5dd,aplatir,0.25,False,9,False,False,,5.762,invariant_viole,4010823682
a0639050910e064c60279de3ac0cf5dd,aplatir,0.25,True,9,False,True,0.250000,6.736,ok,4010823682
a0639050910e064c60279de3ac0cf5dd,aplatir,0.5,False,9,False,False,,5.016,invariant_viole,1301754189
a0639050910e064c60279de3ac0cf5dd,aplatir,0.5,True,9,False,True,0.500000,5.904,ok,1301754189
a0639050910e064c60279de3ac0cf5dd,aplatir,1.0,False,9,False,False,,4.930,invariant_viole,3451228370
a0639050910e064c60279de3ac0cf5dd,aplatir,1.0,True,9,False,True,1.000000,5.593,ok,3451228370
2e18263bfe306a755da33a8f54047118,deplacer,0.1,False,9,False,True,0.100000,5.377,ok,2530174369
2e18263bfe306a755da33a8f54047118,deplacer,0.1,True,9,False,True,0.100000,5.374,ok,2530174369
2e18263bfe306a755da33a8f54047118,deplacer,0.25,False,9,False,False,,5.224,invariant_viole,4120468084
2e18263bfe306a755da33a8f54047118,deplacer,0.25,True,9,False,True,0.650582,5.620,ok,4120468084
2e18263bfe306a755da33a8f54047118,deplacer,0.5,False,9,False,True,0.500000,4.969,ok,3995219917
2e18263bfe306a755da33a8f54047118,deplacer,0.5,True,9,False,True,0.650582,6.405,ok,3995219917
2e18263bfe306a755da33a8f54047118,deplacer,1.0,False,9,False,False,,5.032,invariant_viole,3289609438
2e18263bfe306a755da33a8f54047118,deplacer,1.0,True,9,False,True,1.000000,5.662,ok,3289609438
2e18263bfe306a755da33a8f54047118,elargir,0.1,False,9,False,True,0.100000,5.191,ok,3689524141
2e18263bfe306a755da33a8f54047118,elargir,0.1,True,9,False,True,0.100000,5.267,ok,3689524141
2e18263bfe306a755da33a8f54047118,elargir,0.25,False,9,False,True,0.250000,6.551,ok,3509945765
2e18263bfe306a755da33a8f54047118,elargir,0.25,True,9,False,True,0.250000,7.622,ok,3509945765
2e18263bfe306a755da33a8f54047118,elargir,0.5,False,9,False,False,,9.670,invariant_viole,2441499499
2e18263bfe306a755da33a8f54047118,elargir,0.5,True,9,False,True,1.647066,5.520,ok,2441499499
2e18263bfe306a755da33a8f54047118,elargir,1.0,False,9,False,True,1.000000,5.606,ok,18766061
2e18263bfe306a755da33a8f54047118,elargir,1.0,True,9,False,True,1.000000,5.722,ok,18766061
2e18263bfe306a755da33a8f54047118,retrecir,0.1,False,9,False,False,,5.532,invariant_viole,862754258
2e18263bfe306a755da33a8f54047118,retrecir,0.1,True,9,False,True,0.100000,5.283,ok,862754258
2e18263bfe306a755da33a8f54047118,retrecir,0.25,False,9,False,False,,5.066,invariant_viole,2331426115
2e18263bfe306a755da33a8f54047118,retrecir,0.25,True,9,False,True,0.250000,5.242,ok,2331426115
2e18263bfe306a755da33a8f54047118,retrecir,0.5,False,9,False,True,0.500000,5.194,ok,816594396
2e18263bfe306a755da33a8f54047118,retrecir,0.5,True,9,False,True,0.500000,5.622,ok,816594396
2e18263bfe306a755da33a8f54047118,retrecir,1.0,False,9,False,False,,5.220,invariant_viole,970262706
2e18263bfe306a755da33a8f54047118,retrecir,1.0,True,9,False,True,1.000000,5.709,ok,970262706
2e18263bfe306a755da33a8f54047118,aplatir,0.1,False,9,False,False,,5.051,invariant_viole,4194478168
2e18263bfe306a755da33a8f54047118,aplatir,0.1,True,9,False,True,0.100000,5.352,ok,4194478168
2e18263bfe306a755da33a8f54047118,aplatir,0.25,False,9,False,False,,5.307,invariant_viole,1102402407
2e18263bfe306a755da33a8f54047118,aplatir,0.25,True,9,False,True,0.250000,5.308,ok,1102402407
2e18263bfe306a755da33a8f54047118,aplatir,0.5,False,9,False,False,,4.930,invariant_viole,1755168448
2e18263bfe306a755da33a8f54047118,aplatir,0.5,True,9,False,True,0.500000,5.793,ok,1755168448
2e18263bfe306a755da33a8f54047118,aplatir,1.0,False,9,False,False,,4.868,invariant_viole,2120725804
2e18263bfe306a755da33a8f54047118,aplatir,1.0,True,9,False,True,1.000000,5.675,ok,2120725804
852ee2cb444a20a94345ac27175a1cef,deplacer,0.1,False,6,False,True,0.100000,3.779,ok,2822562459
852ee2cb444a20a94345ac27175a1cef,deplacer,0.1,True,6,False,True,0.100000,3.687,ok,2822562459
852ee2cb444a20a94345ac27175a1cef,deplacer,0.25,False,6,False,True,0.250000,3.518,ok,3025034670
852ee2cb444a20a94345ac27175a1cef,deplacer,0.25,True,6,False,True,0.250000,4.543,ok,3025034670
852ee2cb444a20a94345ac27175a1cef,deplacer,0.5,False,6,False,False,,3.489,invariant_viole,2798447719
852ee2cb444a20a94345ac27175a1cef,deplacer,0.5,True,6,False,False,,4.705,infaisable,2798447719
852ee2cb444a20a94345ac27175a1cef,deplacer,1.0,False,6,False,True,1.000000,6.103,ok,1207365750
852ee2cb444a20a94345ac27175a1cef,deplacer,1.0,True,6,False,True,1.000000,3.615,ok,1207365750
852ee2cb444a20a94345ac27175a1cef,elargir,0.1,False,6,False,True,0.100000,3.472,ok,2042467957
852ee2cb444a20a94345ac27175a1cef,elargir,0.1,True,6,False,True,0.100000,4.586,ok,2042467957
852ee2cb444a20a94345ac27175a1cef,elargir,0.25,False,6,False,True,0.250000,4.313,ok,3688879717
852ee2cb444a20a94345ac27175a1cef,elargir,0.25,True,6,False,True,0.250000,3.684,ok,3688879717
852ee2cb444a20a94345ac27175a1cef,elargir,0.5,False,6,False,True,0.500000,4.247,ok,1065264633
852ee2cb444a20a94345ac27175a1cef,elargir,0.5,True,6,False,True,0.500000,6.188,ok,1065264633
852ee2cb444a20a94345ac27175a1cef,elargir,1.0,False,6,False,True,1.000000,3.672,ok,3521115566
852ee2cb444a20a94345ac27175a1cef,elargir,1.0,True,6,False,True,1.000000,3.631,ok,3521115566
852ee2cb444a20a94345ac27175a1cef,retrecir,0.1,False,6,False,False,,4.910,invariant_viole,1999991313
852ee2cb444a20a94345ac27175a1cef,retrecir,0.1,True,6,False,True,0.100000,4.109,ok,1999991313
852ee2cb444a20a94345ac27175a1cef,retrecir,0.25,False,6,False,False,,4.914,invariant_viole,1566665364
852ee2cb444a20a94345ac27175a1cef,retrecir,0.25,True,6,False,True,0.250000,5.011,ok,1566665364
852ee2cb444a20a94345ac27175a1cef,retrecir,0.5,False,6,False,False,,3.536,invariant_viole,2812515585
852ee2cb444a20a94345ac27175a1cef,retrecir,0.5,True,6,False,True,0.500000,3.819,ok,2812515585
852ee2cb444a20a94345ac27175a1cef,retrecir,1.0,False,6,False,False,,4.240,invariant_viole,1436030271
852ee2cb444a20a94345ac27175a1cef,retrecir,1.0,True,6,False,True,1.000000,3.982,ok,1436030271
852ee2cb444a20a94345ac27175a1cef,aplatir,0.1,False,6,False,False,,3.464,invariant_viole,989515660
852ee2cb444a20a94345ac27175a1cef,aplatir,0.1,True,6,False,True,0.100000,3.649,ok,989515660
852ee2cb444a20a94345ac27175a1cef,aplatir,0.25,False,6,False,False,,4.272,invariant_viole,1041250141
852ee2cb444a20a94345ac27175a1cef,aplatir,0.25,True,6,False,True,0.250000,3.779,ok,1041250141
852ee2cb444a20a94345ac27175a1cef,aplatir,0.5,False,6,False,False,,3.377,invariant_viole,655610097
852ee2cb444a20a94345ac27175a1cef,aplatir,0.5,True,6,False,True,0.500000,5.717,ok,655610097
852ee2cb444a20a94345ac27175a1cef,aplatir,1.0,False,6,False,False,,4.222,invariant_viole,1730339352
852ee2cb444a20a94345ac27175a1cef,aplatir,1.0,True,6,False,True,1.000000,4.068,ok,1730339352
b1768f63cc4709849da2cf69f386097a,deplacer,0.1,False,6,False,True,0.100000,7.513,ok,2361525657
b1768f63cc4709849da2cf69f386097a,deplacer,0.1,True,6,False,True,0.100000,5.403,ok,2361525657
b1768f63cc4709849da2cf69f386097a,deplacer,0.25,False,6,False,True,0.250000,4.477,ok,1497599881
b1768f63cc4709849da2cf69f386097a,deplacer,0.25,True,6,False,True,0.250000,5.186,ok,1497599881
b1768f63cc4709849da2cf69f386097a,deplacer,0.5,False,6,False,False,,3.881,invariant_viole,3759076728
b1768f63cc4709849da2cf69f386097a,deplacer,0.5,True,6,False,False,,5.965,infaisable,3759076728
b1768f63cc4709849da2cf69f386097a,deplacer,1.0,False,6,False,False,,3.552,invariant_viole,3199697951
b1768f63cc4709849da2cf69f386097a,deplacer,1.0,True,6,False,False,,5.589,infaisable,3199697951
b1768f63cc4709849da2cf69f386097a,elargir,0.1,False,6,False,True,0.100000,4.747,ok,4105931910
b1768f63cc4709849da2cf69f386097a,elargir,0.1,True,6,False,True,0.100000,4.273,ok,4105931910
b1768f63cc4709849da2cf69f386097a,elargir,0.25,False,6,False,True,0.250000,3.737,ok,3803901389
b1768f63cc4709849da2cf69f386097a,elargir,0.25,True,6,False,True,0.250000,4.493,ok,3803901389
b1768f63cc4709849da2cf69f386097a,elargir,0.5,False,6,False,True,0.500000,3.780,ok,3804353364
b1768f63cc4709849da2cf69f386097a,elargir,0.5,True,6,False,True,0.500000,4.214,ok,3804353364
b1768f63cc4709849da2cf69f386097a,elargir,1.0,False,6,False,True,1.000000,3.762,ok,2833730631
b1768f63cc4709849da2cf69f386097a,elargir,1.0,True,6,False,True,1.000000,4.695,ok,2833730631
b1768f63cc4709849da2cf69f386097a,retrecir,0.1,False,6,False,False,,3.623,invariant_viole,3875085078
b1768f63cc4709849da2cf69f386097a,retrecir,0.1,True,6,False,True,0.100000,4.182,ok,3875085078
b1768f63cc4709849da2cf69f386097a,retrecir,0.25,False,6,False,False,,4.922,invariant_viole,3841220836
b1768f63cc4709849da2cf69f386097a,retrecir,0.25,True,6,False,True,0.250000,5.456,ok,3841220836
b1768f63cc4709849da2cf69f386097a,retrecir,0.5,False,6,False,False,,3.858,invariant_viole,3858397684
b1768f63cc4709849da2cf69f386097a,retrecir,0.5,True,6,False,True,0.500000,5.224,ok,3858397684
b1768f63cc4709849da2cf69f386097a,retrecir,1.0,False,6,False,False,,3.628,invariant_viole,2781186198
b1768f63cc4709849da2cf69f386097a,retrecir,1.0,True,6,False,True,1.000000,4.400,ok,2781186198
b1768f63cc4709849da2cf69f386097a,aplatir,0.1,False,6,False,False,,4.111,invariant_viole,1968920239
b1768f63cc4709849da2cf69f386097a,aplatir,0.1,True,6,False,True,0.100000,5.627,ok,1968920239
b1768f63cc4709849da2cf69f386097a,aplatir,0.25,False,6,False,False,,3.722,invariant_viole,1978396520
b1768f63cc4709849da2cf69f386097a,aplatir,0.25,True,6,False,True,0.250000,4.454,ok,1978396520
b1768f63cc4709849da2cf69f386097a,aplatir,0.5,False,6,False,False,,3.757,invariant_viole,4147436129
b1768f63cc4709849da2cf69f386097a,aplatir,0.5,True,6,False,True,0.500000,4.381,ok,4147436129
b1768f63cc4709849da2cf69f386097a,aplatir,1.0,False,6,False,False,,3.631,invariant_viole,308439638
b1768f63cc4709849da2cf69f386097a,aplatir,1.0,True,6,False,True,1.000000,6.340,ok,308439638
31f481e22aca53612902c37f272bd88a,deplacer,0.1,False,4,False,False,,2.690,invariant_viole,1773585983
31f481e22aca53612902c37f272bd88a,deplacer,0.1,True,4,False,True,0.100000,3.415,ok,1773585983
31f481e22aca53612902c37f272bd88a,deplacer,0.25,False,4,False,False,,2.402,invariant_viole,3716304738
31f481e22aca53612902c37f272bd88a,deplacer,0.25,True,4,False,True,0.250000,3.122,ok,3716304738
31f481e22aca53612902c37f272bd88a,deplacer,0.5,False,4,False,True,0.500000,2.752,ok,1760200804
31f481e22aca53612902c37f272bd88a,deplacer,0.5,True,4,False,True,0.500000,3.497,ok,1760200804
31f481e22aca53612902c37f272bd88a,deplacer,1.0,False,4,False,False,,2.384,invariant_viole,733117354
31f481e22aca53612902c37f272bd88a,deplacer,1.0,True,4,False,True,1.000000,3.600,ok,733117354
31f481e22aca53612902c37f272bd88a,elargir,0.1,False,4,False,True,0.100000,2.643,ok,1701255402
31f481e22aca53612902c37f272bd88a,elargir,0.1,True,4,False,True,0.100000,3.056,ok,1701255402
31f481e22aca53612902c37f272bd88a,elargir,0.25,False,4,False,True,0.250000,2.765,ok,250649076
31f481e22aca53612902c37f272bd88a,elargir,0.25,True,4,False,True,0.250000,3.099,ok,250649076
31f481e22aca53612902c37f272bd88a,elargir,0.5,False,4,False,True,0.500000,2.605,ok,3047790317
31f481e22aca53612902c37f272bd88a,elargir,0.5,True,4,False,True,0.500000,3.156,ok,3047790317
31f481e22aca53612902c37f272bd88a,elargir,1.0,False,4,False,True,1.000000,2.790,ok,2766441336
31f481e22aca53612902c37f272bd88a,elargir,1.0,True,4,False,True,1.000000,3.118,ok,2766441336
31f481e22aca53612902c37f272bd88a,retrecir,0.1,False,4,False,False,,2.346,invariant_viole,2255599037
31f481e22aca53612902c37f272bd88a,retrecir,0.1,True,4,False,True,0.100000,3.113,ok,2255599037
31f481e22aca53612902c37f272bd88a,retrecir,0.25,False,4,False,False,,2.340,invariant_viole,3877980849
31f481e22aca53612902c37f272bd88a,retrecir,0.25,True,4,False,True,0.250000,3.260,ok,3877980849
31f481e22aca53612902c37f272bd88a,retrecir,0.5,False,4,False,False,,2.365,invariant_viole,2972590991
31f481e22aca53612902c37f272bd88a,retrecir,0.5,True,4,False,True,0.500000,3.087,ok,2972590991
31f481e22aca53612902c37f272bd88a,retrecir,1.0,False,4,False,False,,2.435,invariant_viole,2130300016
31f481e22aca53612902c37f272bd88a,retrecir,1.0,True,4,False,True,1.000000,3.196,ok,2130300016
31f481e22aca53612902c37f272bd88a,aplatir,0.1,False,4,False,False,,2.841,invariant_viole,805737908
31f481e22aca53612902c37f272bd88a,aplatir,0.1,True,4,False,True,0.100000,3.545,ok,805737908
31f481e22aca53612902c37f272bd88a,aplatir,0.25,False,4,False,False,,3.862,invariant_viole,3028784664
31f481e22aca53612902c37f272bd88a,aplatir,0.25,True,4,False,True,0.250000,4.853,ok,3028784664
31f481e22aca53612902c37f272bd88a,aplatir,0.5,False,4,False,False,,2.690,invariant_viole,3133660730
31f481e22aca53612902c37f272bd88a,aplatir,0.5,True,4,False,True,0.500000,3.684,ok,3133660730
31f481e22aca53612902c37f272bd88a,aplatir,1.0,False,4,False,False,,3.902,invariant_viole,341468580
31f481e22aca53612902c37f272bd88a,aplatir,1.0,True,4,False,True,1.000000,3.824,ok,341468580
577a08f8068591ae54013e1fd3c1146f,deplacer,0.1,False,4,False,True,0.100000,4.708,ok,3858649716
577a08f8068591ae54013e1fd3c1146f,deplacer,0.1,True,4,False,True,0.100000,4.057,ok,3858649716
577a08f8068591ae54013e1fd3c1146f,deplacer,0.25,False,4,False,True,0.250000,2.568,ok,3978321612
577a08f8068591ae54013e1fd3c1146f,deplacer,0.25,True,4,False,True,0.250000,3.977,ok,3978321612
577a08f8068591ae54013e1fd3c1146f,deplacer,0.5,False,4,False,False,,2.554,invariant_viole,1357604125
577a08f8068591ae54013e1fd3c1146f,deplacer,0.5,True,4,False,True,0.500000,3.875,ok,1357604125
577a08f8068591ae54013e1fd3c1146f,deplacer,1.0,False,4,False,False,,2.452,invariant_viole,704915605
577a08f8068591ae54013e1fd3c1146f,deplacer,1.0,True,4,False,True,1.000000,4.344,ok,704915605
577a08f8068591ae54013e1fd3c1146f,elargir,0.1,False,4,False,True,0.100000,2.837,ok,3885968341
577a08f8068591ae54013e1fd3c1146f,elargir,0.1,True,4,False,True,0.100000,4.405,ok,3885968341
577a08f8068591ae54013e1fd3c1146f,elargir,0.25,False,4,False,True,0.250000,2.629,ok,4093167791
577a08f8068591ae54013e1fd3c1146f,elargir,0.25,True,4,False,True,0.250000,4.249,ok,4093167791
577a08f8068591ae54013e1fd3c1146f,elargir,0.5,False,4,False,False,,2.559,invariant_viole,3412155357
577a08f8068591ae54013e1fd3c1146f,elargir,0.5,True,4,False,True,0.500000,4.303,ok,3412155357
577a08f8068591ae54013e1fd3c1146f,elargir,1.0,False,4,False,True,1.000000,2.426,ok,3829723878
577a08f8068591ae54013e1fd3c1146f,elargir,1.0,True,4,False,True,1.000000,4.973,ok,3829723878
577a08f8068591ae54013e1fd3c1146f,retrecir,0.1,False,4,False,False,,2.510,invariant_viole,3087068285
577a08f8068591ae54013e1fd3c1146f,retrecir,0.1,True,4,False,True,0.100000,3.820,ok,3087068285
577a08f8068591ae54013e1fd3c1146f,retrecir,0.25,False,4,False,False,,2.359,invariant_viole,1424677114
577a08f8068591ae54013e1fd3c1146f,retrecir,0.25,True,4,False,True,0.250000,4.013,ok,1424677114
577a08f8068591ae54013e1fd3c1146f,retrecir,0.5,False,4,False,False,,2.619,invariant_viole,3825405251
577a08f8068591ae54013e1fd3c1146f,retrecir,0.5,True,4,False,True,0.500000,3.881,ok,3825405251
577a08f8068591ae54013e1fd3c1146f,retrecir,1.0,False,4,False,False,,2.417,invariant_viole,134277650
577a08f8068591ae54013e1fd3c1146f,retrecir,1.0,True,4,False,True,0.778622,4.865,ok,134277650
577a08f8068591ae54013e1fd3c1146f,aplatir,0.1,False,4,False,False,,2.459,invariant_viole,4293306616
577a08f8068591ae54013e1fd3c1146f,aplatir,0.1,True,4,False,True,0.100000,3.880,ok,4293306616
577a08f8068591ae54013e1fd3c1146f,aplatir,0.25,False,4,False,False,,3.264,invariant_viole,593095709
577a08f8068591ae54013e1fd3c1146f,aplatir,0.25,True,4,False,True,0.250000,4.329,ok,593095709
577a08f8068591ae54013e1fd3c1146f,aplatir,0.5,False,4,False,False,,2.452,invariant_viole,1402604907
577a08f8068591ae54013e1fd3c1146f,aplatir,0.5,True,4,False,True,0.500000,3.958,ok,1402604907
577a08f8068591ae54013e1fd3c1146f,aplatir,1.0,False,4,False,False,,2.376,invariant_viole,2395968785
577a08f8068591ae54013e1fd3c1146f,aplatir,1.0,True,4,False,True,1.000000,3.893,ok,2395968785
4920f49a2ba49e1d0e46765344c4c161,deplacer,0.1,False,6,False,True,0.100000,4.150,ok,1103814916
4920f49a2ba49e1d0e46765344c4c161,deplacer,0.1,True,6,False,True,0.100000,5.495,ok,1103814916
4920f49a2ba49e1d0e46765344c4c161,deplacer,0.25,False,6,False,True,0.250000,3.809,ok,1386341279
4920f49a2ba49e1d0e46765344c4c161,deplacer,0.25,True,6,False,True,0.250000,5.177,ok,1386341279
4920f49a2ba49e1d0e46765344c4c161,deplacer,0.5,False,6,False,True,0.500000,3.736,ok,3876257875
4920f49a2ba49e1d0e46765344c4c161,deplacer,0.5,True,6,False,True,0.500000,5.411,ok,3876257875
4920f49a2ba49e1d0e46765344c4c161,deplacer,1.0,False,6,False,False,,5.101,invariant_viole,2931915646
4920f49a2ba49e1d0e46765344c4c161,deplacer,1.0,True,6,False,True,1.000000,6.139,ok,2931915646
4920f49a2ba49e1d0e46765344c4c161,elargir,0.1,False,6,False,True,0.100000,3.912,ok,1957201868
4920f49a2ba49e1d0e46765344c4c161,elargir,0.1,True,6,False,True,0.100000,5.285,ok,1957201868
4920f49a2ba49e1d0e46765344c4c161,elargir,0.25,False,6,False,True,0.250000,3.876,ok,1717464532
4920f49a2ba49e1d0e46765344c4c161,elargir,0.25,True,6,False,True,0.250000,5.230,ok,1717464532
4920f49a2ba49e1d0e46765344c4c161,elargir,0.5,False,6,False,False,,3.938,invariant_viole,1658224660
4920f49a2ba49e1d0e46765344c4c161,elargir,0.5,True,6,False,True,0.500000,5.713,ok,1658224660
4920f49a2ba49e1d0e46765344c4c161,elargir,1.0,False,6,False,True,1.000000,6.047,ok,1139320402
4920f49a2ba49e1d0e46765344c4c161,elargir,1.0,True,6,False,True,1.000000,6.006,ok,1139320402
4920f49a2ba49e1d0e46765344c4c161,retrecir,0.1,False,6,False,False,,3.782,invariant_viole,961596469
4920f49a2ba49e1d0e46765344c4c161,retrecir,0.1,True,6,False,True,0.100000,5.522,ok,961596469
4920f49a2ba49e1d0e46765344c4c161,retrecir,0.25,False,6,False,False,,4.689,invariant_viole,3523661334
4920f49a2ba49e1d0e46765344c4c161,retrecir,0.25,True,6,False,True,0.250000,6.481,ok,3523661334
4920f49a2ba49e1d0e46765344c4c161,retrecir,0.5,False,6,False,False,,4.419,invariant_viole,972059944
4920f49a2ba49e1d0e46765344c4c161,retrecir,0.5,True,6,False,True,0.500000,6.435,ok,972059944
4920f49a2ba49e1d0e46765344c4c161,retrecir,1.0,False,6,False,False,,3.869,invariant_viole,3406831274
4920f49a2ba49e1d0e46765344c4c161,retrecir,1.0,True,6,False,True,1.000000,6.261,ok,3406831274
4920f49a2ba49e1d0e46765344c4c161,aplatir,0.1,False,6,False,False,,3.894,invariant_viole,3175485079
4920f49a2ba49e1d0e46765344c4c161,aplatir,0.1,True,6,False,True,0.100000,5.279,ok,3175485079
4920f49a2ba49e1d0e46765344c4c161,aplatir,0.25,False,6,False,False,,4.099,invariant_viole,558552457
4920f49a2ba49e1d0e46765344c4c161,aplatir,0.25,True,6,False,True,0.250000,5.270,ok,558552457
4920f49a2ba49e1d0e46765344c4c161,aplatir,0.5,False,6,False,False,,4.531,invariant_viole,2863529782
4920f49a2ba49e1d0e46765344c4c161,aplatir,0.5,True,6,False,True,0.500000,7.658,ok,2863529782
4920f49a2ba49e1d0e46765344c4c161,aplatir,1.0,False,6,False,False,,4.424,invariant_viole,1248921457
4920f49a2ba49e1d0e46765344c4c161,aplatir,1.0,True,6,False,True,1.000000,5.935,ok,1248921457
dfe3bb191eedbc9b5844d98e78d9e239,deplacer,0.1,False,9,False,False,,5.339,invariant_viole,1076763952
dfe3bb191eedbc9b5844d98e78d9e239,deplacer,0.1,True,9,False,True,0.100000,7.316,ok,1076763952
dfe3bb191eedbc9b5844d98e78d9e239,deplacer,0.25,False,9,False,False,,5.231,invariant_viole,2358964625
dfe3bb191eedbc9b5844d98e78d9e239,deplacer,0.25,True,9,False,True,0.250000,7.639,ok,2358964625
dfe3bb191eedbc9b5844d98e78d9e239,deplacer,0.5,False,9,False,True,0.500000,8.183,ok,3123278960
dfe3bb191eedbc9b5844d98e78d9e239,deplacer,0.5,True,9,False,True,0.500000,8.103,ok,3123278960
dfe3bb191eedbc9b5844d98e78d9e239,deplacer,1.0,False,9,False,False,,6.147,invariant_viole,2853221281
dfe3bb191eedbc9b5844d98e78d9e239,deplacer,1.0,True,9,False,True,1.000000,7.717,ok,2853221281
dfe3bb191eedbc9b5844d98e78d9e239,elargir,0.1,False,9,False,False,,6.389,invariant_viole,425588873
dfe3bb191eedbc9b5844d98e78d9e239,elargir,0.1,True,9,False,False,,10.450,infaisable,425588873
dfe3bb191eedbc9b5844d98e78d9e239,elargir,0.25,False,9,False,False,,6.331,invariant_viole,1363258801
dfe3bb191eedbc9b5844d98e78d9e239,elargir,0.25,True,9,False,True,0.250000,7.625,ok,1363258801
dfe3bb191eedbc9b5844d98e78d9e239,elargir,0.5,False,9,False,False,,5.152,invariant_viole,1965314865
dfe3bb191eedbc9b5844d98e78d9e239,elargir,0.5,True,9,False,True,0.500000,10.549,ok,1965314865
dfe3bb191eedbc9b5844d98e78d9e239,elargir,1.0,False,9,False,False,,5.288,invariant_viole,437200663
dfe3bb191eedbc9b5844d98e78d9e239,elargir,1.0,True,9,False,False,,7.203,infaisable,437200663
dfe3bb191eedbc9b5844d98e78d9e239,retrecir,0.1,False,9,False,False,,4.990,invariant_viole,2568634447
dfe3bb191eedbc9b5844d98e78d9e239,retrecir,0.1,True,9,False,True,0.100000,7.658,ok,2568634447
dfe3bb191eedbc9b5844d98e78d9e239,retrecir,0.25,False,9,False,False,,5.456,invariant_viole,1708567997
dfe3bb191eedbc9b5844d98e78d9e239,retrecir,0.25,True,9,False,True,0.119552,8.504,ok,1708567997
dfe3bb191eedbc9b5844d98e78d9e239,retrecir,0.5,False,9,False,False,,5.142,invariant_viole,3882640153
dfe3bb191eedbc9b5844d98e78d9e239,retrecir,0.5,True,9,False,True,0.500000,8.875,ok,3882640153
dfe3bb191eedbc9b5844d98e78d9e239,retrecir,1.0,False,9,False,True,1.000000,6.114,ok,1128744601
dfe3bb191eedbc9b5844d98e78d9e239,retrecir,1.0,True,9,False,True,1.000000,7.541,ok,1128744601
dfe3bb191eedbc9b5844d98e78d9e239,aplatir,0.1,False,9,False,False,,6.724,invariant_viole,3729519127
dfe3bb191eedbc9b5844d98e78d9e239,aplatir,0.1,True,9,False,True,0.100000,8.561,ok,3729519127
dfe3bb191eedbc9b5844d98e78d9e239,aplatir,0.25,False,9,False,False,,5.216,invariant_viole,2411157733
dfe3bb191eedbc9b5844d98e78d9e239,aplatir,0.25,True,9,False,True,0.250000,7.460,ok,2411157733
dfe3bb191eedbc9b5844d98e78d9e239,aplatir,0.5,False,9,False,False,,4.990,invariant_viole,1739002131
dfe3bb191eedbc9b5844d98e78d9e239,aplatir,0.5,True,9,False,True,0.500000,7.925,ok,1739002131
dfe3bb191eedbc9b5844d98e78d9e239,aplatir,1.0,False,9,False,False,,5.816,invariant_viole,1477187521
dfe3bb191eedbc9b5844d98e78d9e239,aplatir,1.0,True,9,False,True,0.759640,8.298,ok,1477187521
c4172f6dd3d85c6ed15c1fee7bdcf015,deplacer,0.1,False,14,False,False,,8.696,invariant_viole,2703742704
c4172f6dd3d85c6ed15c1fee7bdcf015,deplacer,0.1,True,14,False,True,0.100000,10.019,ok,2703742704
c4172f6dd3d85c6ed15c1fee7bdcf015,deplacer,0.25,False,14,False,False,,8.411,invariant_viole,943004378
c4172f6dd3d85c6ed15c1fee7bdcf015,deplacer,0.25,True,14,False,False,,13.443,infaisable,943004378
c4172f6dd3d85c6ed15c1fee7bdcf015,deplacer,0.5,False,14,False,True,0.500000,10.153,ok,2503347609
c4172f6dd3d85c6ed15c1fee7bdcf015,deplacer,0.5,True,14,False,True,0.500000,7.727,ok,2503347609
c4172f6dd3d85c6ed15c1fee7bdcf015,deplacer,1.0,False,14,False,False,,8.334,invariant_viole,603787715
c4172f6dd3d85c6ed15c1fee7bdcf015,deplacer,1.0,True,14,False,True,1.000000,8.583,ok,603787715
c4172f6dd3d85c6ed15c1fee7bdcf015,elargir,0.1,False,14,False,True,0.100000,12.327,ok,3722556482
c4172f6dd3d85c6ed15c1fee7bdcf015,elargir,0.1,True,14,False,True,0.100000,8.407,ok,3722556482
c4172f6dd3d85c6ed15c1fee7bdcf015,elargir,0.25,False,14,False,True,0.250000,11.104,ok,1217439604
c4172f6dd3d85c6ed15c1fee7bdcf015,elargir,0.25,True,14,False,True,0.250000,7.940,ok,1217439604
c4172f6dd3d85c6ed15c1fee7bdcf015,elargir,0.5,False,14,False,True,0.500000,10.804,ok,3505455322
c4172f6dd3d85c6ed15c1fee7bdcf015,elargir,0.5,True,14,False,True,0.500000,8.293,ok,3505455322
c4172f6dd3d85c6ed15c1fee7bdcf015,elargir,1.0,False,14,False,False,,8.138,invariant_viole,1570882714
c4172f6dd3d85c6ed15c1fee7bdcf015,elargir,1.0,True,14,False,True,1.000000,8.221,ok,1570882714
c4172f6dd3d85c6ed15c1fee7bdcf015,retrecir,0.1,False,14,False,False,,7.596,invariant_viole,2464964079
c4172f6dd3d85c6ed15c1fee7bdcf015,retrecir,0.1,True,14,False,True,0.100000,8.380,ok,2464964079
c4172f6dd3d85c6ed15c1fee7bdcf015,retrecir,0.25,False,14,False,False,,8.076,invariant_viole,3974155449
c4172f6dd3d85c6ed15c1fee7bdcf015,retrecir,0.25,True,14,False,True,0.250000,7.334,ok,3974155449
c4172f6dd3d85c6ed15c1fee7bdcf015,retrecir,0.5,False,14,False,False,,7.857,invariant_viole,179879368
c4172f6dd3d85c6ed15c1fee7bdcf015,retrecir,0.5,True,14,False,True,0.500000,8.272,ok,179879368
c4172f6dd3d85c6ed15c1fee7bdcf015,retrecir,1.0,False,14,False,False,,8.063,invariant_viole,552713232
c4172f6dd3d85c6ed15c1fee7bdcf015,retrecir,1.0,True,14,False,True,0.904795,8.170,ok,552713232
c4172f6dd3d85c6ed15c1fee7bdcf015,aplatir,0.1,False,14,False,False,,10.585,invariant_viole,3101571492
c4172f6dd3d85c6ed15c1fee7bdcf015,aplatir,0.1,True,14,False,True,0.100000,7.718,ok,3101571492
c4172f6dd3d85c6ed15c1fee7bdcf015,aplatir,0.25,False,14,False,False,,8.014,invariant_viole,3513205270
c4172f6dd3d85c6ed15c1fee7bdcf015,aplatir,0.25,True,14,False,True,0.250000,9.804,ok,3513205270
c4172f6dd3d85c6ed15c1fee7bdcf015,aplatir,0.5,False,14,False,False,,9.787,invariant_viole,1291225857
c4172f6dd3d85c6ed15c1fee7bdcf015,aplatir,0.5,True,14,False,True,0.500000,7.588,ok,1291225857
c4172f6dd3d85c6ed15c1fee7bdcf015,aplatir,1.0,False,14,False,False,,9.286,invariant_viole,4177475339
c4172f6dd3d85c6ed15c1fee7bdcf015,aplatir,1.0,True,14,False,True,1.000000,10.240,ok,4177475339
82d319fbb2ca4e477b62bae02a5f361c,deplacer,0.1,False,10,False,True,0.100000,9.071,ok,1055694422
82d319fbb2ca4e477b62bae02a5f361c,deplacer,0.1,True,10,False,True,0.100000,8.264,ok,1055694422
82d319fbb2ca4e477b62bae02a5f361c,deplacer,0.25,False,10,False,True,0.250000,7.004,ok,1249707739
82d319fbb2ca4e477b62bae02a5f361c,deplacer,0.25,True,10,False,True,0.250000,7.402,ok,1249707739
82d319fbb2ca4e477b62bae02a5f361c,deplacer,0.5,False,10,False,True,0.500000,7.647,ok,2186685084
82d319fbb2ca4e477b62bae02a5f361c,deplacer,0.5,True,10,False,True,0.500000,6.652,ok,2186685084
82d319fbb2ca4e477b62bae02a5f361c,deplacer,1.0,False,10,False,False,,5.456,invariant_viole,3314998460
82d319fbb2ca4e477b62bae02a5f361c,deplacer,1.0,True,10,False,True,1.000000,6.697,ok,3314998460
82d319fbb2ca4e477b62bae02a5f361c,elargir,0.1,False,10,False,True,0.100000,7.557,ok,1854529564
82d319fbb2ca4e477b62bae02a5f361c,elargir,0.1,True,10,False,True,0.100000,6.506,ok,1854529564
82d319fbb2ca4e477b62bae02a5f361c,elargir,0.25,False,10,False,True,0.250000,8.351,ok,1476825641
82d319fbb2ca4e477b62bae02a5f361c,elargir,0.25,True,10,False,True,0.250000,9.234,ok,1476825641
82d319fbb2ca4e477b62bae02a5f361c,elargir,0.5,False,10,False,True,0.500000,8.067,ok,3501774387
82d319fbb2ca4e477b62bae02a5f361c,elargir,0.5,True,10,False,True,0.500000,7.597,ok,3501774387
82d319fbb2ca4e477b62bae02a5f361c,elargir,1.0,False,10,False,True,1.000000,10.977,ok,2725336435
82d319fbb2ca4e477b62bae02a5f361c,elargir,1.0,True,10,False,True,1.000000,7.709,ok,2725336435
82d319fbb2ca4e477b62bae02a5f361c,retrecir,0.1,False,10,False,False,,6.031,invariant_viole,2838007004
82d319fbb2ca4e477b62bae02a5f361c,retrecir,0.1,True,10,False,True,0.100000,7.488,ok,2838007004
82d319fbb2ca4e477b62bae02a5f361c,retrecir,0.25,False,10,False,True,0.250000,8.277,ok,291348479
82d319fbb2ca4e477b62bae02a5f361c,retrecir,0.25,True,10,False,True,0.250000,7.016,ok,291348479
82d319fbb2ca4e477b62bae02a5f361c,retrecir,0.5,False,10,False,False,,5.476,invariant_viole,173728551
82d319fbb2ca4e477b62bae02a5f361c,retrecir,0.5,True,10,False,True,0.500000,6.981,ok,173728551
82d319fbb2ca4e477b62bae02a5f361c,retrecir,1.0,False,10,False,False,,5.309,invariant_viole,791925141
82d319fbb2ca4e477b62bae02a5f361c,retrecir,1.0,True,10,False,True,1.000000,7.041,ok,791925141
82d319fbb2ca4e477b62bae02a5f361c,aplatir,0.1,False,10,False,False,,5.488,invariant_viole,1809012518
82d319fbb2ca4e477b62bae02a5f361c,aplatir,0.1,True,10,False,True,0.100000,6.857,ok,1809012518
82d319fbb2ca4e477b62bae02a5f361c,aplatir,0.25,False,10,False,False,,7.093,invariant_viole,3458341741
82d319fbb2ca4e477b62bae02a5f361c,aplatir,0.25,True,10,False,True,0.250000,6.655,ok,3458341741
82d319fbb2ca4e477b62bae02a5f361c,aplatir,0.5,False,10,False,False,,5.890,invariant_viole,1015748877
82d319fbb2ca4e477b62bae02a5f361c,aplatir,0.5,True,10,False,True,0.500000,7.353,ok,1015748877
82d319fbb2ca4e477b62bae02a5f361c,aplatir,1.0,False,10,False,False,,6.631,invariant_viole,146146715
82d319fbb2ca4e477b62bae02a5f361c,aplatir,1.0,True,10,False,True,1.000000,9.158,ok,146146715
d5d48f4fce4b153904062d9f38ffc333,deplacer,0.1,False,14,False,True,0.100000,10.607,ok,3499794270
d5d48f4fce4b153904062d9f38ffc333,deplacer,0.1,True,14,False,True,0.100000,7.975,ok,3499794270
d5d48f4fce4b153904062d9f38ffc333,deplacer,0.25,False,14,False,False,,8.188,invariant_viole,1764413213
d5d48f4fce4b153904062d9f38ffc333,deplacer,0.25,True,14,False,True,0.250000,8.969,ok,1764413213
d5d48f4fce4b153904062d9f38ffc333,deplacer,0.5,False,14,False,True,0.500000,8.237,ok,3720550108
d5d48f4fce4b153904062d9f38ffc333,deplacer,0.5,True,14,False,True,0.500000,9.853,ok,3720550108
d5d48f4fce4b153904062d9f38ffc333,deplacer,1.0,False,14,False,False,,14.305,invariant_viole,1297077255
d5d48f4fce4b153904062d9f38ffc333,deplacer,1.0,True,14,False,True,1.191677,11.285,ok,1297077255
d5d48f4fce4b153904062d9f38ffc333,elargir,0.1,False,14,False,False,,7.847,invariant_viole,1643636548
d5d48f4fce4b153904062d9f38ffc333,elargir,0.1,True,14,False,True,1.887476,8.529,ok,1643636548
d5d48f4fce4b153904062d9f38ffc333,elargir,0.25,False,14,False,True,0.250000,9.095,ok,1199450129
d5d48f4fce4b153904062d9f38ffc333,elargir,0.25,True,14,False,False,,9.002,invariant_viole,1199450129
d5d48f4fce4b153904062d9f38ffc333,elargir,0.5,False,14,False,True,0.500000,10.363,ok,1891663542
d5d48f4fce4b153904062d9f38ffc333,elargir,0.5,True,14,False,True,0.500000,8.349,ok,1891663542
d5d48f4fce4b153904062d9f38ffc333,elargir,1.0,False,14,False,False,,8.780,invariant_viole,3207508101
d5d48f4fce4b153904062d9f38ffc333,elargir,1.0,True,14,False,False,,11.548,infaisable,3207508101
d5d48f4fce4b153904062d9f38ffc333,retrecir,0.1,False,14,False,False,,9.546,invariant_viole,571356038
d5d48f4fce4b153904062d9f38ffc333,retrecir,0.1,True,14,False,True,0.100000,8.870,ok,571356038
d5d48f4fce4b153904062d9f38ffc333,retrecir,0.25,False,14,False,False,,7.871,invariant_viole,2060445464
d5d48f4fce4b153904062d9f38ffc333,retrecir,0.25,True,14,False,True,0.250000,11.293,ok,2060445464
d5d48f4fce4b153904062d9f38ffc333,retrecir,0.5,False,14,False,True,0.500000,9.646,ok,2511611188
d5d48f4fce4b153904062d9f38ffc333,retrecir,0.5,True,14,False,True,0.500000,9.217,ok,2511611188
d5d48f4fce4b153904062d9f38ffc333,retrecir,1.0,False,14,False,False,,7.905,invariant_viole,1836213100
d5d48f4fce4b153904062d9f38ffc333,retrecir,1.0,True,14,False,True,1.000000,8.339,ok,1836213100
d5d48f4fce4b153904062d9f38ffc333,aplatir,0.1,False,14,False,False,,7.668,invariant_viole,2275657186
d5d48f4fce4b153904062d9f38ffc333,aplatir,0.1,True,14,False,True,0.100000,7.972,ok,2275657186
d5d48f4fce4b153904062d9f38ffc333,aplatir,0.25,False,14,False,False,,7.758,invariant_viole,1421391445
d5d48f4fce4b153904062d9f38ffc333,aplatir,0.25,True,14,False,True,0.250000,9.047,ok,1421391445
d5d48f4fce4b153904062d9f38ffc333,aplatir,0.5,False,14,False,False,,8.405,invariant_viole,4128175021
d5d48f4fce4b153904062d9f38ffc333,aplatir,0.5,True,14,False,True,0.500000,9.706,ok,4128175021
d5d48f4fce4b153904062d9f38ffc333,aplatir,1.0,False,14,False,False,,8.109,invariant_viole,3525726453
d5d48f4fce4b153904062d9f38ffc333,aplatir,1.0,True,14,False,True,0.862228,8.377,ok,3525726453
f8206510d96232a8f08bdfb1404f6cee,deplacer,0.1,False,14,False,False,,8.122,invariant_viole,2537657366
f8206510d96232a8f08bdfb1404f6cee,deplacer,0.1,True,14,False,True,0.100000,8.051,ok,2537657366
f8206510d96232a8f08bdfb1404f6cee,deplacer,0.25,False,14,False,False,,7.241,invariant_viole,485888800
f8206510d96232a8f08bdfb1404f6cee,deplacer,0.25,True,14,False,True,2.214917,7.891,ok,485888800
f8206510d96232a8f08bdfb1404f6cee,deplacer,0.5,False,14,False,True,0.500000,8.658,ok,2234246912
f8206510d96232a8f08bdfb1404f6cee,deplacer,0.5,True,14,False,True,0.500000,10.882,ok,2234246912
f8206510d96232a8f08bdfb1404f6cee,deplacer,1.0,False,14,False,True,1.000000,8.954,ok,4140245252
f8206510d96232a8f08bdfb1404f6cee,deplacer,1.0,True,14,False,True,1.000000,11.681,ok,4140245252
f8206510d96232a8f08bdfb1404f6cee,elargir,0.1,False,14,False,True,0.100000,7.733,ok,3102657715
f8206510d96232a8f08bdfb1404f6cee,elargir,0.1,True,14,False,True,0.100000,10.014,ok,3102657715
f8206510d96232a8f08bdfb1404f6cee,elargir,0.25,False,14,False,True,0.250000,9.489,ok,3376939303
f8206510d96232a8f08bdfb1404f6cee,elargir,0.25,True,14,False,True,0.250000,8.919,ok,3376939303
f8206510d96232a8f08bdfb1404f6cee,elargir,0.5,False,14,False,True,0.500000,7.615,ok,1279402923
f8206510d96232a8f08bdfb1404f6cee,elargir,0.5,True,14,False,True,0.500000,7.826,ok,1279402923
f8206510d96232a8f08bdfb1404f6cee,elargir,1.0,False,14,False,True,1.000000,7.350,ok,3115609959
f8206510d96232a8f08bdfb1404f6cee,elargir,1.0,True,14,False,True,1.000000,8.973,ok,3115609959
f8206510d96232a8f08bdfb1404f6cee,retrecir,0.1,False,14,False,False,,10.363,invariant_viole,433762071
f8206510d96232a8f08bdfb1404f6cee,retrecir,0.1,True,14,False,True,0.100000,8.226,ok,433762071
f8206510d96232a8f08bdfb1404f6cee,retrecir,0.25,False,14,False,False,,7.769,invariant_viole,4192399805
f8206510d96232a8f08bdfb1404f6cee,retrecir,0.25,True,14,False,True,0.250000,7.538,ok,4192399805
f8206510d96232a8f08bdfb1404f6cee,retrecir,0.5,False,14,False,False,,7.748,invariant_viole,3210910300
f8206510d96232a8f08bdfb1404f6cee,retrecir,0.5,True,14,False,True,0.500000,7.962,ok,3210910300
f8206510d96232a8f08bdfb1404f6cee,retrecir,1.0,False,14,False,False,,8.174,invariant_viole,3617539539
f8206510d96232a8f08bdfb1404f6cee,retrecir,1.0,True,14,False,True,0.908652,7.604,ok,3617539539
f8206510d96232a8f08bdfb1404f6cee,aplatir,0.1,False,14,False,False,,7.279,invariant_viole,2629323499
f8206510d96232a8f08bdfb1404f6cee,aplatir,0.1,True,14,False,True,0.100000,7.927,ok,2629323499
f8206510d96232a8f08bdfb1404f6cee,aplatir,0.25,False,14,False,False,,7.834,invariant_viole,4261634387
f8206510d96232a8f08bdfb1404f6cee,aplatir,0.25,True,14,False,True,0.250000,9.984,ok,4261634387
f8206510d96232a8f08bdfb1404f6cee,aplatir,0.5,False,14,False,False,,8.236,invariant_viole,4283116909
f8206510d96232a8f08bdfb1404f6cee,aplatir,0.5,True,14,False,True,0.500000,8.993,ok,4283116909
f8206510d96232a8f08bdfb1404f6cee,aplatir,1.0,False,14,False,False,,7.388,invariant_viole,1932037571
f8206510d96232a8f08bdfb1404f6cee,aplatir,1.0,True,14,False,True,1.000000,8.251,ok,1932037571
81dd8a40e4f3047d3bf9e10b5147fe46,deplacer,0.1,False,10,False,False,,5.646,invariant_viole,1232011527
81dd8a40e4f3047d3bf9e10b5147fe46,deplacer,0.1,True,10,False,True,0.100000,8.480,ok,1232011527
81dd8a40e4f3047d3bf9e10b5147fe46,deplacer,0.25,False,10,False,True,0.250000,5.486,ok,923136518
81dd8a40e4f3047d3bf9e10b5147fe46,deplacer,0.25,True,10,False,True,0.250000,8.834,ok,923136518
81dd8a40e4f3047d3bf9e10b5147fe46,deplacer,0.5,False,10,False,True,0.500000,5.483,ok,1627190475
81dd8a40e4f3047d3bf9e10b5147fe46,deplacer,0.5,True,10,False,False,,8.566,infaisable,1627190475
81dd8a40e4f3047d3bf9e10b5147fe46,deplacer,1.0,False,10,False,True,1.000000,7.308,ok,3818228100
81dd8a40e4f3047d3bf9e10b5147fe46,deplacer,1.0,True,10,False,True,1.000000,8.274,ok,3818228100
81dd8a40e4f3047d3bf9e10b5147fe46,elargir,0.1,False,10,False,True,0.100000,5.550,ok,578662647
81dd8a40e4f3047d3bf9e10b5147fe46,elargir,0.1,True,10,False,True,0.100000,11.409,ok,578662647
81dd8a40e4f3047d3bf9e10b5147fe46,elargir,0.25,False,10,False,True,0.250000,5.579,ok,3358366515
81dd8a40e4f3047d3bf9e10b5147fe46,elargir,0.25,True,10,False,True,0.250000,8.893,ok,3358366515
81dd8a40e4f3047d3bf9e10b5147fe46,elargir,0.5,False,10,False,True,0.500000,8.882,ok,3190355435
81dd8a40e4f3047d3bf9e10b5147fe46,elargir,0.5,True,10,False,True,0.500000,8.031,ok,3190355435
81dd8a40e4f3047d3bf9e10b5147fe46,elargir,1.0,False,10,False,True,1.000000,5.488,ok,2092743232
81dd8a40e4f3047d3bf9e10b5147fe46,elargir,1.0,True,10,False,True,1.000000,8.167,ok,2092743232
81dd8a40e4f3047d3bf9e10b5147fe46,retrecir,0.1,False,10,False,False,,6.970,invariant_viole,808719044
81dd8a40e4f3047d3bf9e10b5147fe46,retrecir,0.1,True,10,False,True,0.100000,9.190,ok,808719044
81dd8a40e4f3047d3bf9e10b5147fe46,retrecir,0.25,False,10,False,True,0.250000,5.432,ok,161482847
81dd8a40e4f3047d3bf9e10b5147fe46,retrecir,0.25,True,10,False,True,0.250000,5.900,ok,161482847
81dd8a40e4f3047d3bf9e10b5147fe46,retrecir,0.5,False,10,False,False,,5.498,invariant_viole,889845160
81dd8a40e4f3047d3bf9e10b5147fe46,retrecir,0.5,True,10,False,True,0.500000,7.948,ok,889845160
81dd8a40e4f3047d3bf9e10b5147fe46,retrecir,1.0,False,10,False,False,,7.475,invariant_viole,2396585930
81dd8a40e4f3047d3bf9e10b5147fe46,retrecir,1.0,True,10,False,True,1.000000,10.101,ok,2396585930
81dd8a40e4f3047d3bf9e10b5147fe46,aplatir,0.1,False,10,False,False,,5.957,invariant_viole,40577381
81dd8a40e4f3047d3bf9e10b5147fe46,aplatir,0.1,True,10,False,True,0.100000,9.368,ok,40577381
81dd8a40e4f3047d3bf9e10b5147fe46,aplatir,0.25,False,10,False,False,,7.488,invariant_viole,1069792243
81dd8a40e4f3047d3bf9e10b5147fe46,aplatir,0.25,True,10,False,True,0.250000,11.777,ok,1069792243
81dd8a40e4f3047d3bf9e10b5147fe46,aplatir,0.5,False,10,False,False,,6.079,invariant_viole,1010875923
81dd8a40e4f3047d3bf9e10b5147fe46,aplatir,0.5,True,10,False,True,0.500000,8.107,ok,1010875923
81dd8a40e4f3047d3bf9e10b5147fe46,aplatir,1.0,False,10,False,False,,6.230,invariant_viole,4233692715
81dd8a40e4f3047d3bf9e10b5147fe46,aplatir,1.0,True,10,False,True,1.000000,8.484,ok,4233692715
2b3d45967d59c532406f57412d5ffeaf,deplacer,0.1,False,14,False,True,0.100000,8.034,ok,2558550709
2b3d45967d59c532406f57412d5ffeaf,deplacer,0.1,True,14,False,True,0.100000,7.529,ok,2558550709
2b3d45967d59c532406f57412d5ffeaf,deplacer,0.25,False,14,False,True,0.250000,9.816,ok,1828751980
2b3d45967d59c532406f57412d5ffeaf,deplacer,0.25,True,14,False,True,0.250000,8.888,ok,1828751980
2b3d45967d59c532406f57412d5ffeaf,deplacer,0.5,False,14,False,True,0.500000,10.658,ok,761193674
2b3d45967d59c532406f57412d5ffeaf,deplacer,0.5,True,14,False,True,0.500000,7.708,ok,761193674
2b3d45967d59c532406f57412d5ffeaf,deplacer,1.0,False,14,False,False,,7.952,invariant_viole,4167093896
2b3d45967d59c532406f57412d5ffeaf,deplacer,1.0,True,14,False,False,,10.578,infaisable,4167093896
2b3d45967d59c532406f57412d5ffeaf,elargir,0.1,False,14,False,True,0.100000,11.855,ok,3920498053
2b3d45967d59c532406f57412d5ffeaf,elargir,0.1,True,14,False,True,0.100000,8.415,ok,3920498053
2b3d45967d59c532406f57412d5ffeaf,elargir,0.25,False,14,False,True,0.250000,7.402,ok,3070436123
2b3d45967d59c532406f57412d5ffeaf,elargir,0.25,True,14,False,True,0.250000,9.666,ok,3070436123
2b3d45967d59c532406f57412d5ffeaf,elargir,0.5,False,14,False,True,0.500000,7.493,ok,3095578603
2b3d45967d59c532406f57412d5ffeaf,elargir,0.5,True,14,False,True,0.500000,7.584,ok,3095578603
2b3d45967d59c532406f57412d5ffeaf,elargir,1.0,False,14,False,True,1.000000,7.910,ok,569392696
2b3d45967d59c532406f57412d5ffeaf,elargir,1.0,True,14,False,True,1.000000,9.182,ok,569392696
2b3d45967d59c532406f57412d5ffeaf,retrecir,0.1,False,14,False,False,,7.324,invariant_viole,1093631883
2b3d45967d59c532406f57412d5ffeaf,retrecir,0.1,True,14,False,True,0.100000,8.049,ok,1093631883
2b3d45967d59c532406f57412d5ffeaf,retrecir,0.25,False,14,False,False,,7.996,invariant_viole,3642977145
2b3d45967d59c532406f57412d5ffeaf,retrecir,0.25,True,14,False,True,0.250000,8.248,ok,3642977145
2b3d45967d59c532406f57412d5ffeaf,retrecir,0.5,False,14,False,True,0.500000,7.466,ok,3031050499
2b3d45967d59c532406f57412d5ffeaf,retrecir,0.5,True,14,False,True,0.500000,8.270,ok,3031050499
2b3d45967d59c532406f57412d5ffeaf,retrecir,1.0,False,14,False,True,0.386682,10.570,ok,2482244681
2b3d45967d59c532406f57412d5ffeaf,retrecir,1.0,True,14,False,True,0.386682,8.229,ok,2482244681
2b3d45967d59c532406f57412d5ffeaf,aplatir,0.1,False,14,False,False,,9.375,invariant_viole,1233665153
2b3d45967d59c532406f57412d5ffeaf,aplatir,0.1,True,14,False,True,0.100000,7.734,ok,1233665153
2b3d45967d59c532406f57412d5ffeaf,aplatir,0.25,False,14,False,False,,8.351,invariant_viole,1237290263
2b3d45967d59c532406f57412d5ffeaf,aplatir,0.25,True,14,False,True,0.250000,9.662,ok,1237290263
2b3d45967d59c532406f57412d5ffeaf,aplatir,0.5,False,14,False,False,,7.550,invariant_viole,4248153060
2b3d45967d59c532406f57412d5ffeaf,aplatir,0.5,True,14,False,False,,11.775,infaisable,4248153060
2b3d45967d59c532406f57412d5ffeaf,aplatir,1.0,False,14,False,False,,9.625,invariant_viole,3341803593
2b3d45967d59c532406f57412d5ffeaf,aplatir,1.0,True,14,False,True,1.000000,9.973,ok,3341803593
994786144475853e82ccb8af8ab12588,deplacer,0.1,False,14,False,True,0.100000,10.429,ok,1394813800
994786144475853e82ccb8af8ab12588,deplacer,0.1,True,14,False,True,0.100000,8.209,ok,1394813800
994786144475853e82ccb8af8ab12588,deplacer,0.25,False,14,False,False,,9.911,invariant_viole,2214267605
994786144475853e82ccb8af8ab12588,deplacer,0.25,True,14,False,True,1.389164,13.192,ok,2214267605
994786144475853e82ccb8af8ab12588,deplacer,0.5,False,14,False,True,0.500000,11.182,ok,2905148176
994786144475853e82ccb8af8ab12588,deplacer,0.5,True,14,False,True,0.500000,8.865,ok,2905148176
994786144475853e82ccb8af8ab12588,deplacer,1.0,False,14,False,True,1.000000,10.155,ok,616952150
994786144475853e82ccb8af8ab12588,deplacer,1.0,True,14,False,True,0.516771,8.048,ok,616952150
994786144475853e82ccb8af8ab12588,elargir,0.1,False,14,False,True,0.100000,10.151,ok,3391455257
994786144475853e82ccb8af8ab12588,elargir,0.1,True,14,False,True,0.100000,7.932,ok,3391455257
994786144475853e82ccb8af8ab12588,elargir,0.25,False,14,False,True,0.250000,9.848,ok,312606647
994786144475853e82ccb8af8ab12588,elargir,0.25,True,14,False,True,0.250000,7.486,ok,312606647
994786144475853e82ccb8af8ab12588,elargir,0.5,False,14,False,False,,7.444,invariant_viole,858452776
994786144475853e82ccb8af8ab12588,elargir,0.5,True,14,False,False,,9.764,infaisable,858452776
994786144475853e82ccb8af8ab12588,elargir,1.0,False,14,False,False,,8.203,invariant_viole,1915388736
994786144475853e82ccb8af8ab12588,elargir,1.0,True,14,False,True,1.000000,8.100,ok,1915388736
994786144475853e82ccb8af8ab12588,retrecir,0.1,False,14,False,False,,8.856,invariant_viole,506000887
994786144475853e82ccb8af8ab12588,retrecir,0.1,True,14,False,True,0.100000,7.650,ok,506000887
994786144475853e82ccb8af8ab12588,retrecir,0.25,False,14,False,False,,7.940,invariant_viole,2674506470
994786144475853e82ccb8af8ab12588,retrecir,0.25,True,14,False,True,0.250000,11.045,ok,2674506470
994786144475853e82ccb8af8ab12588,retrecir,0.5,False,14,False,False,,8.176,invariant_viole,239215614
994786144475853e82ccb8af8ab12588,retrecir,0.5,True,14,False,True,0.323206,7.709,ok,239215614
994786144475853e82ccb8af8ab12588,retrecir,1.0,False,14,False,True,1.000000,9.013,ok,4009669809
994786144475853e82ccb8af8ab12588,retrecir,1.0,True,14,False,True,1.000000,7.807,ok,4009669809
994786144475853e82ccb8af8ab12588,aplatir,0.1,False,14,False,False,,7.642,invariant_viole,2510673139
994786144475853e82ccb8af8ab12588,aplatir,0.1,True,14,False,True,0.100000,7.122,ok,2510673139
994786144475853e82ccb8af8ab12588,aplatir,0.25,False,14,False,False,,7.788,invariant_viole,3696733258
994786144475853e82ccb8af8ab12588,aplatir,0.25,True,14,False,True,0.250000,7.459,ok,3696733258
994786144475853e82ccb8af8ab12588,aplatir,0.5,False,14,False,False,,11.684,invariant_viole,1917002997
994786144475853e82ccb8af8ab12588,aplatir,0.5,True,14,False,True,0.500000,9.770,ok,1917002997
994786144475853e82ccb8af8ab12588,aplatir,1.0,False,14,False,True,1.000000,7.388,ok,2362092277
994786144475853e82ccb8af8ab12588,aplatir,1.0,True,14,False,True,1.000000,7.617,ok,2362092277
df5d1a6e6d005e236690ba3e51daa4b4,deplacer,0.1,False,11,False,True,0.100000,6.960,ok,2397829404
df5d1a6e6d005e236690ba3e51daa4b4,deplacer,0.1,True,11,False,True,0.100000,6.461,ok,2397829404
df5d1a6e6d005e236690ba3e51daa4b4,deplacer,0.25,False,11,False,True,0.250000,5.983,ok,2189965056
df5d1a6e6d005e236690ba3e51daa4b4,deplacer,0.25,True,11,False,True,0.250000,7.530,ok,2189965056
df5d1a6e6d005e236690ba3e51daa4b4,deplacer,0.5,False,11,False,True,0.500000,7.227,ok,486328720
df5d1a6e6d005e236690ba3e51daa4b4,deplacer,0.5,True,11,False,True,0.500000,6.694,ok,486328720
df5d1a6e6d005e236690ba3e51daa4b4,deplacer,1.0,False,11,False,True,1.000000,11.740,ok,3370691047
df5d1a6e6d005e236690ba3e51daa4b4,deplacer,1.0,True,11,False,True,1.000000,6.333,ok,3370691047
df5d1a6e6d005e236690ba3e51daa4b4,elargir,0.1,False,11,False,False,,6.509,invariant_viole,1793405805
df5d1a6e6d005e236690ba3e51daa4b4,elargir,0.1,True,11,False,True,0.100000,6.440,ok,1793405805
df5d1a6e6d005e236690ba3e51daa4b4,elargir,0.25,False,11,False,False,,8.196,invariant_viole,1667895291
df5d1a6e6d005e236690ba3e51daa4b4,elargir,0.25,True,11,False,True,0.250000,6.085,ok,1667895291
df5d1a6e6d005e236690ba3e51daa4b4,elargir,0.5,False,11,False,True,0.500000,6.032,ok,1141127216
df5d1a6e6d005e236690ba3e51daa4b4,elargir,0.5,True,11,False,True,0.500000,6.758,ok,1141127216
df5d1a6e6d005e236690ba3e51daa4b4,elargir,1.0,False,11,False,True,1.000000,6.163,ok,1775359775
df5d1a6e6d005e236690ba3e51daa4b4,elargir,1.0,True,11,False,True,1.000000,6.094,ok,1775359775
df5d1a6e6d005e236690ba3e51daa4b4,retrecir,0.1,False,11,False,False,,6.394,invariant_viole,1406687796
df5d1a6e6d005e236690ba3e51daa4b4,retrecir,0.1,True,11,False,True,0.100000,6.034,ok,1406687796
df5d1a6e6d005e236690ba3e51daa4b4,retrecir,0.25,False,11,False,False,,5.829,invariant_viole,1011054268
df5d1a6e6d005e236690ba3e51daa4b4,retrecir,0.25,True,11,False,True,0.250000,6.282,ok,1011054268
df5d1a6e6d005e236690ba3e51daa4b4,retrecir,0.5,False,11,False,False,,5.944,invariant_viole,1185217294
df5d1a6e6d005e236690ba3e51daa4b4,retrecir,0.5,True,11,False,True,0.500000,7.409,ok,1185217294
df5d1a6e6d005e236690ba3e51daa4b4,retrecir,1.0,False,11,False,False,,6.476,invariant_viole,472935257
df5d1a6e6d005e236690ba3e51daa4b4,retrecir,1.0,True,11,False,True,1.000000,7.677,ok,472935257
df5d1a6e6d005e236690ba3e51daa4b4,aplatir,0.1,False,11,False,False,,6.269,invariant_viole,2844300176
df5d1a6e6d005e236690ba3e51daa4b4,aplatir,0.1,True,11,False,True,0.100000,7.022,ok,2844300176
df5d1a6e6d005e236690ba3e51daa4b4,aplatir,0.25,False,11,False,False,,9.649,invariant_viole,962329239
df5d1a6e6d005e236690ba3e51daa4b4,aplatir,0.25,True,11,False,True,0.250000,6.691,ok,962329239
df5d1a6e6d005e236690ba3e51daa4b4,aplatir,0.5,False,11,False,False,,6.057,invariant_viole,706914212
df5d1a6e6d005e236690ba3e51daa4b4,aplatir,0.5,True,11,False,True,0.500000,6.655,ok,706914212
df5d1a6e6d005e236690ba3e51daa4b4,aplatir,1.0,False,11,False,False,,6.230,invariant_viole,558016472
df5d1a6e6d005e236690ba3e51daa4b4,aplatir,1.0,True,11,False,True,1.000000,6.878,ok,558016472
6bc84fcd23b9ea762f0a6df24a3494fe,deplacer,0.1,False,14,False,False,,7.864,invariant_viole,564172729
6bc84fcd23b9ea762f0a6df24a3494fe,deplacer,0.1,True,14,False,True,3.270648,7.671,ok,564172729
6bc84fcd23b9ea762f0a6df24a3494fe,deplacer,0.25,False,14,False,True,0.250000,7.935,ok,2560999891
6bc84fcd23b9ea762f0a6df24a3494fe,deplacer,0.25,True,14,False,True,0.250000,8.110,ok,2560999891
6bc84fcd23b9ea762f0a6df24a3494fe,deplacer,0.5,False,14,False,False,,11.265,invariant_viole,1531564286
6bc84fcd23b9ea762f0a6df24a3494fe,deplacer,0.5,True,14,False,True,1.513065,11.696,ok,1531564286
6bc84fcd23b9ea762f0a6df24a3494fe,deplacer,1.0,False,14,False,True,1.000000,8.994,ok,758844414
6bc84fcd23b9ea762f0a6df24a3494fe,deplacer,1.0,True,14,False,True,1.000000,10.476,ok,758844414
6bc84fcd23b9ea762f0a6df24a3494fe,elargir,0.1,False,14,False,True,0.100000,8.098,ok,4133291985
6bc84fcd23b9ea762f0a6df24a3494fe,elargir,0.1,True,14,False,True,0.100000,7.755,ok,4133291985
6bc84fcd23b9ea762f0a6df24a3494fe,elargir,0.25,False,14,False,True,0.250000,8.649,ok,1638518730
6bc84fcd23b9ea762f0a6df24a3494fe,elargir,0.25,True,14,False,True,0.250000,8.094,ok,1638518730
6bc84fcd23b9ea762f0a6df24a3494fe,elargir,0.5,False,14,False,True,0.500000,7.223,ok,1663030514
6bc84fcd23b9ea762f0a6df24a3494fe,elargir,0.5,True,14,False,True,0.500000,12.193,ok,1663030514
6bc84fcd23b9ea762f0a6df24a3494fe,elargir,1.0,False,14,False,True,1.000000,10.069,ok,86499015
6bc84fcd23b9ea762f0a6df24a3494fe,elargir,1.0,True,14,False,True,1.000000,9.991,ok,86499015
6bc84fcd23b9ea762f0a6df24a3494fe,retrecir,0.1,False,14,False,False,,8.471,invariant_viole,652204846
6bc84fcd23b9ea762f0a6df24a3494fe,retrecir,0.1,True,14,False,True,0.100000,8.413,ok,652204846
6bc84fcd23b9ea762f0a6df24a3494fe,retrecir,0.25,False,14,False,False,,7.971,invariant_viole,2539869353
6bc84fcd23b9ea762f0a6df24a3494fe,retrecir,0.25,True,14,False,True,0.250000,10.030,ok,2539869353
6bc84fcd23b9ea762f0a6df24a3494fe,retrecir,0.5,False,14,False,False,,10.491,invariant_viole,918631372
6bc84fcd23b9ea762f0a6df24a3494fe,retrecir,0.5,True,14,False,True,0.500000,8.084,ok,918631372
6bc84fcd23b9ea762f0a6df24a3494fe,retrecir,1.0,False,14,False,False,,7.747,invariant_viole,2439375203
6bc84fcd23b9ea762f0a6df24a3494fe,retrecir,1.0,True,14,False,True,0.357382,7.915,ok,2439375203
6bc84fcd23b9ea762f0a6df24a3494fe,aplatir,0.1,False,14,False,False,,7.414,invariant_viole,3045794236
6bc84fcd23b9ea762f0a6df24a3494fe,aplatir,0.1,True,14,False,True,0.100000,7.567,ok,3045794236
6bc84fcd23b9ea762f0a6df24a3494fe,aplatir,0.25,False,14,False,False,,7.447,invariant_viole,2834452974
6bc84fcd23b9ea762f0a6df24a3494fe,aplatir,0.25,True,14,False,True,0.250000,7.604,ok,2834452974
6bc84fcd23b9ea762f0a6df24a3494fe,aplatir,0.5,False,14,False,False,,10.395,invariant_viole,3457473810
6bc84fcd23b9ea762f0a6df24a3494fe,aplatir,0.5,True,14,False,True,0.500000,11.702,ok,3457473810
6bc84fcd23b9ea762f0a6df24a3494fe,aplatir,1.0,False,14,False,False,,10.541,invariant_viole,2598331748
6bc84fcd23b9ea762f0a6df24a3494fe,aplatir,1.0,True,14,False,True,1.000000,10.191,ok,2598331748
72a19aac76685749b99f171f06bcb4dc,deplacer,0.1,False,14,False,True,0.100000,8.743,ok,4140286479
72a19aac76685749b99f171f06bcb4dc,deplacer,0.1,True,14,False,True,0.100000,8.955,ok,4140286479
72a19aac76685749b99f171f06bcb4dc,deplacer,0.25,False,14,False,True,0.250000,7.830,ok,4243937646
72a19aac76685749b99f171f06bcb4dc,deplacer,0.25,True,14,False,True,0.250000,9.685,ok,4243937646
72a19aac76685749b99f171f06bcb4dc,deplacer,0.5,False,14,False,True,0.500000,9.328,ok,2352632841
72a19aac76685749b99f171f06bcb4dc,deplacer,0.5,True,14,False,True,0.500000,9.442,ok,2352632841
72a19aac76685749b99f171f06bcb4dc,deplacer,1.0,False,14,False,True,1.000000,10.194,ok,3142458717
72a19aac76685749b99f171f06bcb4dc,deplacer,1.0,True,14,False,True,1.000000,11.912,ok,3142458717
72a19aac76685749b99f171f06bcb4dc,elargir,0.1,False,14,False,False,,8.917,invariant_viole,202352428
72a19aac76685749b99f171f06bcb4dc,elargir,0.1,True,14,False,True,0.100000,9.321,ok,202352428
72a19aac76685749b99f171f06bcb4dc,elargir,0.25,False,14,False,True,0.250000,8.626,ok,3827509098
72a19aac76685749b99f171f06bcb4dc,elargir,0.25,True,14,False,True,0.250000,9.310,ok,3827509098
72a19aac76685749b99f171f06bcb4dc,elargir,0.5,False,14,False,True,0.500000,7.722,ok,1998304821
72a19aac76685749b99f171f06bcb4dc,elargir,0.5,True,14,False,True,0.500000,8.462,ok,1998304821
72a19aac76685749b99f171f06bcb4dc,elargir,1.0,False,14,False,True,1.000000,7.556,ok,766703203
72a19aac76685749b99f171f06bcb4dc,elargir,1.0,True,14,False,True,1.000000,8.558,ok,766703203
72a19aac76685749b99f171f06bcb4dc,retrecir,0.1,False,14,False,True,0.100000,7.874,ok,833725374
72a19aac76685749b99f171f06bcb4dc,retrecir,0.1,True,14,False,True,0.100000,9.276,ok,833725374
72a19aac76685749b99f171f06bcb4dc,retrecir,0.25,False,14,False,False,,7.841,invariant_viole,248957803
72a19aac76685749b99f171f06bcb4dc,retrecir,0.25,True,14,False,True,0.250000,8.176,ok,248957803
72a19aac76685749b99f171f06bcb4dc,retrecir,0.5,False,14,False,False,,8.211,invariant_viole,380943389
72a19aac76685749b99f171f06bcb4dc,retrecir,0.5,True,14,False,True,0.500000,8.471,ok,380943389
72a19aac76685749b99f171f06bcb4dc,retrecir,1.0,False,14,False,False,,10.973,invariant_viole,2383370453
72a19aac76685749b99f171f06bcb4dc,retrecir,1.0,True,14,False,True,1.937861,8.714,ok,2383370453
72a19aac76685749b99f171f06bcb4dc,aplatir,0.1,False,14,False,False,,7.678,invariant_viole,453606887
72a19aac76685749b99f171f06bcb4dc,aplatir,0.1,True,14,False,True,0.100000,9.316,ok,453606887
72a19aac76685749b99f171f06bcb4dc,aplatir,0.25,False,14,False,False,,7.992,invariant_viole,1835738983
72a19aac76685749b99f171f06bcb4dc,aplatir,0.25,True,14,False,True,0.250000,8.213,ok,1835738983
72a19aac76685749b99f171f06bcb4dc,aplatir,0.5,False,14,False,False,,8.035,invariant_viole,1242445819
72a19aac76685749b99f171f06bcb4dc,aplatir,0.5,True,14,False,True,0.500000,9.712,ok,1242445819
72a19aac76685749b99f171f06bcb4dc,aplatir,1.0,False,14,False,False,,7.930,invariant_viole,164388663
72a19aac76685749b99f171f06bcb4dc,aplatir,1.0,True,14,False,True,1.000000,8.512,ok,164388663
f3c32bddd375a2feb04dbc3e8cc12a6c,deplacer,0.1,False,10,False,False,,5.622,invariant_viole,4049984022
f3c32bddd375a2feb04dbc3e8cc12a6c,deplacer,0.1,True,10,False,True,0.100000,7.322,ok,4049984022
f3c32bddd375a2feb04dbc3e8cc12a6c,deplacer,0.25,False,10,False,False,,5.388,invariant_viole,2517133005
f3c32bddd375a2feb04dbc3e8cc12a6c,deplacer,0.25,True,10,False,False,,7.160,infaisable,2517133005
f3c32bddd375a2feb04dbc3e8cc12a6c,deplacer,0.5,False,10,False,True,0.500000,5.781,ok,3523573250
f3c32bddd375a2feb04dbc3e8cc12a6c,deplacer,0.5,True,10,False,True,0.500000,7.237,ok,3523573250
f3c32bddd375a2feb04dbc3e8cc12a6c,deplacer,1.0,False,10,False,True,1.000000,5.624,ok,3000901367
f3c32bddd375a2feb04dbc3e8cc12a6c,deplacer,1.0,True,10,False,True,1.000000,7.183,ok,3000901367
f3c32bddd375a2feb04dbc3e8cc12a6c,elargir,0.1,False,10,False,False,,5.041,invariant_viole,3264802577
f3c32bddd375a2feb04dbc3e8cc12a6c,elargir,0.1,True,10,False,True,0.100000,7.598,ok,3264802577
f3c32bddd375a2feb04dbc3e8cc12a6c,elargir,0.25,False,10,False,True,0.250000,5.468,ok,3349664852
f3c32bddd375a2feb04dbc3e8cc12a6c,elargir,0.25,True,10,False,True,0.250000,7.804,ok,3349664852
f3c32bddd375a2feb04dbc3e8cc12a6c,elargir,0.5,False,10,False,True,0.500000,7.046,ok,2229151237
f3c32bddd375a2feb04dbc3e8cc12a6c,elargir,0.5,True,10,False,True,0.500000,8.561,ok,2229151237
f3c32bddd375a2feb04dbc3e8cc12a6c,elargir,1.0,False,10,False,True,1.000000,5.637,ok,3198359601
f3c32bddd375a2feb04dbc3e8cc12a6c,elargir,1.0,True,10,False,True,1.000000,8.947,ok,3198359601
f3c32bddd375a2feb04dbc3e8cc12a6c,retrecir,0.1,False,10,False,False,,5.153,invariant_viole,2977855471
f3c32bddd375a2feb04dbc3e8cc12a6c,retrecir,0.1,True,10,False,True,0.100000,7.721,ok,2977855471
f3c32bddd375a2feb04dbc3e8cc12a6c,retrecir,0.25,False,10,False,False,,5.078,invariant_viole,558819469
f3c32bddd375a2feb04dbc3e8cc12a6c,retrecir,0.25,True,10,False,True,0.250000,7.301,ok,558819469
f3c32bddd375a2feb04dbc3e8cc12a6c,retrecir,0.5,False,10,False,False,,5.071,invariant_viole,3752476627
f3c32bddd375a2feb04dbc3e8cc12a6c,retrecir,0.5,True,10,False,True,0.500000,7.574,ok,3752476627
f3c32bddd375a2feb04dbc3e8cc12a6c,retrecir,1.0,False,10,False,False,,5.084,invariant_viole,273975863
f3c32bddd375a2feb04dbc3e8cc12a6c,retrecir,1.0,True,10,False,True,1.000000,7.254,ok,273975863
f3c32bddd375a2feb04dbc3e8cc12a6c,aplatir,0.1,False,10,False,False,,5.146,invariant_viole,2212675879
f3c32bddd375a2feb04dbc3e8cc12a6c,aplatir,0.1,True,10,False,True,0.100000,7.337,ok,2212675879
f3c32bddd375a2feb04dbc3e8cc12a6c,aplatir,0.25,False,10,False,False,,5.800,invariant_viole,2998246734
f3c32bddd375a2feb04dbc3e8cc12a6c,aplatir,0.25,True,10,False,True,0.250000,7.380,ok,2998246734
f3c32bddd375a2feb04dbc3e8cc12a6c,aplatir,0.5,False,10,False,False,,5.771,invariant_viole,2896777456
f3c32bddd375a2feb04dbc3e8cc12a6c,aplatir,0.5,True,10,False,True,0.500000,7.240,ok,2896777456
f3c32bddd375a2feb04dbc3e8cc12a6c,aplatir,1.0,False,10,False,False,,6.231,invariant_viole,2463472233
f3c32bddd375a2feb04dbc3e8cc12a6c,aplatir,1.0,True,10,False,True,1.000000,7.764,ok,2463472233
ba861670e3e8ee50af397c389dccf434,deplacer,0.1,False,11,False,False,,6.242,invariant_viole,2438678292
ba861670e3e8ee50af397c389dccf434,deplacer,0.1,True,11,False,False,,8.463,infaisable,2438678292
ba861670e3e8ee50af397c389dccf434,deplacer,0.25,False,11,False,True,0.250000,6.465,ok,3474192421
ba861670e3e8ee50af397c389dccf434,deplacer,0.25,True,11,False,True,0.250000,9.109,ok,3474192421
ba861670e3e8ee50af397c389dccf434,deplacer,0.5,False,11,False,True,0.500000,9.766,ok,42840209
ba861670e3e8ee50af397c389dccf434,deplacer,0.5,True,11,False,True,0.500000,10.673,ok,42840209
ba861670e3e8ee50af397c389dccf434,deplacer,1.0,False,11,False,False,,13.675,invariant_viole,3813748265
ba861670e3e8ee50af397c389dccf434,deplacer,1.0,True,11,False,False,,10.038,infaisable,3813748265
ba861670e3e8ee50af397c389dccf434,elargir,0.1,False,11,False,True,0.100000,7.806,ok,2902627438
ba861670e3e8ee50af397c389dccf434,elargir,0.1,True,11,False,True,0.100000,9.660,ok,2902627438
ba861670e3e8ee50af397c389dccf434,elargir,0.25,False,11,False,True,0.250000,8.609,ok,46685397
ba861670e3e8ee50af397c389dccf434,elargir,0.25,True,11,False,True,0.480430,8.757,ok,46685397
ba861670e3e8ee50af397c389dccf434,elargir,0.5,False,11,False,True,0.500000,7.012,ok,2056532508
ba861670e3e8ee50af397c389dccf434,elargir,0.5,True,11,False,True,0.500000,10.822,ok,2056532508
ba861670e3e8ee50af397c389dccf434,elargir,1.0,False,11,False,True,1.000000,8.040,ok,1580275680
ba861670e3e8ee50af397c389dccf434,elargir,1.0,True,11,False,True,1.000000,9.984,ok,1580275680
ba861670e3e8ee50af397c389dccf434,retrecir,0.1,False,11,False,True,0.100000,7.836,ok,3993042342
ba861670e3e8ee50af397c389dccf434,retrecir,0.1,True,11,False,True,0.100000,8.806,ok,3993042342
ba861670e3e8ee50af397c389dccf434,retrecir,0.25,False,11,False,True,0.250000,8.187,ok,3959152614
ba861670e3e8ee50af397c389dccf434,retrecir,0.25,True,11,False,True,0.250000,8.604,ok,3959152614
ba861670e3e8ee50af397c389dccf434,retrecir,0.5,False,11,False,False,,6.023,invariant_viole,4135702518
ba861670e3e8ee50af397c389dccf434,retrecir,0.5,True,11,False,True,0.500000,8.820,ok,4135702518
ba861670e3e8ee50af397c389dccf434,retrecir,1.0,False,11,False,False,,6.526,invariant_viole,2958700827
ba861670e3e8ee50af397c389dccf434,retrecir,1.0,True,11,False,False,,8.499,infaisable,2958700827
ba861670e3e8ee50af397c389dccf434,aplatir,0.1,False,11,False,False,,8.069,invariant_viole,3989405627
ba861670e3e8ee50af397c389dccf434,aplatir,0.1,True,11,False,True,0.100000,10.022,ok,3989405627
ba861670e3e8ee50af397c389dccf434,aplatir,0.25,False,11,False,False,,7.625,invariant_viole,3851601049
ba861670e3e8ee50af397c389dccf434,aplatir,0.25,True,11,False,True,0.250000,8.590,ok,3851601049
ba861670e3e8ee50af397c389dccf434,aplatir,0.5,False,11,False,False,,6.491,invariant_viole,2089004522
ba861670e3e8ee50af397c389dccf434,aplatir,0.5,True,11,False,True,0.500000,9.066,ok,2089004522
ba861670e3e8ee50af397c389dccf434,aplatir,1.0,False,11,False,False,,5.990,invariant_viole,3958037549
ba861670e3e8ee50af397c389dccf434,aplatir,1.0,True,11,False,True,1.000000,8.859,ok,3958037549
eb417a2dad0dcc844507d1c215c6882e,deplacer,0.1,False,14,False,True,0.100000,7.636,ok,430813422
eb417a2dad0dcc844507d1c215c6882e,deplacer,0.1,True,14,False,True,0.100000,8.014,ok,430813422
eb417a2dad0dcc844507d1c215c6882e,deplacer,0.25,False,14,False,False,,7.689,invariant_viole,1247738239
eb417a2dad0dcc844507d1c215c6882e,deplacer,0.25,True,14,False,True,2.023995,9.525,ok,1247738239
eb417a2dad0dcc844507d1c215c6882e,deplacer,0.5,False,14,False,True,0.500000,8.557,ok,816671058
eb417a2dad0dcc844507d1c215c6882e,deplacer,0.5,True,14,False,True,0.500000,7.993,ok,816671058
eb417a2dad0dcc844507d1c215c6882e,deplacer,1.0,False,14,False,False,,7.888,invariant_viole,1657065529
eb417a2dad0dcc844507d1c215c6882e,deplacer,1.0,True,14,False,True,2.259049,9.115,ok,1657065529
eb417a2dad0dcc844507d1c215c6882e,elargir,0.1,False,14,False,True,0.100000,11.185,ok,1367527284
eb417a2dad0dcc844507d1c215c6882e,elargir,0.1,True,14,False,True,0.100000,9.804,ok,1367527284
eb417a2dad0dcc844507d1c215c6882e,elargir,0.25,False,14,False,False,,8.848,invariant_viole,1881689080
eb417a2dad0dcc844507d1c215c6882e,elargir,0.25,True,14,False,True,2.023995,8.585,ok,1881689080
eb417a2dad0dcc844507d1c215c6882e,elargir,0.5,False,14,False,True,0.500000,8.487,ok,2801116661
eb417a2dad0dcc844507d1c215c6882e,elargir,0.5,True,14,False,True,0.500000,8.196,ok,2801116661
eb417a2dad0dcc844507d1c215c6882e,elargir,1.0,False,14,False,False,,7.873,invariant_viole,2766391133
eb417a2dad0dcc844507d1c215c6882e,elargir,1.0,True,14,False,True,1.000000,7.759,ok,2766391133
eb417a2dad0dcc844507d1c215c6882e,retrecir,0.1,False,14,False,False,,8.143,invariant_viole,1432639579
eb417a2dad0dcc844507d1c215c6882e,retrecir,0.1,True,14,False,True,0.100000,8.813,ok,1432639579
eb417a2dad0dcc844507d1c215c6882e,retrecir,0.25,False,14,False,False,,7.482,invariant_viole,3445638519
eb417a2dad0dcc844507d1c215c6882e,retrecir,0.25,True,14,False,True,0.250000,9.213,ok,3445638519
eb417a2dad0dcc844507d1c215c6882e,retrecir,0.5,False,14,False,False,,8.047,invariant_viole,4209093593
eb417a2dad0dcc844507d1c215c6882e,retrecir,0.5,True,14,False,True,0.500000,12.217,ok,4209093593
eb417a2dad0dcc844507d1c215c6882e,retrecir,1.0,False,14,False,False,,9.853,invariant_viole,2338044908
eb417a2dad0dcc844507d1c215c6882e,retrecir,1.0,True,14,False,True,1.000000,11.054,ok,2338044908
eb417a2dad0dcc844507d1c215c6882e,aplatir,0.1,False,14,False,False,,7.793,invariant_viole,191495314
eb417a2dad0dcc844507d1c215c6882e,aplatir,0.1,True,14,False,True,0.100000,9.225,ok,191495314
eb417a2dad0dcc844507d1c215c6882e,aplatir,0.25,False,14,False,False,,7.575,invariant_viole,2591803581
eb417a2dad0dcc844507d1c215c6882e,aplatir,0.25,True,14,False,True,0.250000,8.701,ok,2591803581
eb417a2dad0dcc844507d1c215c6882e,aplatir,0.5,False,14,False,False,,7.996,invariant_viole,3550329309
eb417a2dad0dcc844507d1c215c6882e,aplatir,0.5,True,14,False,True,0.500000,10.911,ok,3550329309
eb417a2dad0dcc844507d1c215c6882e,aplatir,1.0,False,14,False,False,,8.985,invariant_viole,1289790640
eb417a2dad0dcc844507d1c215c6882e,aplatir,1.0,True,14,False,True,1.000000,11.737,ok,1289790640
8b6ef222db3796bf29eda8fba8998a9e,deplacer,0.1,False,10,False,True,0.100000,5.936,ok,2372154483
8b6ef222db3796bf29eda8fba8998a9e,deplacer,0.1,True,10,False,True,0.100000,6.309,ok,2372154483
8b6ef222db3796bf29eda8fba8998a9e,deplacer,0.25,False,10,False,True,0.250000,5.484,ok,3409358937
8b6ef222db3796bf29eda8fba8998a9e,deplacer,0.25,True,10,False,True,0.250000,5.950,ok,3409358937
8b6ef222db3796bf29eda8fba8998a9e,deplacer,0.5,False,10,False,True,0.500000,5.832,ok,4284969968
8b6ef222db3796bf29eda8fba8998a9e,deplacer,0.5,True,10,False,True,0.500000,6.151,ok,4284969968
8b6ef222db3796bf29eda8fba8998a9e,deplacer,1.0,False,10,False,True,1.000000,5.643,ok,1227311185
8b6ef222db3796bf29eda8fba8998a9e,deplacer,1.0,True,10,False,True,1.000000,5.836,ok,1227311185
8b6ef222db3796bf29eda8fba8998a9e,elargir,0.1,False,10,False,True,0.100000,5.307,ok,2329420706
8b6ef222db3796bf29eda8fba8998a9e,elargir,0.1,True,10,False,True,0.100000,6.126,ok,2329420706
8b6ef222db3796bf29eda8fba8998a9e,elargir,0.25,False,10,False,False,,5.671,invariant_viole,2184166217
8b6ef222db3796bf29eda8fba8998a9e,elargir,0.25,True,10,False,True,0.250000,6.102,ok,2184166217
8b6ef222db3796bf29eda8fba8998a9e,elargir,0.5,False,10,False,True,0.500000,5.217,ok,1303737481
8b6ef222db3796bf29eda8fba8998a9e,elargir,0.5,True,10,False,True,0.500000,5.869,ok,1303737481
8b6ef222db3796bf29eda8fba8998a9e,elargir,1.0,False,10,False,True,1.000000,5.416,ok,3434696324
8b6ef222db3796bf29eda8fba8998a9e,elargir,1.0,True,10,False,True,1.000000,6.042,ok,3434696324
8b6ef222db3796bf29eda8fba8998a9e,retrecir,0.1,False,10,False,False,,5.643,invariant_viole,692650914
8b6ef222db3796bf29eda8fba8998a9e,retrecir,0.1,True,10,False,True,0.100000,5.883,ok,692650914
8b6ef222db3796bf29eda8fba8998a9e,retrecir,0.25,False,10,False,False,,5.694,invariant_viole,3191730577
8b6ef222db3796bf29eda8fba8998a9e,retrecir,0.25,True,10,False,True,0.250000,6.018,ok,3191730577
8b6ef222db3796bf29eda8fba8998a9e,retrecir,0.5,False,10,False,True,0.500000,7.173,ok,4138795268
8b6ef222db3796bf29eda8fba8998a9e,retrecir,0.5,True,10,False,True,0.500000,8.806,ok,4138795268
8b6ef222db3796bf29eda8fba8998a9e,retrecir,1.0,False,10,False,False,,6.300,invariant_viole,231313529
8b6ef222db3796bf29eda8fba8998a9e,retrecir,1.0,True,10,False,True,1.000000,7.113,ok,231313529
8b6ef222db3796bf29eda8fba8998a9e,aplatir,0.1,False,10,False,False,,5.735,invariant_viole,3926866814
8b6ef222db3796bf29eda8fba8998a9e,aplatir,0.1,True,10,False,True,0.100000,5.919,ok,3926866814
8b6ef222db3796bf29eda8fba8998a9e,aplatir,0.25,False,10,False,False,,5.522,invariant_viole,23105140
8b6ef222db3796bf29eda8fba8998a9e,aplatir,0.25,True,10,False,True,0.250000,7.086,ok,23105140
8b6ef222db3796bf29eda8fba8998a9e,aplatir,0.5,False,10,False,False,,5.322,invariant_viole,2933106223
8b6ef222db3796bf29eda8fba8998a9e,aplatir,0.5,True,10,False,True,0.500000,5.980,ok,2933106223
8b6ef222db3796bf29eda8fba8998a9e,aplatir,1.0,False,10,False,False,,5.202,invariant_viole,2214773315
8b6ef222db3796bf29eda8fba8998a9e,aplatir,1.0,True,10,False,True,1.000000,5.797,ok,2214773315
ad6153b82a2c0e73abc36c4860f17b0b,deplacer,0.1,False,14,False,True,0.100000,8.352,ok,63497843
ad6153b82a2c0e73abc36c4860f17b0b,deplacer,0.1,True,14,False,True,0.100000,11.322,ok,63497843
ad6153b82a2c0e73abc36c4860f17b0b,deplacer,0.25,False,14,False,True,0.250000,8.766,ok,983037098
ad6153b82a2c0e73abc36c4860f17b0b,deplacer,0.25,True,14,False,True,0.250000,9.526,ok,983037098
ad6153b82a2c0e73abc36c4860f17b0b,deplacer,0.5,False,14,False,True,0.500000,8.432,ok,2791901883
ad6153b82a2c0e73abc36c4860f17b0b,deplacer,0.5,True,14,False,True,0.500000,10.283,ok,2791901883
ad6153b82a2c0e73abc36c4860f17b0b,deplacer,1.0,False,14,False,True,1.000000,11.354,ok,2468503549
ad6153b82a2c0e73abc36c4860f17b0b,deplacer,1.0,True,14,False,True,1.000000,10.260,ok,2468503549
ad6153b82a2c0e73abc36c4860f17b0b,elargir,0.1,False,14,False,True,0.100000,8.008,ok,1113080974
ad6153b82a2c0e73abc36c4860f17b0b,elargir,0.1,True,14,False,True,0.100000,9.580,ok,1113080974
ad6153b82a2c0e73abc36c4860f17b0b,elargir,0.25,False,14,False,False,,8.401,invariant_viole,3192430075
ad6153b82a2c0e73abc36c4860f17b0b,elargir,0.25,True,14,False,True,0.250000,14.736,ok,3192430075
ad6153b82a2c0e73abc36c4860f17b0b,elargir,0.5,False,14,False,False,,8.534,invariant_viole,2180304721
ad6153b82a2c0e73abc36c4860f17b0b,elargir,0.5,True,14,False,True,0.500000,9.261,ok,2180304721
ad6153b82a2c0e73abc36c4860f17b0b,elargir,1.0,False,14,False,False,,9.450,invariant_viole,795881621
ad6153b82a2c0e73abc36c4860f17b0b,elargir,1.0,True,14,False,False,,12.013,infaisable,795881621
ad6153b82a2c0e73abc36c4860f17b0b,retrecir,0.1,False,14,False,False,,7.831,invariant_viole,1910435328
ad6153b82a2c0e73abc36c4860f17b0b,retrecir,0.1,True,14,False,True,0.100000,10.381,ok,1910435328
ad6153b82a2c0e73abc36c4860f17b0b,retrecir,0.25,False,14,False,True,0.250000,8.758,ok,3292532454
ad6153b82a2c0e73abc36c4860f17b0b,retrecir,0.25,True,14,False,True,0.250000,10.381,ok,3292532454
ad6153b82a2c0e73abc36c4860f17b0b,retrecir,0.5,False,14,False,False,,8.365,invariant_viole,522988203
ad6153b82a2c0e73abc36c4860f17b0b,retrecir,0.5,True,14,False,True,0.500000,9.618,ok,522988203
ad6153b82a2c0e73abc36c4860f17b0b,retrecir,1.0,False,14,False,False,,9.707,invariant_viole,3559504430
ad6153b82a2c0e73abc36c4860f17b0b,retrecir,1.0,True,14,False,True,0.845256,10.704,ok,3559504430
ad6153b82a2c0e73abc36c4860f17b0b,aplatir,0.1,False,14,False,False,,9.725,invariant_viole,1356210522
ad6153b82a2c0e73abc36c4860f17b0b,aplatir,0.1,True,14,False,True,0.100000,11.840,ok,1356210522
ad6153b82a2c0e73abc36c4860f17b0b,aplatir,0.25,False,14,False,False,,9.021,invariant_viole,1012725041
ad6153b82a2c0e73abc36c4860f17b0b,aplatir,0.25,True,14,False,True,0.250000,9.500,ok,1012725041
ad6153b82a2c0e73abc36c4860f17b0b,aplatir,0.5,False,14,False,False,,9.635,invariant_viole,3399683684
ad6153b82a2c0e73abc36c4860f17b0b,aplatir,0.5,True,14,False,True,0.500000,9.482,ok,3399683684
ad6153b82a2c0e73abc36c4860f17b0b,aplatir,1.0,False,14,False,False,,8.884,invariant_viole,89954524
ad6153b82a2c0e73abc36c4860f17b0b,aplatir,1.0,True,14,False,True,1.000000,11.149,ok,89954524
26edfa6ffa688381f8fb3fb980699d04,deplacer,0.1,False,10,False,False,,7.660,invariant_viole,175582117
26edfa6ffa688381f8fb3fb980699d04,deplacer,0.1,True,10,False,True,0.100000,7.310,ok,175582117
26edfa6ffa688381f8fb3fb980699d04,deplacer,0.25,False,10,False,False,,5.693,invariant_viole,216823177
26edfa6ffa688381f8fb3fb980699d04,deplacer,0.25,True,10,False,False,,7.565,infaisable,216823177
26edfa6ffa688381f8fb3fb980699d04,deplacer,0.5,False,10,False,False,,5.563,invariant_viole,1981149676
26edfa6ffa688381f8fb3fb980699d04,deplacer,0.5,True,10,False,True,0.500000,7.011,ok,1981149676
26edfa6ffa688381f8fb3fb980699d04,deplacer,1.0,False,10,False,True,1.000000,7.263,ok,2840525948
26edfa6ffa688381f8fb3fb980699d04,deplacer,1.0,True,10,False,True,1.000000,7.590,ok,2840525948
26edfa6ffa688381f8fb3fb980699d04,elargir,0.1,False,10,False,True,0.100000,6.381,ok,1022665278
26edfa6ffa688381f8fb3fb980699d04,elargir,0.1,True,10,False,True,0.100000,7.049,ok,1022665278
26edfa6ffa688381f8fb3fb980699d04,elargir,0.25,False,10,False,True,0.250000,6.056,ok,1380545171
26edfa6ffa688381f8fb3fb980699d04,elargir,0.25,True,10,False,True,0.250000,6.330,ok,1380545171
26edfa6ffa688381f8fb3fb980699d04,elargir,0.5,False,10,False,True,0.500000,6.703,ok,2478093100
26edfa6ffa688381f8fb3fb980699d04,elargir,0.5,True,10,False,True,0.500000,8.783,ok,2478093100
26edfa6ffa688381f8fb3fb980699d04,elargir,1.0,False,10,False,True,1.000000,6.079,ok,3854813691
26edfa6ffa688381f8fb3fb980699d04,elargir,1.0,True,10,False,True,1.000000,7.694,ok,3854813691
26edfa6ffa688381f8fb3fb980699d04,retrecir,0.1,False,10,False,False,,6.795,invariant_viole,1489082717
26edfa6ffa688381f8fb3fb980699d04,retrecir,0.1,True,10,False,True,0.100000,8.798,ok,1489082717
26edfa6ffa688381f8fb3fb980699d04,retrecir,0.25,False,10,False,False,,5.812,invariant_viole,1627395267
26edfa6ffa688381f8fb3fb980699d04,retrecir,0.25,True,10,False,True,0.250000,6.127,ok,1627395267
26edfa6ffa688381f8fb3fb980699d04,retrecir,0.5,False,10,False,False,,5.573,invariant_viole,687400720
26edfa6ffa688381f8fb3fb980699d04,retrecir,0.5,True,10,False,True,0.500000,5.985,ok,687400720
26edfa6ffa688381f8fb3fb980699d04,retrecir,1.0,False,10,False,False,,8.161,invariant_viole,632780801
26edfa6ffa688381f8fb3fb980699d04,retrecir,1.0,True,10,False,True,0.554286,6.491,ok,632780801
26edfa6ffa688381f8fb3fb980699d04,aplatir,0.1,False,10,False,False,,5.891,invariant_viole,2840662424
26edfa6ffa688381f8fb3fb980699d04,aplatir,0.1,True,10,False,True,0.100000,6.673,ok,2840662424
26edfa6ffa688381f8fb3fb980699d04,aplatir,0.25,False,10,False,False,,8.393,invariant_viole,4063465320
26edfa6ffa688381f8fb3fb980699d04,aplatir,0.25,True,10,False,True,0.250000,9.896,ok,4063465320
26edfa6ffa688381f8fb3fb980699d04,aplatir,0.5,False,10,False,False,,6.931,invariant_viole,246568265
26edfa6ffa688381f8fb3fb980699d04,aplatir,0.5,True,10,False,False,,11.150,infaisable,246568265
26edfa6ffa688381f8fb3fb980699d04,aplatir,1.0,False,10,False,False,,7.974,invariant_viole,2654474226
26edfa6ffa688381f8fb3fb980699d04,aplatir,1.0,True,10,False,True,1.000000,8.092,ok,2654474226
803c398064fb3f776f01441a7eaa9adf,deplacer,0.1,False,10,False,True,0.100000,8.642,ok,3565995000
803c398064fb3f776f01441a7eaa9adf,deplacer,0.1,True,10,False,True,0.100000,6.578,ok,3565995000
803c398064fb3f776f01441a7eaa9adf,deplacer,0.25,False,10,False,True,0.250000,8.204,ok,1106570898
803c398064fb3f776f01441a7eaa9adf,deplacer,0.25,True,10,False,True,0.250000,6.808,ok,1106570898
803c398064fb3f776f01441a7eaa9adf,deplacer,0.5,False,10,False,True,0.500000,6.118,ok,2660468950
803c398064fb3f776f01441a7eaa9adf,deplacer,0.5,True,10,False,True,0.500000,6.887,ok,2660468950
803c398064fb3f776f01441a7eaa9adf,deplacer,1.0,False,10,False,True,1.000000,6.393,ok,3943093148
803c398064fb3f776f01441a7eaa9adf,deplacer,1.0,True,10,False,True,1.000000,7.862,ok,3943093148
803c398064fb3f776f01441a7eaa9adf,elargir,0.1,False,10,False,True,0.100000,6.487,ok,327841020
803c398064fb3f776f01441a7eaa9adf,elargir,0.1,True,10,False,True,0.100000,6.195,ok,327841020
803c398064fb3f776f01441a7eaa9adf,elargir,0.25,False,10,False,False,,5.846,invariant_viole,3808877284
803c398064fb3f776f01441a7eaa9adf,elargir,0.25,True,10,False,True,0.250000,5.801,ok,3808877284
803c398064fb3f776f01441a7eaa9adf,elargir,0.5,False,10,False,True,0.500000,6.347,ok,2117723460
803c398064fb3f776f01441a7eaa9adf,elargir,0.5,True,10,False,True,0.500000,7.453,ok,2117723460
803c398064fb3f776f01441a7eaa9adf,elargir,1.0,False,10,False,True,1.000000,6.120,ok,4026076353
803c398064fb3f776f01441a7eaa9adf,elargir,1.0,True,10,False,True,1.000000,6.474,ok,4026076353
803c398064fb3f776f01441a7eaa9adf,retrecir,0.1,False,10,False,False,,6.621,invariant_viole,815994363
803c398064fb3f776f01441a7eaa9adf,retrecir,0.1,True,10,False,True,0.100000,6.251,ok,815994363
803c398064fb3f776f01441a7eaa9adf,retrecir,0.25,False,10,False,False,,6.640,invariant_viole,4185923803
803c398064fb3f776f01441a7eaa9adf,retrecir,0.25,True,10,False,True,0.250000,5.927,ok,4185923803
803c398064fb3f776f01441a7eaa9adf,retrecir,0.5,False,10,False,False,,5.697,invariant_viole,2734327444
803c398064fb3f776f01441a7eaa9adf,retrecir,0.5,True,10,False,True,0.500000,6.343,ok,2734327444
803c398064fb3f776f01441a7eaa9adf,retrecir,1.0,False,10,False,False,,8.706,invariant_viole,2332304309
803c398064fb3f776f01441a7eaa9adf,retrecir,1.0,True,10,False,True,0.981172,6.513,ok,2332304309
803c398064fb3f776f01441a7eaa9adf,aplatir,0.1,False,10,False,False,,7.365,invariant_viole,3880813956
803c398064fb3f776f01441a7eaa9adf,aplatir,0.1,True,10,False,True,0.100000,5.948,ok,3880813956
803c398064fb3f776f01441a7eaa9adf,aplatir,0.25,False,10,False,False,,8.077,invariant_viole,3020716826
803c398064fb3f776f01441a7eaa9adf,aplatir,0.25,True,10,False,True,0.250000,5.854,ok,3020716826
803c398064fb3f776f01441a7eaa9adf,aplatir,0.5,False,10,False,False,,5.954,invariant_viole,2202595537
803c398064fb3f776f01441a7eaa9adf,aplatir,0.5,True,10,False,True,0.500000,5.838,ok,2202595537
803c398064fb3f776f01441a7eaa9adf,aplatir,1.0,False,10,False,False,,5.598,invariant_viole,3053581225
803c398064fb3f776f01441a7eaa9adf,aplatir,1.0,True,10,False,False,,7.807,infaisable,3053581225
3cb493819701539d5d9a849994b1dcc3,deplacer,0.1,False,10,False,True,0.100000,10.266,ok,619388234
3cb493819701539d5d9a849994b1dcc3,deplacer,0.1,True,10,False,True,0.100000,6.641,ok,619388234
3cb493819701539d5d9a849994b1dcc3,deplacer,0.25,False,10,False,True,0.250000,7.969,ok,4071519984
3cb493819701539d5d9a849994b1dcc3,deplacer,0.25,True,10,False,True,0.250000,6.898,ok,4071519984
3cb493819701539d5d9a849994b1dcc3,deplacer,0.5,False,10,False,True,0.500000,7.464,ok,991674057
3cb493819701539d5d9a849994b1dcc3,deplacer,0.5,True,10,False,False,,9.622,infaisable,991674057
3cb493819701539d5d9a849994b1dcc3,deplacer,1.0,False,10,False,True,1.000000,8.469,ok,2612891061
3cb493819701539d5d9a849994b1dcc3,deplacer,1.0,True,10,False,True,1.000000,7.623,ok,2612891061
3cb493819701539d5d9a849994b1dcc3,elargir,0.1,False,10,False,False,,5.880,invariant_viole,3194453819
3cb493819701539d5d9a849994b1dcc3,elargir,0.1,True,10,False,False,,7.883,infaisable,3194453819
3cb493819701539d5d9a849994b1dcc3,elargir,0.25,False,10,False,True,0.250000,8.467,ok,1826558425
3cb493819701539d5d9a849994b1dcc3,elargir,0.25,True,10,False,True,0.250000,6.945,ok,1826558425
3cb493819701539d5d9a849994b1dcc3,elargir,0.5,False,10,False,False,,5.901,invariant_viole,2377387100
3cb493819701539d5d9a849994b1dcc3,elargir,0.5,True,10,False,False,,7.424,infaisable,2377387100
3cb493819701539d5d9a849994b1dcc3,elargir,1.0,False,10,False,True,1.000000,6.921,ok,2159472535
3cb493819701539d5d9a849994b1dcc3,elargir,1.0,True,10,False,True,1.000000,6.978,ok,2159472535
3cb493819701539d5d9a849994b1dcc3,retrecir,0.1,False,10,False,True,0.100000,7.778,ok,4178609445
3cb493819701539d5d9a849994b1dcc3,retrecir,0.1,True,10,False,True,0.100000,6.273,ok,4178609445
3cb493819701539d5d9a849994b1dcc3,retrecir,0.25,False,10,False,False,,5.783,invariant_viole,1738106191
3cb493819701539d5d9a849994b1dcc3,retrecir,0.25,True,10,False,True,0.250000,6.409,ok,1738106191
3cb493819701539d5d9a849994b1dcc3,retrecir,0.5,False,10,False,False,,7.347,invariant_viole,592406869
3cb493819701539d5d9a849994b1dcc3,retrecir,0.5,True,10,False,True,0.500000,11.603,ok,592406869
3cb493819701539d5d9a849994b1dcc3,retrecir,1.0,False,10,False,False,,6.020,invariant_viole,2000322588
3cb493819701539d5d9a849994b1dcc3,retrecir,1.0,True,10,False,True,1.000000,7.211,ok,2000322588
3cb493819701539d5d9a849994b1dcc3,aplatir,0.1,False,10,False,False,,5.757,invariant_viole,124166258
3cb493819701539d5d9a849994b1dcc3,aplatir,0.1,True,10,False,True,0.100000,7.383,ok,124166258
3cb493819701539d5d9a849994b1dcc3,aplatir,0.25,False,10,False,False,,5.740,invariant_viole,2340691703
3cb493819701539d5d9a849994b1dcc3,aplatir,0.25,True,10,False,True,0.250000,6.633,ok,2340691703
3cb493819701539d5d9a849994b1dcc3,aplatir,0.5,False,10,False,False,,5.248,invariant_viole,3571484878
3cb493819701539d5d9a849994b1dcc3,aplatir,0.5,True,10,False,False,,9.324,infaisable,3571484878
3cb493819701539d5d9a849994b1dcc3,aplatir,1.0,False,10,False,False,,5.277,invariant_viole,2846147773
3cb493819701539d5d9a849994b1dcc3,aplatir,1.0,True,10,False,True,1.000000,7.241,ok,2846147773
fe89a3d36e16d7572aaf9da3f77a355f,deplacer,0.1,False,11,False,True,5.513342,5.626,ok,3560622551
fe89a3d36e16d7572aaf9da3f77a355f,deplacer,0.1,True,11,False,False,,2.401,trame,3560622551
fe89a3d36e16d7572aaf9da3f77a355f,deplacer,0.25,False,11,False,True,5.513342,5.499,ok,4134119417
fe89a3d36e16d7572aaf9da3f77a355f,deplacer,0.25,True,11,False,False,,2.407,trame,4134119417
fe89a3d36e16d7572aaf9da3f77a355f,deplacer,0.5,False,11,False,True,5.513342,7.084,ok,3179010876
fe89a3d36e16d7572aaf9da3f77a355f,deplacer,0.5,True,11,False,False,,2.595,trame,3179010876
fe89a3d36e16d7572aaf9da3f77a355f,deplacer,1.0,False,11,False,False,,5.638,invariant_viole,2485681578
fe89a3d36e16d7572aaf9da3f77a355f,deplacer,1.0,True,11,False,False,,3.617,trame,2485681578
fe89a3d36e16d7572aaf9da3f77a355f,elargir,0.1,False,11,False,True,5.513342,5.612,ok,1684285628
fe89a3d36e16d7572aaf9da3f77a355f,elargir,0.1,True,11,False,False,,2.373,trame,1684285628
fe89a3d36e16d7572aaf9da3f77a355f,elargir,0.25,False,11,False,True,5.513342,5.831,ok,4197871981
fe89a3d36e16d7572aaf9da3f77a355f,elargir,0.25,True,11,False,False,,2.394,trame,4197871981
fe89a3d36e16d7572aaf9da3f77a355f,elargir,0.5,False,11,False,True,5.513342,7.763,ok,709286348
fe89a3d36e16d7572aaf9da3f77a355f,elargir,0.5,True,11,False,False,,3.331,trame,709286348
fe89a3d36e16d7572aaf9da3f77a355f,elargir,1.0,False,11,False,True,5.513342,6.212,ok,1524982724
fe89a3d36e16d7572aaf9da3f77a355f,elargir,1.0,True,11,False,False,,2.822,trame,1524982724
fe89a3d36e16d7572aaf9da3f77a355f,retrecir,0.1,False,11,False,True,5.513342,5.506,ok,2067150827
fe89a3d36e16d7572aaf9da3f77a355f,retrecir,0.1,True,11,False,False,,2.410,trame,2067150827
fe89a3d36e16d7572aaf9da3f77a355f,retrecir,0.25,False,11,False,True,5.513342,6.202,ok,9085729
fe89a3d36e16d7572aaf9da3f77a355f,retrecir,0.25,True,11,False,False,,3.110,trame,9085729
fe89a3d36e16d7572aaf9da3f77a355f,retrecir,0.5,False,11,False,True,5.513342,6.642,ok,3556359280
fe89a3d36e16d7572aaf9da3f77a355f,retrecir,0.5,True,11,False,False,,2.420,trame,3556359280
fe89a3d36e16d7572aaf9da3f77a355f,retrecir,1.0,False,11,False,True,5.513342,6.620,ok,4282869244
fe89a3d36e16d7572aaf9da3f77a355f,retrecir,1.0,True,11,False,False,,2.374,trame,4282869244
fe89a3d36e16d7572aaf9da3f77a355f,aplatir,0.1,False,11,False,True,5.513342,5.432,ok,198674019
fe89a3d36e16d7572aaf9da3f77a355f,aplatir,0.1,True,11,False,False,,2.432,trame,198674019
fe89a3d36e16d7572aaf9da3f77a355f,aplatir,0.25,False,11,False,True,5.513342,5.507,ok,1243054961
fe89a3d36e16d7572aaf9da3f77a355f,aplatir,0.25,True,11,False,False,,2.373,trame,1243054961
fe89a3d36e16d7572aaf9da3f77a355f,aplatir,0.5,False,11,False,True,5.513342,5.802,ok,2198648822
fe89a3d36e16d7572aaf9da3f77a355f,aplatir,0.5,True,11,False,False,,2.362,trame,2198648822
fe89a3d36e16d7572aaf9da3f77a355f,aplatir,1.0,False,11,False,True,5.513342,5.623,ok,4090829329
fe89a3d36e16d7572aaf9da3f77a355f,aplatir,1.0,True,11,False,False,,3.175,trame,4090829329
5106b5733767f3eb0fc5a107cd94de12,deplacer,0.1,False,12,False,True,0.100000,6.063,ok,4237962276
5106b5733767f3eb0fc5a107cd94de12,deplacer,0.1,True,12,False,True,0.100000,7.547,ok,4237962276
5106b5733767f3eb0fc5a107cd94de12,deplacer,0.25,False,12,False,True,0.250000,7.175,ok,4124257298
5106b5733767f3eb0fc5a107cd94de12,deplacer,0.25,True,12,False,True,0.250000,7.829,ok,4124257298
5106b5733767f3eb0fc5a107cd94de12,deplacer,0.5,False,12,False,False,,6.227,invariant_viole,2020599955
5106b5733767f3eb0fc5a107cd94de12,deplacer,0.5,True,12,False,True,0.500000,8.266,ok,2020599955
5106b5733767f3eb0fc5a107cd94de12,deplacer,1.0,False,12,False,False,,6.778,invariant_viole,3897809503
5106b5733767f3eb0fc5a107cd94de12,deplacer,1.0,True,12,False,False,,9.161,infaisable,3897809503
5106b5733767f3eb0fc5a107cd94de12,elargir,0.1,False,12,False,True,0.100000,5.708,ok,1240567859
5106b5733767f3eb0fc5a107cd94de12,elargir,0.1,True,12,False,True,0.100000,7.411,ok,1240567859
5106b5733767f3eb0fc5a107cd94de12,elargir,0.25,False,12,False,True,0.250000,6.988,ok,1269884500
5106b5733767f3eb0fc5a107cd94de12,elargir,0.25,True,12,False,True,0.250000,6.807,ok,1269884500
5106b5733767f3eb0fc5a107cd94de12,elargir,0.5,False,12,False,True,0.500000,7.363,ok,589242612
5106b5733767f3eb0fc5a107cd94de12,elargir,0.5,True,12,False,True,0.500000,7.085,ok,589242612
5106b5733767f3eb0fc5a107cd94de12,elargir,1.0,False,12,False,True,1.000000,6.885,ok,3067010005
5106b5733767f3eb0fc5a107cd94de12,elargir,1.0,True,12,False,True,1.000000,7.437,ok,3067010005
5106b5733767f3eb0fc5a107cd94de12,retrecir,0.1,False,12,False,False,,6.422,invariant_viole,2427156086
5106b5733767f3eb0fc5a107cd94de12,retrecir,0.1,True,12,False,True,0.100000,7.428,ok,2427156086
5106b5733767f3eb0fc5a107cd94de12,retrecir,0.25,False,12,False,False,,6.239,invariant_viole,2636233666
5106b5733767f3eb0fc5a107cd94de12,retrecir,0.25,True,12,False,True,0.250000,6.705,ok,2636233666
5106b5733767f3eb0fc5a107cd94de12,retrecir,0.5,False,12,False,False,,5.599,invariant_viole,1962226756
5106b5733767f3eb0fc5a107cd94de12,retrecir,0.5,True,12,False,True,0.327425,8.376,ok,1962226756
5106b5733767f3eb0fc5a107cd94de12,retrecir,1.0,False,12,False,False,,5.646,invariant_viole,1373541836
5106b5733767f3eb0fc5a107cd94de12,retrecir,1.0,True,12,False,True,1.000000,7.879,ok,1373541836
5106b5733767f3eb0fc5a107cd94de12,aplatir,0.1,False,12,False,False,,6.939,invariant_viole,2458256425
5106b5733767f3eb0fc5a107cd94de12,aplatir,0.1,True,12,False,True,0.100000,10.410,ok,2458256425
5106b5733767f3eb0fc5a107cd94de12,aplatir,0.25,False,12,False,False,,6.423,invariant_viole,2593224125
5106b5733767f3eb0fc5a107cd94de12,aplatir,0.25,True,12,False,True,0.250000,6.491,ok,2593224125
5106b5733767f3eb0fc5a107cd94de12,aplatir,0.5,False,12,False,False,,6.351,invariant_viole,3153774537
5106b5733767f3eb0fc5a107cd94de12,aplatir,0.5,True,12,False,True,0.500000,7.287,ok,3153774537
5106b5733767f3eb0fc5a107cd94de12,aplatir,1.0,False,12,False,False,,7.081,invariant_viole,473190366
5106b5733767f3eb0fc5a107cd94de12,aplatir,1.0,True,12,False,True,1.000000,6.766,ok,473190366
8ae756ae176b95b04d65967761cd803e,deplacer,0.1,False,10,False,True,0.100000,7.090,ok,1715057
8ae756ae176b95b04d65967761cd803e,deplacer,0.1,True,10,False,True,0.100000,5.583,ok,1715057
8ae756ae176b95b04d65967761cd803e,deplacer,0.25,False,10,False,True,0.250000,7.269,ok,3655138608
8ae756ae176b95b04d65967761cd803e,deplacer,0.25,True,10,False,True,0.250000,7.021,ok,3655138608
8ae756ae176b95b04d65967761cd803e,deplacer,0.5,False,10,False,False,,5.792,invariant_viole,854402157
8ae756ae176b95b04d65967761cd803e,deplacer,0.5,True,10,False,False,,7.562,infaisable,854402157
8ae756ae176b95b04d65967761cd803e,deplacer,1.0,False,10,False,True,1.000000,5.550,ok,1258951353
8ae756ae176b95b04d65967761cd803e,deplacer,1.0,True,10,False,True,1.000000,8.626,ok,1258951353
8ae756ae176b95b04d65967761cd803e,elargir,0.1,False,10,False,True,0.100000,5.864,ok,1948729280
8ae756ae176b95b04d65967761cd803e,elargir,0.1,True,10,False,True,0.100000,5.877,ok,1948729280
8ae756ae176b95b04d65967761cd803e,elargir,0.25,False,10,False,False,,5.544,invariant_viole,4178094286
8ae756ae176b95b04d65967761cd803e,elargir,0.25,True,10,False,True,0.250000,5.524,ok,4178094286
8ae756ae176b95b04d65967761cd803e,elargir,0.5,False,10,False,True,0.500000,10.082,ok,3937268370
8ae756ae176b95b04d65967761cd803e,elargir,0.5,True,10,False,True,0.500000,5.624,ok,3937268370
8ae756ae176b95b04d65967761cd803e,elargir,1.0,False,10,False,True,1.000000,7.517,ok,3860666601
8ae756ae176b95b04d65967761cd803e,elargir,1.0,True,10,False,True,1.000000,5.899,ok,3860666601
8ae756ae176b95b04d65967761cd803e,retrecir,0.1,False,10,False,False,,5.685,invariant_viole,3136413984
8ae756ae176b95b04d65967761cd803e,retrecir,0.1,True,10,False,True,0.100000,5.905,ok,3136413984
8ae756ae176b95b04d65967761cd803e,retrecir,0.25,False,10,False,False,,5.906,invariant_viole,3131210642
8ae756ae176b95b04d65967761cd803e,retrecir,0.25,True,10,False,True,0.250000,6.245,ok,3131210642
8ae756ae176b95b04d65967761cd803e,retrecir,0.5,False,10,False,False,,5.157,invariant_viole,2061039817
8ae756ae176b95b04d65967761cd803e,retrecir,0.5,True,10,False,True,0.500000,5.925,ok,2061039817
8ae756ae176b95b04d65967761cd803e,retrecir,1.0,False,10,False,True,1.000000,7.419,ok,2305083340
8ae756ae176b95b04d65967761cd803e,retrecir,1.0,True,10,False,True,1.000000,5.899,ok,2305083340
8ae756ae176b95b04d65967761cd803e,aplatir,0.1,False,10,False,False,,6.556,invariant_viole,4267098034
8ae756ae176b95b04d65967761cd803e,aplatir,0.1,True,10,False,True,0.100000,7.006,ok,4267098034
8ae756ae176b95b04d65967761cd803e,aplatir,0.25,False,10,False,False,,5.477,invariant_viole,3560419875
8ae756ae176b95b04d65967761cd803e,aplatir,0.25,True,10,False,True,0.250000,6.249,ok,3560419875
8ae756ae176b95b04d65967761cd803e,aplatir,0.5,False,10,False,False,,5.358,invariant_viole,164747503
8ae756ae176b95b04d65967761cd803e,aplatir,0.5,True,10,False,False,,7.079,infaisable,164747503
8ae756ae176b95b04d65967761cd803e,aplatir,1.0,False,10,False,False,,5.359,invariant_viole,3582645212
8ae756ae176b95b04d65967761cd803e,aplatir,1.0,True,10,False,True,1.000000,5.855,ok,3582645212
af16626086d04858813da753df1f5441,deplacer,0.1,False,11,False,False,,5.388,invariant_viole,2461210608
af16626086d04858813da753df1f5441,deplacer,0.1,True,11,False,False,,10.795,infaisable,2461210608
af16626086d04858813da753df1f5441,deplacer,0.25,False,11,False,True,0.250000,7.116,ok,3009304140
af16626086d04858813da753df1f5441,deplacer,0.25,True,11,False,True,0.250000,6.966,ok,3009304140
af16626086d04858813da753df1f5441,deplacer,0.5,False,11,False,True,0.500000,8.272,ok,2686869849
af16626086d04858813da753df1f5441,deplacer,0.5,True,11,False,True,0.500000,8.802,ok,2686869849
af16626086d04858813da753df1f5441,deplacer,1.0,False,11,False,True,1.000000,6.823,ok,1349928629
af16626086d04858813da753df1f5441,deplacer,1.0,True,11,False,True,1.000000,7.408,ok,1349928629
af16626086d04858813da753df1f5441,elargir,0.1,False,11,False,True,0.100000,6.299,ok,3098119264
af16626086d04858813da753df1f5441,elargir,0.1,True,11,False,True,0.100000,7.248,ok,3098119264
af16626086d04858813da753df1f5441,elargir,0.25,False,11,False,True,0.250000,5.996,ok,1501910752
af16626086d04858813da753df1f5441,elargir,0.25,True,11,False,True,0.250000,6.889,ok,1501910752
af16626086d04858813da753df1f5441,elargir,0.5,False,11,False,True,0.500000,6.454,ok,4211769003
af16626086d04858813da753df1f5441,elargir,0.5,True,11,False,True,0.500000,6.668,ok,4211769003
af16626086d04858813da753df1f5441,elargir,1.0,False,11,False,True,1.000000,6.020,ok,592812509
af16626086d04858813da753df1f5441,elargir,1.0,True,11,False,True,1.000000,7.271,ok,592812509
af16626086d04858813da753df1f5441,retrecir,0.1,False,11,False,False,,5.573,invariant_viole,3214196162
af16626086d04858813da753df1f5441,retrecir,0.1,True,11,False,True,0.100000,9.556,ok,3214196162
af16626086d04858813da753df1f5441,retrecir,0.25,False,11,False,False,,6.270,invariant_viole,2787375950
af16626086d04858813da753df1f5441,retrecir,0.25,True,11,False,True,0.250000,8.883,ok,2787375950
af16626086d04858813da753df1f5441,retrecir,0.5,False,11,False,False,,7.109,invariant_viole,3388690739
af16626086d04858813da753df1f5441,retrecir,0.5,True,11,False,True,0.500000,7.157,ok,3388690739
af16626086d04858813da753df1f5441,retrecir,1.0,False,11,False,False,,6.567,invariant_viole,411163127
af16626086d04858813da753df1f5441,retrecir,1.0,True,11,False,True,1.000000,6.659,ok,411163127
af16626086d04858813da753df1f5441,aplatir,0.1,False,11,False,False,,7.603,invariant_viole,2169908695
af16626086d04858813da753df1f5441,aplatir,0.1,True,11,False,True,0.100000,8.123,ok,2169908695
af16626086d04858813da753df1f5441,aplatir,0.25,False,11,False,False,,6.409,invariant_viole,4098902928
af16626086d04858813da753df1f5441,aplatir,0.25,True,11,False,True,0.250000,6.519,ok,4098902928
af16626086d04858813da753df1f5441,aplatir,0.5,False,11,False,False,,5.741,invariant_viole,3597951433
af16626086d04858813da753df1f5441,aplatir,0.5,True,11,False,True,0.500000,6.984,ok,3597951433
af16626086d04858813da753df1f5441,aplatir,1.0,False,11,False,False,,5.799,invariant_viole,1281187674
af16626086d04858813da753df1f5441,aplatir,1.0,True,11,False,True,1.000000,6.807,ok,1281187674
a774da712545caec80670e26b5e38a4f,deplacer,0.1,False,12,False,True,0.100000,6.460,ok,3404660335
a774da712545caec80670e26b5e38a4f,deplacer,0.1,True,12,False,True,0.100000,6.437,ok,3404660335
a774da712545caec80670e26b5e38a4f,deplacer,0.25,False,12,False,True,0.250000,7.464,ok,1939779418
a774da712545caec80670e26b5e38a4f,deplacer,0.25,True,12,False,True,0.250000,6.511,ok,1939779418
a774da712545caec80670e26b5e38a4f,deplacer,0.5,False,12,False,True,0.500000,7.483,ok,3447033676
a774da712545caec80670e26b5e38a4f,deplacer,0.5,True,12,False,True,0.500000,8.296,ok,3447033676
a774da712545caec80670e26b5e38a4f,deplacer,1.0,False,12,False,True,1.000000,6.556,ok,4251651129
a774da712545caec80670e26b5e38a4f,deplacer,1.0,True,12,False,True,1.000000,7.039,ok,4251651129
a774da712545caec80670e26b5e38a4f,elargir,0.1,False,12,False,False,,5.858,invariant_viole,3903325443
a774da712545caec80670e26b5e38a4f,elargir,0.1,True,12,False,True,0.100000,7.373,ok,3903325443
a774da712545caec80670e26b5e38a4f,elargir,0.25,False,12,False,True,0.250000,5.981,ok,3707037733
a774da712545caec80670e26b5e38a4f,elargir,0.25,True,12,False,True,0.250000,6.652,ok,3707037733
a774da712545caec80670e26b5e38a4f,elargir,0.5,False,12,False,False,,6.051,invariant_viole,4280271550
a774da712545caec80670e26b5e38a4f,elargir,0.5,True,12,False,False,,8.350,infaisable,4280271550
a774da712545caec80670e26b5e38a4f,elargir,1.0,False,12,False,True,1.000000,5.934,ok,3982592727
a774da712545caec80670e26b5e38a4f,elargir,1.0,True,12,False,True,0.635189,7.554,ok,3982592727
a774da712545caec80670e26b5e38a4f,retrecir,0.1,False,12,False,False,,7.238,invariant_viole,1865188885
a774da712545caec80670e26b5e38a4f,retrecir,0.1,True,12,False,True,0.100000,7.264,ok,1865188885
a774da712545caec80670e26b5e38a4f,retrecir,0.25,False,12,False,False,,6.510,invariant_viole,3696299321
a774da712545caec80670e26b5e38a4f,retrecir,0.25,True,12,False,True,0.250000,8.943,ok,3696299321
a774da712545caec80670e26b5e38a4f,retrecir,0.5,False,12,False,False,,7.361,invariant_viole,2194041893
a774da712545caec80670e26b5e38a4f,retrecir,0.5,True,12,False,True,0.500000,7.332,ok,2194041893
a774da712545caec80670e26b5e38a4f,retrecir,1.0,False,12,False,False,,6.395,invariant_viole,4078191730
a774da712545caec80670e26b5e38a4f,retrecir,1.0,True,12,False,True,1.000000,7.932,ok,4078191730
a774da712545caec80670e26b5e38a4f,aplatir,0.1,False,12,False,False,,6.070,invariant_viole,3969431176
a774da712545caec80670e26b5e38a4f,aplatir,0.1,True,12,False,True,0.100000,6.652,ok,3969431176
a774da712545caec80670e26b5e38a4f,aplatir,0.25,False,12,False,False,,5.819,invariant_viole,126414253
a774da712545caec80670e26b5e38a4f,aplatir,0.25,True,12,False,True,0.250000,7.276,ok,126414253
a774da712545caec80670e26b5e38a4f,aplatir,0.5,False,12,False,False,,5.890,invariant_viole,3759130897
a774da712545caec80670e26b5e38a4f,aplatir,0.5,True,12,False,True,0.500000,10.322,ok,3759130897
a774da712545caec80670e26b5e38a4f,aplatir,1.0,False,12,False,False,,7.065,invariant_viole,2051644254
a774da712545caec80670e26b5e38a4f,aplatir,1.0,True,12,False,True,1.000000,7.851,ok,2051644254
d55bea5a225bbeb5210c09d73581f318,deplacer,0.1,False,10,False,True,0.100000,6.091,ok,40077349
d55bea5a225bbeb5210c09d73581f318,deplacer,0.1,True,10,False,True,0.100000,6.895,ok,40077349
d55bea5a225bbeb5210c09d73581f318,deplacer,0.25,False,10,False,False,,5.438,invariant_viole,2717736881
d55bea5a225bbeb5210c09d73581f318,deplacer,0.25,True,10,False,True,0.250000,6.905,ok,2717736881
d55bea5a225bbeb5210c09d73581f318,deplacer,0.5,False,10,False,True,0.500000,5.318,ok,3090277044
d55bea5a225bbeb5210c09d73581f318,deplacer,0.5,True,10,False,True,0.500000,6.640,ok,3090277044
d55bea5a225bbeb5210c09d73581f318,deplacer,1.0,False,10,False,True,1.000000,8.628,ok,2882346316
d55bea5a225bbeb5210c09d73581f318,deplacer,1.0,True,10,False,True,1.000000,6.259,ok,2882346316
d55bea5a225bbeb5210c09d73581f318,elargir,0.1,False,10,False,False,,5.499,invariant_viole,1107946721
d55bea5a225bbeb5210c09d73581f318,elargir,0.1,True,10,False,True,0.100000,6.028,ok,1107946721
d55bea5a225bbeb5210c09d73581f318,elargir,0.25,False,10,False,False,,6.929,invariant_viole,917161659
d55bea5a225bbeb5210c09d73581f318,elargir,0.25,True,10,False,True,0.250000,8.078,ok,917161659
d55bea5a225bbeb5210c09d73581f318,elargir,0.5,False,10,False,True,0.500000,6.262,ok,1119625446
d55bea5a225bbeb5210c09d73581f318,elargir,0.5,True,10,False,True,0.500000,5.955,ok,1119625446
d55bea5a225bbeb5210c09d73581f318,elargir,1.0,False,10,False,False,,5.702,invariant_viole,1526914001
d55bea5a225bbeb5210c09d73581f318,elargir,1.0,True,10,False,True,1.000000,6.399,ok,1526914001
d55bea5a225bbeb5210c09d73581f318,retrecir,0.1,False,10,False,True,0.100000,6.221,ok,3276056146
d55bea5a225bbeb5210c09d73581f318,retrecir,0.1,True,10,False,True,0.100000,6.037,ok,3276056146
d55bea5a225bbeb5210c09d73581f318,retrecir,0.25,False,10,False,False,,5.434,invariant_viole,777382754
d55bea5a225bbeb5210c09d73581f318,retrecir,0.25,True,10,False,True,0.250000,6.278,ok,777382754
d55bea5a225bbeb5210c09d73581f318,retrecir,0.5,False,10,False,False,,5.400,invariant_viole,1367269981
d55bea5a225bbeb5210c09d73581f318,retrecir,0.5,True,10,False,False,,7.176,infaisable,1367269981
d55bea5a225bbeb5210c09d73581f318,retrecir,1.0,False,10,False,False,,5.311,invariant_viole,2697168140
d55bea5a225bbeb5210c09d73581f318,retrecir,1.0,True,10,False,True,0.859998,7.771,ok,2697168140
d55bea5a225bbeb5210c09d73581f318,aplatir,0.1,False,10,False,True,0.100000,5.644,ok,4075021820
d55bea5a225bbeb5210c09d73581f318,aplatir,0.1,True,10,False,True,0.100000,6.155,ok,4075021820
d55bea5a225bbeb5210c09d73581f318,aplatir,0.25,False,10,False,False,,5.372,invariant_viole,1269693733
d55bea5a225bbeb5210c09d73581f318,aplatir,0.25,True,10,False,True,0.250000,6.150,ok,1269693733
d55bea5a225bbeb5210c09d73581f318,aplatir,0.5,False,10,False,False,,6.533,invariant_viole,56247137
d55bea5a225bbeb5210c09d73581f318,aplatir,0.5,True,10,False,True,0.500000,6.164,ok,56247137
d55bea5a225bbeb5210c09d73581f318,aplatir,1.0,False,10,False,True,1.000000,5.584,ok,308736380
d55bea5a225bbeb5210c09d73581f318,aplatir,1.0,True,10,False,True,1.000000,7.936,ok,308736380
3559ee8a4f2d9e99151c0c17aaf19f99,deplacer,0.1,False,13,False,True,0.100000,7.024,ok,3033911765
3559ee8a4f2d9e99151c0c17aaf19f99,deplacer,0.1,True,13,False,True,0.100000,7.705,ok,3033911765
3559ee8a4f2d9e99151c0c17aaf19f99,deplacer,0.25,False,13,False,True,0.250000,7.536,ok,3575375362
3559ee8a4f2d9e99151c0c17aaf19f99,deplacer,0.25,True,13,False,True,0.250000,7.285,ok,3575375362
3559ee8a4f2d9e99151c0c17aaf19f99,deplacer,0.5,False,13,False,False,,6.903,invariant_viole,380561563
3559ee8a4f2d9e99151c0c17aaf19f99,deplacer,0.5,True,13,False,True,0.779045,7.832,ok,380561563
3559ee8a4f2d9e99151c0c17aaf19f99,deplacer,1.0,False,13,False,True,1.000000,7.920,ok,3975197563
3559ee8a4f2d9e99151c0c17aaf19f99,deplacer,1.0,True,13,False,True,1.000000,7.835,ok,3975197563
3559ee8a4f2d9e99151c0c17aaf19f99,elargir,0.1,False,13,False,True,0.100000,8.415,ok,2073072162
3559ee8a4f2d9e99151c0c17aaf19f99,elargir,0.1,True,13,False,True,0.100000,8.231,ok,2073072162
3559ee8a4f2d9e99151c0c17aaf19f99,elargir,0.25,False,13,False,True,0.250000,7.904,ok,69562001
3559ee8a4f2d9e99151c0c17aaf19f99,elargir,0.25,True,13,False,True,0.296086,8.642,ok,69562001
3559ee8a4f2d9e99151c0c17aaf19f99,elargir,0.5,False,13,False,True,0.500000,7.249,ok,1511063188
3559ee8a4f2d9e99151c0c17aaf19f99,elargir,0.5,True,13,False,True,0.751759,7.686,ok,1511063188
3559ee8a4f2d9e99151c0c17aaf19f99,elargir,1.0,False,13,False,True,1.000000,6.606,ok,1619978624
3559ee8a4f2d9e99151c0c17aaf19f99,elargir,1.0,True,13,False,True,1.000000,7.446,ok,1619978624
3559ee8a4f2d9e99151c0c17aaf19f99,retrecir,0.1,False,13,False,False,,6.586,invariant_viole,1645727936
3559ee8a4f2d9e99151c0c17aaf19f99,retrecir,0.1,True,13,False,True,0.100000,6.869,ok,1645727936
3559ee8a4f2d9e99151c0c17aaf19f99,retrecir,0.25,False,13,False,False,,6.487,invariant_viole,3588628556
3559ee8a4f2d9e99151c0c17aaf19f99,retrecir,0.25,True,13,False,True,0.250000,7.147,ok,3588628556
3559ee8a4f2d9e99151c0c17aaf19f99,retrecir,0.5,False,13,False,False,,6.591,invariant_viole,3629695979
3559ee8a4f2d9e99151c0c17aaf19f99,retrecir,0.5,True,13,False,True,0.779045,7.267,ok,3629695979
3559ee8a4f2d9e99151c0c17aaf19f99,retrecir,1.0,False,13,False,False,,6.969,invariant_viole,1050563131
3559ee8a4f2d9e99151c0c17aaf19f99,retrecir,1.0,True,13,False,True,1.000000,6.982,ok,1050563131
3559ee8a4f2d9e99151c0c17aaf19f99,aplatir,0.1,False,13,False,True,0.100000,6.737,ok,2490986805
3559ee8a4f2d9e99151c0c17aaf19f99,aplatir,0.1,True,13,False,True,0.100000,7.041,ok,2490986805
3559ee8a4f2d9e99151c0c17aaf19f99,aplatir,0.25,False,13,False,False,,6.714,invariant_viole,1528943791
3559ee8a4f2d9e99151c0c17aaf19f99,aplatir,0.25,True,13,False,True,0.250000,6.691,ok,1528943791
3559ee8a4f2d9e99151c0c17aaf19f99,aplatir,0.5,False,13,False,False,,6.397,invariant_viole,121355098
3559ee8a4f2d9e99151c0c17aaf19f99,aplatir,0.5,True,13,False,True,0.500000,6.723,ok,121355098
3559ee8a4f2d9e99151c0c17aaf19f99,aplatir,1.0,False,13,False,False,,6.746,invariant_viole,2054330391
3559ee8a4f2d9e99151c0c17aaf19f99,aplatir,1.0,True,13,False,True,1.000000,10.663,ok,2054330391
6d5bd5ad8e25f251a104aae1143a7953,deplacer,0.1,False,6,False,True,0.100000,4.172,ok,1614457674
6d5bd5ad8e25f251a104aae1143a7953,deplacer,0.1,True,6,False,True,0.100000,4.405,ok,1614457674
6d5bd5ad8e25f251a104aae1143a7953,deplacer,0.25,False,6,False,True,0.250000,3.913,ok,1429674751
6d5bd5ad8e25f251a104aae1143a7953,deplacer,0.25,True,6,False,True,0.250000,7.186,ok,1429674751
6d5bd5ad8e25f251a104aae1143a7953,deplacer,0.5,False,6,False,True,0.500000,3.697,ok,2807372388
6d5bd5ad8e25f251a104aae1143a7953,deplacer,0.5,True,6,False,True,0.500000,4.066,ok,2807372388
6d5bd5ad8e25f251a104aae1143a7953,deplacer,1.0,False,6,False,False,,3.524,invariant_viole,4150813822
6d5bd5ad8e25f251a104aae1143a7953,deplacer,1.0,True,6,False,True,1.000000,4.442,ok,4150813822
6d5bd5ad8e25f251a104aae1143a7953,elargir,0.1,False,6,False,True,0.100000,3.746,ok,1823459225
6d5bd5ad8e25f251a104aae1143a7953,elargir,0.1,True,6,False,True,0.100000,4.305,ok,1823459225
6d5bd5ad8e25f251a104aae1143a7953,elargir,0.25,False,6,False,True,0.250000,3.465,ok,852133502
6d5bd5ad8e25f251a104aae1143a7953,elargir,0.25,True,6,False,True,0.250000,4.028,ok,852133502
6d5bd5ad8e25f251a104aae1143a7953,elargir,0.5,False,6,False,True,0.500000,4.089,ok,537961887
6d5bd5ad8e25f251a104aae1143a7953,elargir,0.5,True,6,False,True,0.500000,5.193,ok,537961887
6d5bd5ad8e25f251a104aae1143a7953,elargir,1.0,False,6,False,True,1.000000,3.768,ok,54479303
6d5bd5ad8e25f251a104aae1143a7953,elargir,1.0,True,6,False,True,1.000000,4.197,ok,54479303
6d5bd5ad8e25f251a104aae1143a7953,retrecir,0.1,False,6,False,False,,3.573,invariant_viole,1579539963
6d5bd5ad8e25f251a104aae1143a7953,retrecir,0.1,True,6,False,True,0.100000,4.481,ok,1579539963
6d5bd5ad8e25f251a104aae1143a7953,retrecir,0.25,False,6,False,False,,3.328,invariant_viole,3232182133
6d5bd5ad8e25f251a104aae1143a7953,retrecir,0.25,True,6,False,True,0.250000,4.317,ok,3232182133
6d5bd5ad8e25f251a104aae1143a7953,retrecir,0.5,False,6,False,False,,3.342,invariant_viole,3203342670
6d5bd5ad8e25f251a104aae1143a7953,retrecir,0.5,True,6,False,True,0.500000,4.044,ok,3203342670
6d5bd5ad8e25f251a104aae1143a7953,retrecir,1.0,False,6,False,False,,3.292,invariant_viole,2996551377
6d5bd5ad8e25f251a104aae1143a7953,retrecir,1.0,True,6,False,True,1.000000,5.576,ok,2996551377
6d5bd5ad8e25f251a104aae1143a7953,aplatir,0.1,False,6,False,False,,3.625,invariant_viole,2198539226
6d5bd5ad8e25f251a104aae1143a7953,aplatir,0.1,True,6,False,True,0.100000,4.122,ok,2198539226
6d5bd5ad8e25f251a104aae1143a7953,aplatir,0.25,False,6,False,False,,3.525,invariant_viole,3570975225
6d5bd5ad8e25f251a104aae1143a7953,aplatir,0.25,True,6,False,True,0.250000,4.017,ok,3570975225
6d5bd5ad8e25f251a104aae1143a7953,aplatir,0.5,False,6,False,False,,3.275,invariant_viole,2948102991
6d5bd5ad8e25f251a104aae1143a7953,aplatir,0.5,True,6,False,True,0.500000,5.849,ok,2948102991
6d5bd5ad8e25f251a104aae1143a7953,aplatir,1.0,False,6,False,False,,3.675,invariant_viole,115855240
6d5bd5ad8e25f251a104aae1143a7953,aplatir,1.0,True,6,False,True,1.000000,4.763,ok,115855240
6f6471602aaf0e92ca87b3bae428c4ec,deplacer,0.1,False,6,False,True,0.100000,4.758,ok,4040426917
6f6471602aaf0e92ca87b3bae428c4ec,deplacer,0.1,True,6,False,True,0.100000,4.788,ok,4040426917
6f6471602aaf0e92ca87b3bae428c4ec,deplacer,0.25,False,6,False,True,0.250000,3.877,ok,2836179699
6f6471602aaf0e92ca87b3bae428c4ec,deplacer,0.25,True,6,False,True,0.250000,4.668,ok,2836179699
6f6471602aaf0e92ca87b3bae428c4ec,deplacer,0.5,False,6,False,False,,4.109,invariant_viole,1229287522
6f6471602aaf0e92ca87b3bae428c4ec,deplacer,0.5,True,6,False,True,0.989229,4.336,ok,1229287522
6f6471602aaf0e92ca87b3bae428c4ec,deplacer,1.0,False,6,False,False,,5.278,invariant_viole,3974497321
6f6471602aaf0e92ca87b3bae428c4ec,deplacer,1.0,True,6,False,True,1.451288,4.795,ok,3974497321
6f6471602aaf0e92ca87b3bae428c4ec,elargir,0.1,False,6,False,True,0.100000,4.017,ok,4157320985
6f6471602aaf0e92ca87b3bae428c4ec,elargir,0.1,True,6,False,True,0.100000,4.579,ok,4157320985
6f6471602aaf0e92ca87b3bae428c4ec,elargir,0.25,False,6,False,False,,3.943,invariant_viole,2608073257
6f6471602aaf0e92ca87b3bae428c4ec,elargir,0.25,True,6,False,False,,4.735,infaisable,2608073257
6f6471602aaf0e92ca87b3bae428c4ec,elargir,0.5,False,6,False,True,0.500000,4.090,ok,923201800
6f6471602aaf0e92ca87b3bae428c4ec,elargir,0.5,True,6,False,True,0.500000,4.570,ok,923201800
6f6471602aaf0e92ca87b3bae428c4ec,elargir,1.0,False,6,False,False,,3.411,invariant_viole,10259581
6f6471602aaf0e92ca87b3bae428c4ec,elargir,1.0,True,6,False,False,,4.607,infaisable,10259581
6f6471602aaf0e92ca87b3bae428c4ec,retrecir,0.1,False,6,False,False,,3.492,invariant_viole,4079252334
6f6471602aaf0e92ca87b3bae428c4ec,retrecir,0.1,True,6,False,True,0.100000,3.974,ok,4079252334
6f6471602aaf0e92ca87b3bae428c4ec,retrecir,0.25,False,6,False,False,,3.465,invariant_viole,2605052009
6f6471602aaf0e92ca87b3bae428c4ec,retrecir,0.25,True,6,False,True,0.250000,4.211,ok,2605052009
6f6471602aaf0e92ca87b3bae428c4ec,retrecir,0.5,False,6,False,False,,3.412,invariant_viole,2391185629
6f6471602aaf0e92ca87b3bae428c4ec,retrecir,0.5,True,6,False,True,0.500000,3.984,ok,2391185629
6f6471602aaf0e92ca87b3bae428c4ec,retrecir,1.0,False,6,False,False,,3.436,invariant_viole,2932389260
6f6471602aaf0e92ca87b3bae428c4ec,retrecir,1.0,True,6,False,True,1.000000,4.455,ok,2932389260
6f6471602aaf0e92ca87b3bae428c4ec,aplatir,0.1,False,6,False,False,,3.393,invariant_viole,539497147
6f6471602aaf0e92ca87b3bae428c4ec,aplatir,0.1,True,6,False,True,0.100000,3.970,ok,539497147
6f6471602aaf0e92ca87b3bae428c4ec,aplatir,0.25,False,6,False,False,,3.364,invariant_viole,1650352042
6f6471602aaf0e92ca87b3bae428c4ec,aplatir,0.25,True,6,False,True,0.250000,5.132,ok,1650352042
6f6471602aaf0e92ca87b3bae428c4ec,aplatir,0.5,False,6,False,False,,3.448,invariant_viole,594530973
6f6471602aaf0e92ca87b3bae428c4ec,aplatir,0.5,True,6,False,True,0.500000,4.186,ok,594530973
6f6471602aaf0e92ca87b3bae428c4ec,aplatir,1.0,False,6,False,False,,5.442,invariant_viole,2933273725
6f6471602aaf0e92ca87b3bae428c4ec,aplatir,1.0,True,6,False,True,1.000000,5.100,ok,2933273725
bfa5f283d1cbc9fa7d64306e1c38f6f3,deplacer,0.1,False,6,False,True,0.100000,6.426,ok,974400398
bfa5f283d1cbc9fa7d64306e1c38f6f3,deplacer,0.1,True,6,False,True,0.100000,4.610,ok,974400398
bfa5f283d1cbc9fa7d64306e1c38f6f3,deplacer,0.25,False,6,False,True,0.250000,5.572,ok,3640250689
bfa5f283d1cbc9fa7d64306e1c38f6f3,deplacer,0.25,True,6,False,True,0.250000,4.053,ok,3640250689
bfa5f283d1cbc9fa7d64306e1c38f6f3,deplacer,0.5,False,6,False,False,,3.357,invariant_viole,1274021938
bfa5f283d1cbc9fa7d64306e1c38f6f3,deplacer,0.5,True,6,False,False,,4.450,infaisable,1274021938
bfa5f283d1cbc9fa7d64306e1c38f6f3,deplacer,1.0,False,6,False,False,,4.927,invariant_viole,4050894565
bfa5f283d1cbc9fa7d64306e1c38f6f3,deplacer,1.0,True,6,False,True,1.000000,4.612,ok,4050894565
bfa5f283d1cbc9fa7d64306e1c38f6f3,elargir,0.1,False,6,False,True,0.100000,3.871,ok,2241176792
bfa5f283d1cbc9fa7d64306e1c38f6f3,elargir,0.1,True,6,False,True,0.100000,4.575,ok,2241176792
bfa5f283d1cbc9fa7d64306e1c38f6f3,elargir,0.25,False,6,False,False,,3.339,invariant_viole,3797081686
bfa5f283d1cbc9fa7d64306e1c38f6f3,elargir,0.25,True,6,False,True,0.250000,4.002,ok,3797081686
bfa5f283d1cbc9fa7d64306e1c38f6f3,elargir,0.5,False,6,False,True,0.500000,5.606,ok,3449927150
bfa5f283d1cbc9fa7d64306e1c38f6f3,elargir,0.5,True,6,False,True,0.500000,4.658,ok,3449927150
bfa5f283d1cbc9fa7d64306e1c38f6f3,elargir,1.0,False,6,False,True,1.000000,4.108,ok,2049302201
bfa5f283d1cbc9fa7d64306e1c38f6f3,elargir,1.0,True,6,False,True,1.000000,4.599,ok,2049302201
bfa5f283d1cbc9fa7d64306e1c38f6f3,retrecir,0.1,False,6,False,False,,3.427,invariant_viole,721654746
bfa5f283d1cbc9fa7d64306e1c38f6f3,retrecir,0.1,True,6,False,True,0.100000,3.967,ok,721654746
bfa5f283d1cbc9fa7d64306e1c38f6f3,retrecir,0.25,False,6,False,False,,3.501,invariant_viole,257251858
bfa5f283d1cbc9fa7d64306e1c38f6f3,retrecir,0.25,True,6,False,True,0.250000,4.381,ok,257251858
bfa5f283d1cbc9fa7d64306e1c38f6f3,retrecir,0.5,False,6,False,False,,3.324,invariant_viole,322388866
bfa5f283d1cbc9fa7d64306e1c38f6f3,retrecir,0.5,True,6,False,True,0.500000,4.163,ok,322388866
bfa5f283d1cbc9fa7d64306e1c38f6f3,retrecir,1.0,False,6,False,False,,3.439,invariant_viole,729188966
bfa5f283d1cbc9fa7d64306e1c38f6f3,retrecir,1.0,True,6,False,True,1.000000,5.407,ok,729188966
bfa5f283d1cbc9fa7d64306e1c38f6f3,aplatir,0.1,False,6,False,False,,3.972,invariant_viole,3729471277
bfa5f283d1cbc9fa7d64306e1c38f6f3,aplatir,0.1,True,6,False,True,0.100000,4.684,ok,3729471277
bfa5f283d1cbc9fa7d64306e1c38f6f3,aplatir,0.25,False,6,False,False,,4.591,invariant_viole,412878625
bfa5f283d1cbc9fa7d64306e1c38f6f3,aplatir,0.25,True,6,False,True,0.250000,4.080,ok,412878625
bfa5f283d1cbc9fa7d64306e1c38f6f3,aplatir,0.5,False,6,False,False,,3.461,invariant_viole,2114584947
bfa5f283d1cbc9fa7d64306e1c38f6f3,aplatir,0.5,True,6,False,True,0.500000,4.150,ok,2114584947
bfa5f283d1cbc9fa7d64306e1c38f6f3,aplatir,1.0,False,6,False,False,,3.274,invariant_viole,3736948367
bfa5f283d1cbc9fa7d64306e1c38f6f3,aplatir,1.0,True,6,False,True,1.000000,4.160,ok,3736948367
1afed6ae6a57019ce772ae5fb75d9ff4,deplacer,0.1,False,6,False,False,,3.653,invariant_viole,757083713
1afed6ae6a57019ce772ae5fb75d9ff4,deplacer,0.1,True,6,False,True,0.100000,4.193,ok,757083713
1afed6ae6a57019ce772ae5fb75d9ff4,deplacer,0.25,False,6,False,True,0.250000,5.026,ok,1859260042
1afed6ae6a57019ce772ae5fb75d9ff4,deplacer,0.25,True,6,False,True,0.250000,3.932,ok,1859260042
1afed6ae6a57019ce772ae5fb75d9ff4,deplacer,0.5,False,6,False,False,,4.093,invariant_viole,820863086
1afed6ae6a57019ce772ae5fb75d9ff4,deplacer,0.5,True,6,False,True,0.500000,4.927,ok,820863086
1afed6ae6a57019ce772ae5fb75d9ff4,deplacer,1.0,False,6,False,False,,3.522,invariant_viole,1658409698
1afed6ae6a57019ce772ae5fb75d9ff4,deplacer,1.0,True,6,False,False,,4.878,infaisable,1658409698
1afed6ae6a57019ce772ae5fb75d9ff4,elargir,0.1,False,6,False,True,0.100000,4.984,ok,2687995709
1afed6ae6a57019ce772ae5fb75d9ff4,elargir,0.1,True,6,False,True,0.100000,3.836,ok,2687995709
1afed6ae6a57019ce772ae5fb75d9ff4,elargir,0.25,False,6,False,True,0.250000,5.841,ok,2556314722
1afed6ae6a57019ce772ae5fb75d9ff4,elargir,0.25,True,6,False,True,0.250000,4.363,ok,2556314722
1afed6ae6a57019ce772ae5fb75d9ff4,elargir,0.5,False,6,False,True,0.500000,5.053,ok,1561608653
1afed6ae6a57019ce772ae5fb75d9ff4,elargir,0.5,True,6,False,True,0.500000,4.526,ok,1561608653
1afed6ae6a57019ce772ae5fb75d9ff4,elargir,1.0,False,6,False,True,1.000000,5.142,ok,1249240416
1afed6ae6a57019ce772ae5fb75d9ff4,elargir,1.0,True,6,False,True,1.000000,4.505,ok,1249240416
1afed6ae6a57019ce772ae5fb75d9ff4,retrecir,0.1,False,6,False,False,,4.883,invariant_viole,2428324584
1afed6ae6a57019ce772ae5fb75d9ff4,retrecir,0.1,True,6,False,True,0.100000,3.959,ok,2428324584
1afed6ae6a57019ce772ae5fb75d9ff4,retrecir,0.25,False,6,False,False,,3.502,invariant_viole,3080382162
1afed6ae6a57019ce772ae5fb75d9ff4,retrecir,0.25,True,6,False,True,0.250000,4.724,ok,3080382162
1afed6ae6a57019ce772ae5fb75d9ff4,retrecir,0.5,False,6,False,False,,3.807,invariant_viole,755165010
1afed6ae6a57019ce772ae5fb75d9ff4,retrecir,0.5,True,6,False,True,0.500000,3.823,ok,755165010
1afed6ae6a57019ce772ae5fb75d9ff4,retrecir,1.0,False,6,False,False,,3.372,invariant_viole,2150572867
1afed6ae6a57019ce772ae5fb75d9ff4,retrecir,1.0,True,6,False,True,1.000000,4.087,ok,2150572867
1afed6ae6a57019ce772ae5fb75d9ff4,aplatir,0.1,False,6,False,False,,3.425,invariant_viole,2922428342
1afed6ae6a57019ce772ae5fb75d9ff4,aplatir,0.1,True,6,False,True,0.100000,3.882,ok,2922428342
1afed6ae6a57019ce772ae5fb75d9ff4,aplatir,0.25,False,6,False,False,,3.761,invariant_viole,2479511085
1afed6ae6a57019ce772ae5fb75d9ff4,aplatir,0.25,True,6,False,True,0.250000,3.898,ok,2479511085
1afed6ae6a57019ce772ae5fb75d9ff4,aplatir,0.5,False,6,False,False,,3.412,invariant_viole,93297481
1afed6ae6a57019ce772ae5fb75d9ff4,aplatir,0.5,True,6,False,True,0.500000,3.796,ok,93297481
1afed6ae6a57019ce772ae5fb75d9ff4,aplatir,1.0,False,6,False,False,,4.112,invariant_viole,1629820252
1afed6ae6a57019ce772ae5fb75d9ff4,aplatir,1.0,True,6,False,True,1.434693,4.781,ok,1629820252
a3c8173aeddc7e64c0eb4abebbc13125,deplacer,0.1,False,6,False,False,,3.627,invariant_viole,2078804911
a3c8173aeddc7e64c0eb4abebbc13125,deplacer,0.1,True,6,False,False,,5.939,infaisable,2078804911
a3c8173aeddc7e64c0eb4abebbc13125,deplacer,0.25,False,6,False,False,,3.576,invariant_viole,3780946670
a3c8173aeddc7e64c0eb4abebbc13125,deplacer,0.25,True,6,False,True,0.250000,5.972,ok,3780946670
a3c8173aeddc7e64c0eb4abebbc13125,deplacer,0.5,False,6,False,False,,4.397,invariant_viole,2681173782
a3c8173aeddc7e64c0eb4abebbc13125,deplacer,0.5,True,6,False,True,0.500000,5.826,ok,2681173782
a3c8173aeddc7e64c0eb4abebbc13125,deplacer,1.0,False,6,False,False,,3.800,invariant_viole,2341818965
a3c8173aeddc7e64c0eb4abebbc13125,deplacer,1.0,True,6,False,False,,4.939,infaisable,2341818965
a3c8173aeddc7e64c0eb4abebbc13125,elargir,0.1,False,6,False,True,0.100000,4.849,ok,3271785093
a3c8173aeddc7e64c0eb4abebbc13125,elargir,0.1,True,6,False,True,0.100000,6.043,ok,3271785093
a3c8173aeddc7e64c0eb4abebbc13125,elargir,0.25,False,6,False,False,,3.471,invariant_viole,3678360536
a3c8173aeddc7e64c0eb4abebbc13125,elargir,0.25,True,6,False,True,0.250000,5.378,ok,3678360536
a3c8173aeddc7e64c0eb4abebbc13125,elargir,0.5,False,6,False,True,0.500000,7.070,ok,3435783426
a3c8173aeddc7e64c0eb4abebbc13125,elargir,0.5,True,6,False,True,0.500000,5.529,ok,3435783426
a3c8173aeddc7e64c0eb4abebbc13125,elargir,1.0,False,6,False,False,,3.530,invariant_viole,2052823163
a3c8173aeddc7e64c0eb4abebbc13125,elargir,1.0,True,6,False,False,,5.223,infaisable,2052823163
a3c8173aeddc7e64c0eb4abebbc13125,retrecir,0.1,False,6,False,False,,3.555,invariant_viole,3910727881
a3c8173aeddc7e64c0eb4abebbc13125,retrecir,0.1,True,6,False,True,0.100000,8.378,ok,3910727881
a3c8173aeddc7e64c0eb4abebbc13125,retrecir,0.25,False,6,False,False,,3.591,invariant_viole,1864639981
a3c8173aeddc7e64c0eb4abebbc13125,retrecir,0.25,True,6,False,True,0.250000,7.263,ok,1864639981
a3c8173aeddc7e64c0eb4abebbc13125,retrecir,0.5,False,6,False,False,,4.024,invariant_viole,2254819540
a3c8173aeddc7e64c0eb4abebbc13125,retrecir,0.5,True,6,False,True,0.500000,5.480,ok,2254819540
a3c8173aeddc7e64c0eb4abebbc13125,retrecir,1.0,False,6,False,False,,7.249,invariant_viole,498685769
a3c8173aeddc7e64c0eb4abebbc13125,retrecir,1.0,True,6,False,True,1.000000,7.422,ok,498685769
a3c8173aeddc7e64c0eb4abebbc13125,aplatir,0.1,False,6,False,False,,4.042,invariant_viole,3596929888
a3c8173aeddc7e64c0eb4abebbc13125,aplatir,0.1,True,6,False,True,0.100000,5.569,ok,3596929888
a3c8173aeddc7e64c0eb4abebbc13125,aplatir,0.25,False,6,False,False,,3.696,invariant_viole,893649973
a3c8173aeddc7e64c0eb4abebbc13125,aplatir,0.25,True,6,False,True,0.250000,8.225,ok,893649973
a3c8173aeddc7e64c0eb4abebbc13125,aplatir,0.5,False,6,False,False,,3.513,invariant_viole,3170067825
a3c8173aeddc7e64c0eb4abebbc13125,aplatir,0.5,True,6,False,True,0.500000,6.441,ok,3170067825
a3c8173aeddc7e64c0eb4abebbc13125,aplatir,1.0,False,6,False,False,,4.067,invariant_viole,1703621716
a3c8173aeddc7e64c0eb4abebbc13125,aplatir,1.0,True,6,False,True,1.000000,5.636,ok,1703621716
777e943817da0f6bbffb5d9f3db26ec2,deplacer,0.1,False,6,False,True,0.100000,4.908,ok,2027506299
777e943817da0f6bbffb5d9f3db26ec2,deplacer,0.1,True,6,False,True,0.100000,4.869,ok,2027506299
777e943817da0f6bbffb5d9f3db26ec2,deplacer,0.25,False,6,False,False,,6.497,invariant_viole,202390630
777e943817da0f6bbffb5d9f3db26ec2,deplacer,0.25,True,6,False,True,0.250000,5.046,ok,202390630
777e943817da0f6bbffb5d9f3db26ec2,deplacer,0.5,False,6,False,True,0.500000,6.259,ok,1591702292
777e943817da0f6bbffb5d9f3db26ec2,deplacer,0.5,True,6,False,True,0.500000,4.269,ok,1591702292
777e943817da0f6bbffb5d9f3db26ec2,deplacer,1.0,False,6,False,False,,3.485,invariant_viole,2484147031
777e943817da0f6bbffb5d9f3db26ec2,deplacer,1.0,True,6,False,False,,7.159,infaisable,2484147031
777e943817da0f6bbffb5d9f3db26ec2,elargir,0.1,False,6,False,True,0.100000,4.918,ok,662922494
777e943817da0f6bbffb5d9f3db26ec2,elargir,0.1,True,6,False,True,0.100000,4.002,ok,662922494
777e943817da0f6bbffb5d9f3db26ec2,elargir,0.25,False,6,False,False,,4.680,invariant_viole,1075962039
777e943817da0f6bbffb5d9f3db26ec2,elargir,0.25,True,6,False,True,0.250000,4.792,ok,1075962039
777e943817da0f6bbffb5d9f3db26ec2,elargir,0.5,False,6,False,True,0.500000,3.812,ok,526048903
777e943817da0f6bbffb5d9f3db26ec2,elargir,0.5,True,6,False,True,0.500000,4.345,ok,526048903
777e943817da0f6bbffb5d9f3db26ec2,elargir,1.0,False,6,False,False,,3.454,invariant_viole,3839942192
777e943817da0f6bbffb5d9f3db26ec2,elargir,1.0,True,6,False,False,,4.939,infaisable,3839942192
777e943817da0f6bbffb5d9f3db26ec2,retrecir,0.1,False,6,False,False,,3.428,invariant_viole,3748766615
777e943817da0f6bbffb5d9f3db26ec2,retrecir,0.1,True,6,False,True,0.100000,4.089,ok,3748766615
777e943817da0f6bbffb5d9f3db26ec2,retrecir,0.25,False,6,False,False,,3.423,invariant_viole,1938622816
777e943817da0f6bbffb5d9f3db26ec2,retrecir,0.25,True,6,False,True,0.250000,4.399,ok,1938622816
777e943817da0f6bbffb5d9f3db26ec2,retrecir,0.5,False,6,False,False,,3.527,invariant_viole,2383561204
777e943817da0f6bbffb5d9f3db26ec2,retrecir,0.5,True,6,False,True,0.500000,4.117,ok,2383561204
777e943817da0f6bbffb5d9f3db26ec2,retrecir,1.0,False,6,False,False,,3.421,invariant_viole,231640591
777e943817da0f6bbffb5d9f3db26ec2,retrecir,1.0,True,6,False,True,1.000000,4.851,ok,231640591
777e943817da0f6bbffb5d9f3db26ec2,aplatir,0.1,False,6,False,False,,3.521,invariant_viole,4060395186
777e943817da0f6bbffb5d9f3db26ec2,aplatir,0.1,True,6,False,True,0.100000,5.741,ok,4060395186
777e943817da0f6bbffb5d9f3db26ec2,aplatir,0.25,False,6,False,False,,4.486,invariant_viole,540103802
777e943817da0f6bbffb5d9f3db26ec2,aplatir,0.25,True,6,False,True,0.250000,6.449,ok,540103802
777e943817da0f6bbffb5d9f3db26ec2,aplatir,0.5,False,6,False,False,,3.957,invariant_viole,4008230987
777e943817da0f6bbffb5d9f3db26ec2,aplatir,0.5,True,6,False,True,0.500000,4.192,ok,4008230987
777e943817da0f6bbffb5d9f3db26ec2,aplatir,1.0,False,6,False,False,,3.505,invariant_viole,2666743252
777e943817da0f6bbffb5d9f3db26ec2,aplatir,1.0,True,6,False,True,1.000000,4.160,ok,2666743252
05e87702d4b616c7da608b0b14f57b58,deplacer,0.1,False,5,False,False,,3.752,invariant_viole,3388785431
05e87702d4b616c7da608b0b14f57b58,deplacer,0.1,True,5,False,True,0.100000,4.762,ok,3388785431
05e87702d4b616c7da608b0b14f57b58,deplacer,0.25,False,5,False,True,0.250000,4.695,ok,695718449
05e87702d4b616c7da608b0b14f57b58,deplacer,0.25,True,5,False,True,0.250000,4.616,ok,695718449
05e87702d4b616c7da608b0b14f57b58,deplacer,0.5,False,5,False,False,,2.976,invariant_viole,4286719153
05e87702d4b616c7da608b0b14f57b58,deplacer,0.5,True,5,False,False,,4.375,infaisable,4286719153
05e87702d4b616c7da608b0b14f57b58,deplacer,1.0,False,5,False,False,,2.997,invariant_viole,4016145700
05e87702d4b616c7da608b0b14f57b58,deplacer,1.0,True,5,False,False,,4.274,infaisable,4016145700
05e87702d4b616c7da608b0b14f57b58,elargir,0.1,False,5,False,False,,3.261,invariant_viole,472543816
05e87702d4b616c7da608b0b14f57b58,elargir,0.1,True,5,False,False,,4.194,infaisable,472543816
05e87702d4b616c7da608b0b14f57b58,elargir,0.25,False,5,False,True,0.250000,4.216,ok,4119204916
05e87702d4b616c7da608b0b14f57b58,elargir,0.25,True,5,False,True,0.250000,6.387,ok,4119204916
05e87702d4b616c7da608b0b14f57b58,elargir,0.5,False,5,False,False,,4.072,invariant_viole,875426483
05e87702d4b616c7da608b0b14f57b58,elargir,0.5,True,5,False,True,0.500000,5.925,ok,875426483
05e87702d4b616c7da608b0b14f57b58,elargir,1.0,False,5,False,False,,7.768,invariant_viole,4139033105
05e87702d4b616c7da608b0b14f57b58,elargir,1.0,True,5,False,False,,5.206,infaisable,4139033105
05e87702d4b616c7da608b0b14f57b58,retrecir,0.1,False,5,False,False,,3.671,invariant_viole,4258778821
05e87702d4b616c7da608b0b14f57b58,retrecir,0.1,True,5,False,True,0.100000,5.284,ok,4258778821
05e87702d4b616c7da608b0b14f57b58,retrecir,0.25,False,5,False,False,,3.120,invariant_viole,3282216243
05e87702d4b616c7da608b0b14f57b58,retrecir,0.25,True,5,False,True,0.250000,5.589,ok,3282216243
05e87702d4b616c7da608b0b14f57b58,retrecir,0.5,False,5,False,False,,3.056,invariant_viole,1817336971
05e87702d4b616c7da608b0b14f57b58,retrecir,0.5,True,5,False,True,0.500000,4.668,ok,1817336971
05e87702d4b616c7da608b0b14f57b58,retrecir,1.0,False,5,False,False,,3.136,invariant_viole,359940268
05e87702d4b616c7da608b0b14f57b58,retrecir,1.0,True,5,False,True,1.000000,6.211,ok,359940268
05e87702d4b616c7da608b0b14f57b58,aplatir,0.1,False,5,False,False,,3.003,invariant_viole,4075046929
05e87702d4b616c7da608b0b14f57b58,aplatir,0.1,True,5,False,True,0.100000,4.884,ok,4075046929
05e87702d4b616c7da608b0b14f57b58,aplatir,0.25,False,5,False,False,,3.445,invariant_viole,1711453495
05e87702d4b616c7da608b0b14f57b58,aplatir,0.25,True,5,False,True,0.250000,5.700,ok,1711453495
05e87702d4b616c7da608b0b14f57b58,aplatir,0.5,False,5,False,False,,2.968,invariant_viole,2746454593
05e87702d4b616c7da608b0b14f57b58,aplatir,0.5,True,5,False,True,0.500000,5.008,ok,2746454593
05e87702d4b616c7da608b0b14f57b58,aplatir,1.0,False,5,False,False,,2.973,invariant_viole,2437044841
05e87702d4b616c7da608b0b14f57b58,aplatir,1.0,True,5,False,True,1.000000,4.679,ok,2437044841
80dd915a489c17dff6d6cd5f03ff3439,deplacer,0.1,False,6,False,False,,3.713,invariant_viole,507130744
80dd915a489c17dff6d6cd5f03ff3439,deplacer,0.1,True,6,False,False,,4.597,infaisable,507130744
80dd915a489c17dff6d6cd5f03ff3439,deplacer,0.25,False,6,False,False,,3.442,invariant_viole,1455036229
80dd915a489c17dff6d6cd5f03ff3439,deplacer,0.25,True,6,False,True,0.250000,5.172,ok,1455036229
80dd915a489c17dff6d6cd5f03ff3439,deplacer,0.5,False,6,False,False,,3.684,invariant_viole,4024826122
80dd915a489c17dff6d6cd5f03ff3439,deplacer,0.5,True,6,False,True,0.500000,4.494,ok,4024826122
80dd915a489c17dff6d6cd5f03ff3439,deplacer,1.0,False,6,False,False,,3.412,invariant_viole,1779777609
80dd915a489c17dff6d6cd5f03ff3439,deplacer,1.0,True,6,False,False,,5.194,infaisable,1779777609
80dd915a489c17dff6d6cd5f03ff3439,elargir,0.1,False,6,False,True,0.100000,3.487,ok,4276045812
80dd915a489c17dff6d6cd5f03ff3439,elargir,0.1,True,6,False,True,0.100000,5.160,ok,4276045812
80dd915a489c17dff6d6cd5f03ff3439,elargir,0.25,False,6,False,False,,4.258,invariant_viole,3286942944
80dd915a489c17dff6d6cd5f03ff3439,elargir,0.25,True,6,False,False,,4.451,infaisable,3286942944
80dd915a489c17dff6d6cd5f03ff3439,elargir,0.5,False,6,False,False,,3.367,invariant_viole,1162822129
80dd915a489c17dff6d6cd5f03ff3439,elargir,0.5,True,6,False,True,0.500000,4.327,ok,1162822129
80dd915a489c17dff6d6cd5f03ff3439,elargir,1.0,False,6,False,True,1.000000,3.557,ok,2964943710
80dd915a489c17dff6d6cd5f03ff3439,elargir,1.0,True,6,False,True,1.000000,5.228,ok,2964943710
80dd915a489c17dff6d6cd5f03ff3439,retrecir,0.1,False,6,False,False,,3.734,invariant_viole,3724392319
80dd915a489c17dff6d6cd5f03ff3439,retrecir,0.1,True,6,False,True,0.100000,5.390,ok,3724392319
80dd915a489c17dff6d6cd5f03ff3439,retrecir,0.25,False,6,False,False,,3.489,invariant_viole,299823197
80dd915a489c17dff6d6cd5f03ff3439,retrecir,0.25,True,6,False,True,0.250000,5.517,ok,299823197
80dd915a489c17dff6d6cd5f03ff3439,retrecir,0.5,False,6,False,False,,3.395,invariant_viole,1241403257
80dd915a489c17dff6d6cd5f03ff3439,retrecir,0.5,True,6,False,True,0.500000,5.445,ok,1241403257
80dd915a489c17dff6d6cd5f03ff3439,retrecir,1.0,False,6,False,False,,3.612,invariant_viole,2450305430
80dd915a489c17dff6d6cd5f03ff3439,retrecir,1.0,True,6,False,True,0.943187,4.412,ok,2450305430
80dd915a489c17dff6d6cd5f03ff3439,aplatir,0.1,False,6,False,False,,3.367,invariant_viole,1210650103
80dd915a489c17dff6d6cd5f03ff3439,aplatir,0.1,True,6,False,True,0.100000,3.999,ok,1210650103
80dd915a489c17dff6d6cd5f03ff3439,aplatir,0.25,False,6,False,False,,4.167,invariant_viole,648505003
80dd915a489c17dff6d6cd5f03ff3439,aplatir,0.25,True,6,False,True,0.250000,8.767,ok,648505003
80dd915a489c17dff6d6cd5f03ff3439,aplatir,0.5,False,6,False,False,,4.570,invariant_viole,699334778
80dd915a489c17dff6d6cd5f03ff3439,aplatir,0.5,True,6,False,True,0.500000,5.111,ok,699334778
80dd915a489c17dff6d6cd5f03ff3439,aplatir,1.0,False,6,False,False,,3.720,invariant_viole,3553531166
80dd915a489c17dff6d6cd5f03ff3439,aplatir,1.0,True,6,False,True,1.000000,7.162,ok,3553531166
e92cc1a7cc9dbefec0382f3ea01e341a,deplacer,0.1,False,6,False,False,,3.718,invariant_viole,1119821727
e92cc1a7cc9dbefec0382f3ea01e341a,deplacer,0.1,True,6,False,False,,4.858,infaisable,1119821727
e92cc1a7cc9dbefec0382f3ea01e341a,deplacer,0.25,False,6,False,False,,3.709,invariant_viole,3244761777
e92cc1a7cc9dbefec0382f3ea01e341a,deplacer,0.25,True,6,False,True,0.250000,4.477,ok,3244761777
e92cc1a7cc9dbefec0382f3ea01e341a,deplacer,0.5,False,6,False,True,0.500000,4.945,ok,3948738501
e92cc1a7cc9dbefec0382f3ea01e341a,deplacer,0.5,True,6,False,True,0.500000,4.111,ok,3948738501
e92cc1a7cc9dbefec0382f3ea01e341a,deplacer,1.0,False,6,False,False,,5.806,invariant_viole,1227072792
e92cc1a7cc9dbefec0382f3ea01e341a,deplacer,1.0,True,6,False,True,1.000000,4.930,ok,1227072792
e92cc1a7cc9dbefec0382f3ea01e341a,elargir,0.1,False,6,False,False,,5.342,invariant_viole,288470318
e92cc1a7cc9dbefec0382f3ea01e341a,elargir,0.1,True,6,False,True,0.100000,5.849,ok,288470318
e92cc1a7cc9dbefec0382f3ea01e341a,elargir,0.25,False,6,False,True,0.250000,4.198,ok,579783841
e92cc1a7cc9dbefec0382f3ea01e341a,elargir,0.25,True,6,False,True,0.250000,4.934,ok,579783841
e92cc1a7cc9dbefec0382f3ea01e341a,elargir,0.5,False,6,False,True,0.500000,4.014,ok,1667843462
e92cc1a7cc9dbefec0382f3ea01e341a,elargir,0.5,True,6,False,True,0.500000,4.055,ok,1667843462
e92cc1a7cc9dbefec0382f3ea01e341a,elargir,1.0,False,6,False,False,,6.168,invariant_viole,3503522762
e92cc1a7cc9dbefec0382f3ea01e341a,elargir,1.0,True,6,False,False,,5.175,infaisable,3503522762
e92cc1a7cc9dbefec0382f3ea01e341a,retrecir,0.1,False,6,False,False,,3.495,invariant_viole,355426176
e92cc1a7cc9dbefec0382f3ea01e341a,retrecir,0.1,True,6,False,True,0.100000,5.272,ok,355426176
e92cc1a7cc9dbefec0382f3ea01e341a,retrecir,0.25,False,6,False,False,,3.438,invariant_viole,906356460
e92cc1a7cc9dbefec0382f3ea01e341a,retrecir,0.25,True,6,False,True,0.250000,3.956,ok,906356460
e92cc1a7cc9dbefec0382f3ea01e341a,retrecir,0.5,False,6,False,False,,3.429,invariant_viole,2185449165
e92cc1a7cc9dbefec0382f3ea01e341a,retrecir,0.5,True,6,False,True,0.500000,5.784,ok,2185449165
e92cc1a7cc9dbefec0382f3ea01e341a,retrecir,1.0,False,6,False,False,,3.486,invariant_viole,2258543513
e92cc1a7cc9dbefec0382f3ea01e341a,retrecir,1.0,True,6,False,True,1.000000,4.175,ok,2258543513
e92cc1a7cc9dbefec0382f3ea01e341a,aplatir,0.1,False,6,False,False,,3.485,invariant_viole,2222196375
e92cc1a7cc9dbefec0382f3ea01e341a,aplatir,0.1,True,6,False,True,0.100000,4.009,ok,2222196375
e92cc1a7cc9dbefec0382f3ea01e341a,aplatir,0.25,False,6,False,False,,3.379,invariant_viole,287837042
e92cc1a7cc9dbefec0382f3ea01e341a,aplatir,0.25,True,6,False,True,0.250000,4.227,ok,287837042
e92cc1a7cc9dbefec0382f3ea01e341a,aplatir,0.5,False,6,False,False,,3.444,invariant_viole,2210446044
e92cc1a7cc9dbefec0382f3ea01e341a,aplatir,0.5,True,6,False,True,0.500000,3.982,ok,2210446044
e92cc1a7cc9dbefec0382f3ea01e341a,aplatir,1.0,False,6,False,False,,3.312,invariant_viole,29781061
e92cc1a7cc9dbefec0382f3ea01e341a,aplatir,1.0,True,6,False,False,,5.000,infaisable,29781061
2db47e946088b2337fb234171761e2cd,deplacer,0.1,False,10,False,True,0.100000,7.148,ok,1776912174
2db47e946088b2337fb234171761e2cd,deplacer,0.1,True,10,False,True,0.100000,6.693,ok,1776912174
2db47e946088b2337fb234171761e2cd,deplacer,0.25,False,10,False,False,,5.738,invariant_viole,3136233385
2db47e946088b2337fb234171761e2cd,deplacer,0.25,True,10,False,True,0.250000,6.528,ok,3136233385
2db47e946088b2337fb234171761e2cd,deplacer,0.5,False,10,False,True,0.500000,6.613,ok,3078791636
2db47e946088b2337fb234171761e2cd,deplacer,0.5,True,10,False,True,0.500000,7.305,ok,3078791636
2db47e946088b2337fb234171761e2cd,deplacer,1.0,False,10,False,False,,5.511,invariant_viole,640272520
2db47e946088b2337fb234171761e2cd,deplacer,1.0,True,10,False,False,,7.678,infaisable,640272520
2db47e946088b2337fb234171761e2cd,elargir,0.1,False,10,False,True,0.100000,5.996,ok,4255307944
2db47e946088b2337fb234171761e2cd,elargir,0.1,True,10,False,True,0.100000,6.940,ok,4255307944
2db47e946088b2337fb234171761e2cd,elargir,0.25,False,10,False,True,0.250000,6.336,ok,1897906269
2db47e946088b2337fb234171761e2cd,elargir,0.25,True,10,False,True,0.250000,7.357,ok,1897906269
2db47e946088b2337fb234171761e2cd,elargir,0.5,False,10,False,False,,5.413,invariant_viole,1297475776
2db47e946088b2337fb234171761e2cd,elargir,0.5,True,10,False,True,0.836625,7.177,ok,1297475776
2db47e946088b2337fb234171761e2cd,elargir,1.0,False,10,False,True,1.000000,6.507,ok,1453638324
2db47e946088b2337fb234171761e2cd,elargir,1.0,True,10,False,True,1.000000,7.608,ok,1453638324
2db47e946088b2337fb234171761e2cd,retrecir,0.1,False,10,False,False,,5.553,invariant_viole,3611873949
2db47e946088b2337fb234171761e2cd,retrecir,0.1,True,10,False,True,0.100000,6.668,ok,3611873949
2db47e946088b2337fb234171761e2cd,retrecir,0.25,False,10,False,False,,5.554,invariant_viole,405477331
2db47e946088b2337fb234171761e2cd,retrecir,0.25,True,10,False,True,0.250000,7.401,ok,405477331
2db47e946088b2337fb234171761e2cd,retrecir,0.5,False,10,False,True,0.500000,6.251,ok,1786557945
2db47e946088b2337fb234171761e2cd,retrecir,0.5,True,10,False,True,0.500000,8.501,ok,1786557945
2db47e946088b2337fb234171761e2cd,retrecir,1.0,False,10,False,False,,5.828,invariant_viole,2004072652
2db47e946088b2337fb234171761e2cd,retrecir,1.0,True,10,False,True,0.600057,6.992,ok,2004072652
2db47e946088b2337fb234171761e2cd,aplatir,0.1,False,10,False,False,,5.494,invariant_viole,212849693
2db47e946088b2337fb234171761e2cd,aplatir,0.1,True,10,False,True,0.100000,7.446,ok,212849693
2db47e946088b2337fb234171761e2cd,aplatir,0.25,False,10,False,False,,6.240,invariant_viole,3895043980
2db47e946088b2337fb234171761e2cd,aplatir,0.25,True,10,False,True,0.250000,6.976,ok,3895043980
2db47e946088b2337fb234171761e2cd,aplatir,0.5,False,10,False,False,,5.492,invariant_viole,2158140034
2db47e946088b2337fb234171761e2cd,aplatir,0.5,True,10,False,True,0.500000,8.064,ok,2158140034
2db47e946088b2337fb234171761e2cd,aplatir,1.0,False,10,False,False,,6.319,invariant_viole,1496176006
2db47e946088b2337fb234171761e2cd,aplatir,1.0,True,10,False,False,,8.048,infaisable,1496176006
83f98649356235090d0514d522a60fb7,deplacer,0.1,False,14,False,True,0.100000,8.690,ok,739686329
83f98649356235090d0514d522a60fb7,deplacer,0.1,True,14,False,True,0.100000,8.879,ok,739686329
83f98649356235090d0514d522a60fb7,deplacer,0.25,False,14,False,True,0.250000,9.693,ok,444560915
83f98649356235090d0514d522a60fb7,deplacer,0.25,True,14,False,True,0.250000,8.821,ok,444560915
83f98649356235090d0514d522a60fb7,deplacer,0.5,False,14,False,True,0.500000,10.264,ok,2549441692
83f98649356235090d0514d522a60fb7,deplacer,0.5,True,14,False,True,0.500000,10.950,ok,2549441692
83f98649356235090d0514d522a60fb7,deplacer,1.0,False,14,False,True,1.000000,10.972,ok,164153351
83f98649356235090d0514d522a60fb7,deplacer,1.0,True,14,False,True,1.000000,11.081,ok,164153351
83f98649356235090d0514d522a60fb7,elargir,0.1,False,14,False,True,0.100000,8.691,ok,3346498129
83f98649356235090d0514d522a60fb7,elargir,0.1,True,14,False,True,0.100000,8.684,ok,3346498129
83f98649356235090d0514d522a60fb7,elargir,0.25,False,14,False,True,0.250000,9.715,ok,416339992
83f98649356235090d0514d522a60fb7,elargir,0.25,True,14,False,True,0.250000,9.087,ok,416339992
83f98649356235090d0514d522a60fb7,elargir,0.5,False,14,False,False,,8.245,invariant_viole,2982116684
83f98649356235090d0514d522a60fb7,elargir,0.5,True,14,False,False,,11.631,infaisable,2982116684
83f98649356235090d0514d522a60fb7,elargir,1.0,False,14,False,True,1.000000,8.518,ok,1267017468
83f98649356235090d0514d522a60fb7,elargir,1.0,True,14,False,True,1.000000,8.958,ok,1267017468
83f98649356235090d0514d522a60fb7,retrecir,0.1,False,14,False,False,,8.770,invariant_viole,2711909288
83f98649356235090d0514d522a60fb7,retrecir,0.1,True,14,False,True,0.100000,10.726,ok,2711909288
83f98649356235090d0514d522a60fb7,retrecir,0.25,False,14,False,True,0.250000,7.529,ok,3467034857
83f98649356235090d0514d522a60fb7,retrecir,0.25,True,14,False,True,0.250000,10.178,ok,3467034857
83f98649356235090d0514d522a60fb7,retrecir,0.5,False,14,False,False,,8.014,invariant_viole,4090954994
83f98649356235090d0514d522a60fb7,retrecir,0.5,True,14,False,True,0.500000,9.001,ok,4090954994
83f98649356235090d0514d522a60fb7,retrecir,1.0,False,14,False,False,,8.367,invariant_viole,1682664543
83f98649356235090d0514d522a60fb7,retrecir,1.0,True,14,False,True,1.000000,8.472,ok,1682664543
83f98649356235090d0514d522a60fb7,aplatir,0.1,False,14,False,False,,7.425,invariant_viole,3559263836
83f98649356235090d0514d522a60fb7,aplatir,0.1,True,14,False,True,0.100000,8.202,ok,3559263836
83f98649356235090d0514d522a60fb7,aplatir,0.25,False,14,False,False,,7.281,invariant_viole,1501321225
83f98649356235090d0514d522a60fb7,aplatir,0.25,True,14,False,True,0.250000,8.540,ok,1501321225
83f98649356235090d0514d522a60fb7,aplatir,0.5,False,14,False,False,,7.356,invariant_viole,1007092707
83f98649356235090d0514d522a60fb7,aplatir,0.5,True,14,False,True,0.500000,8.552,ok,1007092707
83f98649356235090d0514d522a60fb7,aplatir,1.0,False,14,False,False,,8.165,invariant_viole,1070027161
83f98649356235090d0514d522a60fb7,aplatir,1.0,True,14,False,True,1.000000,11.014,ok,1070027161
7e2311491557d0a2c994ccaf63130658,deplacer,0.1,False,14,False,True,0.100000,11.883,ok,2227551079
7e2311491557d0a2c994ccaf63130658,deplacer,0.1,True,14,False,True,0.100000,7.458,ok,2227551079
7e2311491557d0a2c994ccaf63130658,deplacer,0.25,False,14,False,False,,8.089,invariant_viole,667701039
7e2311491557d0a2c994ccaf63130658,deplacer,0.25,True,14,False,True,0.250000,8.192,ok,667701039
7e2311491557d0a2c994ccaf63130658,deplacer,0.5,False,14,False,False,,9.843,invariant_viole,3652420308
7e2311491557d0a2c994ccaf63130658,deplacer,0.5,True,14,False,True,0.500000,13.425,ok,3652420308
7e2311491557d0a2c994ccaf63130658,deplacer,1.0,False,14,False,False,,11.126,invariant_viole,3835037769
7e2311491557d0a2c994ccaf63130658,deplacer,1.0,True,14,False,True,1.000000,10.774,ok,3835037769
7e2311491557d0a2c994ccaf63130658,elargir,0.1,False,14,False,True,0.100000,16.041,ok,1855852225
7e2311491557d0a2c994ccaf63130658,elargir,0.1,True,14,False,True,0.100000,18.169,ok,1855852225
7e2311491557d0a2c994ccaf63130658,elargir,0.25,False,14,False,False,,9.345,invariant_viole,4244640550
7e2311491557d0a2c994ccaf63130658,elargir,0.25,True,14,False,True,0.250000,11.286,ok,4244640550
7e2311491557d0a2c994ccaf63130658,elargir,0.5,False,14,False,False,,10.929,invariant_viole,3260821641
7e2311491557d0a2c994ccaf63130658,elargir,0.5,True,14,False,False,,11.359,infaisable,3260821641
7e2311491557d0a2c994ccaf63130658,elargir,1.0,False,14,False,False,,7.880,invariant_viole,706582660
7e2311491557d0a2c994ccaf63130658,elargir,1.0,True,14,False,True,1.000000,80.198,ok,706582660
7e2311491557d0a2c994ccaf63130658,retrecir,0.1,False,14,False,True,0.100000,11.437,ok,1002568328
7e2311491557d0a2c994ccaf63130658,retrecir,0.1,True,14,False,True,0.100000,9.513,ok,1002568328
7e2311491557d0a2c994ccaf63130658,retrecir,0.25,False,14,False,False,,7.767,invariant_viole,3384608931
7e2311491557d0a2c994ccaf63130658,retrecir,0.25,True,14,False,True,0.250000,7.845,ok,3384608931
7e2311491557d0a2c994ccaf63130658,retrecir,0.5,False,14,False,True,0.500000,13.062,ok,1530797132
7e2311491557d0a2c994ccaf63130658,retrecir,0.5,True,14,False,True,0.500000,10.902,ok,1530797132
7e2311491557d0a2c994ccaf63130658,retrecir,1.0,False,14,False,False,,7.813,invariant_viole,3399176729
7e2311491557d0a2c994ccaf63130658,retrecir,1.0,True,14,False,True,0.991938,8.273,ok,3399176729
7e2311491557d0a2c994ccaf63130658,aplatir,0.1,False,14,False,False,,7.505,invariant_viole,995769936
7e2311491557d0a2c994ccaf63130658,aplatir,0.1,True,14,False,True,0.100000,7.328,ok,995769936
7e2311491557d0a2c994ccaf63130658,aplatir,0.25,False,14,False,False,,8.161,invariant_viole,2395396324
7e2311491557d0a2c994ccaf63130658,aplatir,0.25,True,14,False,True,0.250000,7.501,ok,2395396324
7e2311491557d0a2c994ccaf63130658,aplatir,0.5,False,14,False,False,,7.329,invariant_viole,4247932866
7e2311491557d0a2c994ccaf63130658,aplatir,0.5,True,14,False,True,0.500000,7.670,ok,4247932866
7e2311491557d0a2c994ccaf63130658,aplatir,1.0,False,14,False,False,,8.279,invariant_viole,2214900390
7e2311491557d0a2c994ccaf63130658,aplatir,1.0,True,14,False,True,1.000000,7.616,ok,2214900390
f57aefc2023079e79a357ef897abc7cb,deplacer,0.1,False,10,False,True,0.100000,5.890,ok,3893216509
f57aefc2023079e79a357ef897abc7cb,deplacer,0.1,True,10,False,True,0.100000,6.045,ok,3893216509
f57aefc2023079e79a357ef897abc7cb,deplacer,0.25,False,10,False,True,0.250000,5.333,ok,2282856211
f57aefc2023079e79a357ef897abc7cb,deplacer,0.25,True,10,False,True,0.250000,5.975,ok,2282856211
f57aefc2023079e79a357ef897abc7cb,deplacer,0.5,False,10,False,True,0.500000,5.629,ok,2884638681
f57aefc2023079e79a357ef897abc7cb,deplacer,0.5,True,10,False,True,0.500000,6.502,ok,2884638681
f57aefc2023079e79a357ef897abc7cb,deplacer,1.0,False,10,False,False,,4.995,invariant_viole,3949238762
f57aefc2023079e79a357ef897abc7cb,deplacer,1.0,True,10,False,True,1.000000,5.931,ok,3949238762
f57aefc2023079e79a357ef897abc7cb,elargir,0.1,False,10,False,True,0.100000,5.477,ok,3267861859
f57aefc2023079e79a357ef897abc7cb,elargir,0.1,True,10,False,True,0.100000,5.618,ok,3267861859
f57aefc2023079e79a357ef897abc7cb,elargir,0.25,False,10,False,True,0.250000,6.150,ok,3715487557
f57aefc2023079e79a357ef897abc7cb,elargir,0.25,True,10,False,True,0.250000,7.541,ok,3715487557
f57aefc2023079e79a357ef897abc7cb,elargir,0.5,False,10,False,True,0.500000,7.259,ok,4044396061
f57aefc2023079e79a357ef897abc7cb,elargir,0.5,True,10,False,True,0.500000,6.010,ok,4044396061
f57aefc2023079e79a357ef897abc7cb,elargir,1.0,False,10,False,True,1.000000,8.452,ok,1885577377
f57aefc2023079e79a357ef897abc7cb,elargir,1.0,True,10,False,True,1.000000,7.354,ok,1885577377
f57aefc2023079e79a357ef897abc7cb,retrecir,0.1,False,10,False,False,,5.935,invariant_viole,2503465566
f57aefc2023079e79a357ef897abc7cb,retrecir,0.1,True,10,False,True,0.100000,5.569,ok,2503465566
f57aefc2023079e79a357ef897abc7cb,retrecir,0.25,False,10,False,False,,5.017,invariant_viole,4208249140
f57aefc2023079e79a357ef897abc7cb,retrecir,0.25,True,10,False,True,0.250000,5.922,ok,4208249140
f57aefc2023079e79a357ef897abc7cb,retrecir,0.5,False,10,False,True,0.500000,5.917,ok,3603271544
f57aefc2023079e79a357ef897abc7cb,retrecir,0.5,True,10,False,True,0.500000,6.374,ok,3603271544
f57aefc2023079e79a357ef897abc7cb,retrecir,1.0,False,10,False,False,,5.136,invariant_viole,1733713508
f57aefc2023079e79a357ef897abc7cb,retrecir,1.0,True,10,False,False,,8.910,infaisable,1733713508
f57aefc2023079e79a357ef897abc7cb,aplatir,0.1,False,10,False,False,,5.165,invariant_viole,2832947156
f57aefc2023079e79a357ef897abc7cb,aplatir,0.1,True,10,False,True,0.100000,5.586,ok,2832947156
f57aefc2023079e79a357ef897abc7cb,aplatir,0.25,False,10,False,False,,5.300,invariant_viole,2799179268
f57aefc2023079e79a357ef897abc7cb,aplatir,0.25,True,10,False,True,0.250000,6.319,ok,2799179268
f57aefc2023079e79a357ef897abc7cb,aplatir,0.5,False,10,False,False,,9.197,invariant_viole,1199260174
f57aefc2023079e79a357ef897abc7cb,aplatir,0.5,True,10,False,True,0.500000,7.547,ok,1199260174
f57aefc2023079e79a357ef897abc7cb,aplatir,1.0,False,10,False,False,,5.148,invariant_viole,3676547950
f57aefc2023079e79a357ef897abc7cb,aplatir,1.0,True,10,False,True,1.000000,5.864,ok,3676547950
a22fe4a47f10c9a5ed463cb2f71ffaed,deplacer,0.1,False,13,False,True,0.100000,10.098,ok,207359544
a22fe4a47f10c9a5ed463cb2f71ffaed,deplacer,0.1,True,13,False,True,0.100000,12.153,ok,207359544
a22fe4a47f10c9a5ed463cb2f71ffaed,deplacer,0.25,False,13,False,False,,7.176,invariant_viole,866983707
a22fe4a47f10c9a5ed463cb2f71ffaed,deplacer,0.25,True,13,False,True,0.250000,13.214,ok,866983707
a22fe4a47f10c9a5ed463cb2f71ffaed,deplacer,0.5,False,13,False,True,0.500000,8.246,ok,850524747
a22fe4a47f10c9a5ed463cb2f71ffaed,deplacer,0.5,True,13,False,True,0.500000,9.913,ok,850524747
a22fe4a47f10c9a5ed463cb2f71ffaed,deplacer,1.0,False,13,False,True,1.000000,8.169,ok,457946299
a22fe4a47f10c9a5ed463cb2f71ffaed,deplacer,1.0,True,13,False,True,1.000000,11.035,ok,457946299
a22fe4a47f10c9a5ed463cb2f71ffaed,elargir,0.1,False,13,False,False,,6.944,invariant_viole,1295255939
a22fe4a47f10c9a5ed463cb2f71ffaed,elargir,0.1,True,13,False,True,0.100000,10.998,ok,1295255939
a22fe4a47f10c9a5ed463cb2f71ffaed,elargir,0.25,False,13,False,False,,7.547,invariant_viole,3656412582
a22fe4a47f10c9a5ed463cb2f71ffaed,elargir,0.25,True,13,False,True,0.250000,9.779,ok,3656412582
a22fe4a47f10c9a5ed463cb2f71ffaed,elargir,0.5,False,13,False,True,0.500000,8.268,ok,2137074352
a22fe4a47f10c9a5ed463cb2f71ffaed,elargir,0.5,True,13,False,True,0.500000,10.041,ok,2137074352
a22fe4a47f10c9a5ed463cb2f71ffaed,elargir,1.0,False,13,False,True,1.000000,7.991,ok,1867344509
a22fe4a47f10c9a5ed463cb2f71ffaed,elargir,1.0,True,13,False,True,1.000000,10.984,ok,1867344509
a22fe4a47f10c9a5ed463cb2f71ffaed,retrecir,0.1,False,13,False,False,,6.903,invariant_viole,629888692
a22fe4a47f10c9a5ed463cb2f71ffaed,retrecir,0.1,True,13,False,True,0.100000,9.742,ok,629888692
a22fe4a47f10c9a5ed463cb2f71ffaed,retrecir,0.25,False,13,False,False,,6.966,invariant_viole,1930091493
a22fe4a47f10c9a5ed463cb2f71ffaed,retrecir,0.25,True,13,False,True,0.250000,10.014,ok,1930091493
a22fe4a47f10c9a5ed463cb2f71ffaed,retrecir,0.5,False,13,False,False,,7.179,invariant_viole,2071406768
a22fe4a47f10c9a5ed463cb2f71ffaed,retrecir,0.5,True,13,False,True,0.500000,9.762,ok,2071406768
a22fe4a47f10c9a5ed463cb2f71ffaed,retrecir,1.0,False,13,False,False,,7.039,invariant_viole,3833229886
a22fe4a47f10c9a5ed463cb2f71ffaed,retrecir,1.0,True,13,False,True,1.000000,10.477,ok,3833229886
a22fe4a47f10c9a5ed463cb2f71ffaed,aplatir,0.1,False,13,False,False,,7.067,invariant_viole,1225301086
a22fe4a47f10c9a5ed463cb2f71ffaed,aplatir,0.1,True,13,False,True,0.100000,10.839,ok,1225301086
a22fe4a47f10c9a5ed463cb2f71ffaed,aplatir,0.25,False,13,False,False,,7.301,invariant_viole,325642651
a22fe4a47f10c9a5ed463cb2f71ffaed,aplatir,0.25,True,13,False,True,0.250000,11.085,ok,325642651
a22fe4a47f10c9a5ed463cb2f71ffaed,aplatir,0.5,False,13,False,False,,7.017,invariant_viole,652292987
a22fe4a47f10c9a5ed463cb2f71ffaed,aplatir,0.5,True,13,False,True,0.500000,10.065,ok,652292987
a22fe4a47f10c9a5ed463cb2f71ffaed,aplatir,1.0,False,13,False,False,,6.851,invariant_viole,2680625474
a22fe4a47f10c9a5ed463cb2f71ffaed,aplatir,1.0,True,13,False,True,1.000000,12.628,ok,2680625474
098d465af8f1ec01fc4e901e4aa0f01c,deplacer,0.1,False,12,False,True,0.100000,7.920,ok,3438714526
098d465af8f1ec01fc4e901e4aa0f01c,deplacer,0.1,True,12,False,True,0.100000,7.143,ok,3438714526
098d465af8f1ec01fc4e901e4aa0f01c,deplacer,0.25,False,12,False,True,0.250000,8.839,ok,767460316
098d465af8f1ec01fc4e901e4aa0f01c,deplacer,0.25,True,12,False,True,0.250000,8.052,ok,767460316
098d465af8f1ec01fc4e901e4aa0f01c,deplacer,0.5,False,12,False,False,,8.229,invariant_viole,4248278398
098d465af8f1ec01fc4e901e4aa0f01c,deplacer,0.5,True,12,False,True,0.500000,10.301,ok,4248278398
098d465af8f1ec01fc4e901e4aa0f01c,deplacer,1.0,False,12,False,False,,8.259,invariant_viole,1991925865
098d465af8f1ec01fc4e901e4aa0f01c,deplacer,1.0,True,12,False,True,1.146609,9.968,ok,1991925865
098d465af8f1ec01fc4e901e4aa0f01c,elargir,0.1,False,12,False,True,0.100000,7.170,ok,1358356881
098d465af8f1ec01fc4e901e4aa0f01c,elargir,0.1,True,12,False,True,0.100000,6.918,ok,1358356881
098d465af8f1ec01fc4e901e4aa0f01c,elargir,0.25,False,12,False,False,,6.939,invariant_viole,1229655675
098d465af8f1ec01fc4e901e4aa0f01c,elargir,0.25,True,12,False,True,2.095995,6.888,ok,1229655675
098d465af8f1ec01fc4e901e4aa0f01c,elargir,0.5,False,12,False,True,0.500000,7.174,ok,3279722039
098d465af8f1ec01fc4e901e4aa0f01c,elargir,0.5,True,12,False,True,0.500000,6.807,ok,3279722039
098d465af8f1ec01fc4e901e4aa0f01c,elargir,1.0,False,12,False,False,,6.906,invariant_viole,3381430219
098d465af8f1ec01fc4e901e4aa0f01c,elargir,1.0,True,12,False,True,1.000000,7.213,ok,3381430219
098d465af8f1ec01fc4e901e4aa0f01c,retrecir,0.1,False,12,False,False,,7.958,invariant_viole,2500505926
098d465af8f1ec01fc4e901e4aa0f01c,retrecir,0.1,True,12,False,True,0.100000,7.954,ok,2500505926
098d465af8f1ec01fc4e901e4aa0f01c,retrecir,0.25,False,12,False,False,,6.854,invariant_viole,1259521428
098d465af8f1ec01fc4e901e4aa0f01c,retrecir,0.25,True,12,False,True,0.250000,7.396,ok,1259521428
098d465af8f1ec01fc4e901e4aa0f01c,retrecir,0.5,False,12,False,False,,9.474,invariant_viole,463965617
098d465af8f1ec01fc4e901e4aa0f01c,retrecir,0.5,True,12,False,True,0.500000,7.532,ok,463965617
098d465af8f1ec01fc4e901e4aa0f01c,retrecir,1.0,False,12,False,False,,6.898,invariant_viole,3789346800
098d465af8f1ec01fc4e901e4aa0f01c,retrecir,1.0,True,12,False,True,1.000000,7.526,ok,3789346800
098d465af8f1ec01fc4e901e4aa0f01c,aplatir,0.1,False,12,False,False,,6.616,invariant_viole,2065722986
098d465af8f1ec01fc4e901e4aa0f01c,aplatir,0.1,True,12,False,True,0.100000,7.369,ok,2065722986
098d465af8f1ec01fc4e901e4aa0f01c,aplatir,0.25,False,12,False,False,,10.212,invariant_viole,1417112872
098d465af8f1ec01fc4e901e4aa0f01c,aplatir,0.25,True,12,False,True,0.250000,9.594,ok,1417112872
098d465af8f1ec01fc4e901e4aa0f01c,aplatir,0.5,False,12,False,False,,9.955,invariant_viole,2656726762
098d465af8f1ec01fc4e901e4aa0f01c,aplatir,0.5,True,12,False,True,0.500000,12.285,ok,2656726762
098d465af8f1ec01fc4e901e4aa0f01c,aplatir,1.0,False,12,False,False,,6.757,invariant_viole,2343498207
098d465af8f1ec01fc4e901e4aa0f01c,aplatir,1.0,True,12,False,True,0.846609,9.654,ok,2343498207
f3028239a48535a3745aaba66207e89e,deplacer,0.1,False,11,False,True,0.100000,8.378,ok,6864496
f3028239a48535a3745aaba66207e89e,deplacer,0.1,True,11,False,True,0.100000,14.136,ok,6864496
f3028239a48535a3745aaba66207e89e,deplacer,0.25,False,11,False,True,0.250000,8.261,ok,1081558256
f3028239a48535a3745aaba66207e89e,deplacer,0.25,True,11,False,True,0.250000,7.061,ok,1081558256
f3028239a48535a3745aaba66207e89e,deplacer,0.5,False,11,False,True,0.500000,9.412,ok,1317235103
f3028239a48535a3745aaba66207e89e,deplacer,0.5,True,11,False,True,0.500000,9.393,ok,1317235103
f3028239a48535a3745aaba66207e89e,deplacer,1.0,False,11,False,True,1.000000,5.898,ok,2953732769
f3028239a48535a3745aaba66207e89e,deplacer,1.0,True,11,False,True,1.000000,7.091,ok,2953732769
f3028239a48535a3745aaba66207e89e,elargir,0.1,False,11,False,True,0.100000,7.117,ok,4092795427
f3028239a48535a3745aaba66207e89e,elargir,0.1,True,11,False,True,0.100000,8.559,ok,4092795427
f3028239a48535a3745aaba66207e89e,elargir,0.25,False,11,False,False,,6.029,invariant_viole,2588180463
f3028239a48535a3745aaba66207e89e,elargir,0.25,True,11,False,True,0.250000,6.549,ok,2588180463
f3028239a48535a3745aaba66207e89e,elargir,0.5,False,11,False,True,0.500000,5.846,ok,3472456422
f3028239a48535a3745aaba66207e89e,elargir,0.5,True,11,False,True,0.500000,7.147,ok,3472456422
f3028239a48535a3745aaba66207e89e,elargir,1.0,False,11,False,False,,6.470,invariant_viole,2099119090
f3028239a48535a3745aaba66207e89e,elargir,1.0,True,11,False,False,,8.433,infaisable,2099119090
f3028239a48535a3745aaba66207e89e,retrecir,0.1,False,11,False,False,,5.789,invariant_viole,3341631455
f3028239a48535a3745aaba66207e89e,retrecir,0.1,True,11,False,True,0.100000,7.071,ok,3341631455
f3028239a48535a3745aaba66207e89e,retrecir,0.25,False,11,False,False,,6.152,invariant_viole,1721543271
f3028239a48535a3745aaba66207e89e,retrecir,0.25,True,11,False,True,0.250000,7.630,ok,1721543271
f3028239a48535a3745aaba66207e89e,retrecir,0.5,False,11,False,False,,9.690,invariant_viole,368793659
f3028239a48535a3745aaba66207e89e,retrecir,0.5,True,11,False,True,0.500000,7.243,ok,368793659
f3028239a48535a3745aaba66207e89e,retrecir,1.0,False,11,False,False,,5.854,invariant_viole,1669320693
f3028239a48535a3745aaba66207e89e,retrecir,1.0,True,11,False,True,1.000000,7.114,ok,1669320693
f3028239a48535a3745aaba66207e89e,aplatir,0.1,False,11,False,False,,6.470,invariant_viole,3112652334
f3028239a48535a3745aaba66207e89e,aplatir,0.1,True,11,False,True,0.100000,7.168,ok,3112652334
f3028239a48535a3745aaba66207e89e,aplatir,0.25,False,11,False,True,0.250000,6.479,ok,25570222
f3028239a48535a3745aaba66207e89e,aplatir,0.25,True,11,False,True,0.250000,7.140,ok,25570222
f3028239a48535a3745aaba66207e89e,aplatir,0.5,False,11,False,False,,6.626,invariant_viole,1882233629
f3028239a48535a3745aaba66207e89e,aplatir,0.5,True,11,False,True,0.642766,6.164,ok,1882233629
f3028239a48535a3745aaba66207e89e,aplatir,1.0,False,11,False,True,1.000000,6.431,ok,3058587082
f3028239a48535a3745aaba66207e89e,aplatir,1.0,True,11,False,True,1.000000,6.877,ok,3058587082
6bc3722ba16ba93cb936d88a9f1767e8,deplacer,0.1,False,12,False,True,0.100000,9.915,ok,354664750
6bc3722ba16ba93cb936d88a9f1767e8,deplacer,0.1,True,12,False,True,0.100000,9.833,ok,354664750
6bc3722ba16ba93cb936d88a9f1767e8,deplacer,0.25,False,12,False,True,0.250000,9.584,ok,2104249310
6bc3722ba16ba93cb936d88a9f1767e8,deplacer,0.25,True,12,False,True,0.250000,10.909,ok,2104249310
6bc3722ba16ba93cb936d88a9f1767e8,deplacer,0.5,False,12,False,True,0.500000,9.028,ok,258195563
6bc3722ba16ba93cb936d88a9f1767e8,deplacer,0.5,True,12,False,True,0.500000,11.824,ok,258195563
6bc3722ba16ba93cb936d88a9f1767e8,deplacer,1.0,False,12,False,True,1.000000,9.774,ok,1662105801
6bc3722ba16ba93cb936d88a9f1767e8,deplacer,1.0,True,12,False,True,1.000000,7.018,ok,1662105801
6bc3722ba16ba93cb936d88a9f1767e8,elargir,0.1,False,12,False,True,0.100000,11.770,ok,1491851049
6bc3722ba16ba93cb936d88a9f1767e8,elargir,0.1,True,12,False,True,0.100000,7.713,ok,1491851049
6bc3722ba16ba93cb936d88a9f1767e8,elargir,0.25,False,12,False,True,0.250000,8.640,ok,3826860470
6bc3722ba16ba93cb936d88a9f1767e8,elargir,0.25,True,12,False,True,0.250000,11.351,ok,3826860470
6bc3722ba16ba93cb936d88a9f1767e8,elargir,0.5,False,12,False,True,0.500000,9.214,ok,831888654
6bc3722ba16ba93cb936d88a9f1767e8,elargir,0.5,True,12,False,True,0.500000,7.020,ok,831888654
6bc3722ba16ba93cb936d88a9f1767e8,elargir,1.0,False,12,False,False,,12.695,invariant_viole,4051108736
6bc3722ba16ba93cb936d88a9f1767e8,elargir,1.0,True,12,False,True,1.000000,8.486,ok,4051108736
6bc3722ba16ba93cb936d88a9f1767e8,retrecir,0.1,False,12,False,False,,7.613,invariant_viole,1457466753
6bc3722ba16ba93cb936d88a9f1767e8,retrecir,0.1,True,12,False,True,0.100000,7.634,ok,1457466753
6bc3722ba16ba93cb936d88a9f1767e8,retrecir,0.25,False,12,False,False,,6.759,invariant_viole,369821798
6bc3722ba16ba93cb936d88a9f1767e8,retrecir,0.25,True,12,False,True,0.250000,7.562,ok,369821798
6bc3722ba16ba93cb936d88a9f1767e8,retrecir,0.5,False,12,False,False,,6.700,invariant_viole,2487509048
6bc3722ba16ba93cb936d88a9f1767e8,retrecir,0.5,True,12,False,True,0.500000,7.382,ok,2487509048
6bc3722ba16ba93cb936d88a9f1767e8,retrecir,1.0,False,12,False,False,,6.688,invariant_viole,2124224657
6bc3722ba16ba93cb936d88a9f1767e8,retrecir,1.0,True,12,False,True,0.849786,7.116,ok,2124224657
6bc3722ba16ba93cb936d88a9f1767e8,aplatir,0.1,False,12,False,False,,6.603,invariant_viole,3701049528
6bc3722ba16ba93cb936d88a9f1767e8,aplatir,0.1,True,12,False,True,0.100000,10.625,ok,3701049528
6bc3722ba16ba93cb936d88a9f1767e8,aplatir,0.25,False,12,False,False,,7.359,invariant_viole,2585858659
6bc3722ba16ba93cb936d88a9f1767e8,aplatir,0.25,True,12,False,True,0.250000,7.412,ok,2585858659
6bc3722ba16ba93cb936d88a9f1767e8,aplatir,0.5,False,12,False,False,,6.996,invariant_viole,4178411666
6bc3722ba16ba93cb936d88a9f1767e8,aplatir,0.5,True,12,False,True,0.500000,7.639,ok,4178411666
6bc3722ba16ba93cb936d88a9f1767e8,aplatir,1.0,False,12,False,False,,6.858,invariant_viole,3697067331
6bc3722ba16ba93cb936d88a9f1767e8,aplatir,1.0,True,12,False,True,1.000000,7.004,ok,3697067331
864f284e248965a85ab03a6d398cb600,deplacer,0.1,False,11,False,True,0.100000,9.258,ok,2279157452
864f284e248965a85ab03a6d398cb600,deplacer,0.1,True,11,False,True,0.100000,6.567,ok,2279157452
864f284e248965a85ab03a6d398cb600,deplacer,0.25,False,11,False,False,,6.869,invariant_viole,2698155299
864f284e248965a85ab03a6d398cb600,deplacer,0.25,True,11,False,False,,7.400,infaisable,2698155299
864f284e248965a85ab03a6d398cb600,deplacer,0.5,False,11,False,True,0.500000,8.603,ok,2072400745
864f284e248965a85ab03a6d398cb600,deplacer,0.5,True,11,False,True,0.500000,7.242,ok,2072400745
864f284e248965a85ab03a6d398cb600,deplacer,1.0,False,11,False,True,1.000000,8.387,ok,432527216
864f284e248965a85ab03a6d398cb600,deplacer,1.0,True,11,False,True,1.000000,6.986,ok,432527216
864f284e248965a85ab03a6d398cb600,elargir,0.1,False,11,False,False,,6.186,invariant_viole,3150144394
864f284e248965a85ab03a6d398cb600,elargir,0.1,True,11,False,True,0.100000,6.905,ok,3150144394
864f284e248965a85ab03a6d398cb600,elargir,0.25,False,11,False,True,0.250000,8.675,ok,2786074875
864f284e248965a85ab03a6d398cb600,elargir,0.25,True,11,False,True,0.250000,6.742,ok,2786074875
864f284e248965a85ab03a6d398cb600,elargir,0.5,False,11,False,False,,6.060,invariant_viole,2662526749
864f284e248965a85ab03a6d398cb600,elargir,0.5,True,11,False,True,0.500000,6.735,ok,2662526749
864f284e248965a85ab03a6d398cb600,elargir,1.0,False,11,False,True,1.000000,8.625,ok,3965599004
864f284e248965a85ab03a6d398cb600,elargir,1.0,True,11,False,True,1.065523,9.514,ok,3965599004
864f284e248965a85ab03a6d398cb600,retrecir,0.1,False,11,False,False,,6.696,invariant_viole,904130038
864f284e248965a85ab03a6d398cb600,retrecir,0.1,True,11,False,True,0.100000,7.393,ok,904130038
864f284e248965a85ab03a6d398cb600,retrecir,0.25,False,11,False,False,,10.960,invariant_viole,1428311589
864f284e248965a85ab03a6d398cb600,retrecir,0.25,True,11,False,True,0.250000,7.602,ok,1428311589
864f284e248965a85ab03a6d398cb600,retrecir,0.5,False,11,False,False,,8.674,invariant_viole,3557176296
864f284e248965a85ab03a6d398cb600,retrecir,0.5,True,11,False,True,0.500000,6.489,ok,3557176296
864f284e248965a85ab03a6d398cb600,retrecir,1.0,False,11,False,False,,6.652,invariant_viole,2330591258
864f284e248965a85ab03a6d398cb600,retrecir,1.0,True,11,False,True,1.000000,7.016,ok,2330591258
864f284e248965a85ab03a6d398cb600,aplatir,0.1,False,11,False,False,,9.400,invariant_viole,2889336753
864f284e248965a85ab03a6d398cb600,aplatir,0.1,True,11,False,True,0.100000,6.467,ok,2889336753
864f284e248965a85ab03a6d398cb600,aplatir,0.25,False,11,False,False,,6.274,invariant_viole,4038961184
864f284e248965a85ab03a6d398cb600,aplatir,0.25,True,11,False,True,0.250000,6.431,ok,4038961184
864f284e248965a85ab03a6d398cb600,aplatir,0.5,False,11,False,True,0.500000,10.815,ok,2010182761
864f284e248965a85ab03a6d398cb600,aplatir,0.5,True,11,False,True,0.500000,7.427,ok,2010182761
864f284e248965a85ab03a6d398cb600,aplatir,1.0,False,11,False,True,1.000000,10.008,ok,1231022404
864f284e248965a85ab03a6d398cb600,aplatir,1.0,True,11,False,True,1.000000,7.954,ok,1231022404
908fab15bd28bb3bff738878da28221d,deplacer,0.1,False,12,False,False,,9.117,invariant_viole,3717988789
908fab15bd28bb3bff738878da28221d,deplacer,0.1,True,12,False,True,0.100000,7.230,ok,3717988789
908fab15bd28bb3bff738878da28221d,deplacer,0.25,False,12,False,True,0.250000,6.907,ok,346928372
908fab15bd28bb3bff738878da28221d,deplacer,0.25,True,12,False,True,0.250000,6.963,ok,346928372
908fab15bd28bb3bff738878da28221d,deplacer,0.5,False,12,False,True,0.500000,7.963,ok,988545894
908fab15bd28bb3bff738878da28221d,deplacer,0.5,True,12,False,True,0.500000,6.957,ok,988545894
908fab15bd28bb3bff738878da28221d,deplacer,1.0,False,12,False,True,1.000000,9.800,ok,1224510521
908fab15bd28bb3bff738878da28221d,deplacer,1.0,True,12,False,True,1.000000,8.849,ok,1224510521
908fab15bd28bb3bff738878da28221d,elargir,0.1,False,12,False,True,0.100000,6.777,ok,2482639667
908fab15bd28bb3bff738878da28221d,elargir,0.1,True,12,False,True,0.100000,8.057,ok,2482639667
908fab15bd28bb3bff738878da28221d,elargir,0.25,False,12,False,True,0.250000,9.729,ok,3274612613
908fab15bd28bb3bff738878da28221d,elargir,0.25,True,12,False,True,0.250000,8.743,ok,3274612613
908fab15bd28bb3bff738878da28221d,elargir,0.5,False,12,False,True,0.500000,7.516,ok,1842323595
908fab15bd28bb3bff738878da28221d,elargir,0.5,True,12,False,True,0.500000,6.981,ok,1842323595
908fab15bd28bb3bff738878da28221d,elargir,1.0,False,12,False,False,,7.475,invariant_viole,310981256
908fab15bd28bb3bff738878da28221d,elargir,1.0,True,12,False,True,1.000000,7.333,ok,310981256
908fab15bd28bb3bff738878da28221d,retrecir,0.1,False,12,False,False,,6.780,invariant_viole,2865456425
908fab15bd28bb3bff738878da28221d,retrecir,0.1,True,12,False,True,0.100000,7.056,ok,2865456425
908fab15bd28bb3bff738878da28221d,retrecir,0.25,False,12,False,False,,7.307,invariant_viole,1172038349
908fab15bd28bb3bff738878da28221d,retrecir,0.25,True,12,False,True,0.250000,6.884,ok,1172038349
908fab15bd28bb3bff738878da28221d,retrecir,0.5,False,12,False,False,,6.803,invariant_viole,1996722451
908fab15bd28bb3bff738878da28221d,retrecir,0.5,True,12,False,True,0.500000,6.834,ok,1996722451
908fab15bd28bb3bff738878da28221d,retrecir,1.0,False,12,False,False,,8.461,invariant_viole,164848034
908fab15bd28bb3bff738878da28221d,retrecir,1.0,True,12,False,True,1.000000,9.127,ok,164848034
908fab15bd28bb3bff738878da28221d,aplatir,0.1,False,12,False,False,,7.322,invariant_viole,5823545
908fab15bd28bb3bff738878da28221d,aplatir,0.1,True,12,False,True,0.100000,11.197,ok,5823545
908fab15bd28bb3bff738878da28221d,aplatir,0.25,False,12,False,False,,6.503,invariant_viole,2605967349
908fab15bd28bb3bff738878da28221d,aplatir,0.25,True,12,False,True,0.250000,7.175,ok,2605967349
908fab15bd28bb3bff738878da28221d,aplatir,0.5,False,12,False,False,,6.114,invariant_viole,3894113776
908fab15bd28bb3bff738878da28221d,aplatir,0.5,True,12,False,True,0.500000,7.792,ok,3894113776
908fab15bd28bb3bff738878da28221d,aplatir,1.0,False,12,False,False,,6.214,invariant_viole,886259958
908fab15bd28bb3bff738878da28221d,aplatir,1.0,True,12,False,True,1.000000,8.175,ok,886259958
11c589050f640912a348ffbb098a0232,deplacer,0.1,False,11,False,True,0.100000,10.616,ok,1784356236
11c589050f640912a348ffbb098a0232,deplacer,0.1,True,11,False,True,0.100000,8.027,ok,1784356236
11c589050f640912a348ffbb098a0232,deplacer,0.25,False,11,False,True,0.250000,9.008,ok,3683300998
11c589050f640912a348ffbb098a0232,deplacer,0.25,True,11,False,True,0.250000,8.380,ok,3683300998
11c589050f640912a348ffbb098a0232,deplacer,0.5,False,11,False,True,0.500000,9.199,ok,663690829
11c589050f640912a348ffbb098a0232,deplacer,0.5,True,11,False,True,0.500000,10.586,ok,663690829
11c589050f640912a348ffbb098a0232,deplacer,1.0,False,11,False,False,,6.105,invariant_viole,2211402786
11c589050f640912a348ffbb098a0232,deplacer,1.0,True,11,False,True,1.000000,8.624,ok,2211402786
11c589050f640912a348ffbb098a0232,elargir,0.1,False,11,False,False,,5.745,invariant_viole,2449089897
11c589050f640912a348ffbb098a0232,elargir,0.1,True,11,False,True,0.100000,8.203,ok,2449089897
11c589050f640912a348ffbb098a0232,elargir,0.25,False,11,False,False,,6.565,invariant_viole,2776782569
11c589050f640912a348ffbb098a0232,elargir,0.25,True,11,False,True,0.250000,8.379,ok,2776782569
11c589050f640912a348ffbb098a0232,elargir,0.5,False,11,False,False,,5.864,invariant_viole,4277919983
11c589050f640912a348ffbb098a0232,elargir,0.5,True,11,False,False,,7.377,infaisable,4277919983
11c589050f640912a348ffbb098a0232,elargir,1.0,False,11,False,True,1.000000,9.218,ok,944887461
11c589050f640912a348ffbb098a0232,elargir,1.0,True,11,False,True,1.000000,8.485,ok,944887461
11c589050f640912a348ffbb098a0232,retrecir,0.1,False,11,False,False,,5.920,invariant_viole,1936165422
11c589050f640912a348ffbb098a0232,retrecir,0.1,True,11,False,True,0.100000,8.103,ok,1936165422
11c589050f640912a348ffbb098a0232,retrecir,0.25,False,11,False,False,,6.343,invariant_viole,4207814807
11c589050f640912a348ffbb098a0232,retrecir,0.25,True,11,False,True,0.250000,9.226,ok,4207814807
11c589050f640912a348ffbb098a0232,retrecir,0.5,False,11,False,False,,6.491,invariant_viole,3652498374
11c589050f640912a348ffbb098a0232,retrecir,0.5,True,11,False,True,0.643002,6.511,ok,3652498374
11c589050f640912a348ffbb098a0232,retrecir,1.0,False,11,False,False,,6.152,invariant_viole,3972813563
11c589050f640912a348ffbb098a0232,retrecir,1.0,True,11,False,True,1.000000,9.470,ok,3972813563
11c589050f640912a348ffbb098a0232,aplatir,0.1,False,11,False,False,,5.842,invariant_viole,3599165907
11c589050f640912a348ffbb098a0232,aplatir,0.1,True,11,False,True,0.100000,10.669,ok,3599165907
11c589050f640912a348ffbb098a0232,aplatir,0.25,False,11,False,False,,6.741,invariant_viole,3231087610
11c589050f640912a348ffbb098a0232,aplatir,0.25,True,11,False,True,0.250000,8.751,ok,3231087610
11c589050f640912a348ffbb098a0232,aplatir,0.5,False,11,False,False,,6.718,invariant_viole,3179197270
11c589050f640912a348ffbb098a0232,aplatir,0.5,True,11,False,True,0.500000,8.139,ok,3179197270
11c589050f640912a348ffbb098a0232,aplatir,1.0,False,11,False,False,,7.096,invariant_viole,3394393446
11c589050f640912a348ffbb098a0232,aplatir,1.0,True,11,False,True,1.000000,7.961,ok,3394393446
c07df3e6800754983030e682ee7da41b,deplacer,0.1,False,12,False,True,0.100000,8.324,ok,1051481028
c07df3e6800754983030e682ee7da41b,deplacer,0.1,True,12,False,True,0.100000,7.197,ok,1051481028
c07df3e6800754983030e682ee7da41b,deplacer,0.25,False,12,False,True,0.250000,9.311,ok,3737989054
c07df3e6800754983030e682ee7da41b,deplacer,0.25,True,12,False,True,0.250000,7.458,ok,3737989054
c07df3e6800754983030e682ee7da41b,deplacer,0.5,False,12,False,True,0.500000,9.486,ok,62733011
c07df3e6800754983030e682ee7da41b,deplacer,0.5,True,12,False,True,0.500000,7.178,ok,62733011
c07df3e6800754983030e682ee7da41b,deplacer,1.0,False,12,False,True,1.000000,6.886,ok,2715381636
c07df3e6800754983030e682ee7da41b,deplacer,1.0,True,12,False,True,1.000000,7.142,ok,2715381636
c07df3e6800754983030e682ee7da41b,elargir,0.1,False,12,False,True,0.100000,9.469,ok,2190946653
c07df3e6800754983030e682ee7da41b,elargir,0.1,True,12,False,True,0.100000,6.917,ok,2190946653
c07df3e6800754983030e682ee7da41b,elargir,0.25,False,12,False,True,0.250000,9.054,ok,3633958819
c07df3e6800754983030e682ee7da41b,elargir,0.25,True,12,False,True,0.250000,7.506,ok,3633958819
c07df3e6800754983030e682ee7da41b,elargir,0.5,False,12,False,False,,7.554,invariant_viole,979026631
c07df3e6800754983030e682ee7da41b,elargir,0.5,True,12,False,True,0.500000,7.836,ok,979026631
c07df3e6800754983030e682ee7da41b,elargir,1.0,False,12,False,False,,6.653,invariant_viole,3227595877
c07df3e6800754983030e682ee7da41b,elargir,1.0,True,12,False,False,,9.859,infaisable,3227595877
c07df3e6800754983030e682ee7da41b,retrecir,0.1,False,12,False,False,,6.769,invariant_viole,1853138585
c07df3e6800754983030e682ee7da41b,retrecir,0.1,True,12,False,True,0.100000,8.954,ok,1853138585
c07df3e6800754983030e682ee7da41b,retrecir,0.25,False,12,False,False,,9.500,invariant_viole,4052839920
c07df3e6800754983030e682ee7da41b,retrecir,0.25,True,12,False,True,0.250000,7.505,ok,4052839920
c07df3e6800754983030e682ee7da41b,retrecir,0.5,False,12,False,False,,6.626,invariant_viole,941001060
c07df3e6800754983030e682ee7da41b,retrecir,0.5,True,12,False,False,,9.279,infaisable,941001060
c07df3e6800754983030e682ee7da41b,retrecir,1.0,False,12,False,False,,6.891,invariant_viole,1021516313
c07df3e6800754983030e682ee7da41b,retrecir,1.0,True,12,False,True,1.000000,7.220,ok,1021516313
c07df3e6800754983030e682ee7da41b,aplatir,0.1,False,12,False,False,,7.481,invariant_viole,1609811028
c07df3e6800754983030e682ee7da41b,aplatir,0.1,True,12,False,True,0.100000,7.337,ok,1609811028
c07df3e6800754983030e682ee7da41b,aplatir,0.25,False,12,False,False,,7.090,invariant_viole,2351170934
c07df3e6800754983030e682ee7da41b,aplatir,0.25,True,12,False,True,0.250000,6.847,ok,2351170934
c07df3e6800754983030e682ee7da41b,aplatir,0.5,False,12,False,False,,8.887,invariant_viole,4060476417
c07df3e6800754983030e682ee7da41b,aplatir,0.5,True,12,False,True,0.500000,6.739,ok,4060476417
c07df3e6800754983030e682ee7da41b,aplatir,1.0,False,12,False,False,,8.028,invariant_viole,3148403568
c07df3e6800754983030e682ee7da41b,aplatir,1.0,True,12,False,True,0.638583,7.621,ok,3148403568
0c35e2913964cadde9ecf717962b9b1a,deplacer,0.1,False,12,False,True,0.100000,10.750,ok,3173807846
0c35e2913964cadde9ecf717962b9b1a,deplacer,0.1,True,12,False,True,0.100000,6.798,ok,3173807846
0c35e2913964cadde9ecf717962b9b1a,deplacer,0.25,False,12,False,True,0.250000,7.236,ok,2364546050
0c35e2913964cadde9ecf717962b9b1a,deplacer,0.25,True,12,False,True,0.250000,6.579,ok,2364546050
0c35e2913964cadde9ecf717962b9b1a,deplacer,0.5,False,12,False,True,0.500000,9.182,ok,2907671859
0c35e2913964cadde9ecf717962b9b1a,deplacer,0.5,True,12,False,True,0.500000,7.546,ok,2907671859
0c35e2913964cadde9ecf717962b9b1a,deplacer,1.0,False,12,False,True,1.000000,8.829,ok,3945053988
0c35e2913964cadde9ecf717962b9b1a,deplacer,1.0,True,12,False,True,1.000000,11.801,ok,3945053988
0c35e2913964cadde9ecf717962b9b1a,elargir,0.1,False,12,False,True,0.100000,9.306,ok,648105991
0c35e2913964cadde9ecf717962b9b1a,elargir,0.1,True,12,False,True,0.100000,6.655,ok,648105991
0c35e2913964cadde9ecf717962b9b1a,elargir,0.25,False,12,False,True,0.250000,9.947,ok,2056949330
0c35e2913964cadde9ecf717962b9b1a,elargir,0.25,True,12,False,True,0.250000,8.427,ok,2056949330
0c35e2913964cadde9ecf717962b9b1a,elargir,0.5,False,12,False,True,0.500000,6.908,ok,4221719780
0c35e2913964cadde9ecf717962b9b1a,elargir,0.5,True,12,False,True,0.500000,7.167,ok,4221719780
0c35e2913964cadde9ecf717962b9b1a,elargir,1.0,False,12,False,False,,7.888,invariant_viole,3285730071
0c35e2913964cadde9ecf717962b9b1a,elargir,1.0,True,12,False,True,1.000000,8.460,ok,3285730071
0c35e2913964cadde9ecf717962b9b1a,retrecir,0.1,False,12,False,False,,6.985,invariant_viole,44127178
0c35e2913964cadde9ecf717962b9b1a,retrecir,0.1,True,12,False,True,0.100000,10.065,ok,44127178
0c35e2913964cadde9ecf717962b9b1a,retrecir,0.25,False,12,False,False,,7.111,invariant_viole,2812633837
0c35e2913964cadde9ecf717962b9b1a,retrecir,0.25,True,12,False,True,0.250000,6.538,ok,2812633837
0c35e2913964cadde9ecf717962b9b1a,retrecir,0.5,False,12,False,False,,6.702,invariant_viole,831351458
0c35e2913964cadde9ecf717962b9b1a,retrecir,0.5,True,12,False,True,0.500000,6.974,ok,831351458
0c35e2913964cadde9ecf717962b9b1a,retrecir,1.0,False,12,False,False,,6.883,invariant_viole,1880020374
0c35e2913964cadde9ecf717962b9b1a,retrecir,1.0,True,12,False,True,1.000000,6.894,ok,1880020374
0c35e2913964cadde9ecf717962b9b1a,aplatir,0.1,False,12,False,False,,6.811,invariant_viole,229913364
0c35e2913964cadde9ecf717962b9b1a,aplatir,0.1,True,12,False,True,0.100000,6.514,ok,229913364
0c35e2913964cadde9ecf717962b9b1a,aplatir,0.25,False,12,False,False,,6.916,invariant_viole,266503274
0c35e2913964cadde9ecf717962b9b1a,aplatir,0.25,True,12,False,True,0.250000,6.665,ok,266503274
0c35e2913964cadde9ecf717962b9b1a,aplatir,0.5,False,12,False,False,,6.869,invariant_viole,2829873471
0c35e2913964cadde9ecf717962b9b1a,aplatir,0.5,True,12,False,True,0.500000,6.825,ok,2829873471
0c35e2913964cadde9ecf717962b9b1a,aplatir,1.0,False,12,False,False,,6.870,invariant_viole,3179622663
0c35e2913964cadde9ecf717962b9b1a,aplatir,1.0,True,12,False,True,1.000000,10.580,ok,3179622663
2e19492ac0668bf2152fa3a29c3f6785,deplacer,0.1,False,10,False,True,0.100000,8.757,ok,1881590786
2e19492ac0668bf2152fa3a29c3f6785,deplacer,0.1,True,10,False,True,0.100000,5.630,ok,1881590786
2e19492ac0668bf2152fa3a29c3f6785,deplacer,0.25,False,10,False,False,,7.644,invariant_viole,1772223663
2e19492ac0668bf2152fa3a29c3f6785,deplacer,0.25,True,10,False,True,0.250000,8.051,ok,1772223663
2e19492ac0668bf2152fa3a29c3f6785,deplacer,0.5,False,10,False,True,0.500000,8.230,ok,3617408986
2e19492ac0668bf2152fa3a29c3f6785,deplacer,0.5,True,10,False,True,0.500000,7.980,ok,3617408986
2e19492ac0668bf2152fa3a29c3f6785,deplacer,1.0,False,10,False,False,,6.748,invariant_viole,3241599301
2e19492ac0668bf2152fa3a29c3f6785,deplacer,1.0,True,10,False,False,,11.042,infaisable,3241599301
2e19492ac0668bf2152fa3a29c3f6785,elargir,0.1,False,10,False,False,,8.457,invariant_viole,3274929980
2e19492ac0668bf2152fa3a29c3f6785,elargir,0.1,True,10,False,True,0.100000,7.298,ok,3274929980
2e19492ac0668bf2152fa3a29c3f6785,elargir,0.25,False,10,False,True,0.250000,6.370,ok,2010488131
2e19492ac0668bf2152fa3a29c3f6785,elargir,0.25,True,10,False,True,0.250000,6.449,ok,2010488131
2e19492ac0668bf2152fa3a29c3f6785,elargir,0.5,False,10,False,False,,5.494,invariant_viole,1093493580
2e19492ac0668bf2152fa3a29c3f6785,elargir,0.5,True,10,False,False,,6.783,infaisable,1093493580
2e19492ac0668bf2152fa3a29c3f6785,elargir,1.0,False,10,False,True,1.000000,6.557,ok,1253836634
2e19492ac0668bf2152fa3a29c3f6785,elargir,1.0,True,10,False,True,1.000000,7.330,ok,1253836634
2e19492ac0668bf2152fa3a29c3f6785,retrecir,0.1,False,10,False,False,,6.194,invariant_viole,4262351924
2e19492ac0668bf2152fa3a29c3f6785,retrecir,0.1,True,10,False,True,0.100000,5.496,ok,4262351924
2e19492ac0668bf2152fa3a29c3f6785,retrecir,0.25,False,10,False,False,,4.998,invariant_viole,3003121080
2e19492ac0668bf2152fa3a29c3f6785,retrecir,0.25,True,10,False,True,0.250000,7.222,ok,3003121080
2e19492ac0668bf2152fa3a29c3f6785,retrecir,0.5,False,10,False,False,,7.747,invariant_viole,59440581
2e19492ac0668bf2152fa3a29c3f6785,retrecir,0.5,True,10,False,True,0.500000,5.819,ok,59440581
2e19492ac0668bf2152fa3a29c3f6785,retrecir,1.0,False,10,False,False,,5.445,invariant_viole,2761249754
2e19492ac0668bf2152fa3a29c3f6785,retrecir,1.0,True,10,False,True,1.000000,5.621,ok,2761249754
2e19492ac0668bf2152fa3a29c3f6785,aplatir,0.1,False,10,False,False,,5.185,invariant_viole,3600901943
2e19492ac0668bf2152fa3a29c3f6785,aplatir,0.1,True,10,False,True,0.100000,5.306,ok,3600901943
2e19492ac0668bf2152fa3a29c3f6785,aplatir,0.25,False,10,False,False,,6.463,invariant_viole,3680641866
2e19492ac0668bf2152fa3a29c3f6785,aplatir,0.25,True,10,False,True,0.250000,5.560,ok,3680641866
2e19492ac0668bf2152fa3a29c3f6785,aplatir,0.5,False,10,False,False,,7.573,invariant_viole,2236371368
2e19492ac0668bf2152fa3a29c3f6785,aplatir,0.5,True,10,False,True,0.500000,6.452,ok,2236371368
2e19492ac0668bf2152fa3a29c3f6785,aplatir,1.0,False,10,False,False,,5.923,invariant_viole,1620246148
2e19492ac0668bf2152fa3a29c3f6785,aplatir,1.0,True,10,False,True,1.000000,5.647,ok,1620246148
2831f30e9d2ca3282f7145c2efada522,deplacer,0.1,False,11,False,True,0.100000,6.941,ok,3769928221
2831f30e9d2ca3282f7145c2efada522,deplacer,0.1,True,11,False,True,0.100000,7.558,ok,3769928221
2831f30e9d2ca3282f7145c2efada522,deplacer,0.25,False,11,False,True,0.250000,5.933,ok,2248661525
2831f30e9d2ca3282f7145c2efada522,deplacer,0.25,True,11,False,True,0.250000,8.459,ok,2248661525
2831f30e9d2ca3282f7145c2efada522,deplacer,0.5,False,11,False,False,,5.791,invariant_viole,1376344745
2831f30e9d2ca3282f7145c2efada522,deplacer,0.5,True,11,False,True,0.500000,7.077,ok,1376344745
2831f30e9d2ca3282f7145c2efada522,deplacer,1.0,False,11,False,False,,5.650,invariant_viole,2149719264
2831f30e9d2ca3282f7145c2efada522,deplacer,1.0,True,11,False,True,1.000000,7.088,ok,2149719264
2831f30e9d2ca3282f7145c2efada522,elargir,0.1,False,11,False,False,,5.864,invariant_viole,1993281356
2831f30e9d2ca3282f7145c2efada522,elargir,0.1,True,11,False,False,,7.804,infaisable,1993281356
2831f30e9d2ca3282f7145c2efada522,elargir,0.25,False,11,False,True,0.250000,7.088,ok,4034815990
2831f30e9d2ca3282f7145c2efada522,elargir,0.25,True,11,False,True,0.250000,7.400,ok,4034815990
2831f30e9d2ca3282f7145c2efada522,elargir,0.5,False,11,False,False,,6.277,invariant_viole,4002545288
2831f30e9d2ca3282f7145c2efada522,elargir,0.5,True,11,False,True,0.500000,6.985,ok,4002545288
2831f30e9d2ca3282f7145c2efada522,elargir,1.0,False,11,False,True,1.000000,5.978,ok,56042075
2831f30e9d2ca3282f7145c2efada522,elargir,1.0,True,11,False,True,1.000000,7.391,ok,56042075
2831f30e9d2ca3282f7145c2efada522,retrecir,0.1,False,11,False,False,,5.793,invariant_viole,902281109
2831f30e9d2ca3282f7145c2efada522,retrecir,0.1,True,11,False,True,0.100000,7.501,ok,902281109
2831f30e9d2ca3282f7145c2efada522,retrecir,0.25,False,11,False,False,,5.656,invariant_viole,808354203
2831f30e9d2ca3282f7145c2efada522,retrecir,0.25,True,11,False,True,0.250000,6.848,ok,808354203
2831f30e9d2ca3282f7145c2efada522,retrecir,0.5,False,11,False,False,,5.654,invariant_viole,2799042990
2831f30e9d2ca3282f7145c2efada522,retrecir,0.5,True,11,False,True,0.500000,6.457,ok,2799042990
2831f30e9d2ca3282f7145c2efada522,retrecir,1.0,False,11,False,False,,5.667,invariant_viole,2911114661
2831f30e9d2ca3282f7145c2efada522,retrecir,1.0,True,11,False,True,1.000000,6.713,ok,2911114661
2831f30e9d2ca3282f7145c2efada522,aplatir,0.1,False,11,False,True,0.100000,5.961,ok,2810301187
2831f30e9d2ca3282f7145c2efada522,aplatir,0.1,True,11,False,True,0.100000,6.299,ok,2810301187
2831f30e9d2ca3282f7145c2efada522,aplatir,0.25,False,11,False,False,,7.618,invariant_viole,4210484934
2831f30e9d2ca3282f7145c2efada522,aplatir,0.25,True,11,False,True,0.250000,7.641,ok,4210484934
2831f30e9d2ca3282f7145c2efada522,aplatir,0.5,False,11,False,False,,6.057,invariant_viole,1634340329
2831f30e9d2ca3282f7145c2efada522,aplatir,0.5,True,11,False,True,0.500000,6.775,ok,1634340329
2831f30e9d2ca3282f7145c2efada522,aplatir,1.0,False,11,False,False,,6.697,invariant_viole,521095820
2831f30e9d2ca3282f7145c2efada522,aplatir,1.0,True,11,False,True,1.000000,6.613,ok,521095820
3284ca5bef168f36669de6ed5297f4de,deplacer,0.1,False,12,False,True,0.100000,7.291,ok,2261718765
3284ca5bef168f36669de6ed5297f4de,deplacer,0.1,True,12,False,True,0.100000,9.126,ok,2261718765
3284ca5bef168f36669de6ed5297f4de,deplacer,0.25,False,12,False,True,0.250000,10.733,ok,868739861
3284ca5bef168f36669de6ed5297f4de,deplacer,0.25,True,12,False,True,0.250000,9.596,ok,868739861
3284ca5bef168f36669de6ed5297f4de,deplacer,0.5,False,12,False,True,0.500000,7.591,ok,1784155873
3284ca5bef168f36669de6ed5297f4de,deplacer,0.5,True,12,False,True,0.500000,8.614,ok,1784155873
3284ca5bef168f36669de6ed5297f4de,deplacer,1.0,False,12,False,True,1.000000,9.370,ok,3374926280
3284ca5bef168f36669de6ed5297f4de,deplacer,1.0,True,12,False,True,1.000000,9.788,ok,3374926280
3284ca5bef168f36669de6ed5297f4de,elargir,0.1,False,12,False,False,,6.961,invariant_viole,2488449267
3284ca5bef168f36669de6ed5297f4de,elargir,0.1,True,12,False,True,0.678022,9.574,ok,2488449267
3284ca5bef168f36669de6ed5297f4de,elargir,0.25,False,12,False,True,0.250000,7.110,ok,445939690
3284ca5bef168f36669de6ed5297f4de,elargir,0.25,True,12,False,True,0.250000,9.011,ok,445939690
3284ca5bef168f36669de6ed5297f4de,elargir,0.5,False,12,False,True,0.500000,9.566,ok,996832303
3284ca5bef168f36669de6ed5297f4de,elargir,0.5,True,12,False,True,0.500000,8.787,ok,996832303
3284ca5bef168f36669de6ed5297f4de,elargir,1.0,False,12,False,True,1.000000,7.164,ok,3708243756
3284ca5bef168f36669de6ed5297f4de,elargir,1.0,True,12,False,True,1.000000,9.869,ok,3708243756
3284ca5bef168f36669de6ed5297f4de,retrecir,0.1,False,12,False,False,,7.265,invariant_viole,3922097610
3284ca5bef168f36669de6ed5297f4de,retrecir,0.1,True,12,False,True,0.100000,9.648,ok,3922097610
3284ca5bef168f36669de6ed5297f4de,retrecir,0.25,False,12,False,False,,7.518,invariant_viole,1813062669
3284ca5bef168f36669de6ed5297f4de,retrecir,0.25,True,12,False,True,0.250000,12.151,ok,1813062669
3284ca5bef168f36669de6ed5297f4de,retrecir,0.5,False,12,False,False,,8.076,invariant_viole,2095467153
3284ca5bef168f36669de6ed5297f4de,retrecir,0.5,True,12,False,True,0.500000,9.059,ok,2095467153
3284ca5bef168f36669de6ed5297f4de,retrecir,1.0,False,12,False,False,,7.652,invariant_viole,2239006165
3284ca5bef168f36669de6ed5297f4de,retrecir,1.0,True,12,False,True,1.000000,8.624,ok,2239006165
3284ca5bef168f36669de6ed5297f4de,aplatir,0.1,False,12,False,False,,7.309,invariant_viole,2229756008
3284ca5bef168f36669de6ed5297f4de,aplatir,0.1,True,12,False,True,0.100000,9.966,ok,2229756008
3284ca5bef168f36669de6ed5297f4de,aplatir,0.25,False,12,False,False,,6.900,invariant_viole,1765040873
3284ca5bef168f36669de6ed5297f4de,aplatir,0.25,True,12,False,True,0.250000,8.117,ok,1765040873
3284ca5bef168f36669de6ed5297f4de,aplatir,0.5,False,12,False,False,,9.182,invariant_viole,2779633944
3284ca5bef168f36669de6ed5297f4de,aplatir,0.5,True,12,False,True,0.500000,9.137,ok,2779633944
3284ca5bef168f36669de6ed5297f4de,aplatir,1.0,False,12,False,False,,7.584,invariant_viole,4232778204
3284ca5bef168f36669de6ed5297f4de,aplatir,1.0,True,12,False,True,0.639313,9.513,ok,4232778204
d7e743d0111098249e864a3878dc01c3,deplacer,0.1,False,9,False,False,,5.523,invariant_viole,92614678
d7e743d0111098249e864a3878dc01c3,deplacer,0.1,True,9,False,True,0.100000,6.270,ok,92614678
d7e743d0111098249e864a3878dc01c3,deplacer,0.25,False,9,False,True,0.250000,6.608,ok,1556690690
d7e743d0111098249e864a3878dc01c3,deplacer,0.25,True,9,False,True,0.250000,6.010,ok,1556690690
d7e743d0111098249e864a3878dc01c3,deplacer,0.5,False,9,False,False,,5.189,invariant_viole,3726023169
d7e743d0111098249e864a3878dc01c3,deplacer,0.5,True,9,False,False,,7.720,infaisable,3726023169
d7e743d0111098249e864a3878dc01c3,deplacer,1.0,False,9,False,True,1.000000,5.019,ok,1363292875
d7e743d0111098249e864a3878dc01c3,deplacer,1.0,True,9,False,True,1.000000,7.097,ok,1363292875
d7e743d0111098249e864a3878dc01c3,elargir,0.1,False,9,False,False,,5.095,invariant_viole,3088293006
d7e743d0111098249e864a3878dc01c3,elargir,0.1,True,9,False,False,,7.447,infaisable,3088293006
d7e743d0111098249e864a3878dc01c3,elargir,0.25,False,9,False,True,0.250000,7.553,ok,1511854669
d7e743d0111098249e864a3878dc01c3,elargir,0.25,True,9,False,True,0.250000,6.434,ok,1511854669
d7e743d0111098249e864a3878dc01c3,elargir,0.5,False,9,False,False,,5.191,invariant_viole,918954100
d7e743d0111098249e864a3878dc01c3,elargir,0.5,True,9,False,True,0.500000,7.429,ok,918954100
d7e743d0111098249e864a3878dc01c3,elargir,1.0,False,9,False,True,1.000000,5.763,ok,4235306331
d7e743d0111098249e864a3878dc01c3,elargir,1.0,True,9,False,True,1.000000,5.855,ok,4235306331
d7e743d0111098249e864a3878dc01c3,retrecir,0.1,False,9,False,False,,4.885,invariant_viole,2909390069
d7e743d0111098249e864a3878dc01c3,retrecir,0.1,True,9,False,True,0.100000,6.400,ok,2909390069
d7e743d0111098249e864a3878dc01c3,retrecir,0.25,False,9,False,True,0.250000,6.068,ok,3625219410
d7e743d0111098249e864a3878dc01c3,retrecir,0.25,True,9,False,True,0.250000,6.312,ok,3625219410
d7e743d0111098249e864a3878dc01c3,retrecir,0.5,False,9,False,False,,5.687,invariant_viole,2295572308
d7e743d0111098249e864a3878dc01c3,retrecir,0.5,True,9,False,True,0.500000,6.244,ok,2295572308
d7e743d0111098249e864a3878dc01c3,retrecir,1.0,False,9,False,True,1.000000,7.913,ok,32143008
d7e743d0111098249e864a3878dc01c3,retrecir,1.0,True,9,False,True,1.000000,6.407,ok,32143008
d7e743d0111098249e864a3878dc01c3,aplatir,0.1,False,9,False,False,,5.026,invariant_viole,503103075
d7e743d0111098249e864a3878dc01c3,aplatir,0.1,True,9,False,True,0.100000,7.094,ok,503103075
d7e743d0111098249e864a3878dc01c3,aplatir,0.25,False,9,False,False,,5.077,invariant_viole,935370069
d7e743d0111098249e864a3878dc01c3,aplatir,0.25,True,9,False,True,0.250000,8.475,ok,935370069
d7e743d0111098249e864a3878dc01c3,aplatir,0.5,False,9,False,False,,5.683,invariant_viole,3296695310
d7e743d0111098249e864a3878dc01c3,aplatir,0.5,True,9,False,True,0.500000,6.474,ok,3296695310
d7e743d0111098249e864a3878dc01c3,aplatir,1.0,False,9,False,False,,5.151,invariant_viole,3147889114
d7e743d0111098249e864a3878dc01c3,aplatir,1.0,True,9,False,True,2.039823,6.719,ok,3147889114
