plan_id,programme,graphe,n_pieces,mode,budget,largeur_min,valide_avant,valide_apres,n_pieces_apres,cote_min_apres,intact,cellules,recouvrements_avant,part_jour_avant,part_trou_avant,morceaux_avant,cote_m,deplacement_max_m,deplacement_relatif,temps_ms,statut
hd00_000,living+kitchen+bedroom+bathroom,etoile,4,base,,0.50,False,False,,,,30,0.500,0.1759,0.0000,3,10.932,,,7.277,invariant_viole
hd00_000,living+kitchen+bedroom+bathroom,etoile,4,pavage,0,0.50,False,False,,,,30,0.500,0.1759,0.0000,3,10.932,,,1.090,trame
hd00_000,living+kitchen+bedroom+bathroom,etoile,4,pavage,4,0.50,False,False,,,,30,0.500,0.1759,0.0000,3,10.932,,,3.694,infaisable
hd00_000,living+kitchen+bedroom+bathroom,etoile,4,pavage,8,0.50,False,False,,,,30,0.500,0.1759,0.0000,3,10.932,,,3.549,infaisable
hd00_000,living+kitchen+bedroom+bathroom,etoile,4,pavage,16,0.50,False,False,,,,30,0.500,0.1759,0.0000,3,10.932,,,4.458,infaisable
hd00_000,living+kitchen+bedroom+bathroom,etoile,4,pavage,16,0.00,False,True,4,0.0000,False,30,0.500,0.1759,0.0000,3,10.932,3.626419,0.3317,4.520,ok
hd00_000,living+kitchen+bedroom+bathroom,etoile,4,pavage,16,0.25,False,False,,,,30,0.500,0.1759,0.0000,3,10.932,,,5.169,infaisable
hd00_000,living+kitchen+bedroom+bathroom,etoile,4,pavage,16,1.00,False,False,,,,30,0.500,0.1759,0.0000,3,10.932,,,3.971,infaisable
hd00_000,living+kitchen+bedroom+bathroom,etoile,4,pavage,16,1.80,False,False,,,,30,0.500,0.1759,0.0000,3,10.932,,,3.520,infaisable
hd00_001,living+kitchen+bedroom+bathroom,etoile,4,base,,0.50,False,False,,,,42,0.500,0.2309,0.0000,3,9.902,,,3.087,invariant_viole
hd00_001,living+kitchen+bedroom+bathroom,etoile,4,pavage,0,0.50,False,False,,,,42,0.500,0.2309,0.0000,3,9.902,,,1.078,trame
hd00_001,living+kitchen+bedroom+bathroom,etoile,4,pavage,4,0.50,False,True,4,0.9973,True,42,0.500,0.2309,0.0000,3,9.902,8.068782,0.8149,3.265,ok
hd00_001,living+kitchen+bedroom+bathroom,etoile,4,pavage,8,0.50,False,True,4,0.9973,True,42,0.500,0.2309,0.0000,3,9.902,8.068782,0.8149,3.362,ok
hd00_001,living+kitchen+bedroom+bathroom,etoile,4,pavage,16,0.50,False,True,4,0.9973,True,42,0.500,0.2309,0.0000,3,9.902,8.068782,0.8149,2.761,ok
hd00_001,living+kitchen+bedroom+bathroom,etoile,4,pavage,16,0.00,False,True,4,0.9973,True,42,0.500,0.2309,0.0000,3,9.902,8.068782,0.8149,2.928,ok
hd00_001,living+kitchen+bedroom+bathroom,etoile,4,pavage,16,0.25,False,True,4,0.9973,True,42,0.500,0.2309,0.0000,3,9.902,8.068782,0.8149,2.771,ok
hd00_001,living+kitchen+bedroom+bathroom,etoile,4,pavage,16,1.00,False,True,4,1.0000,True,42,0.500,0.2309,0.0000,3,9.902,8.068782,0.8149,2.726,ok
hd00_001,living+kitchen+bedroom+bathroom,etoile,4,pavage,16,1.80,False,True,4,1.8000,True,42,0.500,0.2309,0.0000,3,9.902,8.068782,0.8149,3.246,ok
hd00_002,living+kitchen+bedroom+bathroom,etoile,4,base,,0.50,False,False,,,,42,0.000,0.3499,0.0000,4,9.223,,,1.991,invariant_viole
hd00_002,living+kitchen+bedroom+bathroom,etoile,4,pavage,0,0.50,False,False,,,,42,0.000,0.3499,0.0000,4,9.223,,,0.774,trame
hd00_002,living+kitchen+bedroom+bathroom,etoile,4,pavage,4,0.50,False,True,4,0.9973,True,42,0.000,0.3499,0.0000,4,9.223,6.618214,0.7176,3.439,ok
hd00_002,living+kitchen+bedroom+bathroom,etoile,4,pavage,8,0.50,False,True,4,0.9973,True,42,0.000,0.3499,0.0000,4,9.223,6.618214,0.7176,3.604,ok
hd00_002,living+kitchen+bedroom+bathroom,etoile,4,pavage,16,0.50,False,True,4,0.9973,True,42,0.000,0.3499,0.0000,4,9.223,6.618214,0.7176,3.707,ok
hd00_002,living+kitchen+bedroom+bathroom,etoile,4,pavage,16,0.00,False,True,4,0.9973,True,42,0.000,0.3499,0.0000,4,9.223,6.618214,0.7176,5.468,ok
hd00_002,living+kitchen+bedroom+bathroom,etoile,4,pavage,16,0.25,False,True,4,0.9973,True,42,0.000,0.3499,0.0000,4,9.223,6.618214,0.7176,4.984,ok
hd00_002,living+kitchen+bedroom+bathroom,etoile,4,pavage,16,1.00,False,True,4,1.0000,True,42,0.000,0.3499,0.0000,4,9.223,6.618214,0.7176,3.167,ok
hd00_002,living+kitchen+bedroom+bathroom,etoile,4,pavage,16,1.80,False,True,4,1.8000,True,42,0.000,0.3499,0.0000,4,9.223,6.255572,0.6783,8.114,ok
hd00_003,living+kitchen+bedroom+bathroom,etoile,4,base,,0.50,False,False,,,,24,1.000,0.1957,0.0000,2,8.327,,,2.639,invariant_viole
hd00_003,living+kitchen+bedroom+bathroom,etoile,4,pavage,0,0.50,False,False,,,,24,1.000,0.1957,0.0000,2,8.327,,,0.801,trame
hd00_003,living+kitchen+bedroom+bathroom,etoile,4,pavage,4,0.50,False,False,,,,24,1.000,0.1957,0.0000,2,8.327,,,4.027,infaisable
hd00_003,living+kitchen+bedroom+bathroom,etoile,4,pavage,8,0.50,False,False,,,,24,1.000,0.1957,0.0000,2,8.327,,,3.489,infaisable
hd00_003,living+kitchen+bedroom+bathroom,etoile,4,pavage,16,0.50,False,False,,,,24,1.000,0.1957,0.0000,2,8.327,,,4.598,infaisable
hd00_003,living+kitchen+bedroom+bathroom,etoile,4,pavage,16,0.00,False,True,4,0.0000,False,24,1.000,0.1957,0.0000,2,8.327,2.538493,0.3048,2.797,ok
hd00_003,living+kitchen+bedroom+bathroom,etoile,4,pavage,16,0.25,False,False,,,,24,1.000,0.1957,0.0000,2,8.327,,,2.592,infaisable
hd00_003,living+kitchen+bedroom+bathroom,etoile,4,pavage,16,1.00,False,False,,,,24,1.000,0.1957,0.0000,2,8.327,,,3.791,infaisable
hd00_003,living+kitchen+bedroom+bathroom,etoile,4,pavage,16,1.80,False,False,,,,24,1.000,0.1957,0.0000,2,8.327,,,2.940,infaisable
hd00_004,living+kitchen+bedroom+bathroom,etoile,4,base,,0.50,False,False,,,,35,0.500,0.2085,0.0000,3,10.267,,,2.350,invariant_viole
hd00_004,living+kitchen+bedroom+bathroom,etoile,4,pavage,0,0.50,False,False,,,,35,0.500,0.2085,0.0000,3,10.267,,,0.650,trame
hd00_004,living+kitchen+bedroom+bathroom,etoile,4,pavage,4,0.50,False,False,,,,35,0.500,0.2085,0.0000,3,10.267,,,0.746,trame
hd00_004,living+kitchen+bedroom+bathroom,etoile,4,pavage,8,0.50,False,False,,,,35,0.500,0.2085,0.0000,3,10.267,,,2.782,infaisable
hd00_004,living+kitchen+bedroom+bathroom,etoile,4,pavage,16,0.50,False,False,,,,35,0.500,0.2085,0.0000,3,10.267,,,2.719,infaisable
hd00_004,living+kitchen+bedroom+bathroom,etoile,4,pavage,16,0.00,False,False,,,,35,0.500,0.2085,0.0000,3,10.267,,,3.419,infaisable
hd00_004,living+kitchen+bedroom+bathroom,etoile,4,pavage,16,0.25,False,False,,,,35,0.500,0.2085,0.0000,3,10.267,,,3.124,infaisable
hd00_004,living+kitchen+bedroom+bathroom,etoile,4,pavage,16,1.00,False,False,,,,35,0.500,0.2085,0.0000,3,10.267,,,3.012,infaisable
hd00_004,living+kitchen+bedroom+bathroom,etoile,4,pavage,16,1.80,False,False,,,,35,0.500,0.2085,0.0000,3,10.267,,,2.840,infaisable
hd00_005,living+kitchen+bedroom+bathroom,etoile,4,base,,0.50,False,False,,,,42,0.500,0.4625,0.0000,3,10.386,,,1.793,invariant_viole
hd00_005,living+kitchen+bedroom+bathroom,etoile,4,pavage,0,0.50,False,False,,,,42,0.500,0.4625,0.0000,3,10.386,,,0.641,trame
hd00_005,living+kitchen+bedroom+bathroom,etoile,4,pavage,4,0.50,False,True,4,1.4506,True,42,0.500,0.4625,0.0000,3,10.386,5.530289,0.5325,3.199,ok
hd00_005,living+kitchen+bedroom+bathroom,etoile,4,pavage,8,0.50,False,True,4,1.4506,True,42,0.500,0.4625,0.0000,3,10.386,5.530289,0.5325,2.670,ok
hd00_005,living+kitchen+bedroom+bathroom,etoile,4,pavage,16,0.50,False,True,4,1.4506,True,42,0.500,0.4625,0.0000,3,10.386,5.530289,0.5325,2.517,ok
hd00_005,living+kitchen+bedroom+bathroom,etoile,4,pavage,16,0.00,False,True,4,1.4506,True,42,0.500,0.4625,0.0000,3,10.386,5.530289,0.5325,2.633,ok
hd00_005,living+kitchen+bedroom+bathroom,etoile,4,pavage,16,0.25,False,True,4,1.4506,True,42,0.500,0.4625,0.0000,3,10.386,5.530289,0.5325,2.724,ok
hd00_005,living+kitchen+bedroom+bathroom,etoile,4,pavage,16,1.00,False,True,4,1.4506,True,42,0.500,0.4625,0.0000,3,10.386,5.530289,0.5325,3.665,ok
hd00_005,living+kitchen+bedroom+bathroom,etoile,4,pavage,16,1.80,False,True,4,1.8000,True,42,0.500,0.4625,0.0000,3,10.386,5.180856,0.4988,2.840,ok
hd00_006,living+kitchen+bedroom+bathroom,etoile,4,base,,0.50,False,False,,,,49,0.500,0.3126,0.0000,3,10.024,,,2.270,invariant_viole
hd00_006,living+kitchen+bedroom+bathroom,etoile,4,pavage,0,0.50,False,False,,,,49,0.500,0.3126,0.0000,3,10.024,,,0.661,trame
hd00_006,living+kitchen+bedroom+bathroom,etoile,4,pavage,4,0.50,False,True,4,0.9973,True,49,0.500,0.3126,0.0000,3,10.024,11.241898,1.1215,2.479,ok
hd00_006,living+kitchen+bedroom+bathroom,etoile,4,pavage,8,0.50,False,True,4,0.9973,True,49,0.500,0.3126,0.0000,3,10.024,11.241898,1.1215,2.772,ok
hd00_006,living+kitchen+bedroom+bathroom,etoile,4,pavage,16,0.50,False,True,4,0.9973,True,49,0.500,0.3126,0.0000,3,10.024,11.241898,1.1215,3.765,ok
hd00_006,living+kitchen+bedroom+bathroom,etoile,4,pavage,16,0.00,False,True,4,0.9973,True,49,0.500,0.3126,0.0000,3,10.024,11.241898,1.1215,3.153,ok
hd00_006,living+kitchen+bedroom+bathroom,etoile,4,pavage,16,0.25,False,True,4,0.9973,True,49,0.500,0.3126,0.0000,3,10.024,11.241898,1.1215,3.642,ok
hd00_006,living+kitchen+bedroom+bathroom,etoile,4,pavage,16,1.00,False,True,4,1.0000,True,49,0.500,0.3126,0.0000,3,10.024,11.241898,1.1215,3.400,ok
hd00_006,living+kitchen+bedroom+bathroom,etoile,4,pavage,16,1.80,False,True,4,1.8000,True,49,0.500,0.3126,0.0000,3,10.024,11.241898,1.1215,3.817,ok
hd00_007,living+kitchen+bedroom+bathroom,etoile,4,base,,0.50,False,False,,,,49,1.000,0.2861,0.0000,2,9.899,,,2.139,invariant_viole
hd00_007,living+kitchen+bedroom+bathroom,etoile,4,pavage,0,0.50,False,False,,,,49,1.000,0.2861,0.0000,2,9.899,,,0.696,trame
hd00_007,living+kitchen+bedroom+bathroom,etoile,4,pavage,4,0.50,False,False,,,,49,1.000,0.2861,0.0000,2,9.899,,,0.799,trame
hd00_007,living+kitchen+bedroom+bathroom,etoile,4,pavage,8,0.50,False,False,,,,49,1.000,0.2861,0.0000,2,9.899,,,0.811,trame
hd00_007,living+kitchen+bedroom+bathroom,etoile,4,pavage,16,0.50,False,False,,,,49,1.000,0.2861,0.0000,2,9.899,,,0.772,trame
hd00_007,living+kitchen+bedroom+bathroom,etoile,4,pavage,16,0.00,False,False,,,,49,1.000,0.2861,0.0000,2,9.899,,,0.758,trame
hd00_007,living+kitchen+bedroom+bathroom,etoile,4,pavage,16,0.25,False,False,,,,49,1.000,0.2861,0.0000,2,9.899,,,0.758,trame
hd00_007,living+kitchen+bedroom+bathroom,etoile,4,pavage,16,1.00,False,False,,,,49,1.000,0.2861,0.0000,2,9.899,,,0.778,trame
hd00_007,living+kitchen+bedroom+bathroom,etoile,4,pavage,16,1.80,False,False,,,,49,1.000,0.2861,0.0000,2,9.899,,,0.796,trame
hd00_008,living+kitchen+bedroom+bathroom,etoile,4,base,,0.50,False,False,,,,24,0.500,0.3696,0.0000,3,10.932,,,1.868,invariant_viole
hd00_008,living+kitchen+bedroom+bathroom,etoile,4,pavage,0,0.50,False,False,,,,24,0.500,0.3696,0.0000,3,10.932,,,0.621,trame
hd00_008,living+kitchen+bedroom+bathroom,etoile,4,pavage,4,0.50,False,False,,,,24,0.500,0.3696,0.0000,3,10.932,,,4.617,infaisable
hd00_008,living+kitchen+bedroom+bathroom,etoile,4,pavage,8,0.50,False,False,,,,24,0.500,0.3696,0.0000,3,10.932,,,3.363,infaisable
hd00_008,living+kitchen+bedroom+bathroom,etoile,4,pavage,16,0.50,False,False,,,,24,0.500,0.3696,0.0000,3,10.932,,,4.208,infaisable
hd00_008,living+kitchen+bedroom+bathroom,etoile,4,pavage,16,0.00,False,True,4,0.0000,False,24,0.500,0.3696,0.0000,3,10.932,5.802270,0.5307,2.658,ok
hd00_008,living+kitchen+bedroom+bathroom,etoile,4,pavage,16,0.25,False,False,,,,24,0.500,0.3696,0.0000,3,10.932,,,3.344,infaisable
hd00_008,living+kitchen+bedroom+bathroom,etoile,4,pavage,16,1.00,False,False,,,,24,0.500,0.3696,0.0000,3,10.932,,,2.975,infaisable
hd00_008,living+kitchen+bedroom+bathroom,etoile,4,pavage,16,1.80,False,False,,,,24,0.500,0.3696,0.0000,3,10.932,,,3.246,infaisable
hd00_009,living+kitchen+bedroom+bathroom,etoile,4,base,,0.50,False,False,,,,21,0.000,0.3322,0.0000,4,10.146,,,3.536,invariant_viole
hd00_009,living+kitchen+bedroom+bathroom,etoile,4,pavage,0,0.50,False,False,,,,21,0.000,0.3322,0.0000,4,10.146,,,0.966,trame
hd00_009,living+kitchen+bedroom+bathroom,etoile,4,pavage,4,0.50,False,True,4,3.1731,True,21,0.000,0.3322,0.0000,4,10.146,5.167647,0.5093,3.334,ok
hd00_009,living+kitchen+bedroom+bathroom,etoile,4,pavage,8,0.50,False,True,4,3.1731,True,21,0.000,0.3322,0.0000,4,10.146,5.167647,0.5093,2.805,ok
hd00_009,living+kitchen+bedroom+bathroom,etoile,4,pavage,16,0.50,False,True,4,3.1731,True,21,0.000,0.3322,0.0000,4,10.146,5.167647,0.5093,2.875,ok
hd00_009,living+kitchen+bedroom+bathroom,etoile,4,pavage,16,0.00,False,True,4,3.1731,True,21,0.000,0.3322,0.0000,4,10.146,5.167647,0.5093,3.303,ok
hd00_009,living+kitchen+bedroom+bathroom,etoile,4,pavage,16,0.25,False,True,4,3.1731,True,21,0.000,0.3322,0.0000,4,10.146,5.167647,0.5093,2.742,ok
hd00_009,living+kitchen+bedroom+bathroom,etoile,4,pavage,16,1.00,False,True,4,3.1731,True,21,0.000,0.3322,0.0000,4,10.146,5.167647,0.5093,3.759,ok
hd00_009,living+kitchen+bedroom+bathroom,etoile,4,pavage,16,1.80,False,True,4,3.1731,True,21,0.000,0.3322,0.0000,4,10.146,5.167647,0.5093,4.874,ok
hd00_010,living+kitchen+bedroom+bathroom,etoile,4,base,,0.50,False,False,,,,30,1.000,0.1741,0.0000,2,10.418,,,4.033,invariant_viole
hd00_010,living+kitchen+bedroom+bathroom,etoile,4,pavage,0,0.50,False,False,,,,30,1.000,0.1741,0.0000,2,10.418,,,1.193,trame
hd00_010,living+kitchen+bedroom+bathroom,etoile,4,pavage,4,0.50,False,False,,,,30,1.000,0.1741,0.0000,2,10.418,,,5.175,infaisable
hd00_010,living+kitchen+bedroom+bathroom,etoile,4,pavage,8,0.50,False,False,,,,30,1.000,0.1741,0.0000,2,10.418,,,2.903,infaisable
hd00_010,living+kitchen+bedroom+bathroom,etoile,4,pavage,16,0.50,False,False,,,,30,1.000,0.1741,0.0000,2,10.418,,,2.848,infaisable
hd00_010,living+kitchen+bedroom+bathroom,etoile,4,pavage,16,0.00,False,True,4,0.0000,False,30,1.000,0.1741,0.0000,2,10.418,6.890196,0.6614,2.626,ok
hd00_010,living+kitchen+bedroom+bathroom,etoile,4,pavage,16,0.25,False,False,,,,30,1.000,0.1741,0.0000,2,10.418,,,3.330,infaisable
hd00_010,living+kitchen+bedroom+bathroom,etoile,4,pavage,16,1.00,False,False,,,,30,1.000,0.1741,0.0000,2,10.418,,,3.922,infaisable
hd00_010,living+kitchen+bedroom+bathroom,etoile,4,pavage,16,1.80,False,False,,,,30,1.000,0.1741,0.0000,2,10.418,,,4.572,infaisable
hd00_011,living+kitchen+bedroom+bathroom,etoile,4,base,,0.50,False,False,,,,42,0.500,0.2587,0.0000,3,9.648,,,1.924,invariant_viole
hd00_011,living+kitchen+bedroom+bathroom,etoile,4,pavage,0,0.50,False,False,,,,42,0.500,0.2587,0.0000,3,9.648,,,0.633,trame
hd00_011,living+kitchen+bedroom+bathroom,etoile,4,pavage,4,0.50,False,False,,,,42,0.500,0.2587,0.0000,3,9.648,,,3.248,infaisable
hd00_011,living+kitchen+bedroom+bathroom,etoile,4,pavage,8,0.50,False,False,,,,42,0.500,0.2587,0.0000,3,9.648,,,3.211,infaisable
hd00_011,living+kitchen+bedroom+bathroom,etoile,4,pavage,16,0.50,False,False,,,,42,0.500,0.2587,0.0000,3,9.648,,,2.736,infaisable
hd00_011,living+kitchen+bedroom+bathroom,etoile,4,pavage,16,0.00,False,True,4,0.0000,False,42,0.500,0.2587,0.0000,3,9.648,5.892930,0.6108,3.420,ok
hd00_011,living+kitchen+bedroom+bathroom,etoile,4,pavage,16,0.25,False,False,,,,42,0.500,0.2587,0.0000,3,9.648,,,2.727,infaisable
hd00_011,living+kitchen+bedroom+bathroom,etoile,4,pavage,16,1.00,False,False,,,,42,0.500,0.2587,0.0000,3,9.648,,,3.085,infaisable
hd00_011,living+kitchen+bedroom+bathroom,etoile,4,pavage,16,1.80,False,False,,,,42,0.500,0.2587,0.0000,3,9.648,,,2.982,infaisable
hd00_012,living+kitchen+bedroom+bathroom,etoile,4,base,,0.50,False,False,,,,42,0.500,0.5490,0.0000,3,9.738,,,2.313,invariant_viole
hd00_012,living+kitchen+bedroom+bathroom,etoile,4,pavage,0,0.50,False,False,,,,42,0.500,0.5490,0.0000,3,9.738,,,0.705,trame
hd00_012,living+kitchen+bedroom+bathroom,etoile,4,pavage,4,0.50,False,False,,,,42,0.500,0.5490,0.0000,3,9.738,,,2.839,infaisable
hd00_012,living+kitchen+bedroom+bathroom,etoile,4,pavage,8,0.50,False,False,,,,42,0.500,0.5490,0.0000,3,9.738,,,4.481,infaisable
hd00_012,living+kitchen+bedroom+bathroom,etoile,4,pavage,16,0.50,False,False,,,,42,0.500,0.5490,0.0000,3,9.738,,,3.336,infaisable
hd00_012,living+kitchen+bedroom+bathroom,etoile,4,pavage,16,0.00,False,True,4,0.0000,False,42,0.500,0.5490,0.0000,3,9.738,5.439628,0.5586,3.429,ok
hd00_012,living+kitchen+bedroom+bathroom,etoile,4,pavage,16,0.25,False,False,,,,42,0.500,0.5490,0.0000,3,9.738,,,3.136,infaisable
hd00_012,living+kitchen+bedroom+bathroom,etoile,4,pavage,16,1.00,False,False,,,,42,0.500,0.5490,0.0000,3,9.738,,,2.787,infaisable
hd00_012,living+kitchen+bedroom+bathroom,etoile,4,pavage,16,1.80,False,False,,,,42,0.500,0.5490,0.0000,3,9.738,,,4.611,infaisable
hd00_013,living+kitchen+bedroom+bathroom,etoile,4,base,,0.50,False,False,,,,28,0.500,0.1214,0.0000,3,9.331,,,3.644,invariant_viole
hd00_013,living+kitchen+bedroom+bathroom,etoile,4,pavage,0,0.50,False,False,,,,28,0.500,0.1214,0.0000,3,9.331,,,1.051,trame
hd00_013,living+kitchen+bedroom+bathroom,etoile,4,pavage,4,0.50,False,False,,,,28,0.500,0.1214,0.0000,3,9.331,,,3.990,infaisable
hd00_013,living+kitchen+bedroom+bathroom,etoile,4,pavage,8,0.50,False,False,,,,28,0.500,0.1214,0.0000,3,9.331,,,4.050,infaisable
hd00_013,living+kitchen+bedroom+bathroom,etoile,4,pavage,16,0.50,False,False,,,,28,0.500,0.1214,0.0000,3,9.331,,,4.537,infaisable
hd00_013,living+kitchen+bedroom+bathroom,etoile,4,pavage,16,0.00,False,True,4,0.0000,False,28,0.500,0.1214,0.0000,3,9.331,2.901135,0.3109,4.413,ok
hd00_013,living+kitchen+bedroom+bathroom,etoile,4,pavage,16,0.25,False,False,,,,28,0.500,0.1214,0.0000,3,9.331,,,3.487,infaisable
hd00_013,living+kitchen+bedroom+bathroom,etoile,4,pavage,16,1.00,False,False,,,,28,0.500,0.1214,0.0000,3,9.331,,,3.592,infaisable
hd00_013,living+kitchen+bedroom+bathroom,etoile,4,pavage,16,1.80,False,False,,,,28,0.500,0.1214,0.0000,3,9.331,,,5.079,infaisable
hd00_014,living+kitchen+bedroom+bathroom,etoile,4,base,,0.50,False,False,,,,35,0.500,0.5611,0.0000,3,13.145,,,4.083,invariant_viole
hd00_014,living+kitchen+bedroom+bathroom,etoile,4,pavage,0,0.50,False,False,,,,35,0.500,0.5611,0.0000,3,13.145,,,1.235,trame
hd00_014,living+kitchen+bedroom+bathroom,etoile,4,pavage,4,0.50,False,False,,,,35,0.500,0.5611,0.0000,3,13.145,,,3.844,infaisable
hd00_014,living+kitchen+bedroom+bathroom,etoile,4,pavage,8,0.50,False,False,,,,35,0.500,0.5611,0.0000,3,13.145,,,4.165,infaisable
hd00_014,living+kitchen+bedroom+bathroom,etoile,4,pavage,16,0.50,False,False,,,,35,0.500,0.5611,0.0000,3,13.145,,,3.606,infaisable
hd00_014,living+kitchen+bedroom+bathroom,etoile,4,pavage,16,0.00,False,True,4,0.0000,False,35,0.500,0.5611,0.0000,3,13.145,7.615479,0.5794,2.985,ok
hd00_014,living+kitchen+bedroom+bathroom,etoile,4,pavage,16,0.25,False,False,,,,35,0.500,0.5611,0.0000,3,13.145,,,7.719,infaisable
hd00_014,living+kitchen+bedroom+bathroom,etoile,4,pavage,16,1.00,False,False,,,,35,0.500,0.5611,0.0000,3,13.145,,,4.217,infaisable
hd00_014,living+kitchen+bedroom+bathroom,etoile,4,pavage,16,1.80,False,False,,,,35,0.500,0.5611,0.0000,3,13.145,,,4.170,infaisable
hd00_015,living+kitchen+bedroom+bathroom,etoile,4,base,,0.50,False,False,,,,42,0.500,0.3809,0.0000,3,9.746,,,2.773,invariant_viole
hd00_015,living+kitchen+bedroom+bathroom,etoile,4,pavage,0,0.50,False,False,,,,42,0.500,0.3809,0.0000,3,9.746,,,1.019,trame
hd00_015,living+kitchen+bedroom+bathroom,etoile,4,pavage,4,0.50,False,False,,,,42,0.500,0.3809,0.0000,3,9.746,,,1.386,trame
hd00_015,living+kitchen+bedroom+bathroom,etoile,4,pavage,8,0.50,False,False,,,,42,0.500,0.3809,0.0000,3,9.746,,,0.936,trame
hd00_015,living+kitchen+bedroom+bathroom,etoile,4,pavage,16,0.50,False,False,,,,42,0.500,0.3809,0.0000,3,9.746,,,0.986,trame
hd00_015,living+kitchen+bedroom+bathroom,etoile,4,pavage,16,0.00,False,False,,,,42,0.500,0.3809,0.0000,3,9.746,,,1.090,trame
hd00_015,living+kitchen+bedroom+bathroom,etoile,4,pavage,16,0.25,False,False,,,,42,0.500,0.3809,0.0000,3,9.746,,,1.145,trame
hd00_015,living+kitchen+bedroom+bathroom,etoile,4,pavage,16,1.00,False,False,,,,42,0.500,0.3809,0.0000,3,9.746,,,1.398,trame
hd00_015,living+kitchen+bedroom+bathroom,etoile,4,pavage,16,1.80,False,False,,,,42,0.500,0.3809,0.0000,3,9.746,,,2.484,trame
hd00_016,living+kitchen+bedroom+bathroom,etoile,4,base,,0.50,False,False,,,,35,0.000,0.6571,0.0000,4,10.418,,,4.602,invariant_viole
hd00_016,living+kitchen+bedroom+bathroom,etoile,4,pavage,0,0.50,False,False,,,,35,0.000,0.6571,0.0000,4,10.418,,,1.211,trame
hd00_016,living+kitchen+bedroom+bathroom,etoile,4,pavage,4,0.50,False,False,,,,35,0.000,0.6571,0.0000,4,10.418,,,1.204,trame
hd00_016,living+kitchen+bedroom+bathroom,etoile,4,pavage,8,0.50,False,False,,,,35,0.000,0.6571,0.0000,4,10.418,,,4.426,infaisable
hd00_016,living+kitchen+bedroom+bathroom,etoile,4,pavage,16,0.50,False,False,,,,35,0.000,0.6571,0.0000,4,10.418,,,4.470,infaisable
hd00_016,living+kitchen+bedroom+bathroom,etoile,4,pavage,16,0.00,False,True,4,0.0000,False,35,0.000,0.6571,0.0000,4,10.418,11.604540,1.1139,3.257,ok
hd00_016,living+kitchen+bedroom+bathroom,etoile,4,pavage,16,0.25,False,False,,,,35,0.000,0.6571,0.0000,4,10.418,,,3.175,infaisable
hd00_016,living+kitchen+bedroom+bathroom,etoile,4,pavage,16,1.00,False,False,,,,35,0.000,0.6571,0.0000,4,10.418,,,3.214,infaisable
hd00_016,living+kitchen+bedroom+bathroom,etoile,4,pavage,16,1.80,False,False,,,,35,0.000,0.6571,0.0000,4,10.418,,,3.539,infaisable
hd00_017,living+kitchen+bedroom+bathroom,etoile,4,base,,0.50,False,False,,,,36,0.500,0.2064,0.0000,3,8.946,,,1.931,invariant_viole
hd00_017,living+kitchen+bedroom+bathroom,etoile,4,pavage,0,0.50,False,False,,,,36,0.500,0.2064,0.0000,3,8.946,,,0.611,trame
hd00_017,living+kitchen+bedroom+bathroom,etoile,4,pavage,4,0.50,False,True,4,0.7253,True,36,0.500,0.2064,0.0000,3,8.946,4.351703,0.4864,2.445,ok
hd00_017,living+kitchen+bedroom+bathroom,etoile,4,pavage,8,0.50,False,True,4,0.7253,True,36,0.500,0.2064,0.0000,3,8.946,4.351703,0.4864,2.501,ok
hd00_017,living+kitchen+bedroom+bathroom,etoile,4,pavage,16,0.50,False,True,4,0.7253,True,36,0.500,0.2064,0.0000,3,8.946,4.351703,0.4864,2.511,ok
hd00_017,living+kitchen+bedroom+bathroom,etoile,4,pavage,16,0.00,False,True,4,0.7253,True,36,0.500,0.2064,0.0000,3,8.946,4.351703,0.4864,3.531,ok
hd00_017,living+kitchen+bedroom+bathroom,etoile,4,pavage,16,0.25,False,True,4,0.7253,True,36,0.500,0.2064,0.0000,3,8.946,4.351703,0.4864,3.816,ok
hd00_017,living+kitchen+bedroom+bathroom,etoile,4,pavage,16,1.00,False,True,4,1.0000,True,36,0.500,0.2064,0.0000,3,8.946,4.351703,0.4864,4.165,ok
hd00_017,living+kitchen+bedroom+bathroom,etoile,4,pavage,16,1.80,False,True,4,1.8000,True,36,0.500,0.2064,0.0000,3,8.946,4.351703,0.4864,3.090,ok
hd00_018,living+kitchen+bedroom+bathroom,etoile,4,base,,0.50,False,False,,,,15,0.500,0.1266,0.0000,3,7.516,,,1.899,invariant_viole
hd00_018,living+kitchen+bedroom+bathroom,etoile,4,pavage,0,0.50,False,False,,,,15,0.500,0.1266,0.0000,3,7.516,,,1.030,trame
hd00_018,living+kitchen+bedroom+bathroom,etoile,4,pavage,4,0.50,False,False,,,,15,0.500,0.1266,0.0000,3,7.516,,,3.305,infaisable
hd00_018,living+kitchen+bedroom+bathroom,etoile,4,pavage,8,0.50,False,False,,,,15,0.500,0.1266,0.0000,3,7.516,,,2.807,infaisable
hd00_018,living+kitchen+bedroom+bathroom,etoile,4,pavage,16,0.50,False,False,,,,15,0.500,0.1266,0.0000,3,7.516,,,3.049,infaisable
hd00_018,living+kitchen+bedroom+bathroom,etoile,4,pavage,16,0.00,False,True,4,0.0000,False,15,0.500,0.1266,0.0000,3,7.516,2.538493,0.3377,4.203,ok
hd00_018,living+kitchen+bedroom+bathroom,etoile,4,pavage,16,0.25,False,False,,,,15,0.500,0.1266,0.0000,3,7.516,,,4.005,infaisable
hd00_018,living+kitchen+bedroom+bathroom,etoile,4,pavage,16,1.00,False,False,,,,15,0.500,0.1266,0.0000,3,7.516,,,4.289,infaisable
hd00_018,living+kitchen+bedroom+bathroom,etoile,4,pavage,16,1.80,False,False,,,,15,0.500,0.1266,0.0000,3,7.516,,,2.834,infaisable
hd00_019,living+kitchen+bedroom+bathroom,etoile,4,base,,0.50,False,False,,,,28,1.000,0.3774,0.0000,2,11.827,,,2.023,invariant_viole
hd00_019,living+kitchen+bedroom+bathroom,etoile,4,pavage,0,0.50,False,False,,,,28,1.000,0.3774,0.0000,2,11.827,,,0.641,trame
hd00_019,living+kitchen+bedroom+bathroom,etoile,4,pavage,4,0.50,False,False,,,,28,1.000,0.3774,0.0000,2,11.827,,,4.154,infaisable
hd00_019,living+kitchen+bedroom+bathroom,etoile,4,pavage,8,0.50,False,False,,,,28,1.000,0.3774,0.0000,2,11.827,,,3.905,infaisable
hd00_019,living+kitchen+bedroom+bathroom,etoile,4,pavage,16,0.50,False,False,,,,28,1.000,0.3774,0.0000,2,11.827,,,3.476,infaisable
hd00_019,living+kitchen+bedroom+bathroom,etoile,4,pavage,16,0.00,False,True,4,0.0000,False,28,1.000,0.3774,0.0000,2,11.827,8.703405,0.7359,3.412,ok
hd00_019,living+kitchen+bedroom+bathroom,etoile,4,pavage,16,0.25,False,False,,,,28,1.000,0.3774,0.0000,2,11.827,,,3.776,infaisable
hd00_019,living+kitchen+bedroom+bathroom,etoile,4,pavage,16,1.00,False,False,,,,28,1.000,0.3774,0.0000,2,11.827,,,3.937,infaisable
hd00_019,living+kitchen+bedroom+bathroom,etoile,4,pavage,16,1.80,False,False,,,,28,1.000,0.3774,0.0000,2,11.827,,,2.785,infaisable
hd00_020,living+kitchen+bedroom+bathroom,etoile,4,base,,0.50,False,False,,,,28,0.000,0.4050,0.0000,4,9.476,,,1.938,invariant_viole
hd00_020,living+kitchen+bedroom+bathroom,etoile,4,pavage,0,0.50,False,False,,,,28,0.000,0.4050,0.0000,4,9.476,,,0.712,trame
hd00_020,living+kitchen+bedroom+bathroom,etoile,4,pavage,4,0.50,False,True,4,3.1731,True,28,0.000,0.4050,0.0000,4,9.476,4.079721,0.4305,3.266,ok
hd00_020,living+kitchen+bedroom+bathroom,etoile,4,pavage,8,0.50,False,True,4,3.1731,True,28,0.000,0.4050,0.0000,4,9.476,4.079721,0.4305,3.309,ok
hd00_020,living+kitchen+bedroom+bathroom,etoile,4,pavage,16,0.50,False,True,4,3.1731,True,28,0.000,0.4050,0.0000,4,9.476,4.079721,0.4305,2.976,ok
hd00_020,living+kitchen+bedroom+bathroom,etoile,4,pavage,16,0.00,False,True,4,3.1731,True,28,0.000,0.4050,0.0000,4,9.476,4.079721,0.4305,3.520,ok
hd00_020,living+kitchen+bedroom+bathroom,etoile,4,pavage,16,0.25,False,True,4,3.1731,True,28,0.000,0.4050,0.0000,4,9.476,4.079721,0.4305,3.559,ok
hd00_020,living+kitchen+bedroom+bathroom,etoile,4,pavage,16,1.00,False,True,4,3.1731,True,28,0.000,0.4050,0.0000,4,9.476,4.079721,0.4305,4.646,ok
hd00_020,living+kitchen+bedroom+bathroom,etoile,4,pavage,16,1.80,False,True,4,3.1731,True,28,0.000,0.4050,0.0000,4,9.476,4.079721,0.4305,4.053,ok
hd00_021,living+kitchen+bedroom+bathroom,etoile,4,base,,0.50,False,False,,,,20,2.000,0.1573,0.0000,1,14.135,,,2.068,invariant_viole
hd00_021,living+kitchen+bedroom+bathroom,etoile,4,pavage,0,0.50,False,False,,,,20,2.000,0.1573,0.0000,1,14.135,,,0.637,trame
hd00_021,living+kitchen+bedroom+bathroom,etoile,4,pavage,4,0.50,False,False,,,,20,2.000,0.1573,0.0000,1,14.135,,,3.035,infaisable
hd00_021,living+kitchen+bedroom+bathroom,etoile,4,pavage,8,0.50,False,False,,,,20,2.000,0.1573,0.0000,1,14.135,,,3.573,infaisable
hd00_021,living+kitchen+bedroom+bathroom,etoile,4,pavage,16,0.50,False,False,,,,20,2.000,0.1573,0.0000,1,14.135,,,3.634,infaisable
hd00_021,living+kitchen+bedroom+bathroom,etoile,4,pavage,16,0.00,False,True,4,0.0000,False,20,2.000,0.1573,0.0000,1,14.135,6.618214,0.4682,2.874,ok
hd00_021,living+kitchen+bedroom+bathroom,etoile,4,pavage,16,0.25,False,False,,,,20,2.000,0.1573,0.0000,1,14.135,,,3.289,infaisable
hd00_021,living+kitchen+bedroom+bathroom,etoile,4,pavage,16,1.00,False,False,,,,20,2.000,0.1573,0.0000,1,14.135,,,3.517,infaisable
hd00_021,living+kitchen+bedroom+bathroom,etoile,4,pavage,16,1.80,False,False,,,,20,2.000,0.1573,0.0000,1,14.135,,,4.713,infaisable
hd00_022,living+kitchen+bedroom+bathroom,etoile,4,base,,0.50,False,False,,,,35,0.000,0.2101,0.0000,4,10.063,,,3.169,invariant_viole
hd00_022,living+kitchen+bedroom+bathroom,etoile,4,pavage,0,0.50,False,False,,,,35,0.000,0.2101,0.0000,4,10.063,,,0.958,trame
hd00_022,living+kitchen+bedroom+bathroom,etoile,4,pavage,4,0.50,False,False,,,,35,0.000,0.2101,0.0000,4,10.063,,,4.645,infaisable
hd00_022,living+kitchen+bedroom+bathroom,etoile,4,pavage,8,0.50,False,False,,,,35,0.000,0.2101,0.0000,4,10.063,,,3.333,infaisable
hd00_022,living+kitchen+bedroom+bathroom,etoile,4,pavage,16,0.50,False,False,,,,35,0.000,0.2101,0.0000,4,10.063,,,4.003,infaisable
hd00_022,living+kitchen+bedroom+bathroom,etoile,4,pavage,16,0.00,False,True,4,0.0000,False,35,0.000,0.2101,0.0000,4,10.063,5.076986,0.5045,3.346,ok
hd00_022,living+kitchen+bedroom+bathroom,etoile,4,pavage,16,0.25,False,False,,,,35,0.000,0.2101,0.0000,4,10.063,,,4.178,infaisable
hd00_022,living+kitchen+bedroom+bathroom,etoile,4,pavage,16,1.00,False,False,,,,35,0.000,0.2101,0.0000,4,10.063,,,4.267,infaisable
hd00_022,living+kitchen+bedroom+bathroom,etoile,4,pavage,16,1.80,False,False,,,,35,0.000,0.2101,0.0000,4,10.063,,,3.176,infaisable
hd00_023,living+kitchen+bedroom+bathroom,etoile,4,base,,0.50,False,False,,,,36,0.000,0.3765,0.0000,4,11.319,,,1.809,invariant_viole
hd00_023,living+kitchen+bedroom+bathroom,etoile,4,pavage,0,0.50,False,False,,,,36,0.000,0.3765,0.0000,4,11.319,,,0.596,trame
hd00_023,living+kitchen+bedroom+bathroom,etoile,4,pavage,4,0.50,False,False,,,,36,0.000,0.3765,0.0000,4,11.319,,,2.861,infaisable
hd00_023,living+kitchen+bedroom+bathroom,etoile,4,pavage,8,0.50,False,False,,,,36,0.000,0.3765,0.0000,4,11.319,,,2.743,infaisable
hd00_023,living+kitchen+bedroom+bathroom,etoile,4,pavage,16,0.50,False,False,,,,36,0.000,0.3765,0.0000,4,11.319,,,2.707,infaisable
hd00_023,living+kitchen+bedroom+bathroom,etoile,4,pavage,16,0.00,False,True,4,0.0000,False,36,0.000,0.3765,0.0000,4,11.319,10.153973,0.8970,2.899,ok
hd00_023,living+kitchen+bedroom+bathroom,etoile,4,pavage,16,0.25,False,False,,,,36,0.000,0.3765,0.0000,4,11.319,,,2.648,infaisable
hd00_023,living+kitchen+bedroom+bathroom,etoile,4,pavage,16,1.00,False,False,,,,36,0.000,0.3765,0.0000,4,11.319,,,2.988,infaisable
hd00_023,living+kitchen+bedroom+bathroom,etoile,4,pavage,16,1.80,False,False,,,,36,0.000,0.3765,0.0000,4,11.319,,,3.023,infaisable
hd00_024,living+kitchen+bedroom+bathroom,etoile,4,base,,0.50,False,False,,,,49,1.000,0.5687,0.0000,2,12.597,,,2.089,invariant_viole
hd00_024,living+kitchen+bedroom+bathroom,etoile,4,pavage,0,0.50,False,False,,,,49,1.000,0.5687,0.0000,2,12.597,,,0.648,trame
hd00_024,living+kitchen+bedroom+bathroom,etoile,4,pavage,4,0.50,False,False,,,,49,1.000,0.5687,0.0000,2,12.597,,,0.825,trame
hd00_024,living+kitchen+bedroom+bathroom,etoile,4,pavage,8,0.50,False,False,,,,49,1.000,0.5687,0.0000,2,12.597,,,3.643,infaisable
hd00_024,living+kitchen+bedroom+bathroom,etoile,4,pavage,16,0.50,False,False,,,,49,1.000,0.5687,0.0000,2,12.597,,,3.946,infaisable
hd00_024,living+kitchen+bedroom+bathroom,etoile,4,pavage,16,0.00,False,False,,,,49,1.000,0.5687,0.0000,2,12.597,,,5.718,infaisable
hd00_024,living+kitchen+bedroom+bathroom,etoile,4,pavage,16,0.25,False,False,,,,49,1.000,0.5687,0.0000,2,12.597,,,3.728,infaisable
hd00_024,living+kitchen+bedroom+bathroom,etoile,4,pavage,16,1.00,False,False,,,,49,1.000,0.5687,0.0000,2,12.597,,,4.105,infaisable
hd00_024,living+kitchen+bedroom+bathroom,etoile,4,pavage,16,1.80,False,False,,,,49,1.000,0.5687,0.0000,2,12.597,,,5.468,infaisable
hd00_025,living+kitchen+bedroom+bathroom,etoile,4,base,,0.50,False,False,,,,30,0.500,0.2638,0.0000,3,10.558,,,2.799,invariant_viole
hd00_025,living+kitchen+bedroom+bathroom,etoile,4,pavage,0,0.50,False,False,,,,30,0.500,0.2638,0.0000,3,10.558,,,0.832,trame
hd00_025,living+kitchen+bedroom+bathroom,etoile,4,pavage,4,0.50,False,False,,,,30,0.500,0.2638,0.0000,3,10.558,,,3.661,infaisable
hd00_025,living+kitchen+bedroom+bathroom,etoile,4,pavage,8,0.50,False,False,,,,30,0.500,0.2638,0.0000,3,10.558,,,4.504,infaisable
hd00_025,living+kitchen+bedroom+bathroom,etoile,4,pavage,16,0.50,False,False,,,,30,0.500,0.2638,0.0000,3,10.558,,,5.589,infaisable
hd00_025,living+kitchen+bedroom+bathroom,etoile,4,pavage,16,0.00,False,False,,,,30,0.500,0.2638,0.0000,3,10.558,,,4.776,infaisable
hd00_025,living+kitchen+bedroom+bathroom,etoile,4,pavage,16,0.25,False,False,,,,30,0.500,0.2638,0.0000,3,10.558,,,5.540,infaisable
hd00_025,living+kitchen+bedroom+bathroom,etoile,4,pavage,16,1.00,False,False,,,,30,0.500,0.2638,0.0000,3,10.558,,,5.333,infaisable
hd00_025,living+kitchen+bedroom+bathroom,etoile,4,pavage,16,1.80,False,False,,,,30,0.500,0.2638,0.0000,3,10.558,,,4.175,infaisable
hd00_026,living+kitchen+bedroom+bathroom,etoile,4,base,,0.50,False,False,,,,30,0.500,0.0891,0.0000,3,8.091,,,3.506,invariant_viole
hd00_026,living+kitchen+bedroom+bathroom,etoile,4,pavage,0,0.50,False,False,,,,30,0.500,0.0891,0.0000,3,8.091,,,0.985,trame
hd00_026,living+kitchen+bedroom+bathroom,etoile,4,pavage,4,0.50,False,False,,,,30,0.500,0.0891,0.0000,3,8.091,,,1.221,trame
hd00_026,living+kitchen+bedroom+bathroom,etoile,4,pavage,8,0.50,False,False,,,,30,0.500,0.0891,0.0000,3,8.091,,,0.856,trame
hd00_026,living+kitchen+bedroom+bathroom,etoile,4,pavage,16,0.50,False,False,,,,30,0.500,0.0891,0.0000,3,8.091,,,0.782,trame
hd00_026,living+kitchen+bedroom+bathroom,etoile,4,pavage,16,0.00,False,False,,,,30,0.500,0.0891,0.0000,3,8.091,,,0.654,trame
hd00_026,living+kitchen+bedroom+bathroom,etoile,4,pavage,16,0.25,False,False,,,,30,0.500,0.0891,0.0000,3,8.091,,,0.975,trame
hd00_026,living+kitchen+bedroom+bathroom,etoile,4,pavage,16,1.00,False,False,,,,30,0.500,0.0891,0.0000,3,8.091,,,1.219,trame
hd00_026,living+kitchen+bedroom+bathroom,etoile,4,pavage,16,1.80,False,False,,,,30,0.500,0.0891,0.0000,3,8.091,,,0.808,trame
hd00_027,living+kitchen+bedroom+bathroom,etoile,4,base,,0.50,False,False,,,,30,0.000,0.1756,0.0000,4,10.531,,,2.616,invariant_viole
hd00_027,living+kitchen+bedroom+bathroom,etoile,4,pavage,0,0.50,False,False,,,,30,0.000,0.1756,0.0000,4,10.531,,,0.779,trame
hd00_027,living+kitchen+bedroom+bathroom,etoile,4,pavage,4,0.50,False,False,,,,30,0.000,0.1756,0.0000,4,10.531,,,4.497,infaisable
hd00_027,living+kitchen+bedroom+bathroom,etoile,4,pavage,8,0.50,False,False,,,,30,0.000,0.1756,0.0000,4,10.531,,,5.183,infaisable
hd00_027,living+kitchen+bedroom+bathroom,etoile,4,pavage,16,0.50,False,False,,,,30,0.000,0.1756,0.0000,4,10.531,,,3.440,infaisable
hd00_027,living+kitchen+bedroom+bathroom,etoile,4,pavage,16,0.00,False,True,4,0.0000,False,30,0.000,0.1756,0.0000,4,10.531,2.266512,0.2152,4.027,ok
hd00_027,living+kitchen+bedroom+bathroom,etoile,4,pavage,16,0.25,False,False,,,,30,0.000,0.1756,0.0000,4,10.531,,,2.916,infaisable
hd00_027,living+kitchen+bedroom+bathroom,etoile,4,pavage,16,1.00,False,False,,,,30,0.000,0.1756,0.0000,4,10.531,,,3.437,infaisable
hd00_027,living+kitchen+bedroom+bathroom,etoile,4,pavage,16,1.80,False,False,,,,30,0.000,0.1756,0.0000,4,10.531,,,3.540,infaisable
hd00_028,living+kitchen+bedroom+bathroom,etoile,4,base,,0.50,False,False,,,,24,0.000,0.3212,0.0000,4,8.781,,,2.775,invariant_viole
hd00_028,living+kitchen+bedroom+bathroom,etoile,4,pavage,0,0.50,False,False,,,,24,0.000,0.3212,0.0000,4,8.781,,,0.845,trame
hd00_028,living+kitchen+bedroom+bathroom,etoile,4,pavage,4,0.50,False,True,4,2.0852,True,24,0.000,0.3212,0.0000,4,8.781,6.618214,0.7537,4.447,ok
hd00_028,living+kitchen+bedroom+bathroom,etoile,4,pavage,8,0.50,False,True,4,2.0852,True,24,0.000,0.3212,0.0000,4,8.781,6.618214,0.7537,3.550,ok
hd00_028,living+kitchen+bedroom+bathroom,etoile,4,pavage,16,0.50,False,True,4,2.0852,True,24,0.000,0.3212,0.0000,4,8.781,6.618214,0.7537,3.311,ok
hd00_028,living+kitchen+bedroom+bathroom,etoile,4,pavage,16,0.00,False,True,4,2.0852,True,24,0.000,0.3212,0.0000,4,8.781,6.618214,0.7537,3.401,ok
hd00_028,living+kitchen+bedroom+bathroom,etoile,4,pavage,16,0.25,False,True,4,2.0852,True,24,0.000,0.3212,0.0000,4,8.781,6.618214,0.7537,3.369,ok
hd00_028,living+kitchen+bedroom+bathroom,etoile,4,pavage,16,1.00,False,True,4,2.0852,True,24,0.000,0.3212,0.0000,4,8.781,6.618214,0.7537,3.250,ok
hd00_028,living+kitchen+bedroom+bathroom,etoile,4,pavage,16,1.80,False,True,4,2.0852,True,24,0.000,0.3212,0.0000,4,8.781,6.618214,0.7537,3.370,ok
hd00_029,living+kitchen+bedroom+bathroom,etoile,4,base,,0.50,False,False,,,,30,0.000,0.1835,0.0000,4,7.865,,,2.218,invariant_viole
hd00_029,living+kitchen+bedroom+bathroom,etoile,4,pavage,0,0.50,False,False,,,,30,0.000,0.1835,0.0000,4,7.865,,,0.849,trame
hd00_029,living+kitchen+bedroom+bathroom,etoile,4,pavage,4,0.50,False,False,,,,30,0.000,0.1835,0.0000,4,7.865,,,3.339,infaisable
hd00_029,living+kitchen+bedroom+bathroom,etoile,4,pavage,8,0.50,False,False,,,,30,0.000,0.1835,0.0000,4,7.865,,,3.371,infaisable
hd00_029,living+kitchen+bedroom+bathroom,etoile,4,pavage,16,0.50,False,False,,,,30,0.000,0.1835,0.0000,4,7.865,,,3.505,infaisable
hd00_029,living+kitchen+bedroom+bathroom,etoile,4,pavage,16,0.00,False,True,4,0.0000,False,30,0.000,0.1835,0.0000,4,7.865,6.890196,0.8761,3.487,ok
hd00_029,living+kitchen+bedroom+bathroom,etoile,4,pavage,16,0.25,False,False,,,,30,0.000,0.1835,0.0000,4,7.865,,,5.534,infaisable
hd00_029,living+kitchen+bedroom+bathroom,etoile,4,pavage,16,1.00,False,False,,,,30,0.000,0.1835,0.0000,4,7.865,,,4.225,infaisable
hd00_029,living+kitchen+bedroom+bathroom,etoile,4,pavage,16,1.80,False,False,,,,30,0.000,0.1835,0.0000,4,7.865,,,6.017,infaisable
hd00_030,living+kitchen+bedroom+bathroom,etoile,4,base,,0.50,False,False,,,,35,0.500,0.4824,0.0000,3,9.867,,,3.234,invariant_viole
hd00_030,living+kitchen+bedroom+bathroom,etoile,4,pavage,0,0.50,False,False,,,,35,0.500,0.4824,0.0000,3,9.867,,,0.870,trame
hd00_030,living+kitchen+bedroom+bathroom,etoile,4,pavage,4,0.50,False,False,,,,35,0.500,0.4824,0.0000,3,9.867,,,3.269,infaisable
hd00_030,living+kitchen+bedroom+bathroom,etoile,4,pavage,8,0.50,False,False,,,,35,0.500,0.4824,0.0000,3,9.867,,,3.721,infaisable
hd00_030,living+kitchen+bedroom+bathroom,etoile,4,pavage,16,0.50,False,False,,,,35,0.500,0.4824,0.0000,3,9.867,,,3.649,infaisable
hd00_030,living+kitchen+bedroom+bathroom,etoile,4,pavage,16,0.00,False,True,4,0.0000,False,35,0.500,0.4824,0.0000,3,9.867,7.615479,0.7718,3.334,ok
hd00_030,living+kitchen+bedroom+bathroom,etoile,4,pavage,16,0.25,False,False,,,,35,0.500,0.4824,0.0000,3,9.867,,,3.511,infaisable
hd00_030,living+kitchen+bedroom+bathroom,etoile,4,pavage,16,1.00,False,False,,,,35,0.500,0.4824,0.0000,3,9.867,,,3.720,infaisable
hd00_030,living+kitchen+bedroom+bathroom,etoile,4,pavage,16,1.80,False,False,,,,35,0.500,0.4824,0.0000,3,9.867,,,3.803,infaisable
hd00_031,living+kitchen+bedroom+bathroom,etoile,4,base,,0.50,False,False,,,,49,0.500,0.5063,0.0000,3,10.204,,,3.504,invariant_viole
hd00_031,living+kitchen+bedroom+bathroom,etoile,4,pavage,0,0.50,False,False,,,,49,0.500,0.5063,0.0000,3,10.204,,,0.817,trame
hd00_031,living+kitchen+bedroom+bathroom,etoile,4,pavage,4,0.50,False,False,,,,49,0.500,0.5063,0.0000,3,10.204,,,0.983,trame
hd00_031,living+kitchen+bedroom+bathroom,etoile,4,pavage,8,0.50,False,False,,,,49,0.500,0.5063,0.0000,3,10.204,,,1.136,trame
hd00_031,living+kitchen+bedroom+bathroom,etoile,4,pavage,16,0.50,False,False,,,,49,0.500,0.5063,0.0000,3,10.204,,,0.900,trame
hd00_031,living+kitchen+bedroom+bathroom,etoile,4,pavage,16,0.00,False,False,,,,49,0.500,0.5063,0.0000,3,10.204,,,0.865,trame
hd00_031,living+kitchen+bedroom+bathroom,etoile,4,pavage,16,0.25,False,False,,,,49,0.500,0.5063,0.0000,3,10.204,,,0.832,trame
hd00_031,living+kitchen+bedroom+bathroom,etoile,4,pavage,16,1.00,False,False,,,,49,0.500,0.5063,0.0000,3,10.204,,,0.998,trame
hd00_031,living+kitchen+bedroom+bathroom,etoile,4,pavage,16,1.80,False,False,,,,49,0.500,0.5063,0.0000,3,10.204,,,1.139,trame
hd00_032,living+kitchen+bedroom+bathroom,etoile,4,base,,0.50,False,False,,,,28,0.000,0.3632,0.0000,4,9.410,,,3.793,invariant_viole
hd00_032,living+kitchen+bedroom+bathroom,etoile,4,pavage,0,0.50,False,False,,,,28,0.000,0.3632,0.0000,4,9.410,,,0.951,trame
hd00_032,living+kitchen+bedroom+bathroom,etoile,4,pavage,4,0.50,False,False,,,,28,0.000,0.3632,0.0000,4,9.410,,,2.878,infaisable
hd00_032,living+kitchen+bedroom+bathroom,etoile,4,pavage,8,0.50,False,False,,,,28,0.000,0.3632,0.0000,4,9.410,,,2.622,infaisable
hd00_032,living+kitchen+bedroom+bathroom,etoile,4,pavage,16,0.50,False,False,,,,28,0.000,0.3632,0.0000,4,9.410,,,2.955,infaisable
hd00_032,living+kitchen+bedroom+bathroom,etoile,4,pavage,16,0.00,False,True,4,0.0000,False,28,0.000,0.3632,0.0000,4,9.410,7.252838,0.7708,3.385,ok
hd00_032,living+kitchen+bedroom+bathroom,etoile,4,pavage,16,0.25,False,False,,,,28,0.000,0.3632,0.0000,4,9.410,,,3.266,infaisable
hd00_032,living+kitchen+bedroom+bathroom,etoile,4,pavage,16,1.00,False,False,,,,28,0.000,0.3632,0.0000,4,9.410,,,2.782,infaisable
hd00_032,living+kitchen+bedroom+bathroom,etoile,4,pavage,16,1.80,False,False,,,,28,0.000,0.3632,0.0000,4,9.410,,,2.755,infaisable
hd00_033,living+kitchen+bedroom+bathroom,etoile,4,base,,0.50,False,False,,,,28,0.500,0.4666,0.0000,3,9.387,,,1.913,invariant_viole
hd00_033,living+kitchen+bedroom+bathroom,etoile,4,pavage,0,0.50,False,False,,,,28,0.500,0.4666,0.0000,3,9.387,,,0.604,trame
hd00_033,living+kitchen+bedroom+bathroom,etoile,4,pavage,4,0.50,False,False,,,,28,0.500,0.4666,0.0000,3,9.387,,,4.003,infaisable
hd00_033,living+kitchen+bedroom+bathroom,etoile,4,pavage,8,0.50,False,False,,,,28,0.500,0.4666,0.0000,3,9.387,,,3.158,infaisable
hd00_033,living+kitchen+bedroom+bathroom,etoile,4,pavage,16,0.50,False,False,,,,28,0.500,0.4666,0.0000,3,9.387,,,3.051,infaisable
hd00_033,living+kitchen+bedroom+bathroom,etoile,4,pavage,16,0.00,False,False,,,,28,0.500,0.4666,0.0000,3,9.387,,,2.969,infaisable
hd00_033,living+kitchen+bedroom+bathroom,etoile,4,pavage,16,0.25,False,False,,,,28,0.500,0.4666,0.0000,3,9.387,,,2.733,infaisable
hd00_033,living+kitchen+bedroom+bathroom,etoile,4,pavage,16,1.00,False,False,,,,28,0.500,0.4666,0.0000,3,9.387,,,4.317,infaisable
hd00_033,living+kitchen+bedroom+bathroom,etoile,4,pavage,16,1.80,False,False,,,,28,0.500,0.4666,0.0000,3,9.387,,,3.703,infaisable
hd00_034,living+kitchen+bedroom+bathroom,etoile,4,base,,0.50,False,False,,,,35,0.500,0.1464,0.0000,3,9.519,,,2.512,invariant_viole
hd00_034,living+kitchen+bedroom+bathroom,etoile,4,pavage,0,0.50,False,False,,,,35,0.500,0.1464,0.0000,3,9.519,,,0.653,trame
hd00_034,living+kitchen+bedroom+bathroom,etoile,4,pavage,4,0.50,False,True,4,1.3599,True,35,0.500,0.1464,0.0000,3,9.519,6.164912,0.6476,3.766,ok
hd00_034,living+kitchen+bedroom+bathroom,etoile,4,pavage,8,0.50,False,True,4,1.3599,True,35,0.500,0.1464,0.0000,3,9.519,6.164912,0.6476,4.515,ok
hd00_034,living+kitchen+bedroom+bathroom,etoile,4,pavage,16,0.50,False,True,4,1.3599,True,35,0.500,0.1464,0.0000,3,9.519,6.164912,0.6476,5.178,ok
hd00_034,living+kitchen+bedroom+bathroom,etoile,4,pavage,16,0.00,False,True,4,1.3599,True,35,0.500,0.1464,0.0000,3,9.519,6.164912,0.6476,7.135,ok
hd00_034,living+kitchen+bedroom+bathroom,etoile,4,pavage,16,0.25,False,True,4,1.3599,True,35,0.500,0.1464,0.0000,3,9.519,6.164912,0.6476,3.966,ok
hd00_034,living+kitchen+bedroom+bathroom,etoile,4,pavage,16,1.00,False,True,4,1.3599,True,35,0.500,0.1464,0.0000,3,9.519,6.164912,0.6476,2.662,ok
hd00_034,living+kitchen+bedroom+bathroom,etoile,4,pavage,16,1.80,False,True,4,1.8000,True,35,0.500,0.1464,0.0000,3,9.519,6.164912,0.6476,2.706,ok
hd00_035,living+kitchen+bedroom+bathroom,etoile,4,base,,0.50,False,False,,,,28,0.000,0.3772,0.0000,4,11.309,,,1.885,invariant_viole
hd00_035,living+kitchen+bedroom+bathroom,etoile,4,pavage,0,0.50,False,False,,,,28,0.000,0.3772,0.0000,4,11.309,,,0.745,trame
hd00_035,living+kitchen+bedroom+bathroom,etoile,4,pavage,4,0.50,False,True,4,3.1731,True,28,0.000,0.3772,0.0000,4,11.309,4.351703,0.3848,5.062,ok
hd00_035,living+kitchen+bedroom+bathroom,etoile,4,pavage,8,0.50,False,True,4,3.1731,True,28,0.000,0.3772,0.0000,4,11.309,4.351703,0.3848,4.188,ok
hd00_035,living+kitchen+bedroom+bathroom,etoile,4,pavage,16,0.50,False,True,4,3.1731,True,28,0.000,0.3772,0.0000,4,11.309,4.351703,0.3848,3.525,ok
hd00_035,living+kitchen+bedroom+bathroom,etoile,4,pavage,16,0.00,False,True,4,3.1731,True,28,0.000,0.3772,0.0000,4,11.309,4.351703,0.3848,4.059,ok
hd00_035,living+kitchen+bedroom+bathroom,etoile,4,pavage,16,0.25,False,True,4,3.1731,True,28,0.000,0.3772,0.0000,4,11.309,4.351703,0.3848,3.372,ok
hd00_035,living+kitchen+bedroom+bathroom,etoile,4,pavage,16,1.00,False,True,4,3.1731,True,28,0.000,0.3772,0.0000,4,11.309,4.351703,0.3848,2.977,ok
hd00_035,living+kitchen+bedroom+bathroom,etoile,4,pavage,16,1.80,False,True,4,3.1731,True,28,0.000,0.3772,0.0000,4,11.309,4.351703,0.3848,3.476,ok
hd00_036,living+kitchen+bedroom+bathroom,etoile,4,base,,0.50,False,False,,,,18,0.000,0.1162,0.0000,4,10.787,,,2.457,invariant_viole
hd00_036,living+kitchen+bedroom+bathroom,etoile,4,pavage,0,0.50,False,False,,,,18,0.000,0.1162,0.0000,4,10.787,,,0.974,trame
hd00_036,living+kitchen+bedroom+bathroom,etoile,4,pavage,4,0.50,False,False,,,,18,0.000,0.1162,0.0000,4,10.787,,,3.075,infaisable
hd00_036,living+kitchen+bedroom+bathroom,etoile,4,pavage,8,0.50,False,False,,,,18,0.000,0.1162,0.0000,4,10.787,,,2.918,infaisable
hd00_036,living+kitchen+bedroom+bathroom,etoile,4,pavage,16,0.50,False,False,,,,18,0.000,0.1162,0.0000,4,10.787,,,2.961,infaisable
hd00_036,living+kitchen+bedroom+bathroom,etoile,4,pavage,16,0.00,False,True,4,0.0000,False,18,0.000,0.1162,0.0000,4,10.787,2.538493,0.2353,2.805,ok
hd00_036,living+kitchen+bedroom+bathroom,etoile,4,pavage,16,0.25,False,False,,,,18,0.000,0.1162,0.0000,4,10.787,,,3.393,infaisable
hd00_036,living+kitchen+bedroom+bathroom,etoile,4,pavage,16,1.00,False,False,,,,18,0.000,0.1162,0.0000,4,10.787,,,3.801,infaisable
hd00_036,living+kitchen+bedroom+bathroom,etoile,4,pavage,16,1.80,False,False,,,,18,0.000,0.1162,0.0000,4,10.787,,,3.629,infaisable
hd00_037,living+kitchen+bedroom+bathroom,etoile,4,base,,0.50,False,False,,,,24,0.000,0.2344,0.0000,4,10.568,,,2.443,invariant_viole
hd00_037,living+kitchen+bedroom+bathroom,etoile,4,pavage,0,0.50,False,False,,,,24,0.000,0.2344,0.0000,4,10.568,,,0.774,trame
hd00_037,living+kitchen+bedroom+bathroom,etoile,4,pavage,4,0.50,False,False,,,,24,0.000,0.2344,0.0000,4,10.568,,,3.726,infaisable
hd00_037,living+kitchen+bedroom+bathroom,etoile,4,pavage,8,0.50,False,False,,,,24,0.000,0.2344,0.0000,4,10.568,,,4.836,infaisable
hd00_037,living+kitchen+bedroom+bathroom,etoile,4,pavage,16,0.50,False,False,,,,24,0.000,0.2344,0.0000,4,10.568,,,4.332,infaisable
hd00_037,living+kitchen+bedroom+bathroom,etoile,4,pavage,16,0.00,False,True,4,0.0000,False,24,0.000,0.2344,0.0000,4,10.568,3.989061,0.3774,3.327,ok
hd00_037,living+kitchen+bedroom+bathroom,etoile,4,pavage,16,0.25,False,False,,,,24,0.000,0.2344,0.0000,4,10.568,,,3.736,infaisable
hd00_037,living+kitchen+bedroom+bathroom,etoile,4,pavage,16,1.00,False,False,,,,24,0.000,0.2344,0.0000,4,10.568,,,3.304,infaisable
hd00_037,living+kitchen+bedroom+bathroom,etoile,4,pavage,16,1.80,False,False,,,,24,0.000,0.2344,0.0000,4,10.568,,,2.793,infaisable
hd00_038,living+kitchen+bedroom+bathroom,etoile,4,base,,0.50,False,False,,,,42,1.000,0.4872,0.0000,2,9.530,,,2.006,invariant_viole
hd00_038,living+kitchen+bedroom+bathroom,etoile,4,pavage,0,0.50,False,False,,,,42,1.000,0.4872,0.0000,2,9.530,,,0.651,trame
hd00_038,living+kitchen+bedroom+bathroom,etoile,4,pavage,4,0.50,False,False,,,,42,1.000,0.4872,0.0000,2,9.530,,,0.756,trame
hd00_038,living+kitchen+bedroom+bathroom,etoile,4,pavage,8,0.50,False,False,,,,42,1.000,0.4872,0.0000,2,9.530,,,5.416,infaisable
hd00_038,living+kitchen+bedroom+bathroom,etoile,4,pavage,16,0.50,False,False,,,,42,1.000,0.4872,0.0000,2,9.530,,,5.575,infaisable
hd00_038,living+kitchen+bedroom+bathroom,etoile,4,pavage,16,0.00,False,False,,,,42,1.000,0.4872,0.0000,2,9.530,,,4.169,infaisable
hd00_038,living+kitchen+bedroom+bathroom,etoile,4,pavage,16,0.25,False,False,,,,42,1.000,0.4872,0.0000,2,9.530,,,5.696,infaisable
hd00_038,living+kitchen+bedroom+bathroom,etoile,4,pavage,16,1.00,False,False,,,,42,1.000,0.4872,0.0000,2,9.530,,,3.396,infaisable
hd00_038,living+kitchen+bedroom+bathroom,etoile,4,pavage,16,1.80,False,False,,,,42,1.000,0.4872,0.0000,2,9.530,,,3.326,infaisable
hd00_039,living+kitchen+bedroom+bathroom,etoile,4,base,,0.50,False,False,,,,42,0.500,0.4233,0.0000,3,10.283,,,2.076,invariant_viole
hd00_039,living+kitchen+bedroom+bathroom,etoile,4,pavage,0,0.50,False,False,,,,42,0.500,0.4233,0.0000,3,10.283,,,0.713,trame
hd00_039,living+kitchen+bedroom+bathroom,etoile,4,pavage,4,0.50,False,False,,,,42,0.500,0.4233,0.0000,3,10.283,,,4.064,infaisable
hd00_039,living+kitchen+bedroom+bathroom,etoile,4,pavage,8,0.50,False,False,,,,42,0.500,0.4233,0.0000,3,10.283,,,3.759,infaisable
hd00_039,living+kitchen+bedroom+bathroom,etoile,4,pavage,16,0.50,False,False,,,,42,0.500,0.4233,0.0000,3,10.283,,,3.017,infaisable
hd00_039,living+kitchen+bedroom+bathroom,etoile,4,pavage,16,0.00,False,False,,,,42,0.500,0.4233,0.0000,3,10.283,,,3.246,infaisable
hd00_039,living+kitchen+bedroom+bathroom,etoile,4,pavage,16,0.25,False,False,,,,42,0.500,0.4233,0.0000,3,10.283,,,3.251,infaisable
hd00_039,living+kitchen+bedroom+bathroom,etoile,4,pavage,16,1.00,False,False,,,,42,0.500,0.4233,0.0000,3,10.283,,,3.453,infaisable
hd00_039,living+kitchen+bedroom+bathroom,etoile,4,pavage,16,1.80,False,False,,,,42,0.500,0.4233,0.0000,3,10.283,,,3.430,infaisable
hd01_000,living+kitchen+bedroom+bedroom+bathroom,etoile,5,base,,0.50,False,False,,,,56,0.800,0.3884,0.0000,3,11.737,,,3.218,invariant_viole
hd01_000,living+kitchen+bedroom+bedroom+bathroom,etoile,5,pavage,0,0.50,False,False,,,,56,0.800,0.3884,0.0000,3,11.737,,,0.806,trame
hd01_000,living+kitchen+bedroom+bedroom+bathroom,etoile,5,pavage,4,0.50,False,False,,,,56,0.800,0.3884,0.0000,3,11.737,,,0.989,trame
hd01_000,living+kitchen+bedroom+bedroom+bathroom,etoile,5,pavage,8,0.50,False,False,,,,56,0.800,0.3884,0.0000,3,11.737,,,1.006,trame
hd01_000,living+kitchen+bedroom+bedroom+bathroom,etoile,5,pavage,16,0.50,False,False,,,,56,0.800,0.3884,0.0000,3,11.737,,,0.926,trame
hd01_000,living+kitchen+bedroom+bedroom+bathroom,etoile,5,pavage,16,0.00,False,False,,,,56,0.800,0.3884,0.0000,3,11.737,,,1.639,trame
hd01_000,living+kitchen+bedroom+bedroom+bathroom,etoile,5,pavage,16,0.25,False,False,,,,56,0.800,0.3884,0.0000,3,11.737,,,1.139,trame
hd01_000,living+kitchen+bedroom+bedroom+bathroom,etoile,5,pavage,16,1.00,False,False,,,,56,0.800,0.3884,0.0000,3,11.737,,,1.021,trame
hd01_000,living+kitchen+bedroom+bedroom+bathroom,etoile,5,pavage,16,1.80,False,False,,,,56,0.800,0.3884,0.0000,3,11.737,,,1.040,trame
hd01_001,living+kitchen+bedroom+bedroom+bathroom,etoile,5,base,,0.50,False,False,,,,56,0.800,0.2479,0.0000,3,11.827,,,2.540,invariant_viole
hd01_001,living+kitchen+bedroom+bedroom+bathroom,etoile,5,pavage,0,0.50,False,False,,,,56,0.800,0.2479,0.0000,3,11.827,,,0.704,trame
hd01_001,living+kitchen+bedroom+bedroom+bathroom,etoile,5,pavage,4,0.50,False,False,,,,56,0.800,0.2479,0.0000,3,11.827,,,3.681,infaisable
hd01_001,living+kitchen+bedroom+bedroom+bathroom,etoile,5,pavage,8,0.50,False,False,,,,56,0.800,0.2479,0.0000,3,11.827,,,3.492,infaisable
hd01_001,living+kitchen+bedroom+bedroom+bathroom,etoile,5,pavage,16,0.50,False,False,,,,56,0.800,0.2479,0.0000,3,11.827,,,3.165,infaisable
hd01_001,living+kitchen+bedroom+bedroom+bathroom,etoile,5,pavage,16,0.00,False,True,5,0.0000,False,56,0.800,0.2479,0.0000,3,11.827,6.890196,0.5826,3.063,ok
hd01_001,living+kitchen+bedroom+bedroom+bathroom,etoile,5,pavage,16,0.25,False,False,,,,56,0.800,0.2479,0.0000,3,11.827,,,3.198,infaisable
hd01_001,living+kitchen+bedroom+bedroom+bathroom,etoile,5,pavage,16,1.00,False,False,,,,56,0.800,0.2479,0.0000,3,11.827,,,4.773,infaisable
hd01_001,living+kitchen+bedroom+bedroom+bathroom,etoile,5,pavage,16,1.80,False,False,,,,56,0.800,0.2479,0.0000,3,11.827,,,4.008,infaisable
hd01_002,living+kitchen+bedroom+bedroom+bathroom,etoile,5,base,,0.50,False,False,,,,56,0.400,0.2785,0.0000,4,8.544,,,2.612,invariant_viole
hd01_002,living+kitchen+bedroom+bedroom+bathroom,etoile,5,pavage,0,0.50,False,False,,,,56,0.400,0.2785,0.0000,4,8.544,,,0.805,trame
hd01_002,living+kitchen+bedroom+bedroom+bathroom,etoile,5,pavage,4,0.50,False,False,,,,56,0.400,0.2785,0.0000,4,8.544,,,4.002,infaisable
hd01_002,living+kitchen+bedroom+bedroom+bathroom,etoile,5,pavage,8,0.50,False,False,,,,56,0.400,0.2785,0.0000,4,8.544,,,3.459,infaisable
hd01_002,living+kitchen+bedroom+bedroom+bathroom,etoile,5,pavage,16,0.50,False,False,,,,56,0.400,0.2785,0.0000,4,8.544,,,3.356,infaisable
hd01_002,living+kitchen+bedroom+bedroom+bathroom,etoile,5,pavage,16,0.00,False,True,5,0.0000,False,56,0.400,0.2785,0.0000,4,8.544,5.802270,0.6791,4.013,ok
hd01_002,living+kitchen+bedroom+bedroom+bathroom,etoile,5,pavage,16,0.25,False,False,,,,56,0.400,0.2785,0.0000,4,8.544,,,3.406,infaisable
hd01_002,living+kitchen+bedroom+bedroom+bathroom,etoile,5,pavage,16,1.00,False,False,,,,56,0.400,0.2785,0.0000,4,8.544,,,4.237,infaisable
hd01_002,living+kitchen+bedroom+bedroom+bathroom,etoile,5,pavage,16,1.80,False,False,,,,56,0.400,0.2785,0.0000,4,8.544,,,3.937,infaisable
hd01_003,living+kitchen+bedroom+bedroom+bathroom,etoile,5,base,,0.50,False,False,,,,64,0.400,0.2994,0.0000,4,11.145,,,2.825,invariant_viole
hd01_003,living+kitchen+bedroom+bedroom+bathroom,etoile,5,pavage,0,0.50,False,False,,,,64,0.400,0.2994,0.0000,4,11.145,,,0.962,trame
hd01_003,living+kitchen+bedroom+bedroom+bathroom,etoile,5,pavage,4,0.50,False,False,,,,64,0.400,0.2994,0.0000,4,11.145,,,1.030,trame
hd01_003,living+kitchen+bedroom+bedroom+bathroom,etoile,5,pavage,8,0.50,False,False,,,,64,0.400,0.2994,0.0000,4,11.145,,,0.913,trame
hd01_003,living+kitchen+bedroom+bedroom+bathroom,etoile,5,pavage,16,0.50,False,False,,,,64,0.400,0.2994,0.0000,4,11.145,,,1.314,trame
hd01_003,living+kitchen+bedroom+bedroom+bathroom,etoile,5,pavage,16,0.00,False,False,,,,64,0.400,0.2994,0.0000,4,11.145,,,1.235,trame
hd01_003,living+kitchen+bedroom+bedroom+bathroom,etoile,5,pavage,16,0.25,False,False,,,,64,0.400,0.2994,0.0000,4,11.145,,,1.218,trame
hd01_003,living+kitchen+bedroom+bedroom+bathroom,etoile,5,pavage,16,1.00,False,False,,,,64,0.400,0.2994,0.0000,4,11.145,,,1.191,trame
hd01_003,living+kitchen+bedroom+bedroom+bathroom,etoile,5,pavage,16,1.80,False,False,,,,64,0.400,0.2994,0.0000,4,11.145,,,1.031,trame
hd01_004,living+kitchen+bedroom+bedroom+bathroom,etoile,5,base,,0.50,False,False,,,,54,0.000,0.3920,0.0000,5,9.308,,,2.676,invariant_viole
hd01_004,living+kitchen+bedroom+bedroom+bathroom,etoile,5,pavage,0,0.50,False,False,,,,54,0.000,0.3920,0.0000,5,9.308,,,0.705,trame
hd01_004,living+kitchen+bedroom+bedroom+bathroom,etoile,5,pavage,4,0.50,False,False,,,,54,0.000,0.3920,0.0000,5,9.308,,,0.886,trame
hd01_004,living+kitchen+bedroom+bedroom+bathroom,etoile,5,pavage,8,0.50,False,True,5,1.0879,True,54,0.000,0.3920,0.0000,5,9.308,6.164912,0.6623,4.076,ok
hd01_004,living+kitchen+bedroom+bedroom+bathroom,etoile,5,pavage,16,0.50,False,True,5,1.0879,True,54,0.000,0.3920,0.0000,5,9.308,6.164912,0.6623,4.276,ok
hd01_004,living+kitchen+bedroom+bedroom+bathroom,etoile,5,pavage,16,0.00,False,True,5,1.0879,True,54,0.000,0.3920,0.0000,5,9.308,6.164912,0.6623,4.872,ok
hd01_004,living+kitchen+bedroom+bedroom+bathroom,etoile,5,pavage,16,0.25,False,True,5,1.0879,True,54,0.000,0.3920,0.0000,5,9.308,6.164912,0.6623,5.077,ok
hd01_004,living+kitchen+bedroom+bedroom+bathroom,etoile,5,pavage,16,1.00,False,True,5,1.0000,True,54,0.000,0.3920,0.0000,5,9.308,6.164912,0.6623,3.801,ok
hd01_004,living+kitchen+bedroom+bedroom+bathroom,etoile,5,pavage,16,1.80,False,True,5,1.8000,True,54,0.000,0.3920,0.0000,5,9.308,6.164912,0.6623,3.227,ok
hd01_005,living+kitchen+bedroom+bedroom+bathroom,etoile,5,base,,0.50,False,False,,,,72,0.400,0.2811,0.0000,4,9.504,,,2.258,invariant_viole
hd01_005,living+kitchen+bedroom+bedroom+bathroom,etoile,5,pavage,0,0.50,False,False,,,,72,0.400,0.2811,0.0000,4,9.504,,,0.733,trame
hd01_005,living+kitchen+bedroom+bedroom+bathroom,etoile,5,pavage,4,0.50,False,False,,,,72,0.400,0.2811,0.0000,4,9.504,,,0.961,trame
hd01_005,living+kitchen+bedroom+bedroom+bathroom,etoile,5,pavage,8,0.50,False,False,,,,72,0.400,0.2811,0.0000,4,9.504,,,4.703,infaisable
hd01_005,living+kitchen+bedroom+bedroom+bathroom,etoile,5,pavage,16,0.50,False,False,,,,72,0.400,0.2811,0.0000,4,9.504,,,4.024,infaisable
hd01_005,living+kitchen+bedroom+bedroom+bathroom,etoile,5,pavage,16,0.00,False,True,5,0.0000,False,72,0.400,0.2811,0.0000,4,9.504,7.978121,0.8395,4.112,ok
hd01_005,living+kitchen+bedroom+bedroom+bathroom,etoile,5,pavage,16,0.25,False,False,,,,72,0.400,0.2811,0.0000,4,9.504,,,3.632,infaisable
hd01_005,living+kitchen+bedroom+bedroom+bathroom,etoile,5,pavage,16,1.00,False,False,,,,72,0.400,0.2811,0.0000,4,9.504,,,5.382,infaisable
hd01_005,living+kitchen+bedroom+bedroom+bathroom,etoile,5,pavage,16,1.80,False,False,,,,72,0.400,0.2811,0.0000,4,9.504,,,4.427,infaisable
hd01_006,living+kitchen+bedroom+bedroom+bathroom,etoile,5,base,,0.50,False,False,,,,56,0.400,0.1724,0.0000,4,10.253,,,3.170,invariant_viole
hd01_006,living+kitchen+bedroom+bedroom+bathroom,etoile,5,pavage,0,0.50,False,False,,,,56,0.400,0.1724,0.0000,4,10.253,,,0.796,trame
hd01_006,living+kitchen+bedroom+bedroom+bathroom,etoile,5,pavage,4,0.50,False,False,,,,56,0.400,0.1724,0.0000,4,10.253,,,4.401,infaisable
hd01_006,living+kitchen+bedroom+bedroom+bathroom,etoile,5,pavage,8,0.50,False,False,,,,56,0.400,0.1724,0.0000,4,10.253,,,5.281,infaisable
hd01_006,living+kitchen+bedroom+bedroom+bathroom,etoile,5,pavage,16,0.50,False,False,,,,56,0.400,0.1724,0.0000,4,10.253,,,5.338,infaisable
hd01_006,living+kitchen+bedroom+bedroom+bathroom,etoile,5,pavage,16,0.00,False,True,5,0.0000,False,56,0.400,0.1724,0.0000,4,10.253,4.351703,0.4244,5.279,ok
hd01_006,living+kitchen+bedroom+bedroom+bathroom,etoile,5,pavage,16,0.25,False,False,,,,56,0.400,0.1724,0.0000,4,10.253,,,4.519,infaisable
hd01_006,living+kitchen+bedroom+bedroom+bathroom,etoile,5,pavage,16,1.00,False,False,,,,56,0.400,0.1724,0.0000,4,10.253,,,3.525,infaisable
hd01_006,living+kitchen+bedroom+bedroom+bathroom,etoile,5,pavage,16,1.80,False,False,,,,56,0.400,0.1724,0.0000,4,10.253,,,4.209,infaisable
hd01_007,living+kitchen+bedroom+bedroom+bathroom,etoile,5,base,,0.50,False,False,,,,32,0.800,0.2281,0.0000,3,9.970,,,2.892,invariant_viole
hd01_007,living+kitchen+bedroom+bedroom+bathroom,etoile,5,pavage,0,0.50,False,False,,,,32,0.800,0.2281,0.0000,3,9.970,,,0.949,trame
hd01_007,living+kitchen+bedroom+bedroom+bathroom,etoile,5,pavage,4,0.50,False,False,,,,32,0.800,0.2281,0.0000,3,9.970,,,4.981,infaisable
hd01_007,living+kitchen+bedroom+bedroom+bathroom,etoile,5,pavage,8,0.50,False,False,,,,32,0.800,0.2281,0.0000,3,9.970,,,4.037,infaisable
hd01_007,living+kitchen+bedroom+bedroom+bathroom,etoile,5,pavage,16,0.50,False,False,,,,32,0.800,0.2281,0.0000,3,9.970,,,5.039,infaisable
hd01_007,living+kitchen+bedroom+bedroom+bathroom,etoile,5,pavage,16,0.00,False,True,5,0.0000,False,32,0.800,0.2281,0.0000,3,9.970,3.535758,0.3546,4.210,ok
hd01_007,living+kitchen+bedroom+bedroom+bathroom,etoile,5,pavage,16,0.25,False,False,,,,32,0.800,0.2281,0.0000,3,9.970,,,4.142,infaisable
hd01_007,living+kitchen+bedroom+bedroom+bathroom,etoile,5,pavage,16,1.00,False,False,,,,32,0.800,0.2281,0.0000,3,9.970,,,3.555,infaisable
hd01_007,living+kitchen+bedroom+bedroom+bathroom,etoile,5,pavage,16,1.80,False,False,,,,32,0.800,0.2281,0.0000,3,9.970,,,3.419,infaisable
hd01_008,living+kitchen+bedroom+bedroom+bathroom,etoile,5,base,,0.50,False,False,,,,56,0.800,0.1997,0.0000,3,9.530,,,2.262,invariant_viole
hd01_008,living+kitchen+bedroom+bedroom+bathroom,etoile,5,pavage,0,0.50,False,False,,,,56,0.800,0.1997,0.0000,3,9.530,,,0.690,trame
hd01_008,living+kitchen+bedroom+bedroom+bathroom,etoile,5,pavage,4,0.50,False,True,5,0.8159,True,56,0.800,0.1997,0.0000,3,9.530,3.263777,0.3425,3.419,ok
hd01_008,living+kitchen+bedroom+bedroom+bathroom,etoile,5,pavage,8,0.50,False,True,5,0.8159,True,56,0.800,0.1997,0.0000,3,9.530,3.263777,0.3425,2.907,ok
hd01_008,living+kitchen+bedroom+bedroom+bathroom,etoile,5,pavage,16,0.50,False,True,5,0.8159,True,56,0.800,0.1997,0.0000,3,9.530,3.263777,0.3425,4.511,ok
hd01_008,living+kitchen+bedroom+bedroom+bathroom,etoile,5,pavage,16,0.00,False,True,5,0.8159,True,56,0.800,0.1997,0.0000,3,9.530,3.263777,0.3425,3.239,ok
hd01_008,living+kitchen+bedroom+bedroom+bathroom,etoile,5,pavage,16,0.25,False,True,5,0.8159,True,56,0.800,0.1997,0.0000,3,9.530,3.263777,0.3425,3.067,ok
hd01_008,living+kitchen+bedroom+bedroom+bathroom,etoile,5,pavage,16,1.00,False,True,5,1.0000,True,56,0.800,0.1997,0.0000,3,9.530,3.263777,0.3425,3.766,ok
hd01_008,living+kitchen+bedroom+bedroom+bathroom,etoile,5,pavage,16,1.80,False,True,5,1.8000,True,56,0.800,0.1997,0.0000,3,9.530,3.263777,0.3425,4.427,ok
hd01_009,living+kitchen+bedroom+bedroom+bathroom,etoile,5,base,,0.50,False,False,,,,48,0.000,0.1831,0.0000,5,10.230,,,2.806,invariant_viole
hd01_009,living+kitchen+bedroom+bedroom+bathroom,etoile,5,pavage,0,0.50,False,False,,,,48,0.000,0.1831,0.0000,5,10.230,,,0.747,trame
hd01_009,living+kitchen+bedroom+bedroom+bathroom,etoile,5,pavage,4,0.50,False,True,5,0.9973,True,48,0.000,0.1831,0.0000,5,10.230,7.252838,0.7090,3.931,ok
hd01_009,living+kitchen+bedroom+bedroom+bathroom,etoile,5,pavage,8,0.50,False,True,5,0.9973,True,48,0.000,0.1831,0.0000,5,10.230,7.252838,0.7090,4.400,ok
hd01_009,living+kitchen+bedroom+bedroom+bathroom,etoile,5,pavage,16,0.50,False,True,5,0.9973,True,48,0.000,0.1831,0.0000,5,10.230,7.252838,0.7090,3.982,ok
hd01_009,living+kitchen+bedroom+bedroom+bathroom,etoile,5,pavage,16,0.00,False,True,5,0.9973,True,48,0.000,0.1831,0.0000,5,10.230,7.252838,0.7090,3.769,ok
hd01_009,living+kitchen+bedroom+bedroom+bathroom,etoile,5,pavage,16,0.25,False,True,5,0.9973,True,48,0.000,0.1831,0.0000,5,10.230,7.252838,0.7090,3.775,ok
hd01_009,living+kitchen+bedroom+bedroom+bathroom,etoile,5,pavage,16,1.00,False,True,5,1.0000,True,48,0.000,0.1831,0.0000,5,10.230,7.252838,0.7090,4.169,ok
hd01_009,living+kitchen+bedroom+bedroom+bathroom,etoile,5,pavage,16,1.80,False,True,5,1.8000,True,48,0.000,0.1831,0.0000,5,10.230,7.252838,0.7090,4.523,ok
hd01_010,living+kitchen+bedroom+bedroom+bathroom,etoile,5,base,,0.50,False,False,,,,63,0.400,0.4611,0.0000,4,12.964,,,3.704,invariant_viole
hd01_010,living+kitchen+bedroom+bedroom+bathroom,etoile,5,pavage,0,0.50,False,False,,,,63,0.400,0.4611,0.0000,4,12.964,,,1.051,trame
hd01_010,living+kitchen+bedroom+bedroom+bathroom,etoile,5,pavage,4,0.50,False,False,,,,63,0.400,0.4611,0.0000,4,12.964,,,1.726,trame
hd01_010,living+kitchen+bedroom+bedroom+bathroom,etoile,5,pavage,8,0.50,False,False,,,,63,0.400,0.4611,0.0000,4,12.964,,,2.805,trame
hd01_010,living+kitchen+bedroom+bedroom+bathroom,etoile,5,pavage,16,0.50,False,False,,,,63,0.400,0.4611,0.0000,4,12.964,,,1.290,trame
hd01_010,living+kitchen+bedroom+bedroom+bathroom,etoile,5,pavage,16,0.00,False,False,,,,63,0.400,0.4611,0.0000,4,12.964,,,1.465,trame
hd01_010,living+kitchen+bedroom+bedroom+bathroom,etoile,5,pavage,16,0.25,False,False,,,,63,0.400,0.4611,0.0000,4,12.964,,,1.569,trame
hd01_010,living+kitchen+bedroom+bedroom+bathroom,etoile,5,pavage,16,1.00,False,False,,,,63,0.400,0.4611,0.0000,4,12.964,,,1.075,trame
hd01_010,living+kitchen+bedroom+bedroom+bathroom,etoile,5,pavage,16,1.80,False,False,,,,63,0.400,0.4611,0.0000,4,12.964,,,1.393,trame
hd01_011,living+kitchen+bedroom+bedroom+bathroom,etoile,5,base,,0.50,False,False,,,,56,0.400,0.1879,0.0000,4,9.081,,,2.405,invariant_viole
hd01_011,living+kitchen+bedroom+bedroom+bathroom,etoile,5,pavage,0,0.50,False,False,,,,56,0.400,0.1879,0.0000,4,9.081,,,0.715,trame
hd01_011,living+kitchen+bedroom+bedroom+bathroom,etoile,5,pavage,4,0.50,False,False,,,,56,0.400,0.1879,0.0000,4,9.081,,,4.244,infaisable
hd01_011,living+kitchen+bedroom+bedroom+bathroom,etoile,5,pavage,8,0.50,False,False,,,,56,0.400,0.1879,0.0000,4,9.081,,,5.900,infaisable
hd01_011,living+kitchen+bedroom+bedroom+bathroom,etoile,5,pavage,16,0.50,False,False,,,,56,0.400,0.1879,0.0000,4,9.081,,,4.082,infaisable
hd01_011,living+kitchen+bedroom+bedroom+bathroom,etoile,5,pavage,16,0.00,False,True,5,0.0000,False,56,0.400,0.1879,0.0000,4,9.081,3.626419,0.3993,5.318,ok
hd01_011,living+kitchen+bedroom+bedroom+bathroom,etoile,5,pavage,16,0.25,False,False,,,,56,0.400,0.1879,0.0000,4,9.081,,,5.010,infaisable
hd01_011,living+kitchen+bedroom+bedroom+bathroom,etoile,5,pavage,16,1.00,False,False,,,,56,0.400,0.1879,0.0000,4,9.081,,,3.933,infaisable
hd01_011,living+kitchen+bedroom+bedroom+bathroom,etoile,5,pavage,16,1.80,False,False,,,,56,0.400,0.1879,0.0000,4,9.081,,,4.282,infaisable
hd01_012,living+kitchen+bedroom+bedroom+bathroom,etoile,5,base,,0.50,False,False,,,,64,0.000,0.3595,0.0000,5,9.738,,,2.603,invariant_viole
hd01_012,living+kitchen+bedroom+bedroom+bathroom,etoile,5,pavage,0,0.50,False,False,,,,64,0.000,0.3595,0.0000,5,9.738,,,0.782,trame
hd01_012,living+kitchen+bedroom+bedroom+bathroom,etoile,5,pavage,4,0.50,False,False,,,,64,0.000,0.3595,0.0000,5,9.738,,,0.951,trame
hd01_012,living+kitchen+bedroom+bedroom+bathroom,etoile,5,pavage,8,0.50,False,False,,,,64,0.000,0.3595,0.0000,5,9.738,,,3.442,infaisable
hd01_012,living+kitchen+bedroom+bedroom+bathroom,etoile,5,pavage,16,0.50,False,False,,,,64,0.000,0.3595,0.0000,5,9.738,,,3.796,infaisable
hd01_012,living+kitchen+bedroom+bedroom+bathroom,etoile,5,pavage,16,0.00,False,True,5,0.0000,False,64,0.000,0.3595,0.0000,5,9.738,5.439628,0.5586,6.395,ok
hd01_012,living+kitchen+bedroom+bedroom+bathroom,etoile,5,pavage,16,0.25,False,False,,,,64,0.000,0.3595,0.0000,5,9.738,,,3.461,infaisable
hd01_012,living+kitchen+bedroom+bedroom+bathroom,etoile,5,pavage,16,1.00,False,False,,,,64,0.000,0.3595,0.0000,5,9.738,,,3.612,infaisable
hd01_012,living+kitchen+bedroom+bedroom+bathroom,etoile,5,pavage,16,1.80,False,False,,,,64,0.000,0.3595,0.0000,5,9.738,,,3.986,infaisable
hd01_013,living+kitchen+bedroom+bedroom+bathroom,etoile,5,base,,0.50,False,False,,,,35,0.400,0.0791,0.0000,4,9.257,,,2.071,invariant_viole
hd01_013,living+kitchen+bedroom+bedroom+bathroom,etoile,5,pavage,0,0.50,False,True,5,2.4478,True,35,0.400,0.0791,0.0000,4,9.257,1.178586,0.1273,3.310,ok
hd01_013,living+kitchen+bedroom+bedroom+bathroom,etoile,5,pavage,4,0.50,False,True,5,2.4478,True,35,0.400,0.0791,0.0000,4,9.257,1.178586,0.1273,3.382,ok
hd01_013,living+kitchen+bedroom+bedroom+bathroom,etoile,5,pavage,8,0.50,False,True,5,2.4478,True,35,0.400,0.0791,0.0000,4,9.257,1.178586,0.1273,4.009,ok
hd01_013,living+kitchen+bedroom+bedroom+bathroom,etoile,5,pavage,16,0.50,False,True,5,2.4478,True,35,0.400,0.0791,0.0000,4,9.257,1.178586,0.1273,4.531,ok
hd01_013,living+kitchen+bedroom+bedroom+bathroom,etoile,5,pavage,16,0.00,False,True,5,2.4478,True,35,0.400,0.0791,0.0000,4,9.257,1.178586,0.1273,3.180,ok
hd01_013,living+kitchen+bedroom+bedroom+bathroom,etoile,5,pavage,16,0.25,False,True,5,2.4478,True,35,0.400,0.0791,0.0000,4,9.257,1.178586,0.1273,3.377,ok
hd01_013,living+kitchen+bedroom+bedroom+bathroom,etoile,5,pavage,16,1.00,False,True,5,2.4478,True,35,0.400,0.0791,0.0000,4,9.257,1.178586,0.1273,3.673,ok
hd01_013,living+kitchen+bedroom+bedroom+bathroom,etoile,5,pavage,16,1.80,False,True,5,2.4478,True,35,0.400,0.0791,0.0000,4,9.257,1.178586,0.1273,3.396,ok
hd01_014,living+kitchen+bedroom+bedroom+bathroom,etoile,5,base,,0.50,False,False,,,,48,1.200,0.2274,0.0000,2,10.714,,,2.326,invariant_viole
hd01_014,living+kitchen+bedroom+bedroom+bathroom,etoile,5,pavage,0,0.50,False,False,,,,48,1.200,0.2274,0.0000,2,10.714,,,0.697,trame
hd01_014,living+kitchen+bedroom+bedroom+bathroom,etoile,5,pavage,4,0.50,False,False,,,,48,1.200,0.2274,0.0000,2,10.714,,,3.412,infaisable
hd01_014,living+kitchen+bedroom+bedroom+bathroom,etoile,5,pavage,8,0.50,False,False,,,,48,1.200,0.2274,0.0000,2,10.714,,,3.723,infaisable
hd01_014,living+kitchen+bedroom+bedroom+bathroom,etoile,5,pavage,16,0.50,False,False,,,,48,1.200,0.2274,0.0000,2,10.714,,,4.064,infaisable
hd01_014,living+kitchen+bedroom+bedroom+bathroom,etoile,5,pavage,16,0.00,False,True,5,0.0000,False,48,1.200,0.2274,0.0000,2,10.714,5.348968,0.4993,3.481,ok
hd01_014,living+kitchen+bedroom+bedroom+bathroom,etoile,5,pavage,16,0.25,False,False,,,,48,1.200,0.2274,0.0000,2,10.714,,,3.268,infaisable
hd01_014,living+kitchen+bedroom+bedroom+bathroom,etoile,5,pavage,16,1.00,False,False,,,,48,1.200,0.2274,0.0000,2,10.714,,,3.626,infaisable
hd01_014,living+kitchen+bedroom+bedroom+bathroom,etoile,5,pavage,16,1.80,False,False,,,,48,1.200,0.2274,0.0000,2,10.714,,,3.372,infaisable
hd01_015,living+kitchen+bedroom+bedroom+bathroom,etoile,5,base,,0.50,False,False,,,,64,0.400,0.3277,0.0000,4,14.541,,,2.112,invariant_viole
hd01_015,living+kitchen+bedroom+bedroom+bathroom,etoile,5,pavage,0,0.50,False,False,,,,64,0.400,0.3277,0.0000,4,14.541,,,0.690,trame
hd01_015,living+kitchen+bedroom+bedroom+bathroom,etoile,5,pavage,4,0.50,False,False,,,,64,0.400,0.3277,0.0000,4,14.541,,,3.101,infaisable
hd01_015,living+kitchen+bedroom+bedroom+bathroom,etoile,5,pavage,8,0.50,False,False,,,,64,0.400,0.3277,0.0000,4,14.541,,,3.543,infaisable
hd01_015,living+kitchen+bedroom+bedroom+bathroom,etoile,5,pavage,16,0.50,False,False,,,,64,0.400,0.3277,0.0000,4,14.541,,,3.927,infaisable
hd01_015,living+kitchen+bedroom+bedroom+bathroom,etoile,5,pavage,16,0.00,False,True,5,0.0000,False,64,0.400,0.3277,0.0000,4,14.541,10.879256,0.7482,3.603,ok
hd01_015,living+kitchen+bedroom+bedroom+bathroom,etoile,5,pavage,16,0.25,False,False,,,,64,0.400,0.3277,0.0000,4,14.541,,,3.238,infaisable
hd01_015,living+kitchen+bedroom+bedroom+bathroom,etoile,5,pavage,16,1.00,False,False,,,,64,0.400,0.3277,0.0000,4,14.541,,,3.135,infaisable
hd01_015,living+kitchen+bedroom+bedroom+bathroom,etoile,5,pavage,16,1.80,False,False,,,,64,0.400,0.3277,0.0000,4,14.541,,,4.197,infaisable
hd01_016,living+kitchen+bedroom+bedroom+bathroom,etoile,5,base,,0.50,False,False,,,,54,0.800,0.4405,0.0000,3,9.299,,,2.077,invariant_viole
hd01_016,living+kitchen+bedroom+bedroom+bathroom,etoile,5,pavage,0,0.50,False,False,,,,54,0.800,0.4405,0.0000,3,9.299,,,0.667,trame
hd01_016,living+kitchen+bedroom+bedroom+bathroom,etoile,5,pavage,4,0.50,False,False,,,,54,0.800,0.4405,0.0000,3,9.299,,,0.921,trame
hd01_016,living+kitchen+bedroom+bedroom+bathroom,etoile,5,pavage,8,0.50,False,False,,,,54,0.800,0.4405,0.0000,3,9.299,,,3.625,infaisable
hd01_016,living+kitchen+bedroom+bedroom+bathroom,etoile,5,pavage,16,0.50,False,False,,,,54,0.800,0.4405,0.0000,3,9.299,,,3.582,infaisable
hd01_016,living+kitchen+bedroom+bedroom+bathroom,etoile,5,pavage,16,0.00,False,True,5,0.0000,False,54,0.800,0.4405,0.0000,3,9.299,10.516614,1.1309,5.652,ok
hd01_016,living+kitchen+bedroom+bedroom+bathroom,etoile,5,pavage,16,0.25,False,False,,,,54,0.800,0.4405,0.0000,3,9.299,,,4.236,infaisable
hd01_016,living+kitchen+bedroom+bedroom+bathroom,etoile,5,pavage,16,1.00,False,False,,,,54,0.800,0.4405,0.0000,3,9.299,,,3.613,infaisable
hd01_016,living+kitchen+bedroom+bedroom+bathroom,etoile,5,pavage,16,1.80,False,False,,,,54,0.800,0.4405,0.0000,3,9.299,,,3.987,infaisable
hd01_017,living+kitchen+bedroom+bedroom+bathroom,etoile,5,base,,0.50,False,False,,,,63,0.800,0.3322,0.0000,3,11.187,,,2.096,invariant_viole
hd01_017,living+kitchen+bedroom+bedroom+bathroom,etoile,5,pavage,0,0.50,False,False,,,,63,0.800,0.3322,0.0000,3,11.187,,,0.741,trame
hd01_017,living+kitchen+bedroom+bedroom+bathroom,etoile,5,pavage,4,0.50,False,False,,,,63,0.800,0.3322,0.0000,3,11.187,,,53.090,trame
hd01_017,living+kitchen+bedroom+bedroom+bathroom,etoile,5,pavage,8,0.50,False,False,,,,63,0.800,0.3322,0.0000,3,11.187,,,6.659,infaisable
hd01_017,living+kitchen+bedroom+bedroom+bathroom,etoile,5,pavage,16,0.50,False,False,,,,63,0.800,0.3322,0.0000,3,11.187,,,4.920,infaisable
hd01_017,living+kitchen+bedroom+bedroom+bathroom,etoile,5,pavage,16,0.00,False,True,5,0.0000,False,63,0.800,0.3322,0.0000,3,11.187,6.164912,0.5511,4.498,ok
hd01_017,living+kitchen+bedroom+bedroom+bathroom,etoile,5,pavage,16,0.25,False,False,,,,63,0.800,0.3322,0.0000,3,11.187,,,6.722,infaisable
hd01_017,living+kitchen+bedroom+bedroom+bathroom,etoile,5,pavage,16,1.00,False,False,,,,63,0.800,0.3322,0.0000,3,11.187,,,4.544,infaisable
hd01_017,living+kitchen+bedroom+bedroom+bathroom,etoile,5,pavage,16,1.80,False,False,,,,63,0.800,0.3322,0.0000,3,11.187,,,4.371,infaisable
hd01_018,living+kitchen+bedroom+bedroom+bathroom,etoile,5,base,,0.50,False,False,,,,40,0.800,0.2817,0.0000,3,10.593,,,2.658,invariant_viole
hd01_018,living+kitchen+bedroom+bedroom+bathroom,etoile,5,pavage,0,0.50,False,False,,,,40,0.800,0.2817,0.0000,3,10.593,,,0.822,trame
hd01_018,living+kitchen+bedroom+bedroom+bathroom,etoile,5,pavage,4,0.50,False,False,,,,40,0.800,0.2817,0.0000,3,10.593,,,3.609,infaisable
hd01_018,living+kitchen+bedroom+bedroom+bathroom,etoile,5,pavage,8,0.50,False,False,,,,40,0.800,0.2817,0.0000,3,10.593,,,4.006,infaisable
hd01_018,living+kitchen+bedroom+bedroom+bathroom,etoile,5,pavage,16,0.50,False,False,,,,40,0.800,0.2817,0.0000,3,10.593,,,5.177,infaisable
hd01_018,living+kitchen+bedroom+bedroom+bathroom,etoile,5,pavage,16,0.00,False,True,5,0.0000,False,40,0.800,0.2817,0.0000,3,10.593,3.989061,0.3766,3.633,ok
hd01_018,living+kitchen+bedroom+bedroom+bathroom,etoile,5,pavage,16,0.25,False,False,,,,40,0.800,0.2817,0.0000,3,10.593,,,3.788,infaisable
hd01_018,living+kitchen+bedroom+bedroom+bathroom,etoile,5,pavage,16,1.00,False,False,,,,40,0.800,0.2817,0.0000,3,10.593,,,4.069,infaisable
hd01_018,living+kitchen+bedroom+bedroom+bathroom,etoile,5,pavage,16,1.80,False,False,,,,40,0.800,0.2817,0.0000,3,10.593,,,4.084,infaisable
hd01_019,living+kitchen+bedroom+bedroom+bathroom,etoile,5,base,,0.50,False,False,,,,32,1.600,0.3494,0.0000,2,9.636,,,2.410,invariant_viole
hd01_019,living+kitchen+bedroom+bedroom+bathroom,etoile,5,pavage,0,0.50,False,False,,,,32,1.600,0.3494,0.0000,2,9.636,,,0.721,trame
hd01_019,living+kitchen+bedroom+bedroom+bathroom,etoile,5,pavage,4,0.50,False,False,,,,32,1.600,0.3494,0.0000,2,9.636,,,3.006,infaisable
hd01_019,living+kitchen+bedroom+bedroom+bathroom,etoile,5,pavage,8,0.50,False,False,,,,32,1.600,0.3494,0.0000,2,9.636,,,3.868,infaisable
hd01_019,living+kitchen+bedroom+bedroom+bathroom,etoile,5,pavage,16,0.50,False,False,,,,32,1.600,0.3494,0.0000,2,9.636,,,3.477,infaisable
hd01_019,living+kitchen+bedroom+bedroom+bathroom,etoile,5,pavage,16,0.00,False,True,5,0.0000,False,32,1.600,0.3494,0.0000,2,9.636,6.618214,0.6868,2.917,ok
hd01_019,living+kitchen+bedroom+bedroom+bathroom,etoile,5,pavage,16,0.25,False,False,,,,32,1.600,0.3494,0.0000,2,9.636,,,3.024,infaisable
hd01_019,living+kitchen+bedroom+bedroom+bathroom,etoile,5,pavage,16,1.00,False,False,,,,32,1.600,0.3494,0.0000,2,9.636,,,2.944,infaisable
hd01_019,living+kitchen+bedroom+bedroom+bathroom,etoile,5,pavage,16,1.80,False,False,,,,32,1.600,0.3494,0.0000,2,9.636,,,3.246,infaisable
hd01_020,living+kitchen+bedroom+bedroom+bathroom,etoile,5,base,,0.50,False,False,,,,40,0.400,0.2072,0.0000,4,10.283,,,2.078,invariant_viole
hd01_020,living+kitchen+bedroom+bedroom+bathroom,etoile,5,pavage,0,0.50,False,False,,,,40,0.400,0.2072,0.0000,4,10.283,,,0.830,trame
hd01_020,living+kitchen+bedroom+bedroom+bathroom,etoile,5,pavage,4,0.50,False,False,,,,40,0.400,0.2072,0.0000,4,10.283,,,3.443,infaisable
hd01_020,living+kitchen+bedroom+bedroom+bathroom,etoile,5,pavage,8,0.50,False,False,,,,40,0.400,0.2072,0.0000,4,10.283,,,3.353,infaisable
hd01_020,living+kitchen+bedroom+bedroom+bathroom,etoile,5,pavage,16,0.50,False,False,,,,40,0.400,0.2072,0.0000,4,10.283,,,4.310,infaisable
hd01_020,living+kitchen+bedroom+bedroom+bathroom,etoile,5,pavage,16,0.00,False,True,5,0.0000,False,40,0.400,0.2072,0.0000,4,10.283,5.076986,0.4937,3.368,ok
hd01_020,living+kitchen+bedroom+bedroom+bathroom,etoile,5,pavage,16,0.25,False,False,,,,40,0.400,0.2072,0.0000,4,10.283,,,3.647,infaisable
hd01_020,living+kitchen+bedroom+bedroom+bathroom,etoile,5,pavage,16,1.00,False,False,,,,40,0.400,0.2072,0.0000,4,10.283,,,4.982,infaisable
hd01_020,living+kitchen+bedroom+bedroom+bathroom,etoile,5,pavage,16,1.80,False,False,,,,40,0.400,0.2072,0.0000,4,10.283,,,3.997,infaisable
hd01_021,living+kitchen+bedroom+bedroom+bathroom,etoile,5,base,,0.50,False,False,,,,48,0.800,0.0735,0.0000,3,9.746,,,2.299,invariant_viole
hd01_021,living+kitchen+bedroom+bedroom+bathroom,etoile,5,pavage,0,0.50,False,False,,,,48,0.800,0.0735,0.0000,3,9.746,,,0.722,trame
hd01_021,living+kitchen+bedroom+bedroom+bathroom,etoile,5,pavage,4,0.50,False,True,5,2.5385,True,48,0.800,0.0735,0.0000,3,9.746,0.453302,0.0465,3.104,ok
hd01_021,living+kitchen+bedroom+bedroom+bathroom,etoile,5,pavage,8,0.50,False,True,5,2.5385,True,48,0.800,0.0735,0.0000,3,9.746,0.453302,0.0465,2.999,ok
hd01_021,living+kitchen+bedroom+bedroom+bathroom,etoile,5,pavage,16,0.50,False,True,5,2.5385,True,48,0.800,0.0735,0.0000,3,9.746,0.453302,0.0465,3.492,ok
hd01_021,living+kitchen+bedroom+bedroom+bathroom,etoile,5,pavage,16,0.00,False,True,5,2.5385,True,48,0.800,0.0735,0.0000,3,9.746,0.453302,0.0465,3.957,ok
hd01_021,living+kitchen+bedroom+bedroom+bathroom,etoile,5,pavage,16,0.25,False,True,5,2.5385,True,48,0.800,0.0735,0.0000,3,9.746,0.453302,0.0465,3.449,ok
hd01_021,living+kitchen+bedroom+bedroom+bathroom,etoile,5,pavage,16,1.00,False,True,5,2.5385,True,48,0.800,0.0735,0.0000,3,9.746,0.453302,0.0465,2.901,ok
hd01_021,living+kitchen+bedroom+bedroom+bathroom,etoile,5,pavage,16,1.80,False,True,5,2.5385,True,48,0.800,0.0735,0.0000,3,9.746,0.453302,0.0465,3.470,ok
hd01_022,living+kitchen+bedroom+bedroom+bathroom,etoile,5,base,,0.50,False,False,,,,72,0.400,0.2617,0.0000,4,10.063,,,2.021,invariant_viole
hd01_022,living+kitchen+bedroom+bedroom+bathroom,etoile,5,pavage,0,0.50,False,False,,,,72,0.400,0.2617,0.0000,4,10.063,,,0.659,trame
hd01_022,living+kitchen+bedroom+bedroom+bathroom,etoile,5,pavage,4,0.50,False,False,,,,72,0.400,0.2617,0.0000,4,10.063,,,0.794,trame
hd01_022,living+kitchen+bedroom+bedroom+bathroom,etoile,5,pavage,8,0.50,False,False,,,,72,0.400,0.2617,0.0000,4,10.063,,,0.834,trame
hd01_022,living+kitchen+bedroom+bedroom+bathroom,etoile,5,pavage,16,0.50,False,False,,,,72,0.400,0.2617,0.0000,4,10.063,,,0.805,trame
hd01_022,living+kitchen+bedroom+bedroom+bathroom,etoile,5,pavage,16,0.00,False,False,,,,72,0.400,0.2617,0.0000,4,10.063,,,0.794,trame
hd01_022,living+kitchen+bedroom+bedroom+bathroom,etoile,5,pavage,16,0.25,False,False,,,,72,0.400,0.2617,0.0000,4,10.063,,,0.829,trame
hd01_022,living+kitchen+bedroom+bedroom+bathroom,etoile,5,pavage,16,1.00,False,False,,,,72,0.400,0.2617,0.0000,4,10.063,,,0.810,trame
hd01_022,living+kitchen+bedroom+bedroom+bathroom,etoile,5,pavage,16,1.80,False,False,,,,72,0.400,0.2617,0.0000,4,10.063,,,0.789,trame
hd01_023,living+kitchen+bedroom+bedroom+bathroom,etoile,5,base,,0.50,False,False,,,,30,0.800,0.1626,0.0000,3,8.909,,,2.103,invariant_viole
hd01_023,living+kitchen+bedroom+bedroom+bathroom,etoile,5,pavage,0,0.50,False,False,,,,30,0.800,0.1626,0.0000,3,8.909,,,0.619,trame
hd01_023,living+kitchen+bedroom+bedroom+bathroom,etoile,5,pavage,4,0.50,False,False,,,,30,0.800,0.1626,0.0000,3,8.909,,,0.850,trame
hd01_023,living+kitchen+bedroom+bedroom+bathroom,etoile,5,pavage,8,0.50,False,False,,,,30,0.800,0.1626,0.0000,3,8.909,,,4.674,infaisable
hd01_023,living+kitchen+bedroom+bedroom+bathroom,etoile,5,pavage,16,0.50,False,False,,,,30,0.800,0.1626,0.0000,3,8.909,,,3.662,infaisable
hd01_023,living+kitchen+bedroom+bedroom+bathroom,etoile,5,pavage,16,0.00,False,True,5,0.0000,False,30,0.800,0.1626,0.0000,3,8.909,8.068782,0.9057,3.218,ok
hd01_023,living+kitchen+bedroom+bedroom+bathroom,etoile,5,pavage,16,0.25,False,False,,,,30,0.800,0.1626,0.0000,3,8.909,,,3.478,infaisable
hd01_023,living+kitchen+bedroom+bedroom+bathroom,etoile,5,pavage,16,1.00,False,False,,,,30,0.800,0.1626,0.0000,3,8.909,,,3.744,infaisable
hd01_023,living+kitchen+bedroom+bedroom+bathroom,etoile,5,pavage,16,1.80,False,False,,,,30,0.800,0.1626,0.0000,3,8.909,,,3.478,infaisable
hd01_024,living+kitchen+bedroom+bedroom+bathroom,etoile,5,base,,0.50,False,False,,,,64,1.200,0.3594,0.0000,2,10.112,,,2.263,invariant_viole
hd01_024,living+kitchen+bedroom+bedroom+bathroom,etoile,5,pavage,0,0.50,False,False,,,,64,1.200,0.3594,0.0000,2,10.112,,,0.697,trame
hd01_024,living+kitchen+bedroom+bedroom+bathroom,etoile,5,pavage,4,0.50,False,False,,,,64,1.200,0.3594,0.0000,2,10.112,,,3.318,infaisable
hd01_024,living+kitchen+bedroom+bedroom+bathroom,etoile,5,pavage,8,0.50,False,False,,,,64,1.200,0.3594,0.0000,2,10.112,,,3.582,infaisable
hd01_024,living+kitchen+bedroom+bedroom+bathroom,etoile,5,pavage,16,0.50,False,False,,,,64,1.200,0.3594,0.0000,2,10.112,,,3.444,infaisable
hd01_024,living+kitchen+bedroom+bedroom+bathroom,etoile,5,pavage,16,0.00,False,True,5,0.0000,False,64,1.200,0.3594,0.0000,2,10.112,5.439628,0.5379,3.134,ok
hd01_024,living+kitchen+bedroom+bedroom+bathroom,etoile,5,pavage,16,0.25,False,False,,,,64,1.200,0.3594,0.0000,2,10.112,,,3.364,infaisable
hd01_024,living+kitchen+bedroom+bedroom+bathroom,etoile,5,pavage,16,1.00,False,False,,,,64,1.200,0.3594,0.0000,2,10.112,,,3.681,infaisable
hd01_024,living+kitchen+bedroom+bedroom+bathroom,etoile,5,pavage,16,1.80,False,False,,,,64,1.200,0.3594,0.0000,2,10.112,,,3.607,infaisable
hd01_025,living+kitchen+bedroom+bedroom+bathroom,etoile,5,base,,0.50,False,False,,,,63,0.000,0.3528,0.0000,5,11.676,,,2.176,invariant_viole
hd01_025,living+kitchen+bedroom+bedroom+bathroom,etoile,5,pavage,0,0.50,False,False,,,,63,0.000,0.3528,0.0000,5,11.676,,,0.708,trame
hd01_025,living+kitchen+bedroom+bedroom+bathroom,etoile,5,pavage,4,0.50,False,False,,,,63,0.000,0.3528,0.0000,5,11.676,,,1.033,trame
hd01_025,living+kitchen+bedroom+bedroom+bathroom,etoile,5,pavage,8,0.50,False,False,,,,63,0.000,0.3528,0.0000,5,11.676,,,3.754,infaisable
hd01_025,living+kitchen+bedroom+bedroom+bathroom,etoile,5,pavage,16,0.50,False,False,,,,63,0.000,0.3528,0.0000,5,11.676,,,6.118,infaisable
hd01_025,living+kitchen+bedroom+bedroom+bathroom,etoile,5,pavage,16,0.00,False,True,5,0.0000,False,63,0.000,0.3528,0.0000,5,11.676,6.890196,0.5901,4.995,ok
hd01_025,living+kitchen+bedroom+bedroom+bathroom,etoile,5,pavage,16,0.25,False,False,,,,63,0.000,0.3528,0.0000,5,11.676,,,5.747,infaisable
hd01_025,living+kitchen+bedroom+bedroom+bathroom,etoile,5,pavage,16,1.00,False,False,,,,63,0.000,0.3528,0.0000,5,11.676,,,3.749,infaisable
hd01_025,living+kitchen+bedroom+bedroom+bathroom,etoile,5,pavage,16,1.80,False,False,,,,63,0.000,0.3528,0.0000,5,11.676,,,3.570,infaisable
hd01_026,living+kitchen+bedroom+bedroom+bathroom,etoile,5,base,,0.50,False,False,,,,49,0.400,0.4622,0.0000,4,10.606,,,2.141,invariant_viole
hd01_026,living+kitchen+bedroom+bedroom+bathroom,etoile,5,pavage,0,0.50,False,False,,,,49,0.400,0.4622,0.0000,4,10.606,,,0.681,trame
hd01_026,living+kitchen+bedroom+bedroom+bathroom,etoile,5,pavage,4,0.50,False,False,,,,49,0.400,0.4622,0.0000,4,10.606,,,3.287,infaisable
hd01_026,living+kitchen+bedroom+bedroom+bathroom,etoile,5,pavage,8,0.50,False,False,,,,49,0.400,0.4622,0.0000,4,10.606,,,3.251,infaisable
hd01_026,living+kitchen+bedroom+bedroom+bathroom,etoile,5,pavage,16,0.50,False,False,,,,49,0.400,0.4622,0.0000,4,10.606,,,3.912,infaisable
hd01_026,living+kitchen+bedroom+bedroom+bathroom,etoile,5,pavage,16,0.00,False,True,5,0.0000,False,49,0.400,0.4622,0.0000,4,10.606,7.252838,0.6839,3.046,ok
hd01_026,living+kitchen+bedroom+bedroom+bathroom,etoile,5,pavage,16,0.25,False,False,,,,49,0.400,0.4622,0.0000,4,10.606,,,3.535,infaisable
hd01_026,living+kitchen+bedroom+bedroom+bathroom,etoile,5,pavage,16,1.00,False,False,,,,49,0.400,0.4622,0.0000,4,10.606,,,3.725,infaisable
hd01_026,living+kitchen+bedroom+bedroom+bathroom,etoile,5,pavage,16,1.80,False,False,,,,49,0.400,0.4622,0.0000,4,10.606,,,3.076,infaisable
hd01_027,living+kitchen+bedroom+bedroom+bathroom,etoile,5,base,,0.50,False,False,,,,64,0.400,0.3404,0.0000,4,10.627,,,2.155,invariant_viole
hd01_027,living+kitchen+bedroom+bedroom+bathroom,etoile,5,pavage,0,0.50,False,False,,,,64,0.400,0.3404,0.0000,4,10.627,,,0.670,trame
hd01_027,living+kitchen+bedroom+bedroom+bathroom,etoile,5,pavage,4,0.50,False,False,,,,64,0.400,0.3404,0.0000,4,10.627,,,0.856,trame
hd01_027,living+kitchen+bedroom+bedroom+bathroom,etoile,5,pavage,8,0.50,False,False,,,,64,0.400,0.3404,0.0000,4,10.627,,,3.242,infaisable
hd01_027,living+kitchen+bedroom+bedroom+bathroom,etoile,5,pavage,16,0.50,False,False,,,,64,0.400,0.3404,0.0000,4,10.627,,,3.742,infaisable
hd01_027,living+kitchen+bedroom+bedroom+bathroom,etoile,5,pavage,16,0.00,False,True,5,0.0000,False,64,0.400,0.3404,0.0000,4,10.627,12.329824,1.1602,4.272,ok
hd01_027,living+kitchen+bedroom+bedroom+bathroom,etoile,5,pavage,16,0.25,False,False,,,,64,0.400,0.3404,0.0000,4,10.627,,,4.147,infaisable
hd01_027,living+kitchen+bedroom+bedroom+bathroom,etoile,5,pavage,16,1.00,False,False,,,,64,0.400,0.3404,0.0000,4,10.627,,,4.143,infaisable
hd01_027,living+kitchen+bedroom+bedroom+bathroom,etoile,5,pavage,16,1.80,False,False,,,,64,0.400,0.3404,0.0000,4,10.627,,,4.618,infaisable
hd01_028,living+kitchen+bedroom+bedroom+bathroom,etoile,5,base,,0.50,False,False,,,,48,0.000,0.3937,0.0000,5,12.172,,,2.412,invariant_viole
hd01_028,living+kitchen+bedroom+bedroom+bathroom,etoile,5,pavage,0,0.50,False,False,,,,48,0.000,0.3937,0.0000,5,12.172,,,0.658,trame
hd01_028,living+kitchen+bedroom+bedroom+bathroom,etoile,5,pavage,4,0.50,False,True,5,2.8105,True,48,0.000,0.3937,0.0000,5,12.172,9.881991,0.8119,2.892,ok
hd01_028,living+kitchen+bedroom+bedroom+bathroom,etoile,5,pavage,8,0.50,False,True,5,2.8105,True,48,0.000,0.3937,0.0000,5,12.172,9.881991,0.8119,2.859,ok
hd01_028,living+kitchen+bedroom+bedroom+bathroom,etoile,5,pavage,16,0.50,False,True,5,2.8105,True,48,0.000,0.3937,0.0000,5,12.172,9.881991,0.8119,3.848,ok
hd01_028,living+kitchen+bedroom+bedroom+bathroom,etoile,5,pavage,16,0.00,False,True,5,2.8105,True,48,0.000,0.3937,0.0000,5,12.172,9.881991,0.8119,3.581,ok
hd01_028,living+kitchen+bedroom+bedroom+bathroom,etoile,5,pavage,16,0.25,False,True,5,2.8105,True,48,0.000,0.3937,0.0000,5,12.172,9.881991,0.8119,3.094,ok
hd01_028,living+kitchen+bedroom+bedroom+bathroom,etoile,5,pavage,16,1.00,False,True,5,2.8105,True,48,0.000,0.3937,0.0000,5,12.172,9.881991,0.8119,2.863,ok
hd01_028,living+kitchen+bedroom+bedroom+bathroom,etoile,5,pavage,16,1.80,False,True,5,2.8105,True,48,0.000,0.3937,0.0000,5,12.172,9.881991,0.8119,2.821,ok
hd01_029,living+kitchen+bedroom+bedroom+bathroom,etoile,5,base,,0.50,False,False,,,,63,1.200,0.5121,0.0000,2,11.660,,,2.164,invariant_viole
hd01_029,living+kitchen+bedroom+bedroom+bathroom,etoile,5,pavage,0,0.50,False,False,,,,63,1.200,0.5121,0.0000,2,11.660,,,0.664,trame
hd01_029,living+kitchen+bedroom+bedroom+bathroom,etoile,5,pavage,4,0.50,False,False,,,,63,1.200,0.5121,0.0000,2,11.660,,,0.861,trame
hd01_029,living+kitchen+bedroom+bedroom+bathroom,etoile,5,pavage,8,0.50,False,True,5,0.9973,True,63,1.200,0.5121,0.0000,2,11.660,8.703405,0.7464,3.198,ok
hd01_029,living+kitchen+bedroom+bedroom+bathroom,etoile,5,pavage,16,0.50,False,True,5,0.9973,True,63,1.200,0.5121,0.0000,2,11.660,8.703405,0.7464,3.243,ok
hd01_029,living+kitchen+bedroom+bedroom+bathroom,etoile,5,pavage,16,0.00,False,True,5,0.9973,True,63,1.200,0.5121,0.0000,2,11.660,8.703405,0.7464,3.419,ok
hd01_029,living+kitchen+bedroom+bedroom+bathroom,etoile,5,pavage,16,0.25,False,True,5,0.9973,True,63,1.200,0.5121,0.0000,2,11.660,8.703405,0.7464,6.828,ok
hd01_029,living+kitchen+bedroom+bedroom+bathroom,etoile,5,pavage,16,1.00,False,True,5,1.0000,True,63,1.200,0.5121,0.0000,2,11.660,8.703405,0.7464,4.483,ok
hd01_029,living+kitchen+bedroom+bedroom+bathroom,etoile,5,pavage,16,1.80,False,True,5,1.8000,True,63,1.200,0.5121,0.0000,2,11.660,8.703405,0.7464,4.572,ok
hd01_030,living+kitchen+bedroom+bedroom+bathroom,etoile,5,base,,0.50,False,False,,,,72,0.400,0.2636,0.0000,4,12.933,,,2.400,invariant_viole
hd01_030,living+kitchen+bedroom+bedroom+bathroom,etoile,5,pavage,0,0.50,False,False,,,,72,0.400,0.2636,0.0000,4,12.933,,,0.787,trame
hd01_030,living+kitchen+bedroom+bedroom+bathroom,etoile,5,pavage,4,0.50,False,False,,,,72,0.400,0.2636,0.0000,4,12.933,,,0.926,trame
hd01_030,living+kitchen+bedroom+bedroom+bathroom,etoile,5,pavage,8,0.50,False,False,,,,72,0.400,0.2636,0.0000,4,12.933,,,0.856,trame
hd01_030,living+kitchen+bedroom+bedroom+bathroom,etoile,5,pavage,16,0.50,False,False,,,,72,0.400,0.2636,0.0000,4,12.933,,,0.821,trame
hd01_030,living+kitchen+bedroom+bedroom+bathroom,etoile,5,pavage,16,0.00,False,False,,,,72,0.400,0.2636,0.0000,4,12.933,,,0.826,trame
hd01_030,living+kitchen+bedroom+bedroom+bathroom,etoile,5,pavage,16,0.25,False,False,,,,72,0.400,0.2636,0.0000,4,12.933,,,0.810,trame
hd01_030,living+kitchen+bedroom+bedroom+bathroom,etoile,5,pavage,16,1.00,False,False,,,,72,0.400,0.2636,0.0000,4,12.933,,,0.837,trame
hd01_030,living+kitchen+bedroom+bedroom+bathroom,etoile,5,pavage,16,1.80,False,False,,,,72,0.400,0.2636,0.0000,4,12.933,,,0.808,trame
hd01_031,living+kitchen+bedroom+bedroom+bathroom,etoile,5,base,,0.50,False,False,,,,35,0.800,0.1863,0.0000,3,8.876,,,2.343,invariant_viole
hd01_031,living+kitchen+bedroom+bedroom+bathroom,etoile,5,pavage,0,0.50,False,False,,,,35,0.800,0.1863,0.0000,3,8.876,,,0.629,trame
hd01_031,living+kitchen+bedroom+bedroom+bathroom,etoile,5,pavage,4,0.50,False,True,5,1.0879,True,35,0.800,0.1863,0.0000,3,8.876,2.538493,0.2860,4.271,ok
hd01_031,living+kitchen+bedroom+bedroom+bathroom,etoile,5,pavage,8,0.50,False,True,5,1.0879,True,35,0.800,0.1863,0.0000,3,8.876,2.538493,0.2860,4.445,ok
hd01_031,living+kitchen+bedroom+bedroom+bathroom,etoile,5,pavage,16,0.50,False,True,5,1.0879,True,35,0.800,0.1863,0.0000,3,8.876,2.538493,0.2860,3.407,ok
hd01_031,living+kitchen+bedroom+bedroom+bathroom,etoile,5,pavage,16,0.00,False,True,5,1.0879,True,35,0.800,0.1863,0.0000,3,8.876,2.538493,0.2860,3.304,ok
hd01_031,living+kitchen+bedroom+bedroom+bathroom,etoile,5,pavage,16,0.25,False,True,5,1.0879,True,35,0.800,0.1863,0.0000,3,8.876,2.538493,0.2860,3.553,ok
hd01_031,living+kitchen+bedroom+bedroom+bathroom,etoile,5,pavage,16,1.00,False,True,5,1.0879,True,35,0.800,0.1863,0.0000,3,8.876,2.538493,0.2860,4.301,ok
hd01_031,living+kitchen+bedroom+bedroom+bathroom,etoile,5,pavage,16,1.80,False,True,5,1.8000,True,35,0.800,0.1863,0.0000,3,8.876,1.826419,0.2058,5.113,ok
hd01_032,living+kitchen+bedroom+bedroom+bathroom,etoile,5,base,,0.50,False,False,,,,56,0.400,0.2031,0.0000,4,10.253,,,3.347,invariant_viole
hd01_032,living+kitchen+bedroom+bedroom+bathroom,etoile,5,pavage,0,0.50,False,False,,,,56,0.400,0.2031,0.0000,4,10.253,,,0.834,trame
hd01_032,living+kitchen+bedroom+bedroom+bathroom,etoile,5,pavage,4,0.50,False,False,,,,56,0.400,0.2031,0.0000,4,10.253,,,3.619,infaisable
hd01_032,living+kitchen+bedroom+bedroom+bathroom,etoile,5,pavage,8,0.50,False,False,,,,56,0.400,0.2031,0.0000,4,10.253,,,4.168,infaisable
hd01_032,living+kitchen+bedroom+bedroom+bathroom,etoile,5,pavage,16,0.50,False,False,,,,56,0.400,0.2031,0.0000,4,10.253,,,4.585,infaisable
hd01_032,living+kitchen+bedroom+bedroom+bathroom,etoile,5,pavage,16,0.00,False,True,5,0.0000,False,56,0.400,0.2031,0.0000,4,10.253,3.263777,0.3183,6.064,ok
hd01_032,living+kitchen+bedroom+bedroom+bathroom,etoile,5,pavage,16,0.25,False,False,,,,56,0.400,0.2031,0.0000,4,10.253,,,5.128,infaisable
hd01_032,living+kitchen+bedroom+bedroom+bathroom,etoile,5,pavage,16,1.00,False,False,,,,56,0.400,0.2031,0.0000,4,10.253,,,4.693,infaisable
hd01_032,living+kitchen+bedroom+bedroom+bathroom,etoile,5,pavage,16,1.80,False,False,,,,56,0.400,0.2031,0.0000,4,10.253,,,3.931,infaisable
hd01_033,living+kitchen+bedroom+bedroom+bathroom,etoile,5,base,,0.50,False,False,,,,56,0.000,0.3901,0.0000,5,11.422,,,2.362,invariant_viole
hd01_033,living+kitchen+bedroom+bedroom+bathroom,etoile,5,pavage,0,0.50,False,False,,,,56,0.000,0.3901,0.0000,5,11.422,,,0.720,trame
hd01_033,living+kitchen+bedroom+bedroom+bathroom,etoile,5,pavage,4,0.50,False,True,5,2.0852,True,56,0.000,0.3901,0.0000,5,11.422,7.978121,0.6985,3.525,ok
hd01_033,living+kitchen+bedroom+bedroom+bathroom,etoile,5,pavage,8,0.50,False,True,5,2.0852,True,56,0.000,0.3901,0.0000,5,11.422,7.978121,0.6985,2.995,ok
hd01_033,living+kitchen+bedroom+bedroom+bathroom,etoile,5,pavage,16,0.50,False,True,5,2.0852,True,56,0.000,0.3901,0.0000,5,11.422,7.978121,0.6985,4.222,ok
hd01_033,living+kitchen+bedroom+bedroom+bathroom,etoile,5,pavage,16,0.00,False,True,5,2.0852,True,56,0.000,0.3901,0.0000,5,11.422,7.978121,0.6985,3.607,ok
hd01_033,living+kitchen+bedroom+bedroom+bathroom,etoile,5,pavage,16,0.25,False,True,5,2.0852,True,56,0.000,0.3901,0.0000,5,11.422,7.978121,0.6985,3.545,ok
hd01_033,living+kitchen+bedroom+bedroom+bathroom,etoile,5,pavage,16,1.00,False,True,5,2.0852,True,56,0.000,0.3901,0.0000,5,11.422,7.978121,0.6985,3.255,ok
hd01_033,living+kitchen+bedroom+bedroom+bathroom,etoile,5,pavage,16,1.80,False,True,5,2.0852,True,56,0.000,0.3901,0.0000,5,11.422,7.978121,0.6985,5.169,ok
hd01_034,living+kitchen+bedroom+bedroom+bathroom,etoile,5,base,,0.50,False,False,,,,72,0.400,0.2496,0.0000,4,10.112,,,3.016,invariant_viole
hd01_034,living+kitchen+bedroom+bedroom+bathroom,etoile,5,pavage,0,0.50,False,False,,,,72,0.400,0.2496,0.0000,4,10.112,,,1.277,trame
hd01_034,living+kitchen+bedroom+bedroom+bathroom,etoile,5,pavage,4,0.50,False,False,,,,72,0.400,0.2496,0.0000,4,10.112,,,1.518,trame
hd01_034,living+kitchen+bedroom+bedroom+bathroom,etoile,5,pavage,8,0.50,False,False,,,,72,0.400,0.2496,0.0000,4,10.112,,,5.194,infaisable
hd01_034,living+kitchen+bedroom+bedroom+bathroom,etoile,5,pavage,16,0.50,False,False,,,,72,0.400,0.2496,0.0000,4,10.112,,,5.353,infaisable
hd01_034,living+kitchen+bedroom+bedroom+bathroom,etoile,5,pavage,16,0.00,False,True,5,0.0000,False,72,0.400,0.2496,0.0000,4,10.112,11.241898,1.1117,3.810,ok
hd01_034,living+kitchen+bedroom+bedroom+bathroom,etoile,5,pavage,16,0.25,False,False,,,,72,0.400,0.2496,0.0000,4,10.112,,,3.588,infaisable
hd01_034,living+kitchen+bedroom+bedroom+bathroom,etoile,5,pavage,16,1.00,False,False,,,,72,0.400,0.2496,0.0000,4,10.112,,,3.848,infaisable
hd01_034,living+kitchen+bedroom+bedroom+bathroom,etoile,5,pavage,16,1.80,False,False,,,,72,0.400,0.2496,0.0000,4,10.112,,,3.823,infaisable
hd01_035,living+kitchen+bedroom+bedroom+bathroom,etoile,5,base,,0.50,False,False,,,,48,0.400,0.1456,0.0000,4,9.694,,,2.066,invariant_viole
hd01_035,living+kitchen+bedroom+bedroom+bathroom,etoile,5,pavage,0,0.50,False,True,5,2.4478,True,48,0.400,0.1456,0.0000,4,9.694,2.175851,0.2245,3.019,ok
hd01_035,living+kitchen+bedroom+bedroom+bathroom,etoile,5,pavage,4,0.50,False,True,5,2.4478,True,48,0.400,0.1456,0.0000,4,9.694,2.175851,0.2245,3.661,ok
hd01_035,living+kitchen+bedroom+bedroom+bathroom,etoile,5,pavage,8,0.50,False,True,5,2.4478,True,48,0.400,0.1456,0.0000,4,9.694,2.175851,0.2245,3.199,ok
hd01_035,living+kitchen+bedroom+bedroom+bathroom,etoile,5,pavage,16,0.50,False,True,5,2.4478,True,48,0.400,0.1456,0.0000,4,9.694,2.175851,0.2245,2.955,ok
hd01_035,living+kitchen+bedroom+bedroom+bathroom,etoile,5,pavage,16,0.00,False,True,5,2.4478,True,48,0.400,0.1456,0.0000,4,9.694,2.175851,0.2245,2.843,ok
hd01_035,living+kitchen+bedroom+bedroom+bathroom,etoile,5,pavage,16,0.25,False,True,5,2.4478,True,48,0.400,0.1456,0.0000,4,9.694,2.175851,0.2245,3.038,ok
hd01_035,living+kitchen+bedroom+bedroom+bathroom,etoile,5,pavage,16,1.00,False,True,5,2.4478,True,48,0.400,0.1456,0.0000,4,9.694,2.175851,0.2245,3.490,ok
hd01_035,living+kitchen+bedroom+bedroom+bathroom,etoile,5,pavage,16,1.80,False,True,5,2.4478,True,48,0.400,0.1456,0.0000,4,9.694,2.175851,0.2245,2.757,ok
hd01_036,living+kitchen+bedroom+bedroom+bathroom,etoile,5,base,,0.50,False,False,,,,48,0.000,0.4089,0.0000,5,12.077,,,2.203,invariant_viole
hd01_036,living+kitchen+bedroom+bedroom+bathroom,etoile,5,pavage,0,0.50,False,False,,,,48,0.000,0.4089,0.0000,5,12.077,,,0.659,trame
hd01_036,living+kitchen+bedroom+bedroom+bathroom,etoile,5,pavage,4,0.50,False,False,,,,48,0.000,0.4089,0.0000,5,12.077,,,0.854,trame
hd01_036,living+kitchen+bedroom+bedroom+bathroom,etoile,5,pavage,8,0.50,False,True,5,1.3599,True,48,0.000,0.4089,0.0000,5,12.077,8.340763,0.6906,3.209,ok
hd01_036,living+kitchen+bedroom+bedroom+bathroom,etoile,5,pavage,16,0.50,False,True,5,1.3599,True,48,0.000,0.4089,0.0000,5,12.077,8.340763,0.6906,3.736,ok
hd01_036,living+kitchen+bedroom+bedroom+bathroom,etoile,5,pavage,16,0.00,False,True,5,1.3599,True,48,0.000,0.4089,0.0000,5,12.077,8.340763,0.6906,3.605,ok
hd01_036,living+kitchen+bedroom+bedroom+bathroom,etoile,5,pavage,16,0.25,False,True,5,1.3599,True,48,0.000,0.4089,0.0000,5,12.077,8.340763,0.6906,3.854,ok
hd01_036,living+kitchen+bedroom+bedroom+bathroom,etoile,5,pavage,16,1.00,False,True,5,1.3599,True,48,0.000,0.4089,0.0000,5,12.077,8.340763,0.6906,4.413,ok
hd01_036,living+kitchen+bedroom+bedroom+bathroom,etoile,5,pavage,16,1.80,False,True,5,1.8000,True,48,0.000,0.4089,0.0000,5,12.077,8.340763,0.6906,4.626,ok
hd01_037,living+kitchen+bedroom+bedroom+bathroom,etoile,5,base,,0.50,False,False,,,,48,0.400,0.2266,0.0000,4,8.494,,,2.108,invariant_viole
hd01_037,living+kitchen+bedroom+bedroom+bathroom,etoile,5,pavage,0,0.50,False,False,,,,48,0.400,0.2266,0.0000,4,8.494,,,0.646,trame
hd01_037,living+kitchen+bedroom+bedroom+bathroom,etoile,5,pavage,4,0.50,False,False,,,,48,0.400,0.2266,0.0000,4,8.494,,,0.813,trame
hd01_037,living+kitchen+bedroom+bedroom+bathroom,etoile,5,pavage,8,0.50,False,False,,,,48,0.400,0.2266,0.0000,4,8.494,,,3.299,infaisable
hd01_037,living+kitchen+bedroom+bedroom+bathroom,etoile,5,pavage,16,0.50,False,False,,,,48,0.400,0.2266,0.0000,4,8.494,,,3.289,infaisable
hd01_037,living+kitchen+bedroom+bedroom+bathroom,etoile,5,pavage,16,0.00,False,True,5,0.0000,False,48,0.400,0.2266,0.0000,4,8.494,3.626419,0.4270,4.053,ok
hd01_037,living+kitchen+bedroom+bedroom+bathroom,etoile,5,pavage,16,0.25,False,False,,,,48,0.400,0.2266,0.0000,4,8.494,,,4.011,infaisable
hd01_037,living+kitchen+bedroom+bedroom+bathroom,etoile,5,pavage,16,1.00,False,False,,,,48,0.400,0.2266,0.0000,4,8.494,,,3.994,infaisable
hd01_037,living+kitchen+bedroom+bedroom+bathroom,etoile,5,pavage,16,1.80,False,False,,,,48,0.400,0.2266,0.0000,4,8.494,,,3.986,infaisable
hd01_038,living+kitchen+bedroom+bedroom+bathroom,etoile,5,base,,0.50,False,False,,,,49,0.000,0.3027,0.0000,5,9.899,,,2.774,invariant_viole
hd01_038,living+kitchen+bedroom+bedroom+bathroom,etoile,5,pavage,0,0.50,False,False,,,,49,0.000,0.3027,0.0000,5,9.899,,,0.685,trame
hd01_038,living+kitchen+bedroom+bedroom+bathroom,etoile,5,pavage,4,0.50,False,True,5,1.3599,True,49,0.000,0.3027,0.0000,5,9.899,3.717079,0.3755,3.736,ok
hd01_038,living+kitchen+bedroom+bedroom+bathroom,etoile,5,pavage,8,0.50,False,True,5,1.3599,True,49,0.000,0.3027,0.0000,5,9.899,3.717079,0.3755,3.773,ok
hd01_038,living+kitchen+bedroom+bedroom+bathroom,etoile,5,pavage,16,0.50,False,True,5,1.3599,True,49,0.000,0.3027,0.0000,5,9.899,3.717079,0.3755,4.057,ok
hd01_038,living+kitchen+bedroom+bedroom+bathroom,etoile,5,pavage,16,0.00,False,True,5,1.3599,True,49,0.000,0.3027,0.0000,5,9.899,3.717079,0.3755,3.771,ok
hd01_038,living+kitchen+bedroom+bedroom+bathroom,etoile,5,pavage,16,0.25,False,True,5,1.3599,True,49,0.000,0.3027,0.0000,5,9.899,3.717079,0.3755,2.842,ok
hd01_038,living+kitchen+bedroom+bedroom+bathroom,etoile,5,pavage,16,1.00,False,True,5,1.3599,True,49,0.000,0.3027,0.0000,5,9.899,3.717079,0.3755,3.969,ok
hd01_038,living+kitchen+bedroom+bedroom+bathroom,etoile,5,pavage,16,1.80,False,True,5,1.8000,True,49,0.000,0.3027,0.0000,5,9.899,3.717079,0.3755,2.957,ok
hd01_039,living+kitchen+bedroom+bedroom+bathroom,etoile,5,base,,0.50,False,False,,,,63,1.200,0.2445,0.0000,2,10.014,,,2.919,invariant_viole
hd01_039,living+kitchen+bedroom+bedroom+bathroom,etoile,5,pavage,0,0.50,False,False,,,,63,1.200,0.2445,0.0000,2,10.014,,,1.173,trame
hd01_039,living+kitchen+bedroom+bedroom+bathroom,etoile,5,pavage,4,0.50,False,False,,,,63,1.200,0.2445,0.0000,2,10.014,,,3.236,infaisable
hd01_039,living+kitchen+bedroom+bedroom+bathroom,etoile,5,pavage,8,0.50,False,False,,,,63,1.200,0.2445,0.0000,2,10.014,,,3.217,infaisable
hd01_039,living+kitchen+bedroom+bedroom+bathroom,etoile,5,pavage,16,0.50,False,False,,,,63,1.200,0.2445,0.0000,2,10.014,,,4.287,infaisable
hd01_039,living+kitchen+bedroom+bedroom+bathroom,etoile,5,pavage,16,0.00,False,True,5,0.0000,False,63,1.200,0.2445,0.0000,2,10.014,6.890196,0.6880,5.037,ok
hd01_039,living+kitchen+bedroom+bedroom+bathroom,etoile,5,pavage,16,0.25,False,False,,,,63,1.200,0.2445,0.0000,2,10.014,,,3.513,infaisable
hd01_039,living+kitchen+bedroom+bedroom+bathroom,etoile,5,pavage,16,1.00,False,False,,,,63,1.200,0.2445,0.0000,2,10.014,,,3.516,infaisable
hd01_039,living+kitchen+bedroom+bedroom+bathroom,etoile,5,pavage,16,1.80,False,False,,,,63,1.200,0.2445,0.0000,2,10.014,,,4.067,infaisable
hd02_000,living+kitchen+bedroom+bathroom+hallway,etoile,5,base,,0.50,False,False,,,,64,0.800,0.2614,0.0000,3,10.196,,,2.139,invariant_viole
hd02_000,living+kitchen+bedroom+bathroom+hallway,etoile,5,pavage,0,0.50,False,False,,,,64,0.800,0.2614,0.0000,3,10.196,,,0.674,trame
hd02_000,living+kitchen+bedroom+bathroom+hallway,etoile,5,pavage,4,0.50,False,False,,,,64,0.800,0.2614,0.0000,3,10.196,,,3.566,infaisable
hd02_000,living+kitchen+bedroom+bathroom+hallway,etoile,5,pavage,8,0.50,False,False,,,,64,0.800,0.2614,0.0000,3,10.196,,,3.560,infaisable
hd02_000,living+kitchen+bedroom+bathroom+hallway,etoile,5,pavage,16,0.50,False,False,,,,64,0.800,0.2614,0.0000,3,10.196,,,3.718,infaisable
hd02_000,living+kitchen+bedroom+bathroom+hallway,etoile,5,pavage,16,0.00,False,True,5,0.0000,False,64,0.800,0.2614,0.0000,3,10.196,6.527554,0.6402,3.817,ok
hd02_000,living+kitchen+bedroom+bathroom+hallway,etoile,5,pavage,16,0.25,False,False,,,,64,0.800,0.2614,0.0000,3,10.196,,,3.268,infaisable
hd02_000,living+kitchen+bedroom+bathroom+hallway,etoile,5,pavage,16,1.00,False,False,,,,64,0.800,0.2614,0.0000,3,10.196,,,3.127,infaisable
hd02_000,living+kitchen+bedroom+bathroom+hallway,etoile,5,pavage,16,1.80,False,False,,,,64,0.800,0.2614,0.0000,3,10.196,,,3.094,infaisable
hd02_001,living+kitchen+bedroom+bathroom+hallway,etoile,5,base,,0.50,False,False,,,,48,0.400,0.2450,0.0000,4,10.369,,,2.101,invariant_viole
hd02_001,living+kitchen+bedroom+bathroom+hallway,etoile,5,pavage,0,0.50,False,False,,,,48,0.400,0.2450,0.0000,4,10.369,,,0.659,trame
hd02_001,living+kitchen+bedroom+bathroom+hallway,etoile,5,pavage,4,0.50,False,False,,,,48,0.400,0.2450,0.0000,4,10.369,,,0.823,trame
hd02_001,living+kitchen+bedroom+bathroom+hallway,etoile,5,pavage,8,0.50,False,False,,,,48,0.400,0.2450,0.0000,4,10.369,,,3.116,infaisable
hd02_001,living+kitchen+bedroom+bathroom+hallway,etoile,5,pavage,16,0.50,False,False,,,,48,0.400,0.2450,0.0000,4,10.369,,,3.140,infaisable
hd02_001,living+kitchen+bedroom+bathroom+hallway,etoile,5,pavage,16,0.00,False,True,5,0.0000,False,48,0.400,0.2450,0.0000,4,10.369,5.076986,0.4896,3.147,ok
hd02_001,living+kitchen+bedroom+bathroom+hallway,etoile,5,pavage,16,0.25,False,False,,,,48,0.400,0.2450,0.0000,4,10.369,,,3.979,infaisable
hd02_001,living+kitchen+bedroom+bathroom+hallway,etoile,5,pavage,16,1.00,False,False,,,,48,0.400,0.2450,0.0000,4,10.369,,,3.659,infaisable
hd02_001,living+kitchen+bedroom+bathroom+hallway,etoile,5,pavage,16,1.80,False,False,,,,48,0.400,0.2450,0.0000,4,10.369,,,5.020,infaisable
hd02_002,living+kitchen+bedroom+bathroom+hallway,etoile,5,base,,0.50,False,False,,,,49,0.800,0.2398,0.0000,3,10.014,,,3.955,invariant_viole
hd02_002,living+kitchen+bedroom+bathroom+hallway,etoile,5,pavage,0,0.50,False,False,,,,49,0.800,0.2398,0.0000,3,10.014,,,0.902,trame
hd02_002,living+kitchen+bedroom+bathroom+hallway,etoile,5,pavage,4,0.50,False,False,,,,49,0.800,0.2398,0.0000,3,10.014,,,0.856,trame
hd02_002,living+kitchen+bedroom+bathroom+hallway,etoile,5,pavage,8,0.50,False,False,,,,49,0.800,0.2398,0.0000,3,10.014,,,0.765,trame
hd02_002,living+kitchen+bedroom+bathroom+hallway,etoile,5,pavage,16,0.50,False,False,,,,49,0.800,0.2398,0.0000,3,10.014,,,0.751,trame
hd02_002,living+kitchen+bedroom+bathroom+hallway,etoile,5,pavage,16,0.00,False,False,,,,49,0.800,0.2398,0.0000,3,10.014,,,0.764,trame
hd02_002,living+kitchen+bedroom+bathroom+hallway,etoile,5,pavage,16,0.25,False,False,,,,49,0.800,0.2398,0.0000,3,10.014,,,0.779,trame
hd02_002,living+kitchen+bedroom+bathroom+hallway,etoile,5,pavage,16,1.00,False,False,,,,49,0.800,0.2398,0.0000,3,10.014,,,0.754,trame
hd02_002,living+kitchen+bedroom+bathroom+hallway,etoile,5,pavage,16,1.80,False,False,,,,49,0.800,0.2398,0.0000,3,10.014,,,0.751,trame
hd02_003,living+kitchen+bedroom+bathroom+hallway,etoile,5,base,,0.50,False,False,,,,72,1.200,0.1581,0.0000,2,9.454,,,2.353,invariant_viole
hd02_003,living+kitchen+bedroom+bathroom+hallway,etoile,5,pavage,0,0.50,False,False,,,,72,1.200,0.1581,0.0000,2,9.454,,,0.663,trame
hd02_003,living+kitchen+bedroom+bathroom+hallway,etoile,5,pavage,4,0.50,False,False,,,,72,1.200,0.1581,0.0000,2,9.454,,,0.931,trame
hd02_003,living+kitchen+bedroom+bathroom+hallway,etoile,5,pavage,8,0.50,False,False,,,,72,1.200,0.1581,0.0000,2,9.454,,,1.899,trame
hd02_003,living+kitchen+bedroom+bathroom+hallway,etoile,5,pavage,16,0.50,False,False,,,,72,1.200,0.1581,0.0000,2,9.454,,,1.106,trame
hd02_003,living+kitchen+bedroom+bathroom+hallway,etoile,5,pavage,16,0.00,False,False,,,,72,1.200,0.1581,0.0000,2,9.454,,,0.969,trame
hd02_003,living+kitchen+bedroom+bathroom+hallway,etoile,5,pavage,16,0.25,False,False,,,,72,1.200,0.1581,0.0000,2,9.454,,,0.914,trame
hd02_003,living+kitchen+bedroom+bathroom+hallway,etoile,5,pavage,16,1.00,False,False,,,,72,1.200,0.1581,0.0000,2,9.454,,,0.958,trame
hd02_003,living+kitchen+bedroom+bathroom+hallway,etoile,5,pavage,16,1.80,False,False,,,,72,1.200,0.1581,0.0000,2,9.454,,,1.136,trame
hd02_004,living+kitchen+bedroom+bathroom+hallway,etoile,5,base,,0.50,False,False,,,,64,0.400,0.2500,0.0000,4,9.800,,,2.176,invariant_viole
hd02_004,living+kitchen+bedroom+bathroom+hallway,etoile,5,pavage,0,0.50,False,False,,,,64,0.400,0.2500,0.0000,4,9.800,,,0.660,trame
hd02_004,living+kitchen+bedroom+bathroom+hallway,etoile,5,pavage,4,0.50,False,False,,,,64,0.400,0.2500,0.0000,4,9.800,,,0.836,trame
hd02_004,living+kitchen+bedroom+bathroom+hallway,etoile,5,pavage,8,0.50,False,False,,,,64,0.400,0.2500,0.0000,4,9.800,,,3.107,infaisable
hd02_004,living+kitchen+bedroom+bathroom+hallway,etoile,5,pavage,16,0.50,False,False,,,,64,0.400,0.2500,0.0000,4,9.800,,,3.776,infaisable
hd02_004,living+kitchen+bedroom+bathroom+hallway,etoile,5,pavage,16,0.00,False,True,5,0.0000,False,64,0.400,0.2500,0.0000,4,9.800,5.530289,0.5643,3.045,ok
hd02_004,living+kitchen+bedroom+bathroom+hallway,etoile,5,pavage,16,0.25,False,False,,,,64,0.400,0.2500,0.0000,4,9.800,,,3.243,infaisable
hd02_004,living+kitchen+bedroom+bathroom+hallway,etoile,5,pavage,16,1.00,False,False,,,,64,0.400,0.2500,0.0000,4,9.800,,,3.159,infaisable
hd02_004,living+kitchen+bedroom+bathroom+hallway,etoile,5,pavage,16,1.80,False,False,,,,64,0.400,0.2500,0.0000,4,9.800,,,3.780,infaisable
hd02_005,living+kitchen+bedroom+bathroom+hallway,etoile,5,base,,0.50,False,False,,,,35,0.400,0.1514,0.0000,4,11.001,,,2.119,invariant_viole
hd02_005,living+kitchen+bedroom+bathroom+hallway,etoile,5,pavage,0,0.50,False,False,,,,35,0.400,0.1514,0.0000,4,11.001,,,0.623,trame
hd02_005,living+kitchen+bedroom+bathroom+hallway,etoile,5,pavage,4,0.50,False,False,,,,35,0.400,0.1514,0.0000,4,11.001,,,0.818,trame
hd02_005,living+kitchen+bedroom+bathroom+hallway,etoile,5,pavage,8,0.50,False,False,,,,35,0.400,0.1514,0.0000,4,11.001,,,3.152,infaisable
hd02_005,living+kitchen+bedroom+bathroom+hallway,etoile,5,pavage,16,0.50,False,False,,,,35,0.400,0.1514,0.0000,4,11.001,,,3.226,infaisable
hd02_005,living+kitchen+bedroom+bathroom+hallway,etoile,5,pavage,16,0.00,False,True,5,0.0000,False,35,0.400,0.1514,0.0000,4,11.001,3.626419,0.3296,5.347,ok
hd02_005,living+kitchen+bedroom+bathroom+hallway,etoile,5,pavage,16,0.25,False,False,,,,35,0.400,0.1514,0.0000,4,11.001,,,3.974,infaisable
hd02_005,living+kitchen+bedroom+bathroom+hallway,etoile,5,pavage,16,1.00,False,False,,,,35,0.400,0.1514,0.0000,4,11.001,,,3.403,infaisable
hd02_005,living+kitchen+bedroom+bathroom+hallway,etoile,5,pavage,16,1.80,False,False,,,,35,0.400,0.1514,0.0000,4,11.001,,,3.279,infaisable
hd02_006,living+kitchen+bedroom+bathroom+hallway,etoile,5,base,,0.50,False,False,,,,48,0.400,0.4305,0.0000,4,9.225,,,2.238,invariant_viole
hd02_006,living+kitchen+bedroom+bathroom+hallway,etoile,5,pavage,0,0.50,False,False,,,,48,0.400,0.4305,0.0000,4,9.225,,,0.676,trame
hd02_006,living+kitchen+bedroom+bathroom+hallway,etoile,5,pavage,4,0.50,False,True,5,0.9973,True,48,0.400,0.4305,0.0000,4,9.225,3.717079,0.4029,2.947,ok
hd02_006,living+kitchen+bedroom+bathroom+hallway,etoile,5,pavage,8,0.50,False,True,5,0.9973,True,48,0.400,0.4305,0.0000,4,9.225,3.717079,0.4029,3.066,ok
hd02_006,living+kitchen+bedroom+bathroom+hallway,etoile,5,pavage,16,0.50,False,True,5,0.9973,True,48,0.400,0.4305,0.0000,4,9.225,3.717079,0.4029,2.912,ok
hd02_006,living+kitchen+bedroom+bathroom+hallway,etoile,5,pavage,16,0.00,False,True,5,0.9973,True,48,0.400,0.4305,0.0000,4,9.225,3.717079,0.4029,2.980,ok
hd02_006,living+kitchen+bedroom+bathroom+hallway,etoile,5,pavage,16,0.25,False,True,5,0.9973,True,48,0.400,0.4305,0.0000,4,9.225,3.717079,0.4029,5.506,ok
hd02_006,living+kitchen+bedroom+bathroom+hallway,etoile,5,pavage,16,1.00,False,True,5,1.0000,True,48,0.400,0.4305,0.0000,4,9.225,3.717079,0.4029,3.548,ok
hd02_006,living+kitchen+bedroom+bathroom+hallway,etoile,5,pavage,16,1.80,False,True,5,1.8000,True,48,0.400,0.4305,0.0000,4,9.225,3.717079,0.4029,3.556,ok
hd02_007,living+kitchen+bedroom+bathroom+hallway,etoile,5,base,,0.50,False,False,,,,72,0.800,0.3566,0.0000,3,10.734,,,2.860,invariant_viole
hd02_007,living+kitchen+bedroom+bathroom+hallway,etoile,5,pavage,0,0.50,False,False,,,,72,0.800,0.3566,0.0000,3,10.734,,,0.911,trame
hd02_007,living+kitchen+bedroom+bathroom+hallway,etoile,5,pavage,4,0.50,False,False,,,,72,0.800,0.3566,0.0000,3,10.734,,,1.087,trame
hd02_007,living+kitchen+bedroom+bathroom+hallway,etoile,5,pavage,8,0.50,False,False,,,,72,0.800,0.3566,0.0000,3,10.734,,,6.117,infaisable
hd02_007,living+kitchen+bedroom+bathroom+hallway,etoile,5,pavage,16,0.50,False,False,,,,72,0.800,0.3566,0.0000,3,10.734,,,3.680,infaisable
hd02_007,living+kitchen+bedroom+bathroom+hallway,etoile,5,pavage,16,0.00,False,True,5,0.0000,False,72,0.800,0.3566,0.0000,3,10.734,9.791331,0.9122,6.171,ok
hd02_007,living+kitchen+bedroom+bathroom+hallway,etoile,5,pavage,16,0.25,False,False,,,,72,0.800,0.3566,0.0000,3,10.734,,,4.324,infaisable
hd02_007,living+kitchen+bedroom+bathroom+hallway,etoile,5,pavage,16,1.00,False,False,,,,72,0.800,0.3566,0.0000,3,10.734,,,3.504,infaisable
hd02_007,living+kitchen+bedroom+bathroom+hallway,etoile,5,pavage,16,1.80,False,False,,,,72,0.800,0.3566,0.0000,3,10.734,,,4.446,infaisable
hd02_008,living+kitchen+bedroom+bathroom+hallway,etoile,5,base,,0.50,False,False,,,,56,1.600,0.2270,0.0000,2,10.420,,,2.123,invariant_viole
hd02_008,living+kitchen+bedroom+bathroom+hallway,etoile,5,pavage,0,0.50,False,False,,,,56,1.600,0.2270,0.0000,2,10.420,,,0.669,trame
hd02_008,living+kitchen+bedroom+bathroom+hallway,etoile,5,pavage,4,0.50,False,False,,,,56,1.600,0.2270,0.0000,2,10.420,,,3.169,infaisable
hd02_008,living+kitchen+bedroom+bathroom+hallway,etoile,5,pavage,8,0.50,False,False,,,,56,1.600,0.2270,0.0000,2,10.420,,,3.185,infaisable
hd02_008,living+kitchen+bedroom+bathroom+hallway,etoile,5,pavage,16,0.50,False,False,,,,56,1.600,0.2270,0.0000,2,10.420,,,5.030,infaisable
hd02_008,living+kitchen+bedroom+bathroom+hallway,etoile,5,pavage,16,0.00,False,True,5,0.0000,False,56,1.600,0.2270,0.0000,2,10.420,5.802270,0.5569,3.312,ok
hd02_008,living+kitchen+bedroom+bathroom+hallway,etoile,5,pavage,16,0.25,False,False,,,,56,1.600,0.2270,0.0000,2,10.420,,,3.407,infaisable
hd02_008,living+kitchen+bedroom+bathroom+hallway,etoile,5,pavage,16,1.00,False,False,,,,56,1.600,0.2270,0.0000,2,10.420,,,3.159,infaisable
hd02_008,living+kitchen+bedroom+bathroom+hallway,etoile,5,pavage,16,1.80,False,False,,,,56,1.600,0.2270,0.0000,2,10.420,,,4.600,infaisable
hd02_009,living+kitchen+bedroom+bathroom+hallway,etoile,5,base,,0.50,False,False,,,,64,0.400,0.3068,0.0000,4,9.679,,,2.197,invariant_viole
hd02_009,living+kitchen+bedroom+bathroom+hallway,etoile,5,pavage,0,0.50,False,False,,,,64,0.400,0.3068,0.0000,4,9.679,,,0.669,trame
hd02_009,living+kitchen+bedroom+bathroom+hallway,etoile,5,pavage,4,0.50,False,False,,,,64,0.400,0.3068,0.0000,4,9.679,,,3.489,infaisable
hd02_009,living+kitchen+bedroom+bathroom+hallway,etoile,5,pavage,8,0.50,False,False,,,,64,0.400,0.3068,0.0000,4,9.679,,,3.278,infaisable
hd02_009,living+kitchen+bedroom+bathroom+hallway,etoile,5,pavage,16,0.50,False,False,,,,64,0.400,0.3068,0.0000,4,9.679,,,3.903,infaisable
hd02_009,living+kitchen+bedroom+bathroom+hallway,etoile,5,pavage,16,0.00,False,True,5,0.0000,False,64,0.400,0.3068,0.0000,4,9.679,3.626419,0.3747,3.601,ok
hd02_009,living+kitchen+bedroom+bathroom+hallway,etoile,5,pavage,16,0.25,False,False,,,,64,0.400,0.3068,0.0000,4,9.679,,,3.678,infaisable
hd02_009,living+kitchen+bedroom+bathroom+hallway,etoile,5,pavage,16,1.00,False,False,,,,64,0.400,0.3068,0.0000,4,9.679,,,3.249,infaisable
hd02_009,living+kitchen+bedroom+bathroom+hallway,etoile,5,pavage,16,1.80,False,False,,,,64,0.400,0.3068,0.0000,4,9.679,,,3.689,infaisable
hd02_010,living+kitchen+bedroom+bathroom+hallway,etoile,5,base,,0.50,False,False,,,,72,0.800,0.3499,0.0000,3,10.787,,,2.067,invariant_viole
hd02_010,living+kitchen+bedroom+bathroom+hallway,etoile,5,pavage,0,0.50,False,False,,,,72,0.800,0.3499,0.0000,3,10.787,,,0.691,trame
hd02_010,living+kitchen+bedroom+bathroom+hallway,etoile,5,pavage,4,0.50,False,False,,,,72,0.800,0.3499,0.0000,3,10.787,,,0.912,trame
hd02_010,living+kitchen+bedroom+bathroom+hallway,etoile,5,pavage,8,0.50,False,False,,,,72,0.800,0.3499,0.0000,3,10.787,,,1.007,trame
hd02_010,living+kitchen+bedroom+bathroom+hallway,etoile,5,pavage,16,0.50,False,False,,,,72,0.800,0.3499,0.0000,3,10.787,,,0.989,trame
hd02_010,living+kitchen+bedroom+bathroom+hallway,etoile,5,pavage,16,0.00,False,False,,,,72,0.800,0.3499,0.0000,3,10.787,,,0.996,trame
hd02_010,living+kitchen+bedroom+bathroom+hallway,etoile,5,pavage,16,0.25,False,False,,,,72,0.800,0.3499,0.0000,3,10.787,,,0.992,trame
hd02_010,living+kitchen+bedroom+bathroom+hallway,etoile,5,pavage,16,1.00,False,False,,,,72,0.800,0.3499,0.0000,3,10.787,,,0.983,trame
hd02_010,living+kitchen+bedroom+bathroom+hallway,etoile,5,pavage,16,1.80,False,False,,,,72,0.800,0.3499,0.0000,3,10.787,,,0.972,trame
hd02_011,living+kitchen+bedroom+bathroom+hallway,etoile,5,base,,0.50,False,False,,,,72,0.800,0.4114,0.0000,3,11.128,,,2.893,invariant_viole
hd02_011,living+kitchen+bedroom+bathroom+hallway,etoile,5,pavage,0,0.50,False,False,,,,72,0.800,0.4114,0.0000,3,11.128,,,1.253,trame
hd02_011,living+kitchen+bedroom+bathroom+hallway,etoile,5,pavage,4,0.50,False,False,,,,72,0.800,0.4114,0.0000,3,11.128,,,1.630,trame
hd02_011,living+kitchen+bedroom+bathroom+hallway,etoile,5,pavage,8,0.50,False,False,,,,72,0.800,0.4114,0.0000,3,11.128,,,4.763,infaisable
hd02_011,living+kitchen+bedroom+bathroom+hallway,etoile,5,pavage,16,0.50,False,False,,,,72,0.800,0.4114,0.0000,3,11.128,,,3.484,infaisable
hd02_011,living+kitchen+bedroom+bathroom+hallway,etoile,5,pavage,16,0.00,False,False,,,,72,0.800,0.4114,0.0000,3,11.128,,,3.647,infaisable
hd02_011,living+kitchen+bedroom+bathroom+hallway,etoile,5,pavage,16,0.25,False,False,,,,72,0.800,0.4114,0.0000,3,11.128,,,4.535,infaisable
hd02_011,living+kitchen+bedroom+bathroom+hallway,etoile,5,pavage,16,1.00,False,False,,,,72,0.800,0.4114,0.0000,3,11.128,,,5.520,infaisable
hd02_011,living+kitchen+bedroom+bathroom+hallway,etoile,5,pavage,16,1.80,False,False,,,,72,0.800,0.4114,0.0000,3,11.128,,,3.527,infaisable
hd02_012,living+kitchen+bedroom+bathroom+hallway,etoile,5,base,,0.50,False,False,,,,49,0.400,0.1422,0.0000,4,11.370,,,4.059,invariant_viole
hd02_012,living+kitchen+bedroom+bathroom+hallway,etoile,5,pavage,0,0.50,False,False,,,,49,0.400,0.1422,0.0000,4,11.370,,,0.875,trame
hd02_012,living+kitchen+bedroom+bathroom+hallway,etoile,5,pavage,4,0.50,False,False,,,,49,0.400,0.1422,0.0000,4,11.370,,,0.986,trame
hd02_012,living+kitchen+bedroom+bathroom+hallway,etoile,5,pavage,8,0.50,False,False,,,,49,0.400,0.1422,0.0000,4,11.370,,,1.030,trame
hd02_012,living+kitchen+bedroom+bathroom+hallway,etoile,5,pavage,16,0.50,False,False,,,,49,0.400,0.1422,0.0000,4,11.370,,,0.939,trame
hd02_012,living+kitchen+bedroom+bathroom+hallway,etoile,5,pavage,16,0.00,False,False,,,,49,0.400,0.1422,0.0000,4,11.370,,,0.898,trame
hd02_012,living+kitchen+bedroom+bathroom+hallway,etoile,5,pavage,16,0.25,False,False,,,,49,0.400,0.1422,0.0000,4,11.370,,,0.803,trame
hd02_012,living+kitchen+bedroom+bathroom+hallway,etoile,5,pavage,16,1.00,False,False,,,,49,0.400,0.1422,0.0000,4,11.370,,,0.826,trame
hd02_012,living+kitchen+bedroom+bathroom+hallway,etoile,5,pavage,16,1.80,False,False,,,,49,0.400,0.1422,0.0000,4,11.370,,,1.106,trame
hd02_013,living+kitchen+bedroom+bathroom+hallway,etoile,5,base,,0.50,False,False,,,,56,0.400,0.3078,0.0000,4,9.597,,,2.713,invariant_viole
hd02_013,living+kitchen+bedroom+bathroom+hallway,etoile,5,pavage,0,0.50,False,False,,,,56,0.400,0.3078,0.0000,4,9.597,,,1.107,trame
hd02_013,living+kitchen+bedroom+bathroom+hallway,etoile,5,pavage,4,0.50,False,False,,,,56,0.400,0.3078,0.0000,4,9.597,,,1.070,trame
hd02_013,living+kitchen+bedroom+bathroom+hallway,etoile,5,pavage,8,0.50,False,True,5,0.9973,True,56,0.400,0.3078,0.0000,4,9.597,6.980856,0.7274,3.349,ok
hd02_013,living+kitchen+bedroom+bathroom+hallway,etoile,5,pavage,16,0.50,False,True,5,0.9973,True,56,0.400,0.3078,0.0000,4,9.597,6.980856,0.7274,3.080,ok
hd02_013,living+kitchen+bedroom+bathroom+hallway,etoile,5,pavage,16,0.00,False,True,5,0.9973,True,56,0.400,0.3078,0.0000,4,9.597,6.980856,0.7274,3.182,ok
hd02_013,living+kitchen+bedroom+bathroom+hallway,etoile,5,pavage,16,0.25,False,True,5,0.9973,True,56,0.400,0.3078,0.0000,4,9.597,6.980856,0.7274,3.300,ok
hd02_013,living+kitchen+bedroom+bathroom+hallway,etoile,5,pavage,16,1.00,False,True,5,1.0000,True,56,0.400,0.3078,0.0000,4,9.597,6.980856,0.7274,4.159,ok
hd02_013,living+kitchen+bedroom+bathroom+hallway,etoile,5,pavage,16,1.80,False,True,5,1.8000,True,56,0.400,0.3078,0.0000,4,9.597,6.980856,0.7274,4.204,ok
hd02_014,living+kitchen+bedroom+bathroom+hallway,etoile,5,base,,0.50,False,False,,,,54,0.800,0.4555,0.0000,3,12.471,,,2.165,invariant_viole
hd02_014,living+kitchen+bedroom+bathroom+hallway,etoile,5,pavage,0,0.50,False,False,,,,54,0.800,0.4555,0.0000,3,12.471,,,0.694,trame
hd02_014,living+kitchen+bedroom+bathroom+hallway,etoile,5,pavage,4,0.50,False,False,,,,54,0.800,0.4555,0.0000,3,12.471,,,0.935,trame
hd02_014,living+kitchen+bedroom+bathroom+hallway,etoile,5,pavage,8,0.50,False,False,,,,54,0.800,0.4555,0.0000,3,12.471,,,3.923,infaisable
hd02_014,living+kitchen+bedroom+bathroom+hallway,etoile,5,pavage,16,0.50,False,False,,,,54,0.800,0.4555,0.0000,3,12.471,,,3.761,infaisable
hd02_014,living+kitchen+bedroom+bathroom+hallway,etoile,5,pavage,16,0.00,False,True,5,0.0000,False,54,0.800,0.4555,0.0000,3,12.471,6.618214,0.5307,3.480,ok
hd02_014,living+kitchen+bedroom+bathroom+hallway,etoile,5,pavage,16,0.25,False,False,,,,54,0.800,0.4555,0.0000,3,12.471,,,3.820,infaisable
hd02_014,living+kitchen+bedroom+bathroom+hallway,etoile,5,pavage,16,1.00,False,False,,,,54,0.800,0.4555,0.0000,3,12.471,,,3.508,infaisable
hd02_014,living+kitchen+bedroom+bathroom+hallway,etoile,5,pavage,16,1.80,False,False,,,,54,0.800,0.4555,0.0000,3,12.471,,,4.552,infaisable
hd02_015,living+kitchen+bedroom+bathroom+hallway,etoile,5,base,,0.50,False,False,,,,64,0.800,0.1492,0.0000,3,9.454,,,2.258,invariant_viole
hd02_015,living+kitchen+bedroom+bathroom+hallway,etoile,5,pavage,0,0.50,False,False,,,,64,0.800,0.1492,0.0000,3,9.454,,,0.689,trame
hd02_015,living+kitchen+bedroom+bathroom+hallway,etoile,5,pavage,4,0.50,False,True,5,1.3599,True,64,0.800,0.1492,0.0000,3,9.454,1.178586,0.1247,2.980,ok
hd02_015,living+kitchen+bedroom+bathroom+hallway,etoile,5,pavage,8,0.50,False,True,5,1.3599,True,64,0.800,0.1492,0.0000,3,9.454,1.178586,0.1247,3.048,ok
hd02_015,living+kitchen+bedroom+bathroom+hallway,etoile,5,pavage,16,0.50,False,True,5,1.3599,True,64,0.800,0.1492,0.0000,3,9.454,1.178586,0.1247,3.445,ok
hd02_015,living+kitchen+bedroom+bathroom+hallway,etoile,5,pavage,16,0.00,False,True,5,1.3599,True,64,0.800,0.1492,0.0000,3,9.454,1.178586,0.1247,2.979,ok
hd02_015,living+kitchen+bedroom+bathroom+hallway,etoile,5,pavage,16,0.25,False,True,5,1.3599,True,64,0.800,0.1492,0.0000,3,9.454,1.178586,0.1247,2.958,ok
hd02_015,living+kitchen+bedroom+bathroom+hallway,etoile,5,pavage,16,1.00,False,True,5,1.3599,True,64,0.800,0.1492,0.0000,3,9.454,1.178586,0.1247,3.008,ok
hd02_015,living+kitchen+bedroom+bathroom+hallway,etoile,5,pavage,16,1.80,False,True,5,1.8000,True,64,0.800,0.1492,0.0000,3,9.454,1.101135,0.1165,3.567,ok
hd02_016,living+kitchen+bedroom+bathroom+hallway,etoile,5,base,,0.50,False,False,,,,36,0.800,0.4578,0.0000,3,12.413,,,3.031,invariant_viole
hd02_016,living+kitchen+bedroom+bathroom+hallway,etoile,5,pavage,0,0.50,False,False,,,,36,0.800,0.4578,0.0000,3,12.413,,,0.744,trame
hd02_016,living+kitchen+bedroom+bathroom+hallway,etoile,5,pavage,4,0.50,False,False,,,,36,0.800,0.4578,0.0000,3,12.413,,,3.951,infaisable
hd02_016,living+kitchen+bedroom+bathroom+hallway,etoile,5,pavage,8,0.50,False,False,,,,36,0.800,0.4578,0.0000,3,12.413,,,4.042,infaisable
hd02_016,living+kitchen+bedroom+bathroom+hallway,etoile,5,pavage,16,0.50,False,False,,,,36,0.800,0.4578,0.0000,3,12.413,,,4.685,infaisable
hd02_016,living+kitchen+bedroom+bathroom+hallway,etoile,5,pavage,16,0.00,False,True,5,0.0000,False,36,0.800,0.4578,0.0000,3,12.413,9.791331,0.7888,3.264,ok
hd02_016,living+kitchen+bedroom+bathroom+hallway,etoile,5,pavage,16,0.25,False,False,,,,36,0.800,0.4578,0.0000,3,12.413,,,3.333,infaisable
hd02_016,living+kitchen+bedroom+bathroom+hallway,etoile,5,pavage,16,1.00,False,False,,,,36,0.800,0.4578,0.0000,3,12.413,,,3.254,infaisable
hd02_016,living+kitchen+bedroom+bathroom+hallway,etoile,5,pavage,16,1.80,False,False,,,,36,0.800,0.4578,0.0000,3,12.413,,,3.323,infaisable
hd02_017,living+kitchen+bedroom+bathroom+hallway,etoile,5,base,,0.50,False,False,,,,42,0.800,0.1272,0.0000,3,9.746,,,2.204,invariant_viole
hd02_017,living+kitchen+bedroom+bathroom+hallway,etoile,5,pavage,0,0.50,False,False,,,,42,0.800,0.1272,0.0000,3,9.746,,,0.728,trame
hd02_017,living+kitchen+bedroom+bathroom+hallway,etoile,5,pavage,4,0.50,False,True,5,1.3599,True,42,0.800,0.1272,0.0000,3,9.746,1.994530,0.2046,2.871,ok
hd02_017,living+kitchen+bedroom+bathroom+hallway,etoile,5,pavage,8,0.50,False,True,5,1.3599,True,42,0.800,0.1272,0.0000,3,9.746,1.994530,0.2046,2.890,ok
hd02_017,living+kitchen+bedroom+bathroom+hallway,etoile,5,pavage,16,0.50,False,True,5,1.3599,True,42,0.800,0.1272,0.0000,3,9.746,1.994530,0.2046,3.468,ok
hd02_017,living+kitchen+bedroom+bathroom+hallway,etoile,5,pavage,16,0.00,False,True,5,1.3599,True,42,0.800,0.1272,0.0000,3,9.746,1.994530,0.2046,3.860,ok
hd02_017,living+kitchen+bedroom+bathroom+hallway,etoile,5,pavage,16,0.25,False,True,5,1.3599,True,42,0.800,0.1272,0.0000,3,9.746,1.994530,0.2046,2.899,ok
hd02_017,living+kitchen+bedroom+bathroom+hallway,etoile,5,pavage,16,1.00,False,True,5,1.3599,True,42,0.800,0.1272,0.0000,3,9.746,1.994530,0.2046,2.901,ok
hd02_017,living+kitchen+bedroom+bathroom+hallway,etoile,5,pavage,16,1.80,False,True,5,1.8000,True,42,0.800,0.1272,0.0000,3,9.746,1.554437,0.1595,2.818,ok
hd02_018,living+kitchen+bedroom+bathroom+hallway,etoile,5,base,,0.50,False,False,,,,48,0.800,0.4008,0.0000,3,9.194,,,3.529,invariant_viole
hd02_018,living+kitchen+bedroom+bathroom+hallway,etoile,5,pavage,0,0.50,False,False,,,,48,0.800,0.4008,0.0000,3,9.194,,,0.667,trame
hd02_018,living+kitchen+bedroom+bathroom+hallway,etoile,5,pavage,4,0.50,False,False,,,,48,0.800,0.4008,0.0000,3,9.194,,,0.899,trame
hd02_018,living+kitchen+bedroom+bathroom+hallway,etoile,5,pavage,8,0.50,False,False,,,,48,0.800,0.4008,0.0000,3,9.194,,,1.155,trame
hd02_018,living+kitchen+bedroom+bathroom+hallway,etoile,5,pavage,16,0.50,False,False,,,,48,0.800,0.4008,0.0000,3,9.194,,,0.869,trame
hd02_018,living+kitchen+bedroom+bathroom+hallway,etoile,5,pavage,16,0.00,False,False,,,,48,0.800,0.4008,0.0000,3,9.194,,,0.938,trame
hd02_018,living+kitchen+bedroom+bathroom+hallway,etoile,5,pavage,16,0.25,False,False,,,,48,0.800,0.4008,0.0000,3,9.194,,,0.959,trame
hd02_018,living+kitchen+bedroom+bathroom+hallway,etoile,5,pavage,16,1.00,False,False,,,,48,0.800,0.4008,0.0000,3,9.194,,,0.888,trame
hd02_018,living+kitchen+bedroom+bathroom+hallway,etoile,5,pavage,16,1.80,False,False,,,,48,0.800,0.4008,0.0000,3,9.194,,,0.891,trame
hd02_019,living+kitchen+bedroom+bathroom+hallway,etoile,5,base,,0.50,False,False,,,,49,0.400,0.2165,0.0000,4,9.387,,,2.156,invariant_viole
hd02_019,living+kitchen+bedroom+bathroom+hallway,etoile,5,pavage,0,0.50,False,False,,,,49,0.400,0.2165,0.0000,4,9.387,,,0.970,trame
hd02_019,living+kitchen+bedroom+bathroom+hallway,etoile,5,pavage,4,0.50,False,False,,,,49,0.400,0.2165,0.0000,4,9.387,,,1.114,trame
hd02_019,living+kitchen+bedroom+bathroom+hallway,etoile,5,pavage,8,0.50,False,False,,,,49,0.400,0.2165,0.0000,4,9.387,,,1.166,trame
hd02_019,living+kitchen+bedroom+bathroom+hallway,etoile,5,pavage,16,0.50,False,False,,,,49,0.400,0.2165,0.0000,4,9.387,,,0.807,trame
hd02_019,living+kitchen+bedroom+bathroom+hallway,etoile,5,pavage,16,0.00,False,False,,,,49,0.400,0.2165,0.0000,4,9.387,,,0.774,trame
hd02_019,living+kitchen+bedroom+bathroom+hallway,etoile,5,pavage,16,0.25,False,False,,,,49,0.400,0.2165,0.0000,4,9.387,,,0.754,trame
hd02_019,living+kitchen+bedroom+bathroom+hallway,etoile,5,pavage,16,1.00,False,False,,,,49,0.400,0.2165,0.0000,4,9.387,,,0.768,trame
hd02_019,living+kitchen+bedroom+bathroom+hallway,etoile,5,pavage,16,1.80,False,False,,,,49,0.400,0.2165,0.0000,4,9.387,,,0.749,trame
hd02_020,living+kitchen+bedroom+bathroom+hallway,etoile,5,base,,0.50,False,False,,,,42,0.400,0.2735,0.0000,4,9.135,,,2.145,invariant_viole
hd02_020,living+kitchen+bedroom+bathroom+hallway,etoile,5,pavage,0,0.50,False,False,,,,42,0.400,0.2735,0.0000,4,9.135,,,0.629,trame
hd02_020,living+kitchen+bedroom+bathroom+hallway,etoile,5,pavage,4,0.50,False,False,,,,42,0.400,0.2735,0.0000,4,9.135,,,1.059,trame
hd02_020,living+kitchen+bedroom+bathroom+hallway,etoile,5,pavage,8,0.50,False,True,5,1.3599,True,42,0.400,0.2735,0.0000,4,9.135,5.167647,0.5657,3.579,ok
hd02_020,living+kitchen+bedroom+bathroom+hallway,etoile,5,pavage,16,0.50,False,True,5,1.3599,True,42,0.400,0.2735,0.0000,4,9.135,5.167647,0.5657,3.426,ok
hd02_020,living+kitchen+bedroom+bathroom+hallway,etoile,5,pavage,16,0.00,False,True,5,1.3599,True,42,0.400,0.2735,0.0000,4,9.135,5.167647,0.5657,3.391,ok
hd02_020,living+kitchen+bedroom+bathroom+hallway,etoile,5,pavage,16,0.25,False,True,5,1.3599,True,42,0.400,0.2735,0.0000,4,9.135,5.167647,0.5657,3.095,ok
hd02_020,living+kitchen+bedroom+bathroom+hallway,etoile,5,pavage,16,1.00,False,True,5,1.3599,True,42,0.400,0.2735,0.0000,4,9.135,5.167647,0.5657,3.126,ok
hd02_020,living+kitchen+bedroom+bathroom+hallway,etoile,5,pavage,16,1.80,False,True,5,1.8000,True,42,0.400,0.2735,0.0000,4,9.135,5.167647,0.5657,4.949,ok
hd02_021,living+kitchen+bedroom+bathroom+hallway,etoile,5,base,,0.50,False,False,,,,63,0.400,0.4461,0.0000,4,10.420,,,3.567,invariant_viole
hd02_021,living+kitchen+bedroom+bathroom+hallway,etoile,5,pavage,0,0.50,False,False,,,,63,0.400,0.4461,0.0000,4,10.420,,,0.908,trame
hd02_021,living+kitchen+bedroom+bathroom+hallway,etoile,5,pavage,4,0.50,False,True,5,1.0879,True,63,0.400,0.4461,0.0000,4,10.420,5.076986,0.4873,3.925,ok
hd02_021,living+kitchen+bedroom+bathroom+hallway,etoile,5,pavage,8,0.50,False,True,5,1.0879,True,63,0.400,0.4461,0.0000,4,10.420,5.076986,0.4873,3.717,ok
hd02_021,living+kitchen+bedroom+bathroom+hallway,etoile,5,pavage,16,0.50,False,True,5,1.0879,True,63,0.400,0.4461,0.0000,4,10.420,5.076986,0.4873,3.387,ok
hd02_021,living+kitchen+bedroom+bathroom+hallway,etoile,5,pavage,16,0.00,False,True,5,1.0879,True,63,0.400,0.4461,0.0000,4,10.420,5.076986,0.4873,3.668,ok
hd02_021,living+kitchen+bedroom+bathroom+hallway,etoile,5,pavage,16,0.25,False,True,5,1.0879,True,63,0.400,0.4461,0.0000,4,10.420,5.076986,0.4873,3.664,ok
hd02_021,living+kitchen+bedroom+bathroom+hallway,etoile,5,pavage,16,1.00,False,True,5,1.1786,True,63,0.400,0.4461,0.0000,4,10.420,5.076986,0.4873,4.175,ok
hd02_021,living+kitchen+bedroom+bathroom+hallway,etoile,5,pavage,16,1.80,False,True,5,1.8000,True,63,0.400,0.4461,0.0000,4,10.420,5.076986,0.4873,3.543,ok
hd02_022,living+kitchen+bedroom+bathroom+hallway,etoile,5,base,,0.50,False,False,,,,48,0.400,0.3202,0.0000,4,9.825,,,2.268,invariant_viole
hd02_022,living+kitchen+bedroom+bathroom+hallway,etoile,5,pavage,0,0.50,False,False,,,,48,0.400,0.3202,0.0000,4,9.825,,,0.663,trame
hd02_022,living+kitchen+bedroom+bathroom+hallway,etoile,5,pavage,4,0.50,False,False,,,,48,0.400,0.3202,0.0000,4,9.825,,,0.889,trame
hd02_022,living+kitchen+bedroom+bathroom+hallway,etoile,5,pavage,8,0.50,False,False,,,,48,0.400,0.3202,0.0000,4,9.825,,,3.313,infaisable
hd02_022,living+kitchen+bedroom+bathroom+hallway,etoile,5,pavage,16,0.50,False,False,,,,48,0.400,0.3202,0.0000,4,9.825,,,4.431,infaisable
hd02_022,living+kitchen+bedroom+bathroom+hallway,etoile,5,pavage,16,0.00,False,True,5,0.0000,False,48,0.400,0.3202,0.0000,4,9.825,6.618214,0.6736,3.983,ok
hd02_022,living+kitchen+bedroom+bathroom+hallway,etoile,5,pavage,16,0.25,False,False,,,,48,0.400,0.3202,0.0000,4,9.825,,,3.377,infaisable
hd02_022,living+kitchen+bedroom+bathroom+hallway,etoile,5,pavage,16,1.00,False,False,,,,48,0.400,0.3202,0.0000,4,9.825,,,3.324,infaisable
hd02_022,living+kitchen+bedroom+bathroom+hallway,etoile,5,pavage,16,1.80,False,False,,,,48,0.400,0.3202,0.0000,4,9.825,,,3.886,infaisable
hd02_023,living+kitchen+bedroom+bathroom+hallway,etoile,5,base,,0.50,False,False,,,,63,0.400,0.3775,0.0000,4,10.848,,,2.158,invariant_viole
hd02_023,living+kitchen+bedroom+bathroom+hallway,etoile,5,pavage,0,0.50,False,False,,,,63,0.400,0.3775,0.0000,4,10.848,,,0.688,trame
hd02_023,living+kitchen+bedroom+bathroom+hallway,etoile,5,pavage,4,0.50,False,False,,,,63,0.400,0.3775,0.0000,4,10.848,,,0.874,trame
hd02_023,living+kitchen+bedroom+bathroom+hallway,etoile,5,pavage,8,0.50,False,False,,,,63,0.400,0.3775,0.0000,4,10.848,,,1.064,trame
hd02_023,living+kitchen+bedroom+bathroom+hallway,etoile,5,pavage,16,0.50,False,False,,,,63,0.400,0.3775,0.0000,4,10.848,,,1.065,trame
hd02_023,living+kitchen+bedroom+bathroom+hallway,etoile,5,pavage,16,0.00,False,False,,,,63,0.400,0.3775,0.0000,4,10.848,,,1.071,trame
hd02_023,living+kitchen+bedroom+bathroom+hallway,etoile,5,pavage,16,0.25,False,False,,,,63,0.400,0.3775,0.0000,4,10.848,,,1.094,trame
hd02_023,living+kitchen+bedroom+bathroom+hallway,etoile,5,pavage,16,1.00,False,False,,,,63,0.400,0.3775,0.0000,4,10.848,,,1.288,trame
hd02_023,living+kitchen+bedroom+bathroom+hallway,etoile,5,pavage,16,1.80,False,False,,,,63,0.400,0.3775,0.0000,4,10.848,,,1.062,trame
hd02_024,living+kitchen+bedroom+bathroom+hallway,etoile,5,base,,0.50,False,False,,,,49,0.800,0.1450,0.0000,3,10.956,,,2.321,invariant_viole
hd02_024,living+kitchen+bedroom+bathroom+hallway,etoile,5,pavage,0,0.50,False,False,,,,49,0.800,0.1450,0.0000,3,10.956,,,0.676,trame
hd02_024,living+kitchen+bedroom+bathroom+hallway,etoile,5,pavage,4,0.50,False,False,,,,49,0.800,0.1450,0.0000,3,10.956,,,3.032,infaisable
hd02_024,living+kitchen+bedroom+bathroom+hallway,etoile,5,pavage,8,0.50,False,False,,,,49,0.800,0.1450,0.0000,3,10.956,,,2.979,infaisable
hd02_024,living+kitchen+bedroom+bathroom+hallway,etoile,5,pavage,16,0.50,False,False,,,,49,0.800,0.1450,0.0000,3,10.956,,,2.956,infaisable
hd02_024,living+kitchen+bedroom+bathroom+hallway,etoile,5,pavage,16,0.00,False,True,5,0.0000,False,49,0.800,0.1450,0.0000,3,10.956,6.164912,0.5627,3.216,ok
hd02_024,living+kitchen+bedroom+bathroom+hallway,etoile,5,pavage,16,0.25,False,False,,,,49,0.800,0.1450,0.0000,3,10.956,,,3.948,infaisable
hd02_024,living+kitchen+bedroom+bathroom+hallway,etoile,5,pavage,16,1.00,False,False,,,,49,0.800,0.1450,0.0000,3,10.956,,,3.024,infaisable
hd02_024,living+kitchen+bedroom+bathroom+hallway,etoile,5,pavage,16,1.80,False,False,,,,49,0.800,0.1450,0.0000,3,10.956,,,3.503,infaisable
hd02_025,living+kitchen+bedroom+bathroom+hallway,etoile,5,base,,0.50,False,False,,,,42,0.400,0.2373,0.0000,4,10.635,,,2.888,invariant_viole
hd02_025,living+kitchen+bedroom+bathroom+hallway,etoile,5,pavage,0,0.50,False,False,,,,42,0.400,0.2373,0.0000,4,10.635,,,0.756,trame
hd02_025,living+kitchen+bedroom+bathroom+hallway,etoile,5,pavage,4,0.50,False,False,,,,42,0.400,0.2373,0.0000,4,10.635,,,3.132,infaisable
hd02_025,living+kitchen+bedroom+bathroom+hallway,etoile,5,pavage,8,0.50,False,False,,,,42,0.400,0.2373,0.0000,4,10.635,,,3.076,infaisable
hd02_025,living+kitchen+bedroom+bathroom+hallway,etoile,5,pavage,16,0.50,False,False,,,,42,0.400,0.2373,0.0000,4,10.635,,,3.175,infaisable
hd02_025,living+kitchen+bedroom+bathroom+hallway,etoile,5,pavage,16,0.00,False,True,5,0.0000,False,42,0.400,0.2373,0.0000,4,10.635,10.516614,0.9889,4.608,ok
hd02_025,living+kitchen+bedroom+bathroom+hallway,etoile,5,pavage,16,0.25,False,False,,,,42,0.400,0.2373,0.0000,4,10.635,,,4.132,infaisable
hd02_025,living+kitchen+bedroom+bathroom+hallway,etoile,5,pavage,16,1.00,False,False,,,,42,0.400,0.2373,0.0000,4,10.635,,,3.795,infaisable
hd02_025,living+kitchen+bedroom+bathroom+hallway,etoile,5,pavage,16,1.80,False,False,,,,42,0.400,0.2373,0.0000,4,10.635,,,3.127,infaisable
hd02_026,living+kitchen+bedroom+bathroom+hallway,etoile,5,base,,0.50,False,False,,,,56,1.200,0.3655,0.0000,3,11.422,,,3.588,invariant_viole
hd02_026,living+kitchen+bedroom+bathroom+hallway,etoile,5,pavage,0,0.50,False,False,,,,56,1.200,0.3655,0.0000,3,11.422,,,1.083,trame
hd02_026,living+kitchen+bedroom+bathroom+hallway,etoile,5,pavage,4,0.50,False,False,,,,56,1.200,0.3655,0.0000,3,11.422,,,1.230,trame
hd02_026,living+kitchen+bedroom+bathroom+hallway,etoile,5,pavage,8,0.50,False,False,,,,56,1.200,0.3655,0.0000,3,11.422,,,1.336,trame
hd02_026,living+kitchen+bedroom+bathroom+hallway,etoile,5,pavage,16,0.50,False,False,,,,56,1.200,0.3655,0.0000,3,11.422,,,1.052,trame
hd02_026,living+kitchen+bedroom+bathroom+hallway,etoile,5,pavage,16,0.00,False,False,,,,56,1.200,0.3655,0.0000,3,11.422,,,0.980,trame
hd02_026,living+kitchen+bedroom+bathroom+hallway,etoile,5,pavage,16,0.25,False,False,,,,56,1.200,0.3655,0.0000,3,11.422,,,0.951,trame
hd02_026,living+kitchen+bedroom+bathroom+hallway,etoile,5,pavage,16,1.00,False,False,,,,56,1.200,0.3655,0.0000,3,11.422,,,0.960,trame
hd02_026,living+kitchen+bedroom+bathroom+hallway,etoile,5,pavage,16,1.80,False,False,,,,56,1.200,0.3655,0.0000,3,11.422,,,0.940,trame
hd02_027,living+kitchen+bedroom+bathroom+hallway,etoile,5,base,,0.50,False,False,,,,56,0.400,0.2429,0.0000,4,10.369,,,2.404,invariant_viole
hd02_027,living+kitchen+bedroom+bathroom+hallway,etoile,5,pavage,0,0.50,False,False,,,,56,0.400,0.2429,0.0000,4,10.369,,,1.121,trame
hd02_027,living+kitchen+bedroom+bathroom+hallway,etoile,5,pavage,4,0.50,False,False,,,,56,0.400,0.2429,0.0000,4,10.369,,,0.863,trame
hd02_027,living+kitchen+bedroom+bathroom+hallway,etoile,5,pavage,8,0.50,False,False,,,,56,0.400,0.2429,0.0000,4,10.369,,,3.901,infaisable
hd02_027,living+kitchen+bedroom+bathroom+hallway,etoile,5,pavage,16,0.50,False,False,,,,56,0.400,0.2429,0.0000,4,10.369,,,3.259,infaisable
hd02_027,living+kitchen+bedroom+bathroom+hallway,etoile,5,pavage,16,0.00,False,True,5,0.0000,False,56,0.400,0.2429,0.0000,4,10.369,9.791331,0.9443,3.673,ok
hd02_027,living+kitchen+bedroom+bathroom+hallway,etoile,5,pavage,16,0.25,False,False,,,,56,0.400,0.2429,0.0000,4,10.369,,,3.481,infaisable
hd02_027,living+kitchen+bedroom+bathroom+hallway,etoile,5,pavage,16,1.00,False,False,,,,56,0.400,0.2429,0.0000,4,10.369,,,4.815,infaisable
hd02_027,living+kitchen+bedroom+bathroom+hallway,etoile,5,pavage,16,1.80,False,False,,,,56,0.400,0.2429,0.0000,4,10.369,,,3.403,infaisable
hd02_028,living+kitchen+bedroom+bathroom+hallway,etoile,5,base,,0.50,False,False,,,,56,0.800,0.1565,0.0000,3,10.049,,,2.172,invariant_viole
hd02_028,living+kitchen+bedroom+bathroom+hallway,etoile,5,pavage,0,0.50,False,False,,,,56,0.800,0.1565,0.0000,3,10.049,,,0.654,trame
hd02_028,living+kitchen+bedroom+bathroom+hallway,etoile,5,pavage,4,0.50,False,False,,,,56,0.800,0.1565,0.0000,3,10.049,,,3.390,infaisable
hd02_028,living+kitchen+bedroom+bathroom+hallway,etoile,5,pavage,8,0.50,False,False,,,,56,0.800,0.1565,0.0000,3,10.049,,,3.241,infaisable
hd02_028,living+kitchen+bedroom+bathroom+hallway,etoile,5,pavage,16,0.50,False,False,,,,56,0.800,0.1565,0.0000,3,10.049,,,3.059,infaisable
hd02_028,living+kitchen+bedroom+bathroom+hallway,etoile,5,pavage,16,0.00,False,True,5,0.0000,False,56,0.800,0.1565,0.0000,3,10.049,7.615479,0.7579,3.007,ok
hd02_028,living+kitchen+bedroom+bathroom+hallway,etoile,5,pavage,16,0.25,False,False,,,,56,0.800,0.1565,0.0000,3,10.049,,,3.033,infaisable
hd02_028,living+kitchen+bedroom+bathroom+hallway,etoile,5,pavage,16,1.00,False,False,,,,56,0.800,0.1565,0.0000,3,10.049,,,3.398,infaisable
hd02_028,living+kitchen+bedroom+bathroom+hallway,etoile,5,pavage,16,1.80,False,False,,,,56,0.800,0.1565,0.0000,3,10.049,,,3.274,infaisable
hd02_029,living+kitchen+bedroom+bathroom+hallway,etoile,5,base,,0.50,False,False,,,,72,0.800,0.2891,0.0000,3,10.243,,,2.101,invariant_viole
hd02_029,living+kitchen+bedroom+bathroom+hallway,etoile,5,pavage,0,0.50,False,False,,,,72,0.800,0.2891,0.0000,3,10.243,,,0.697,trame
hd02_029,living+kitchen+bedroom+bathroom+hallway,etoile,5,pavage,4,0.50,False,False,,,,72,0.800,0.2891,0.0000,3,10.243,,,1.146,trame
hd02_029,living+kitchen+bedroom+bathroom+hallway,etoile,5,pavage,8,0.50,False,False,,,,72,0.800,0.2891,0.0000,3,10.243,,,3.348,infaisable
hd02_029,living+kitchen+bedroom+bathroom+hallway,etoile,5,pavage,16,0.50,False,False,,,,72,0.800,0.2891,0.0000,3,10.243,,,4.362,infaisable
hd02_029,living+kitchen+bedroom+bathroom+hallway,etoile,5,pavage,16,0.00,False,False,,,,72,0.800,0.2891,0.0000,3,10.243,,,3.996,infaisable
hd02_029,living+kitchen+bedroom+bathroom+hallway,etoile,5,pavage,16,0.25,False,False,,,,72,0.800,0.2891,0.0000,3,10.243,,,3.631,infaisable
hd02_029,living+kitchen+bedroom+bathroom+hallway,etoile,5,pavage,16,1.00,False,False,,,,72,0.800,0.2891,0.0000,3,10.243,,,3.406,infaisable
hd02_029,living+kitchen+bedroom+bathroom+hallway,etoile,5,pavage,16,1.80,False,False,,,,72,0.800,0.2891,0.0000,3,10.243,,,3.856,infaisable
hd02_030,living+kitchen+bedroom+bathroom+hallway,etoile,5,base,,0.50,False,False,,,,48,0.400,0.3957,0.0000,4,10.024,,,2.380,invariant_viole
hd02_030,living+kitchen+bedroom+bathroom+hallway,etoile,5,pavage,0,0.50,False,False,,,,48,0.400,0.3957,0.0000,4,10.024,,,0.758,trame
hd02_030,living+kitchen+bedroom+bathroom+hallway,etoile,5,pavage,4,0.50,False,False,,,,48,0.400,0.3957,0.0000,4,10.024,,,0.896,trame
hd02_030,living+kitchen+bedroom+bathroom+hallway,etoile,5,pavage,8,0.50,False,False,,,,48,0.400,0.3957,0.0000,4,10.024,,,3.524,infaisable
hd02_030,living+kitchen+bedroom+bathroom+hallway,etoile,5,pavage,16,0.50,False,False,,,,48,0.400,0.3957,0.0000,4,10.024,,,3.448,infaisable
hd02_030,living+kitchen+bedroom+bathroom+hallway,etoile,5,pavage,16,0.00,False,True,5,0.0000,False,48,0.400,0.3957,0.0000,4,10.024,9.700670,0.9677,3.679,ok
hd02_030,living+kitchen+bedroom+bathroom+hallway,etoile,5,pavage,16,0.25,False,False,,,,48,0.400,0.3957,0.0000,4,10.024,,,3.566,infaisable
hd02_030,living+kitchen+bedroom+bathroom+hallway,etoile,5,pavage,16,1.00,False,False,,,,48,0.400,0.3957,0.0000,4,10.024,,,3.426,infaisable
hd02_030,living+kitchen+bedroom+bathroom+hallway,etoile,5,pavage,16,1.80,False,False,,,,48,0.400,0.3957,0.0000,4,10.024,,,3.657,infaisable
hd02_031,living+kitchen+bedroom+bathroom+hallway,etoile,5,base,,0.50,False,False,,,,42,1.600,0.3019,0.0000,2,12.447,,,2.730,invariant_viole
hd02_031,living+kitchen+bedroom+bathroom+hallway,etoile,5,pavage,0,0.50,False,False,,,,42,1.600,0.3019,0.0000,2,12.447,,,0.862,trame
hd02_031,living+kitchen+bedroom+bathroom+hallway,etoile,5,pavage,4,0.50,False,False,,,,42,1.600,0.3019,0.0000,2,12.447,,,0.876,trame
hd02_031,living+kitchen+bedroom+bathroom+hallway,etoile,5,pavage,8,0.50,False,False,,,,42,1.600,0.3019,0.0000,2,12.447,,,0.828,trame
hd02_031,living+kitchen+bedroom+bathroom+hallway,etoile,5,pavage,16,0.50,False,False,,,,42,1.600,0.3019,0.0000,2,12.447,,,0.825,trame
hd02_031,living+kitchen+bedroom+bathroom+hallway,etoile,5,pavage,16,0.00,False,False,,,,42,1.600,0.3019,0.0000,2,12.447,,,0.945,trame
hd02_031,living+kitchen+bedroom+bathroom+hallway,etoile,5,pavage,16,0.25,False,False,,,,42,1.600,0.3019,0.0000,2,12.447,,,2.027,trame
hd02_031,living+kitchen+bedroom+bathroom+hallway,etoile,5,pavage,16,1.00,False,False,,,,42,1.600,0.3019,0.0000,2,12.447,,,0.848,trame
hd02_031,living+kitchen+bedroom+bathroom+hallway,etoile,5,pavage,16,1.80,False,False,,,,42,1.600,0.3019,0.0000,2,12.447,,,0.811,trame
hd02_032,living+kitchen+bedroom+bathroom+hallway,etoile,5,base,,0.50,False,False,,,,72,1.200,0.3377,0.0000,3,9.825,,,2.934,invariant_viole
hd02_032,living+kitchen+bedroom+bathroom+hallway,etoile,5,pavage,0,0.50,False,False,,,,72,1.200,0.3377,0.0000,3,9.825,,,0.993,trame
hd02_032,living+kitchen+bedroom+bathroom+hallway,etoile,5,pavage,4,0.50,False,False,,,,72,1.200,0.3377,0.0000,3,9.825,,,2.147,trame
hd02_032,living+kitchen+bedroom+bathroom+hallway,etoile,5,pavage,8,0.50,False,False,,,,72,1.200,0.3377,0.0000,3,9.825,,,1.822,trame
hd02_032,living+kitchen+bedroom+bathroom+hallway,etoile,5,pavage,16,0.50,False,False,,,,72,1.200,0.3377,0.0000,3,9.825,,,1.200,trame
hd02_032,living+kitchen+bedroom+bathroom+hallway,etoile,5,pavage,16,0.00,False,False,,,,72,1.200,0.3377,0.0000,3,9.825,,,0.973,trame
hd02_032,living+kitchen+bedroom+bathroom+hallway,etoile,5,pavage,16,0.25,False,False,,,,72,1.200,0.3377,0.0000,3,9.825,,,0.950,trame
hd02_032,living+kitchen+bedroom+bathroom+hallway,etoile,5,pavage,16,1.00,False,False,,,,72,1.200,0.3377,0.0000,3,9.825,,,1.293,trame
hd02_032,living+kitchen+bedroom+bathroom+hallway,etoile,5,pavage,16,1.80,False,False,,,,72,1.200,0.3377,0.0000,3,9.825,,,0.892,trame
hd02_033,living+kitchen+bedroom+bathroom+hallway,etoile,5,base,,0.50,False,False,,,,48,0.400,0.2776,0.0000,4,9.958,,,2.613,invariant_viole
hd02_033,living+kitchen+bedroom+bathroom+hallway,etoile,5,pavage,0,0.50,False,False,,,,48,0.400,0.2776,0.0000,4,9.958,,,0.732,trame
hd02_033,living+kitchen+bedroom+bathroom+hallway,etoile,5,pavage,4,0.50,False,False,,,,48,0.400,0.2776,0.0000,4,9.958,,,3.908,infaisable
hd02_033,living+kitchen+bedroom+bathroom+hallway,etoile,5,pavage,8,0.50,False,False,,,,48,0.400,0.2776,0.0000,4,9.958,,,3.522,infaisable
hd02_033,living+kitchen+bedroom+bathroom+hallway,etoile,5,pavage,16,0.50,False,False,,,,48,0.400,0.2776,0.0000,4,9.958,,,3.233,infaisable
hd02_033,living+kitchen+bedroom+bathroom+hallway,etoile,5,pavage,16,0.00,False,True,5,0.0000,False,48,0.400,0.2776,0.0000,4,9.958,6.164912,0.6191,2.965,ok
hd02_033,living+kitchen+bedroom+bathroom+hallway,etoile,5,pavage,16,0.25,False,False,,,,48,0.400,0.2776,0.0000,4,9.958,,,3.247,infaisable
hd02_033,living+kitchen+bedroom+bathroom+hallway,etoile,5,pavage,16,1.00,False,False,,,,48,0.400,0.2776,0.0000,4,9.958,,,3.056,infaisable
hd02_033,living+kitchen+bedroom+bathroom+hallway,etoile,5,pavage,16,1.80,False,False,,,,48,0.400,0.2776,0.0000,4,9.958,,,3.017,infaisable
hd02_034,living+kitchen+bedroom+bathroom+hallway,etoile,5,base,,0.50,False,False,,,,64,0.400,0.3658,0.0000,4,11.370,,,2.035,invariant_viole
hd02_034,living+kitchen+bedroom+bathroom+hallway,etoile,5,pavage,0,0.50,False,False,,,,64,0.400,0.3658,0.0000,4,11.370,,,0.700,trame
hd02_034,living+kitchen+bedroom+bathroom+hallway,etoile,5,pavage,4,0.50,False,False,,,,64,0.400,0.3658,0.0000,4,11.370,,,3.046,infaisable
hd02_034,living+kitchen+bedroom+bathroom+hallway,etoile,5,pavage,8,0.50,False,False,,,,64,0.400,0.3658,0.0000,4,11.370,,,4.429,infaisable
hd02_034,living+kitchen+bedroom+bathroom+hallway,etoile,5,pavage,16,0.50,False,False,,,,64,0.400,0.3658,0.0000,4,11.370,,,3.622,infaisable
hd02_034,living+kitchen+bedroom+bathroom+hallway,etoile,5,pavage,16,0.00,False,True,5,0.0000,False,64,0.400,0.3658,0.0000,4,11.370,9.519349,0.8372,3.184,ok
hd02_034,living+kitchen+bedroom+bathroom+hallway,etoile,5,pavage,16,0.25,False,False,,,,64,0.400,0.3658,0.0000,4,11.370,,,3.416,infaisable
hd02_034,living+kitchen+bedroom+bathroom+hallway,etoile,5,pavage,16,1.00,False,False,,,,64,0.400,0.3658,0.0000,4,11.370,,,3.776,infaisable
hd02_034,living+kitchen+bedroom+bathroom+hallway,etoile,5,pavage,16,1.80,False,False,,,,64,0.400,0.3658,0.0000,4,11.370,,,3.303,infaisable
hd02_035,living+kitchen+bedroom+bathroom+hallway,etoile,5,base,,0.50,False,False,,,,63,1.600,0.2827,0.0000,2,8.565,,,2.516,invariant_viole
hd02_035,living+kitchen+bedroom+bathroom+hallway,etoile,5,pavage,0,0.50,False,False,,,,63,1.600,0.2827,0.0000,2,8.565,,,0.690,trame
hd02_035,living+kitchen+bedroom+bathroom+hallway,etoile,5,pavage,4,0.50,False,False,,,,63,1.600,0.2827,0.0000,2,8.565,,,0.926,trame
hd02_035,living+kitchen+bedroom+bathroom+hallway,etoile,5,pavage,8,0.50,False,False,,,,63,1.600,0.2827,0.0000,2,8.565,,,1.007,trame
hd02_035,living+kitchen+bedroom+bathroom+hallway,etoile,5,pavage,16,0.50,False,False,,,,63,1.600,0.2827,0.0000,2,8.565,,,0.979,trame
hd02_035,living+kitchen+bedroom+bathroom+hallway,etoile,5,pavage,16,0.00,False,False,,,,63,1.600,0.2827,0.0000,2,8.565,,,0.975,trame
hd02_035,living+kitchen+bedroom+bathroom+hallway,etoile,5,pavage,16,0.25,False,False,,,,63,1.600,0.2827,0.0000,2,8.565,,,1.224,trame
hd02_035,living+kitchen+bedroom+bathroom+hallway,etoile,5,pavage,16,1.00,False,False,,,,63,1.600,0.2827,0.0000,2,8.565,,,1.134,trame
hd02_035,living+kitchen+bedroom+bathroom+hallway,etoile,5,pavage,16,1.80,False,False,,,,63,1.600,0.2827,0.0000,2,8.565,,,1.027,trame
hd02_036,living+kitchen+bedroom+bathroom+hallway,etoile,5,base,,0.50,False,False,,,,72,1.200,0.3955,0.0000,2,9.274,,,2.188,invariant_viole
hd02_036,living+kitchen+bedroom+bathroom+hallway,etoile,5,pavage,0,0.50,False,False,,,,72,1.200,0.3955,0.0000,2,9.274,,,0.669,trame
hd02_036,living+kitchen+bedroom+bathroom+hallway,etoile,5,pavage,4,0.50,False,False,,,,72,1.200,0.3955,0.0000,2,9.274,,,0.901,trame
hd02_036,living+kitchen+bedroom+bathroom+hallway,etoile,5,pavage,8,0.50,False,False,,,,72,1.200,0.3955,0.0000,2,9.274,,,3.616,infaisable
hd02_036,living+kitchen+bedroom+bathroom+hallway,etoile,5,pavage,16,0.50,False,False,,,,72,1.200,0.3955,0.0000,2,9.274,,,3.326,infaisable
hd02_036,living+kitchen+bedroom+bathroom+hallway,etoile,5,pavage,16,0.00,False,True,5,0.0000,False,72,1.200,0.3955,0.0000,2,9.274,7.615479,0.8211,4.455,ok
hd02_036,living+kitchen+bedroom+bathroom+hallway,etoile,5,pavage,16,0.25,False,False,,,,72,1.200,0.3955,0.0000,2,9.274,,,3.837,infaisable
hd02_036,living+kitchen+bedroom+bathroom+hallway,etoile,5,pavage,16,1.00,False,False,,,,72,1.200,0.3955,0.0000,2,9.274,,,4.007,infaisable
hd02_036,living+kitchen+bedroom+bathroom+hallway,etoile,5,pavage,16,1.80,False,False,,,,72,1.200,0.3955,0.0000,2,9.274,,,4.642,infaisable
hd02_037,living+kitchen+bedroom+bathroom+hallway,etoile,5,base,,0.50,False,False,,,,48,0.400,0.1518,0.0000,4,14.301,,,2.650,invariant_viole
hd02_037,living+kitchen+bedroom+bathroom+hallway,etoile,5,pavage,0,0.50,False,False,,,,48,0.400,0.1518,0.0000,4,14.301,,,0.821,trame
hd02_037,living+kitchen+bedroom+bathroom+hallway,etoile,5,pavage,4,0.50,False,True,5,1.3599,True,48,0.400,0.1518,0.0000,4,14.301,1.450568,0.1014,3.640,ok
hd02_037,living+kitchen+bedroom+bathroom+hallway,etoile,5,pavage,8,0.50,False,True,5,1.3599,True,48,0.400,0.1518,0.0000,4,14.301,1.450568,0.1014,3.367,ok
hd02_037,living+kitchen+bedroom+bathroom+hallway,etoile,5,pavage,16,0.50,False,True,5,1.3599,True,48,0.400,0.1518,0.0000,4,14.301,1.450568,0.1014,4.439,ok
hd02_037,living+kitchen+bedroom+bathroom+hallway,etoile,5,pavage,16,0.00,False,True,5,1.3599,True,48,0.400,0.1518,0.0000,4,14.301,1.450568,0.1014,4.187,ok
hd02_037,living+kitchen+bedroom+bathroom+hallway,etoile,5,pavage,16,0.25,False,True,5,1.3599,True,48,0.400,0.1518,0.0000,4,14.301,1.450568,0.1014,3.273,ok
hd02_037,living+kitchen+bedroom+bathroom+hallway,etoile,5,pavage,16,1.00,False,True,5,1.3599,True,48,0.400,0.1518,0.0000,4,14.301,1.450568,0.1014,3.082,ok
hd02_037,living+kitchen+bedroom+bathroom+hallway,etoile,5,pavage,16,1.80,False,True,5,1.8000,True,48,0.400,0.1518,0.0000,4,14.301,1.450568,0.1014,3.013,ok
hd02_038,living+kitchen+bedroom+bathroom+hallway,etoile,5,base,,0.50,False,False,,,,64,1.200,0.3589,0.0000,2,9.880,,,2.390,invariant_viole
hd02_038,living+kitchen+bedroom+bathroom+hallway,etoile,5,pavage,0,0.50,False,False,,,,64,1.200,0.3589,0.0000,2,9.880,,,0.737,trame
hd02_038,living+kitchen+bedroom+bathroom+hallway,etoile,5,pavage,4,0.50,False,True,5,0.7253,True,64,1.200,0.3589,0.0000,2,9.880,6.618214,0.6698,3.454,ok
hd02_038,living+kitchen+bedroom+bathroom+hallway,etoile,5,pavage,8,0.50,False,True,5,0.7253,True,64,1.200,0.3589,0.0000,2,9.880,6.618214,0.6698,3.179,ok
hd02_038,living+kitchen+bedroom+bathroom+hallway,etoile,5,pavage,16,0.50,False,True,5,0.7253,True,64,1.200,0.3589,0.0000,2,9.880,6.618214,0.6698,3.307,ok
hd02_038,living+kitchen+bedroom+bathroom+hallway,etoile,5,pavage,16,0.00,False,True,5,0.7253,True,64,1.200,0.3589,0.0000,2,9.880,6.618214,0.6698,6.199,ok
hd02_038,living+kitchen+bedroom+bathroom+hallway,etoile,5,pavage,16,0.25,False,True,5,0.7253,True,64,1.200,0.3589,0.0000,2,9.880,6.618214,0.6698,3.241,ok
hd02_038,living+kitchen+bedroom+bathroom+hallway,etoile,5,pavage,16,1.00,False,True,5,1.0000,True,64,1.200,0.3589,0.0000,2,9.880,6.618214,0.6698,3.081,ok
hd02_038,living+kitchen+bedroom+bathroom+hallway,etoile,5,pavage,16,1.80,False,True,5,1.8000,True,64,1.200,0.3589,0.0000,2,9.880,6.540763,0.6620,3.516,ok
hd02_039,living+kitchen+bedroom+bathroom+hallway,etoile,5,base,,0.50,False,False,,,,64,0.400,0.2419,0.0000,4,10.325,,,2.230,invariant_viole
hd02_039,living+kitchen+bedroom+bathroom+hallway,etoile,5,pavage,0,0.50,False,False,,,,64,0.400,0.2419,0.0000,4,10.325,,,0.676,trame
hd02_039,living+kitchen+bedroom+bathroom+hallway,etoile,5,pavage,4,0.50,False,False,,,,64,0.400,0.2419,0.0000,4,10.325,,,0.884,trame
hd02_039,living+kitchen+bedroom+bathroom+hallway,etoile,5,pavage,8,0.50,False,False,,,,64,0.400,0.2419,0.0000,4,10.325,,,3.936,infaisable
hd02_039,living+kitchen+bedroom+bathroom+hallway,etoile,5,pavage,16,0.50,False,False,,,,64,0.400,0.2419,0.0000,4,10.325,,,4.001,infaisable
hd02_039,living+kitchen+bedroom+bathroom+hallway,etoile,5,pavage,16,0.00,False,True,5,0.0000,False,64,0.400,0.2419,0.0000,4,10.325,6.527554,0.6322,4.808,ok
hd02_039,living+kitchen+bedroom+bathroom+hallway,etoile,5,pavage,16,0.25,False,False,,,,64,0.400,0.2419,0.0000,4,10.325,,,3.578,infaisable
hd02_039,living+kitchen+bedroom+bathroom+hallway,etoile,5,pavage,16,1.00,False,False,,,,64,0.400,0.2419,0.0000,4,10.325,,,3.564,infaisable
hd02_039,living+kitchen+bedroom+bathroom+hallway,etoile,5,pavage,16,1.80,False,False,,,,64,0.400,0.2419,0.0000,4,10.325,,,4.074,infaisable
hd03_000,living+kitchen+bedroom+bedroom+bathroom+hallway,etoile,6,base,,0.50,False,False,,,,64,1.000,0.3490,0.0000,3,10.858,,,3.044,invariant_viole
hd03_000,living+kitchen+bedroom+bedroom+bathroom+hallway,etoile,6,pavage,0,0.50,False,False,,,,64,1.000,0.3490,0.0000,3,10.858,,,0.926,trame
hd03_000,living+kitchen+bedroom+bedroom+bathroom+hallway,etoile,6,pavage,4,0.50,False,False,,,,64,1.000,0.3490,0.0000,3,10.858,,,1.522,trame
hd03_000,living+kitchen+bedroom+bedroom+bathroom+hallway,etoile,6,pavage,8,0.50,False,False,,,,64,1.000,0.3490,0.0000,3,10.858,,,1.546,trame
hd03_000,living+kitchen+bedroom+bedroom+bathroom+hallway,etoile,6,pavage,16,0.50,False,False,,,,64,1.000,0.3490,0.0000,3,10.858,,,1.544,trame
hd03_000,living+kitchen+bedroom+bedroom+bathroom+hallway,etoile,6,pavage,16,0.00,False,False,,,,64,1.000,0.3490,0.0000,3,10.858,,,1.507,trame
hd03_000,living+kitchen+bedroom+bedroom+bathroom+hallway,etoile,6,pavage,16,0.25,False,False,,,,64,1.000,0.3490,0.0000,3,10.858,,,1.442,trame
hd03_000,living+kitchen+bedroom+bedroom+bathroom+hallway,etoile,6,pavage,16,1.00,False,False,,,,64,1.000,0.3490,0.0000,3,10.858,,,1.411,trame
hd03_000,living+kitchen+bedroom+bedroom+bathroom+hallway,etoile,6,pavage,16,1.80,False,False,,,,64,1.000,0.3490,0.0000,3,10.858,,,2.165,trame
hd03_001,living+kitchen+bedroom+bedroom+bathroom+hallway,etoile,6,base,,0.50,False,False,,,,77,1.000,0.1888,0.0000,3,10.677,,,3.244,invariant_viole
hd03_001,living+kitchen+bedroom+bedroom+bathroom+hallway,etoile,6,pavage,0,0.50,False,False,,,,77,1.000,0.1888,0.0000,3,10.677,,,0.929,trame
hd03_001,living+kitchen+bedroom+bedroom+bathroom+hallway,etoile,6,pavage,4,0.50,False,False,,,,77,1.000,0.1888,0.0000,3,10.677,,,1.856,trame
hd03_001,living+kitchen+bedroom+bedroom+bathroom+hallway,etoile,6,pavage,8,0.50,False,False,,,,77,1.000,0.1888,0.0000,3,10.677,,,2.679,trame
hd03_001,living+kitchen+bedroom+bedroom+bathroom+hallway,etoile,6,pavage,16,0.50,False,False,,,,77,1.000,0.1888,0.0000,3,10.677,,,1.444,trame
hd03_001,living+kitchen+bedroom+bedroom+bathroom+hallway,etoile,6,pavage,16,0.00,False,False,,,,77,1.000,0.1888,0.0000,3,10.677,,,2.261,trame
hd03_001,living+kitchen+bedroom+bedroom+bathroom+hallway,etoile,6,pavage,16,0.25,False,False,,,,77,1.000,0.1888,0.0000,3,10.677,,,1.621,trame
hd03_001,living+kitchen+bedroom+bedroom+bathroom+hallway,etoile,6,pavage,16,1.00,False,False,,,,77,1.000,0.1888,0.0000,3,10.677,,,1.824,trame
hd03_001,living+kitchen+bedroom+bedroom+bathroom+hallway,etoile,6,pavage,16,1.80,False,False,,,,77,1.000,0.1888,0.0000,3,10.677,,,1.781,trame
hd03_002,living+kitchen+bedroom+bedroom+bathroom+hallway,etoile,6,base,,0.50,False,False,,,,100,0.667,0.3629,0.0000,4,10.932,,,3.187,invariant_viole
hd03_002,living+kitchen+bedroom+bedroom+bathroom+hallway,etoile,6,pavage,0,0.50,False,False,,,,100,0.667,0.3629,0.0000,4,10.932,,,0.823,trame
hd03_002,living+kitchen+bedroom+bedroom+bathroom+hallway,etoile,6,pavage,4,0.50,False,False,,,,100,0.667,0.3629,0.0000,4,10.932,,,5.827,infaisable
hd03_002,living+kitchen+bedroom+bedroom+bathroom+hallway,etoile,6,pavage,8,0.50,False,False,,,,100,0.667,0.3629,0.0000,4,10.932,,,7.311,infaisable
hd03_002,living+kitchen+bedroom+bedroom+bathroom+hallway,etoile,6,pavage,16,0.50,False,False,,,,100,0.667,0.3629,0.0000,4,10.932,,,5.487,infaisable
hd03_002,living+kitchen+bedroom+bedroom+bathroom+hallway,etoile,6,pavage,16,0.00,False,True,6,0.0000,False,100,0.667,0.3629,0.0000,4,10.932,5.439628,0.4976,4.441,ok
hd03_002,living+kitchen+bedroom+bedroom+bathroom+hallway,etoile,6,pavage,16,0.25,False,False,,,,100,0.667,0.3629,0.0000,4,10.932,,,4.646,infaisable
hd03_002,living+kitchen+bedroom+bedroom+bathroom+hallway,etoile,6,pavage,16,1.00,False,False,,,,100,0.667,0.3629,0.0000,4,10.932,,,4.663,infaisable
hd03_002,living+kitchen+bedroom+bedroom+bathroom+hallway,etoile,6,pavage,16,1.80,False,False,,,,100,0.667,0.3629,0.0000,4,10.932,,,7.277,infaisable
hd03_003,living+kitchen+bedroom+bedroom+bathroom+hallway,etoile,6,base,,0.50,False,False,,,,48,0.667,0.4743,0.0000,4,10.782,,,2.549,invariant_viole
hd03_003,living+kitchen+bedroom+bedroom+bathroom+hallway,etoile,6,pavage,0,0.50,False,False,,,,48,0.667,0.4743,0.0000,4,10.782,,,0.714,trame
hd03_003,living+kitchen+bedroom+bedroom+bathroom+hallway,etoile,6,pavage,4,0.50,False,False,,,,48,0.667,0.4743,0.0000,4,10.782,,,0.907,trame
hd03_003,living+kitchen+bedroom+bedroom+bathroom+hallway,etoile,6,pavage,8,0.50,False,False,,,,48,0.667,0.4743,0.0000,4,10.782,,,4.016,infaisable
hd03_003,living+kitchen+bedroom+bedroom+bathroom+hallway,etoile,6,pavage,16,0.50,False,False,,,,48,0.667,0.4743,0.0000,4,10.782,,,3.869,infaisable
hd03_003,living+kitchen+bedroom+bedroom+bathroom+hallway,etoile,6,pavage,16,0.00,False,True,6,0.0000,False,48,0.667,0.4743,0.0000,4,10.782,6.890196,0.6390,3.480,ok
hd03_003,living+kitchen+bedroom+bedroom+bathroom+hallway,etoile,6,pavage,16,0.25,False,False,,,,48,0.667,0.4743,0.0000,4,10.782,,,3.676,infaisable
hd03_003,living+kitchen+bedroom+bedroom+bathroom+hallway,etoile,6,pavage,16,1.00,False,False,,,,48,0.667,0.4743,0.0000,4,10.782,,,3.985,infaisable
hd03_003,living+kitchen+bedroom+bedroom+bathroom+hallway,etoile,6,pavage,16,1.80,False,False,,,,48,0.667,0.4743,0.0000,4,10.782,,,5.480,infaisable
hd03_004,living+kitchen+bedroom+bedroom+bathroom+hallway,etoile,6,base,,0.50,False,False,,,,48,0.667,0.1661,0.0000,4,10.928,,,2.422,invariant_viole
hd03_004,living+kitchen+bedroom+bedroom+bathroom+hallway,etoile,6,pavage,0,0.50,False,False,,,,48,0.667,0.1661,0.0000,4,10.928,,,0.705,trame
hd03_004,living+kitchen+bedroom+bedroom+bathroom+hallway,etoile,6,pavage,4,0.50,False,True,6,2.4478,True,48,0.667,0.1661,0.0000,4,10.928,2.266512,0.2074,4.490,ok
hd03_004,living+kitchen+bedroom+bedroom+bathroom+hallway,etoile,6,pavage,8,0.50,False,True,6,2.4478,True,48,0.667,0.1661,0.0000,4,10.928,2.266512,0.2074,4.893,ok
hd03_004,living+kitchen+bedroom+bedroom+bathroom+hallway,etoile,6,pavage,16,0.50,False,True,6,2.4478,True,48,0.667,0.1661,0.0000,4,10.928,2.266512,0.2074,4.606,ok
hd03_004,living+kitchen+bedroom+bedroom+bathroom+hallway,etoile,6,pavage,16,0.00,False,True,6,2.4478,True,48,0.667,0.1661,0.0000,4,10.928,2.266512,0.2074,3.441,ok
hd03_004,living+kitchen+bedroom+bedroom+bathroom+hallway,etoile,6,pavage,16,0.25,False,True,6,2.4478,True,48,0.667,0.1661,0.0000,4,10.928,2.266512,0.2074,6.604,ok
hd03_004,living+kitchen+bedroom+bedroom+bathroom+hallway,etoile,6,pavage,16,1.00,False,True,6,2.4478,True,48,0.667,0.1661,0.0000,4,10.928,2.266512,0.2074,4.411,ok
hd03_004,living+kitchen+bedroom+bedroom+bathroom+hallway,etoile,6,pavage,16,1.80,False,True,6,2.4478,True,48,0.667,0.1661,0.0000,4,10.928,2.266512,0.2074,5.845,ok
hd03_005,living+kitchen+bedroom+bedroom+bathroom+hallway,etoile,6,base,,0.50,False,False,,,,81,1.000,0.2393,0.0000,3,10.401,,,3.902,invariant_viole
hd03_005,living+kitchen+bedroom+bedroom+bathroom+hallway,etoile,6,pavage,0,0.50,False,False,,,,81,1.000,0.2393,0.0000,3,10.401,,,0.939,trame
hd03_005,living+kitchen+bedroom+bedroom+bathroom+hallway,etoile,6,pavage,4,0.50,False,False,,,,81,1.000,0.2393,0.0000,3,10.401,,,1.201,trame
hd03_005,living+kitchen+bedroom+bedroom+bathroom+hallway,etoile,6,pavage,8,0.50,False,False,,,,81,1.000,0.2393,0.0000,3,10.401,,,0.957,trame
hd03_005,living+kitchen+bedroom+bedroom+bathroom+hallway,etoile,6,pavage,16,0.50,False,False,,,,81,1.000,0.2393,0.0000,3,10.401,,,1.035,trame
hd03_005,living+kitchen+bedroom+bedroom+bathroom+hallway,etoile,6,pavage,16,0.00,False,False,,,,81,1.000,0.2393,0.0000,3,10.401,,,0.907,trame
hd03_005,living+kitchen+bedroom+bedroom+bathroom+hallway,etoile,6,pavage,16,0.25,False,False,,,,81,1.000,0.2393,0.0000,3,10.401,,,0.868,trame
hd03_005,living+kitchen+bedroom+bedroom+bathroom+hallway,etoile,6,pavage,16,1.00,False,False,,,,81,1.000,0.2393,0.0000,3,10.401,,,0.870,trame
hd03_005,living+kitchen+bedroom+bedroom+bathroom+hallway,etoile,6,pavage,16,1.80,False,False,,,,81,1.000,0.2393,0.0000,3,10.401,,,1.136,trame
hd03_006,living+kitchen+bedroom+bedroom+bathroom+hallway,etoile,6,base,,0.50,False,False,,,,90,0.333,0.2578,0.0000,5,10.528,,,5.225,invariant_viole
hd03_006,living+kitchen+bedroom+bedroom+bathroom+hallway,etoile,6,pavage,0,0.50,False,False,,,,90,0.333,0.2578,0.0000,5,10.528,,,1.256,trame
hd03_006,living+kitchen+bedroom+bedroom+bathroom+hallway,etoile,6,pavage,4,0.50,False,False,,,,90,0.333,0.2578,0.0000,5,10.528,,,1.699,trame
hd03_006,living+kitchen+bedroom+bedroom+bathroom+hallway,etoile,6,pavage,8,0.50,False,False,,,,90,0.333,0.2578,0.0000,5,10.528,,,1.419,trame
hd03_006,living+kitchen+bedroom+bedroom+bathroom+hallway,etoile,6,pavage,16,0.50,False,False,,,,90,0.333,0.2578,0.0000,5,10.528,,,4.737,infaisable
hd03_006,living+kitchen+bedroom+bedroom+bathroom+hallway,etoile,6,pavage,16,0.00,False,True,6,0.0000,False,90,0.333,0.2578,0.0000,5,10.528,6.527554,0.6200,5.465,ok
hd03_006,living+kitchen+bedroom+bedroom+bathroom+hallway,etoile,6,pavage,16,0.25,False,False,,,,90,0.333,0.2578,0.0000,5,10.528,,,4.163,infaisable
hd03_006,living+kitchen+bedroom+bedroom+bathroom+hallway,etoile,6,pavage,16,1.00,False,False,,,,90,0.333,0.2578,0.0000,5,10.528,,,4.154,infaisable
hd03_006,living+kitchen+bedroom+bedroom+bathroom+hallway,etoile,6,pavage,16,1.80,False,False,,,,90,0.333,0.2578,0.0000,5,10.528,,,9.635,infaisable
hd03_007,living+kitchen+bedroom+bedroom+bathroom+hallway,etoile,6,base,,0.50,False,False,,,,90,0.333,0.2562,0.0000,5,10.004,,,3.220,invariant_viole
hd03_007,living+kitchen+bedroom+bedroom+bathroom+hallway,etoile,6,pavage,0,0.50,False,False,,,,90,0.333,0.2562,0.0000,5,10.004,,,1.329,trame
hd03_007,living+kitchen+bedroom+bedroom+bathroom+hallway,etoile,6,pavage,4,0.50,False,False,,,,90,0.333,0.2562,0.0000,5,10.004,,,4.549,infaisable
hd03_007,living+kitchen+bedroom+bedroom+bathroom+hallway,etoile,6,pavage,8,0.50,False,False,,,,90,0.333,0.2562,0.0000,5,10.004,,,3.786,infaisable
hd03_007,living+kitchen+bedroom+bedroom+bathroom+hallway,etoile,6,pavage,16,0.50,False,False,,,,90,0.333,0.2562,0.0000,5,10.004,,,3.815,infaisable
hd03_007,living+kitchen+bedroom+bedroom+bathroom+hallway,etoile,6,pavage,16,0.00,False,True,6,0.0000,False,90,0.333,0.2562,0.0000,5,10.004,6.164912,0.6162,4.118,ok
hd03_007,living+kitchen+bedroom+bedroom+bathroom+hallway,etoile,6,pavage,16,0.25,False,False,,,,90,0.333,0.2562,0.0000,5,10.004,,,4.279,infaisable
hd03_007,living+kitchen+bedroom+bedroom+bathroom+hallway,etoile,6,pavage,16,1.00,False,False,,,,90,0.333,0.2562,0.0000,5,10.004,,,3.670,infaisable
hd03_007,living+kitchen+bedroom+bedroom+bathroom+hallway,etoile,6,pavage,16,1.80,False,False,,,,90,0.333,0.2562,0.0000,5,10.004,,,3.931,infaisable
hd03_008,living+kitchen+bedroom+bedroom+bathroom+hallway,etoile,6,base,,0.50,False,False,,,,90,0.000,0.3519,0.0000,6,10.767,,,3.019,invariant_viole
hd03_008,living+kitchen+bedroom+bedroom+bathroom+hallway,etoile,6,pavage,0,0.50,False,False,,,,90,0.000,0.3519,0.0000,6,10.767,,,0.973,trame
hd03_008,living+kitchen+bedroom+bedroom+bathroom+hallway,etoile,6,pavage,4,0.50,False,False,,,,90,0.000,0.3519,0.0000,6,10.767,,,1.165,trame
hd03_008,living+kitchen+bedroom+bedroom+bathroom+hallway,etoile,6,pavage,8,0.50,False,False,,,,90,0.000,0.3519,0.0000,6,10.767,,,4.045,infaisable
hd03_008,living+kitchen+bedroom+bedroom+bathroom+hallway,etoile,6,pavage,16,0.50,False,False,,,,90,0.000,0.3519,0.0000,6,10.767,,,6.881,infaisable
hd03_008,living+kitchen+bedroom+bedroom+bathroom+hallway,etoile,6,pavage,16,0.00,False,True,6,0.0000,False,90,0.000,0.3519,0.0000,6,10.767,11.241898,1.0441,4.934,ok
hd03_008,living+kitchen+bedroom+bedroom+bathroom+hallway,etoile,6,pavage,16,0.25,False,False,,,,90,0.000,0.3519,0.0000,6,10.767,,,6.778,infaisable
hd03_008,living+kitchen+bedroom+bedroom+bathroom+hallway,etoile,6,pavage,16,1.00,False,False,,,,90,0.000,0.3519,0.0000,6,10.767,,,6.049,infaisable
hd03_008,living+kitchen+bedroom+bedroom+bathroom+hallway,etoile,6,pavage,16,1.80,False,False,,,,90,0.000,0.3519,0.0000,6,10.767,,,4.892,infaisable
hd03_009,living+kitchen+bedroom+bedroom+bathroom+hallway,etoile,6,base,,0.50,False,False,,,,90,1.333,0.1876,0.0000,2,10.253,,,2.746,invariant_viole
hd03_009,living+kitchen+bedroom+bedroom+bathroom+hallway,etoile,6,pavage,0,0.50,False,False,,,,90,1.333,0.1876,0.0000,2,10.253,,,0.825,trame
hd03_009,living+kitchen+bedroom+bedroom+bathroom+hallway,etoile,6,pavage,4,0.50,False,False,,,,90,1.333,0.1876,0.0000,2,10.253,,,1.953,trame
hd03_009,living+kitchen+bedroom+bedroom+bathroom+hallway,etoile,6,pavage,8,0.50,False,False,,,,90,1.333,0.1876,0.0000,2,10.253,,,1.466,trame
hd03_009,living+kitchen+bedroom+bedroom+bathroom+hallway,etoile,6,pavage,16,0.50,False,False,,,,90,1.333,0.1876,0.0000,2,10.253,,,1.056,trame
hd03_009,living+kitchen+bedroom+bedroom+bathroom+hallway,etoile,6,pavage,16,0.00,False,False,,,,90,1.333,0.1876,0.0000,2,10.253,,,1.080,trame
hd03_009,living+kitchen+bedroom+bedroom+bathroom+hallway,etoile,6,pavage,16,0.25,False,False,,,,90,1.333,0.1876,0.0000,2,10.253,,,0.998,trame
hd03_009,living+kitchen+bedroom+bedroom+bathroom+hallway,etoile,6,pavage,16,1.00,False,False,,,,90,1.333,0.1876,0.0000,2,10.253,,,0.985,trame
hd03_009,living+kitchen+bedroom+bedroom+bathroom+hallway,etoile,6,pavage,16,1.80,False,False,,,,90,1.333,0.1876,0.0000,2,10.253,,,1.015,trame
hd03_010,living+kitchen+bedroom+bedroom+bathroom+hallway,etoile,6,base,,0.50,False,False,,,,88,1.333,0.3143,0.0000,2,10.283,,,2.497,invariant_viole
hd03_010,living+kitchen+bedroom+bedroom+bathroom+hallway,etoile,6,pavage,0,0.50,False,False,,,,88,1.333,0.3143,0.0000,2,10.283,,,0.735,trame
hd03_010,living+kitchen+bedroom+bedroom+bathroom+hallway,etoile,6,pavage,4,0.50,False,False,,,,88,1.333,0.3143,0.0000,2,10.283,,,1.005,trame
hd03_010,living+kitchen+bedroom+bedroom+bathroom+hallway,etoile,6,pavage,8,0.50,False,False,,,,88,1.333,0.3143,0.0000,2,10.283,,,2.206,trame
hd03_010,living+kitchen+bedroom+bedroom+bathroom+hallway,etoile,6,pavage,16,0.50,False,False,,,,88,1.333,0.3143,0.0000,2,10.283,,,1.556,trame
hd03_010,living+kitchen+bedroom+bedroom+bathroom+hallway,etoile,6,pavage,16,0.00,False,False,,,,88,1.333,0.3143,0.0000,2,10.283,,,1.534,trame
hd03_010,living+kitchen+bedroom+bedroom+bathroom+hallway,etoile,6,pavage,16,0.25,False,False,,,,88,1.333,0.3143,0.0000,2,10.283,,,1.261,trame
hd03_010,living+kitchen+bedroom+bedroom+bathroom+hallway,etoile,6,pavage,16,1.00,False,False,,,,88,1.333,0.3143,0.0000,2,10.283,,,1.731,trame
hd03_010,living+kitchen+bedroom+bedroom+bathroom+hallway,etoile,6,pavage,16,1.80,False,False,,,,88,1.333,0.3143,0.0000,2,10.283,,,1.262,trame
hd03_011,living+kitchen+bedroom+bedroom+bathroom+hallway,etoile,6,base,,0.50,False,False,,,,80,0.667,0.2600,0.0000,4,12.218,,,2.604,invariant_viole
hd03_011,living+kitchen+bedroom+bedroom+bathroom+hallway,etoile,6,pavage,0,0.50,False,False,,,,80,0.667,0.2600,0.0000,4,12.218,,,0.737,trame
hd03_011,living+kitchen+bedroom+bedroom+bathroom+hallway,etoile,6,pavage,4,0.50,False,False,,,,80,0.667,0.2600,0.0000,4,12.218,,,1.157,trame
hd03_011,living+kitchen+bedroom+bedroom+bathroom+hallway,etoile,6,pavage,8,0.50,False,False,,,,80,0.667,0.2600,0.0000,4,12.218,,,4.149,infaisable
hd03_011,living+kitchen+bedroom+bedroom+bathroom+hallway,etoile,6,pavage,16,0.50,False,False,,,,80,0.667,0.2600,0.0000,4,12.218,,,4.049,infaisable
hd03_011,living+kitchen+bedroom+bedroom+bathroom+hallway,etoile,6,pavage,16,0.00,False,True,6,0.0000,False,80,0.667,0.2600,0.0000,4,12.218,5.439628,0.4452,3.767,ok
hd03_011,living+kitchen+bedroom+bedroom+bathroom+hallway,etoile,6,pavage,16,0.25,False,False,,,,80,0.667,0.2600,0.0000,4,12.218,,,5.154,infaisable
hd03_011,living+kitchen+bedroom+bedroom+bathroom+hallway,etoile,6,pavage,16,1.00,False,False,,,,80,0.667,0.2600,0.0000,4,12.218,,,4.357,infaisable
hd03_011,living+kitchen+bedroom+bedroom+bathroom+hallway,etoile,6,pavage,16,1.80,False,False,,,,80,0.667,0.2600,0.0000,4,12.218,,,4.010,infaisable
hd03_012,living+kitchen+bedroom+bedroom+bathroom+hallway,etoile,6,base,,0.50,False,False,,,,72,0.667,0.3809,0.0000,4,10.635,,,4.251,invariant_viole
hd03_012,living+kitchen+bedroom+bedroom+bathroom+hallway,etoile,6,pavage,0,0.50,False,False,,,,72,0.667,0.3809,0.0000,4,10.635,,,1.301,trame
hd03_012,living+kitchen+bedroom+bedroom+bathroom+hallway,etoile,6,pavage,4,0.50,False,False,,,,72,0.667,0.3809,0.0000,4,10.635,,,1.298,trame
hd03_012,living+kitchen+bedroom+bedroom+bathroom+hallway,etoile,6,pavage,8,0.50,False,False,,,,72,0.667,0.3809,0.0000,4,10.635,,,1.465,trame
hd03_012,living+kitchen+bedroom+bedroom+bathroom+hallway,etoile,6,pavage,16,0.50,False,False,,,,72,0.667,0.3809,0.0000,4,10.635,,,4.264,infaisable
hd03_012,living+kitchen+bedroom+bedroom+bathroom+hallway,etoile,6,pavage,16,0.00,False,True,6,0.0000,False,72,0.667,0.3809,0.0000,4,10.635,6.890196,0.6479,4.019,ok
hd03_012,living+kitchen+bedroom+bedroom+bathroom+hallway,etoile,6,pavage,16,0.25,False,False,,,,72,0.667,0.3809,0.0000,4,10.635,,,4.723,infaisable
hd03_012,living+kitchen+bedroom+bedroom+bathroom+hallway,etoile,6,pavage,16,1.00,False,False,,,,72,0.667,0.3809,0.0000,4,10.635,,,10.821,infaisable
hd03_012,living+kitchen+bedroom+bedroom+bathroom+hallway,etoile,6,pavage,16,1.80,False,False,,,,72,0.667,0.3809,0.0000,4,10.635,,,24.687,infaisable
hd03_013,living+kitchen+bedroom+bedroom+bathroom+hallway,etoile,6,base,,0.50,False,False,,,,99,1.000,0.4229,0.0000,3,13.727,,,2.899,invariant_viole
hd03_013,living+kitchen+bedroom+bedroom+bathroom+hallway,etoile,6,pavage,0,0.50,False,False,,,,99,1.000,0.4229,0.0000,3,13.727,,,0.841,trame
hd03_013,living+kitchen+bedroom+bedroom+bathroom+hallway,etoile,6,pavage,4,0.50,False,False,,,,99,1.000,0.4229,0.0000,3,13.727,,,1.079,trame
hd03_013,living+kitchen+bedroom+bedroom+bathroom+hallway,etoile,6,pavage,8,0.50,False,False,,,,99,1.000,0.4229,0.0000,3,13.727,,,4.532,trame
hd03_013,living+kitchen+bedroom+bedroom+bathroom+hallway,etoile,6,pavage,16,0.50,False,False,,,,99,1.000,0.4229,0.0000,3,13.727,,,1.396,trame
hd03_013,living+kitchen+bedroom+bedroom+bathroom+hallway,etoile,6,pavage,16,0.00,False,False,,,,99,1.000,0.4229,0.0000,3,13.727,,,1.874,trame
hd03_013,living+kitchen+bedroom+bedroom+bathroom+hallway,etoile,6,pavage,16,0.25,False,False,,,,99,1.000,0.4229,0.0000,3,13.727,,,1.663,trame
hd03_013,living+kitchen+bedroom+bedroom+bathroom+hallway,etoile,6,pavage,16,1.00,False,False,,,,99,1.000,0.4229,0.0000,3,13.727,,,1.307,trame
hd03_013,living+kitchen+bedroom+bedroom+bathroom+hallway,etoile,6,pavage,16,1.80,False,False,,,,99,1.000,0.4229,0.0000,3,13.727,,,1.311,trame
hd03_014,living+kitchen+bedroom+bedroom+bathroom+hallway,etoile,6,base,,0.50,False,False,,,,90,1.000,0.3432,0.0000,3,10.567,,,3.043,invariant_viole
hd03_014,living+kitchen+bedroom+bedroom+bathroom+hallway,etoile,6,pavage,0,0.50,False,False,,,,90,1.000,0.3432,0.0000,3,10.567,,,0.929,trame
hd03_014,living+kitchen+bedroom+bedroom+bathroom+hallway,etoile,6,pavage,4,0.50,False,False,,,,90,1.000,0.3432,0.0000,3,10.567,,,1.201,trame
hd03_014,living+kitchen+bedroom+bedroom+bathroom+hallway,etoile,6,pavage,8,0.50,False,True,6,0.7253,True,90,1.000,0.3432,0.0000,3,10.567,5.802270,0.5491,3.663,ok
hd03_014,living+kitchen+bedroom+bedroom+bathroom+hallway,etoile,6,pavage,16,0.50,False,True,6,0.7253,True,90,1.000,0.3432,0.0000,3,10.567,5.802270,0.5491,3.651,ok
hd03_014,living+kitchen+bedroom+bedroom+bathroom+hallway,etoile,6,pavage,16,0.00,False,True,6,0.7253,True,90,1.000,0.3432,0.0000,3,10.567,5.802270,0.5491,3.959,ok
hd03_014,living+kitchen+bedroom+bedroom+bathroom+hallway,etoile,6,pavage,16,0.25,False,True,6,0.7253,True,90,1.000,0.3432,0.0000,3,10.567,5.802270,0.5491,5.628,ok
hd03_014,living+kitchen+bedroom+bedroom+bathroom+hallway,etoile,6,pavage,16,1.00,False,True,6,1.0000,True,90,1.000,0.3432,0.0000,3,10.567,5.802270,0.5491,7.512,ok
hd03_014,living+kitchen+bedroom+bedroom+bathroom+hallway,etoile,6,pavage,16,1.80,False,True,6,1.8000,True,90,1.000,0.3432,0.0000,3,10.567,5.802270,0.5491,7.603,ok
hd03_015,living+kitchen+bedroom+bedroom+bathroom+hallway,etoile,6,base,,0.50,False,False,,,,80,1.000,0.1533,0.0000,3,8.792,,,2.860,invariant_viole
hd03_015,living+kitchen+bedroom+bedroom+bathroom+hallway,etoile,6,pavage,0,0.50,False,False,,,,80,1.000,0.1533,0.0000,3,8.792,,,0.866,trame
hd03_015,living+kitchen+bedroom+bedroom+bathroom+hallway,etoile,6,pavage,4,0.50,False,False,,,,80,1.000,0.1533,0.0000,3,8.792,,,1.435,trame
hd03_015,living+kitchen+bedroom+bedroom+bathroom+hallway,etoile,6,pavage,8,0.50,False,False,,,,80,1.000,0.1533,0.0000,3,8.792,,,5.364,infaisable
hd03_015,living+kitchen+bedroom+bedroom+bathroom+hallway,etoile,6,pavage,16,0.50,False,False,,,,80,1.000,0.1533,0.0000,3,8.792,,,4.197,infaisable
hd03_015,living+kitchen+bedroom+bedroom+bathroom+hallway,etoile,6,pavage,16,0.00,False,True,6,0.0000,False,80,1.000,0.1533,0.0000,3,8.792,9.791331,1.1136,4.300,ok
hd03_015,living+kitchen+bedroom+bedroom+bathroom+hallway,etoile,6,pavage,16,0.25,False,False,,,,80,1.000,0.1533,0.0000,3,8.792,,,3.880,infaisable
hd03_015,living+kitchen+bedroom+bedroom+bathroom+hallway,etoile,6,pavage,16,1.00,False,False,,,,80,1.000,0.1533,0.0000,3,8.792,,,5.026,infaisable
hd03_015,living+kitchen+bedroom+bedroom+bathroom+hallway,etoile,6,pavage,16,1.80,False,False,,,,80,1.000,0.1533,0.0000,3,8.792,,,5.583,infaisable
hd03_016,living+kitchen+bedroom+bedroom+bathroom+hallway,etoile,6,base,,0.50,False,False,,,,56,1.000,0.1214,0.0000,3,10.166,,,2.781,invariant_viole
hd03_016,living+kitchen+bedroom+bedroom+bathroom+hallway,etoile,6,pavage,0,0.50,False,False,,,,56,1.000,0.1214,0.0000,3,10.166,,,0.744,trame
hd03_016,living+kitchen+bedroom+bedroom+bathroom+hallway,etoile,6,pavage,4,0.50,False,False,,,,56,1.000,0.1214,0.0000,3,10.166,,,1.269,trame
hd03_016,living+kitchen+bedroom+bedroom+bathroom+hallway,etoile,6,pavage,8,0.50,False,False,,,,56,1.000,0.1214,0.0000,3,10.166,,,1.004,trame
hd03_016,living+kitchen+bedroom+bedroom+bathroom+hallway,etoile,6,pavage,16,0.50,False,False,,,,56,1.000,0.1214,0.0000,3,10.166,,,0.890,trame
hd03_016,living+kitchen+bedroom+bedroom+bathroom+hallway,etoile,6,pavage,16,0.00,False,False,,,,56,1.000,0.1214,0.0000,3,10.166,,,0.877,trame
hd03_016,living+kitchen+bedroom+bedroom+bathroom+hallway,etoile,6,pavage,16,0.25,False,False,,,,56,1.000,0.1214,0.0000,3,10.166,,,0.899,trame
hd03_016,living+kitchen+bedroom+bedroom+bathroom+hallway,etoile,6,pavage,16,1.00,False,False,,,,56,1.000,0.1214,0.0000,3,10.166,,,0.897,trame
hd03_016,living+kitchen+bedroom+bedroom+bathroom+hallway,etoile,6,pavage,16,1.80,False,False,,,,56,1.000,0.1214,0.0000,3,10.166,,,1.154,trame
hd03_017,living+kitchen+bedroom+bedroom+bathroom+hallway,etoile,6,base,,0.50,False,False,,,,90,0.333,0.2472,0.0000,5,10.714,,,2.463,invariant_viole
hd03_017,living+kitchen+bedroom+bedroom+bathroom+hallway,etoile,6,pavage,0,0.50,False,False,,,,90,0.333,0.2472,0.0000,5,10.714,,,0.708,trame
hd03_017,living+kitchen+bedroom+bedroom+bathroom+hallway,etoile,6,pavage,4,0.50,False,False,,,,90,0.333,0.2472,0.0000,5,10.714,,,0.966,trame
hd03_017,living+kitchen+bedroom+bedroom+bathroom+hallway,etoile,6,pavage,8,0.50,False,False,,,,90,0.333,0.2472,0.0000,5,10.714,,,1.148,trame
hd03_017,living+kitchen+bedroom+bedroom+bathroom+hallway,etoile,6,pavage,16,0.50,False,False,,,,90,0.333,0.2472,0.0000,5,10.714,,,1.148,trame
hd03_017,living+kitchen+bedroom+bedroom+bathroom+hallway,etoile,6,pavage,16,0.00,False,False,,,,90,0.333,0.2472,0.0000,5,10.714,,,1.864,trame
hd03_017,living+kitchen+bedroom+bedroom+bathroom+hallway,etoile,6,pavage,16,0.25,False,False,,,,90,0.333,0.2472,0.0000,5,10.714,,,1.333,trame
hd03_017,living+kitchen+bedroom+bedroom+bathroom+hallway,etoile,6,pavage,16,1.00,False,False,,,,90,0.333,0.2472,0.0000,5,10.714,,,1.212,trame
hd03_017,living+kitchen+bedroom+bedroom+bathroom+hallway,etoile,6,pavage,16,1.80,False,False,,,,90,0.333,0.2472,0.0000,5,10.714,,,1.339,trame
hd03_018,living+kitchen+bedroom+bedroom+bathroom+hallway,etoile,6,base,,0.50,False,False,,,,54,0.333,0.2206,0.0000,5,10.905,,,2.634,invariant_viole
hd03_018,living+kitchen+bedroom+bedroom+bathroom+hallway,etoile,6,pavage,0,0.50,False,False,,,,54,0.333,0.2206,0.0000,5,10.905,,,0.768,trame
hd03_018,living+kitchen+bedroom+bedroom+bathroom+hallway,etoile,6,pavage,4,0.50,False,False,,,,54,0.333,0.2206,0.0000,5,10.905,,,0.964,trame
hd03_018,living+kitchen+bedroom+bedroom+bathroom+hallway,etoile,6,pavage,8,0.50,False,False,,,,54,0.333,0.2206,0.0000,5,10.905,,,4.713,infaisable
hd03_018,living+kitchen+bedroom+bedroom+bathroom+hallway,etoile,6,pavage,16,0.50,False,False,,,,54,0.333,0.2206,0.0000,5,10.905,,,4.114,infaisable
hd03_018,living+kitchen+bedroom+bedroom+bathroom+hallway,etoile,6,pavage,16,0.00,False,True,6,0.0000,False,54,0.333,0.2206,0.0000,5,10.905,4.442363,0.4074,3.713,ok
hd03_018,living+kitchen+bedroom+bedroom+bathroom+hallway,etoile,6,pavage,16,0.25,False,False,,,,54,0.333,0.2206,0.0000,5,10.905,,,4.517,infaisable
hd03_018,living+kitchen+bedroom+bedroom+bathroom+hallway,etoile,6,pavage,16,1.00,False,False,,,,54,0.333,0.2206,0.0000,5,10.905,,,4.887,infaisable
hd03_018,living+kitchen+bedroom+bedroom+bathroom+hallway,etoile,6,pavage,16,1.80,False,False,,,,54,0.333,0.2206,0.0000,5,10.905,,,4.297,infaisable
hd03_019,living+kitchen+bedroom+bedroom+bathroom+hallway,etoile,6,base,,0.50,False,False,,,,99,0.333,0.5555,0.0000,5,11.214,,,2.383,invariant_viole
hd03_019,living+kitchen+bedroom+bedroom+bathroom+hallway,etoile,6,pavage,0,0.50,False,False,,,,99,0.333,0.5555,0.0000,5,11.214,,,0.733,trame
hd03_019,living+kitchen+bedroom+bedroom+bathroom+hallway,etoile,6,pavage,4,0.50,False,False,,,,99,0.333,0.5555,0.0000,5,11.214,,,1.021,trame
hd03_019,living+kitchen+bedroom+bedroom+bathroom+hallway,etoile,6,pavage,8,0.50,False,False,,,,99,0.333,0.5555,0.0000,5,11.214,,,1.317,trame
hd03_019,living+kitchen+bedroom+bedroom+bathroom+hallway,etoile,6,pavage,16,0.50,False,False,,,,99,0.333,0.5555,0.0000,5,11.214,,,6.139,infaisable
hd03_019,living+kitchen+bedroom+bedroom+bathroom+hallway,etoile,6,pavage,16,0.00,False,True,6,0.0000,False,99,0.333,0.5555,0.0000,5,11.214,7.978121,0.7114,4.818,ok
hd03_019,living+kitchen+bedroom+bedroom+bathroom+hallway,etoile,6,pavage,16,0.25,False,False,,,,99,0.333,0.5555,0.0000,5,11.214,,,7.015,infaisable
hd03_019,living+kitchen+bedroom+bedroom+bathroom+hallway,etoile,6,pavage,16,1.00,False,False,,,,99,0.333,0.5555,0.0000,5,11.214,,,6.327,infaisable
hd03_019,living+kitchen+bedroom+bedroom+bathroom+hallway,etoile,6,pavage,16,1.80,False,False,,,,99,0.333,0.5555,0.0000,5,11.214,,,4.718,infaisable
hd03_020,living+kitchen+bedroom+bedroom+bathroom+hallway,etoile,6,base,,0.50,False,False,,,,72,0.667,0.3369,0.0000,4,10.243,,,2.811,invariant_viole
hd03_020,living+kitchen+bedroom+bedroom+bathroom+hallway,etoile,6,pavage,0,0.50,False,False,,,,72,0.667,0.3369,0.0000,4,10.243,,,0.837,trame
hd03_020,living+kitchen+bedroom+bedroom+bathroom+hallway,etoile,6,pavage,4,0.50,False,False,,,,72,0.667,0.3369,0.0000,4,10.243,,,0.975,trame
hd03_020,living+kitchen+bedroom+bedroom+bathroom+hallway,etoile,6,pavage,8,0.50,False,False,,,,72,0.667,0.3369,0.0000,4,10.243,,,4.085,infaisable
hd03_020,living+kitchen+bedroom+bedroom+bathroom+hallway,etoile,6,pavage,16,0.50,False,False,,,,72,0.667,0.3369,0.0000,4,10.243,,,3.669,infaisable
hd03_020,living+kitchen+bedroom+bedroom+bathroom+hallway,etoile,6,pavage,16,0.00,False,True,6,0.0000,False,72,0.667,0.3369,0.0000,4,10.243,6.890196,0.6727,4.421,ok
hd03_020,living+kitchen+bedroom+bedroom+bathroom+hallway,etoile,6,pavage,16,0.25,False,False,,,,72,0.667,0.3369,0.0000,4,10.243,,,4.747,infaisable
hd03_020,living+kitchen+bedroom+bedroom+bathroom+hallway,etoile,6,pavage,16,1.00,False,False,,,,72,0.667,0.3369,0.0000,4,10.243,,,6.330,infaisable
hd03_020,living+kitchen+bedroom+bedroom+bathroom+hallway,etoile,6,pavage,16,1.80,False,False,,,,72,0.667,0.3369,0.0000,4,10.243,,,6.063,infaisable
hd03_021,living+kitchen+bedroom+bedroom+bathroom+hallway,etoile,6,base,,0.50,False,False,,,,90,1.000,0.2880,0.0000,3,10.531,,,3.405,invariant_viole
hd03_021,living+kitchen+bedroom+bedroom+bathroom+hallway,etoile,6,pavage,0,0.50,False,False,,,,90,1.000,0.2880,0.0000,3,10.531,,,0.886,trame
hd03_021,living+kitchen+bedroom+bedroom+bathroom+hallway,etoile,6,pavage,4,0.50,False,False,,,,90,1.000,0.2880,0.0000,3,10.531,,,4.261,infaisable
hd03_021,living+kitchen+bedroom+bedroom+bathroom+hallway,etoile,6,pavage,8,0.50,False,False,,,,90,1.000,0.2880,0.0000,3,10.531,,,4.252,infaisable
hd03_021,living+kitchen+bedroom+bedroom+bathroom+hallway,etoile,6,pavage,16,0.50,False,False,,,,90,1.000,0.2880,0.0000,3,10.531,,,3.735,infaisable
hd03_021,living+kitchen+bedroom+bedroom+bathroom+hallway,etoile,6,pavage,16,0.00,False,True,6,0.0000,False,90,1.000,0.2880,0.0000,3,10.531,6.527554,0.6198,3.337,ok
hd03_021,living+kitchen+bedroom+bedroom+bathroom+hallway,etoile,6,pavage,16,0.25,False,False,,,,90,1.000,0.2880,0.0000,3,10.531,,,3.606,infaisable
hd03_021,living+kitchen+bedroom+bedroom+bathroom+hallway,etoile,6,pavage,16,1.00,False,False,,,,90,1.000,0.2880,0.0000,3,10.531,,,4.014,infaisable
hd03_021,living+kitchen+bedroom+bedroom+bathroom+hallway,etoile,6,pavage,16,1.80,False,False,,,,90,1.000,0.2880,0.0000,3,10.531,,,3.785,infaisable
hd03_022,living+kitchen+bedroom+bedroom+bathroom+hallway,etoile,6,base,,0.50,False,False,,,,64,0.667,0.1823,0.0000,4,10.204,,,2.391,invariant_viole
hd03_022,living+kitchen+bedroom+bedroom+bathroom+hallway,etoile,6,pavage,0,0.50,False,False,,,,64,0.667,0.1823,0.0000,4,10.204,,,0.702,trame
hd03_022,living+kitchen+bedroom+bedroom+bathroom+hallway,etoile,6,pavage,4,0.50,False,True,6,0.6346,True,64,0.667,0.1823,0.0000,4,10.204,3.626419,0.3554,3.667,ok
hd03_022,living+kitchen+bedroom+bedroom+bathroom+hallway,etoile,6,pavage,8,0.50,False,True,6,0.6346,True,64,0.667,0.1823,0.0000,4,10.204,3.626419,0.3554,4.813,ok
hd03_022,living+kitchen+bedroom+bedroom+bathroom+hallway,etoile,6,pavage,16,0.50,False,True,6,0.6346,True,64,0.667,0.1823,0.0000,4,10.204,3.626419,0.3554,4.618,ok
hd03_022,living+kitchen+bedroom+bedroom+bathroom+hallway,etoile,6,pavage,16,0.00,False,True,6,0.6346,True,64,0.667,0.1823,0.0000,4,10.204,3.626419,0.3554,3.909,ok
hd03_022,living+kitchen+bedroom+bedroom+bathroom+hallway,etoile,6,pavage,16,0.25,False,True,6,0.6346,True,64,0.667,0.1823,0.0000,4,10.204,3.626419,0.3554,4.402,ok
hd03_022,living+kitchen+bedroom+bedroom+bathroom+hallway,etoile,6,pavage,16,1.00,False,True,6,1.0000,True,64,0.667,0.1823,0.0000,4,10.204,3.626419,0.3554,5.981,ok
hd03_022,living+kitchen+bedroom+bedroom+bathroom+hallway,etoile,6,pavage,16,1.80,False,True,6,1.8000,True,64,0.667,0.1823,0.0000,4,10.204,3.626419,0.3554,4.385,ok
hd03_023,living+kitchen+bedroom+bedroom+bathroom+hallway,etoile,6,base,,0.50,False,False,,,,110,1.333,0.4281,0.0000,2,11.422,,,2.457,invariant_viole
hd03_023,living+kitchen+bedroom+bedroom+bathroom+hallway,etoile,6,pavage,0,0.50,False,False,,,,110,1.333,0.4281,0.0000,2,11.422,,,2.215,trame
hd03_023,living+kitchen+bedroom+bedroom+bathroom+hallway,etoile,6,pavage,4,0.50,False,False,,,,110,1.333,0.4281,0.0000,2,11.422,,,1.133,trame
hd03_023,living+kitchen+bedroom+bedroom+bathroom+hallway,etoile,6,pavage,8,0.50,False,False,,,,110,1.333,0.4281,0.0000,2,11.422,,,1.976,trame
hd03_023,living+kitchen+bedroom+bedroom+bathroom+hallway,etoile,6,pavage,16,0.50,False,False,,,,110,1.333,0.4281,0.0000,2,11.422,,,2.067,trame
hd03_023,living+kitchen+bedroom+bedroom+bathroom+hallway,etoile,6,pavage,16,0.00,False,False,,,,110,1.333,0.4281,0.0000,2,11.422,,,2.040,trame
hd03_023,living+kitchen+bedroom+bedroom+bathroom+hallway,etoile,6,pavage,16,0.25,False,False,,,,110,1.333,0.4281,0.0000,2,11.422,,,1.343,trame
hd03_023,living+kitchen+bedroom+bedroom+bathroom+hallway,etoile,6,pavage,16,1.00,False,False,,,,110,1.333,0.4281,0.0000,2,11.422,,,1.467,trame
hd03_023,living+kitchen+bedroom+bedroom+bathroom+hallway,etoile,6,pavage,16,1.80,False,False,,,,110,1.333,0.4281,0.0000,2,11.422,,,1.376,trame
hd03_024,living+kitchen+bedroom+bedroom+bathroom+hallway,etoile,6,base,,0.50,False,False,,,,63,0.333,0.2506,0.0000,5,10.004,,,7.813,invariant_viole
hd03_024,living+kitchen+bedroom+bedroom+bathroom+hallway,etoile,6,pavage,0,0.50,False,False,,,,63,0.333,0.2506,0.0000,5,10.004,,,1.618,trame
hd03_024,living+kitchen+bedroom+bedroom+bathroom+hallway,etoile,6,pavage,4,0.50,False,False,,,,63,0.333,0.2506,0.0000,5,10.004,,,1.065,trame
hd03_024,living+kitchen+bedroom+bedroom+bathroom+hallway,etoile,6,pavage,8,0.50,False,True,6,1.7225,True,63,0.333,0.2506,0.0000,5,10.004,3.717079,0.3715,9.989,ok
hd03_024,living+kitchen+bedroom+bedroom+bathroom+hallway,etoile,6,pavage,16,0.50,False,True,6,1.7225,True,63,0.333,0.2506,0.0000,5,10.004,3.717079,0.3715,14.276,ok
hd03_024,living+kitchen+bedroom+bedroom+bathroom+hallway,etoile,6,pavage,16,0.00,False,True,6,1.7225,True,63,0.333,0.2506,0.0000,5,10.004,3.717079,0.3715,6.913,ok
hd03_024,living+kitchen+bedroom+bedroom+bathroom+hallway,etoile,6,pavage,16,0.25,False,True,6,1.7225,True,63,0.333,0.2506,0.0000,5,10.004,3.717079,0.3715,7.237,ok
hd03_024,living+kitchen+bedroom+bedroom+bathroom+hallway,etoile,6,pavage,16,1.00,False,True,6,1.7225,True,63,0.333,0.2506,0.0000,5,10.004,3.717079,0.3715,5.542,ok
hd03_024,living+kitchen+bedroom+bedroom+bathroom+hallway,etoile,6,pavage,16,1.80,False,True,6,1.8000,True,63,0.333,0.2506,0.0000,5,10.004,3.717079,0.3715,4.363,ok
hd03_025,living+kitchen+bedroom+bedroom+bathroom+hallway,etoile,6,base,,0.50,False,False,,,,80,1.000,0.2864,0.0000,3,11.306,,,2.864,invariant_viole
hd03_025,living+kitchen+bedroom+bedroom+bathroom+hallway,etoile,6,pavage,0,0.50,False,False,,,,80,1.000,0.2864,0.0000,3,11.306,,,0.832,trame
hd03_025,living+kitchen+bedroom+bedroom+bathroom+hallway,etoile,6,pavage,4,0.50,False,False,,,,80,1.000,0.2864,0.0000,3,11.306,,,0.995,trame
hd03_025,living+kitchen+bedroom+bedroom+bathroom+hallway,etoile,6,pavage,8,0.50,False,False,,,,80,1.000,0.2864,0.0000,3,11.306,,,0.997,trame
hd03_025,living+kitchen+bedroom+bedroom+bathroom+hallway,etoile,6,pavage,16,0.50,False,False,,,,80,1.000,0.2864,0.0000,3,11.306,,,0.989,trame
hd03_025,living+kitchen+bedroom+bedroom+bathroom+hallway,etoile,6,pavage,16,0.00,False,False,,,,80,1.000,0.2864,0.0000,3,11.306,,,0.972,trame
hd03_025,living+kitchen+bedroom+bedroom+bathroom+hallway,etoile,6,pavage,16,0.25,False,False,,,,80,1.000,0.2864,0.0000,3,11.306,,,0.979,trame
hd03_025,living+kitchen+bedroom+bedroom+bathroom+hallway,etoile,6,pavage,16,1.00,False,False,,,,80,1.000,0.2864,0.0000,3,11.306,,,1.010,trame
hd03_025,living+kitchen+bedroom+bedroom+bathroom+hallway,etoile,6,pavage,16,1.80,False,False,,,,80,1.000,0.2864,0.0000,3,11.306,,,1.039,trame
hd03_026,living+kitchen+bedroom+bedroom+bathroom+hallway,etoile,6,base,,0.50,False,False,,,,72,1.000,0.3587,0.0000,4,15.123,,,2.823,invariant_viole
hd03_026,living+kitchen+bedroom+bedroom+bathroom+hallway,etoile,6,pavage,0,0.50,False,False,,,,72,1.000,0.3587,0.0000,4,15.123,,,0.704,trame
hd03_026,living+kitchen+bedroom+bedroom+bathroom+hallway,etoile,6,pavage,4,0.50,False,False,,,,72,1.000,0.3587,0.0000,4,15.123,,,1.357,trame
hd03_026,living+kitchen+bedroom+bedroom+bathroom+hallway,etoile,6,pavage,8,0.50,False,True,6,1.7225,True,72,1.000,0.3587,0.0000,4,15.123,8.431424,0.5575,3.729,ok
hd03_026,living+kitchen+bedroom+bedroom+bathroom+hallway,etoile,6,pavage,16,0.50,False,True,6,1.7225,True,72,1.000,0.3587,0.0000,4,15.123,8.431424,0.5575,3.760,ok
hd03_026,living+kitchen+bedroom+bedroom+bathroom+hallway,etoile,6,pavage,16,0.00,False,True,6,1.7225,True,72,1.000,0.3587,0.0000,4,15.123,8.431424,0.5575,3.746,ok
hd03_026,living+kitchen+bedroom+bedroom+bathroom+hallway,etoile,6,pavage,16,0.25,False,True,6,1.7225,True,72,1.000,0.3587,0.0000,4,15.123,8.431424,0.5575,3.517,ok
hd03_026,living+kitchen+bedroom+bedroom+bathroom+hallway,etoile,6,pavage,16,1.00,False,True,6,1.5412,True,72,1.000,0.3587,0.0000,4,15.123,8.612745,0.5695,5.673,ok
hd03_026,living+kitchen+bedroom+bedroom+bathroom+hallway,etoile,6,pavage,16,1.80,False,True,6,1.8000,True,72,1.000,0.3587,0.0000,4,15.123,8.353973,0.5524,6.644,ok
hd03_027,living+kitchen+bedroom+bedroom+bathroom+hallway,etoile,6,base,,0.50,False,False,,,,70,1.000,0.1752,0.0000,3,11.058,,,3.174,invariant_viole
hd03_027,living+kitchen+bedroom+bedroom+bathroom+hallway,etoile,6,pavage,0,0.50,False,False,,,,70,1.000,0.1752,0.0000,3,11.058,,,0.865,trame
hd03_027,living+kitchen+bedroom+bedroom+bathroom+hallway,etoile,6,pavage,4,0.50,False,True,6,1.0879,True,70,1.000,0.1752,0.0000,3,11.058,3.263777,0.2952,3.761,ok
hd03_027,living+kitchen+bedroom+bedroom+bathroom+hallway,etoile,6,pavage,8,0.50,False,True,6,1.0879,True,70,1.000,0.1752,0.0000,3,11.058,3.263777,0.2952,3.747,ok
hd03_027,living+kitchen+bedroom+bedroom+bathroom+hallway,etoile,6,pavage,16,0.50,False,True,6,1.0879,True,70,1.000,0.1752,0.0000,3,11.058,3.263777,0.2952,3.875,ok
hd03_027,living+kitchen+bedroom+bedroom+bathroom+hallway,etoile,6,pavage,16,0.00,False,True,6,1.0879,True,70,1.000,0.1752,0.0000,3,11.058,3.263777,0.2952,6.815,ok
hd03_027,living+kitchen+bedroom+bedroom+bathroom+hallway,etoile,6,pavage,16,0.25,False,True,6,1.0879,True,70,1.000,0.1752,0.0000,3,11.058,3.263777,0.2952,4.203,ok
hd03_027,living+kitchen+bedroom+bedroom+bathroom+hallway,etoile,6,pavage,16,1.00,False,True,6,1.0879,True,70,1.000,0.1752,0.0000,3,11.058,3.263777,0.2952,4.219,ok
hd03_027,living+kitchen+bedroom+bedroom+bathroom+hallway,etoile,6,pavage,16,1.80,False,True,6,1.8000,True,70,1.000,0.1752,0.0000,3,11.058,3.263777,0.2952,4.747,ok
hd03_028,living+kitchen+bedroom+bedroom+bathroom+hallway,etoile,6,base,,0.50,False,False,,,,66,0.667,0.3044,0.0000,4,11.314,,,4.172,invariant_viole
hd03_028,living+kitchen+bedroom+bedroom+bathroom+hallway,etoile,6,pavage,0,0.50,False,False,,,,66,0.667,0.3044,0.0000,4,11.314,,,1.107,trame
hd03_028,living+kitchen+bedroom+bedroom+bathroom+hallway,etoile,6,pavage,4,0.50,False,False,,,,66,0.667,0.3044,0.0000,4,11.314,,,1.026,trame
hd03_028,living+kitchen+bedroom+bedroom+bathroom+hallway,etoile,6,pavage,8,0.50,False,False,,,,66,0.667,0.3044,0.0000,4,11.314,,,1.351,trame
hd03_028,living+kitchen+bedroom+bedroom+bathroom+hallway,etoile,6,pavage,16,0.50,False,False,,,,66,0.667,0.3044,0.0000,4,11.314,,,1.189,trame
hd03_028,living+kitchen+bedroom+bedroom+bathroom+hallway,etoile,6,pavage,16,0.00,False,False,,,,66,0.667,0.3044,0.0000,4,11.314,,,1.689,trame
hd03_028,living+kitchen+bedroom+bedroom+bathroom+hallway,etoile,6,pavage,16,0.25,False,False,,,,66,0.667,0.3044,0.0000,4,11.314,,,1.428,trame
hd03_028,living+kitchen+bedroom+bedroom+bathroom+hallway,etoile,6,pavage,16,1.00,False,False,,,,66,0.667,0.3044,0.0000,4,11.314,,,1.195,trame
hd03_028,living+kitchen+bedroom+bedroom+bathroom+hallway,etoile,6,pavage,16,1.80,False,False,,,,66,0.667,0.3044,0.0000,4,11.314,,,1.261,trame
hd03_029,living+kitchen+bedroom+bedroom+bathroom+hallway,etoile,6,base,,0.50,False,False,,,,80,0.000,0.3750,0.0000,6,11.176,,,3.473,invariant_viole
hd03_029,living+kitchen+bedroom+bedroom+bathroom+hallway,etoile,6,pavage,0,0.50,False,False,,,,80,0.000,0.3750,0.0000,6,11.176,,,0.789,trame
hd03_029,living+kitchen+bedroom+bedroom+bathroom+hallway,etoile,6,pavage,4,0.50,False,True,6,0.5000,True,80,0.000,0.3750,0.0000,6,11.176,3.898400,0.3488,3.960,ok
hd03_029,living+kitchen+bedroom+bedroom+bathroom+hallway,etoile,6,pavage,8,0.50,False,True,6,0.5000,True,80,0.000,0.3750,0.0000,6,11.176,3.898400,0.3488,5.385,ok
hd03_029,living+kitchen+bedroom+bedroom+bathroom+hallway,etoile,6,pavage,16,0.50,False,True,6,0.5000,True,80,0.000,0.3750,0.0000,6,11.176,3.898400,0.3488,4.005,ok
hd03_029,living+kitchen+bedroom+bedroom+bathroom+hallway,etoile,6,pavage,16,0.00,False,True,6,0.2720,False,80,0.000,0.3750,0.0000,6,11.176,3.898400,0.3488,3.556,ok
hd03_029,living+kitchen+bedroom+bedroom+bathroom+hallway,etoile,6,pavage,16,0.25,False,True,6,0.2720,False,80,0.000,0.3750,0.0000,6,11.176,3.898400,0.3488,4.368,ok
hd03_029,living+kitchen+bedroom+bedroom+bathroom+hallway,etoile,6,pavage,16,1.00,False,True,6,1.0000,True,80,0.000,0.3750,0.0000,6,11.176,3.901135,0.3491,4.194,ok
hd03_029,living+kitchen+bedroom+bedroom+bathroom+hallway,etoile,6,pavage,16,1.80,False,True,6,1.8000,True,80,0.000,0.3750,0.0000,6,11.176,4.429154,0.3963,3.516,ok
hd03_030,living+kitchen+bedroom+bedroom+bathroom+hallway,etoile,6,base,,0.50,False,False,,,,56,0.333,0.2786,0.0000,5,11.003,,,2.459,invariant_viole
hd03_030,living+kitchen+bedroom+bedroom+bathroom+hallway,etoile,6,pavage,0,0.50,False,False,,,,56,0.333,0.2786,0.0000,5,11.003,,,0.682,trame
hd03_030,living+kitchen+bedroom+bedroom+bathroom+hallway,etoile,6,pavage,4,0.50,False,False,,,,56,0.333,0.2786,0.0000,5,11.003,,,0.956,trame
hd03_030,living+kitchen+bedroom+bedroom+bathroom+hallway,etoile,6,pavage,8,0.50,False,False,,,,56,0.333,0.2786,0.0000,5,11.003,,,1.198,trame
hd03_030,living+kitchen+bedroom+bedroom+bathroom+hallway,etoile,6,pavage,16,0.50,False,False,,,,56,0.333,0.2786,0.0000,5,11.003,,,6.498,infaisable
hd03_030,living+kitchen+bedroom+bedroom+bathroom+hallway,etoile,6,pavage,16,0.00,False,True,6,0.0000,False,56,0.333,0.2786,0.0000,5,11.003,2.538493,0.2307,4.545,ok
hd03_030,living+kitchen+bedroom+bedroom+bathroom+hallway,etoile,6,pavage,16,0.25,False,False,,,,56,0.333,0.2786,0.0000,5,11.003,,,5.127,infaisable
hd03_030,living+kitchen+bedroom+bedroom+bathroom+hallway,etoile,6,pavage,16,1.00,False,False,,,,56,0.333,0.2786,0.0000,5,11.003,,,4.639,infaisable
hd03_030,living+kitchen+bedroom+bedroom+bathroom+hallway,etoile,6,pavage,16,1.80,False,False,,,,56,0.333,0.2786,0.0000,5,11.003,,,6.864,infaisable
hd03_031,living+kitchen+bedroom+bedroom+bathroom+hallway,etoile,6,base,,0.50,False,False,,,,88,1.000,0.3477,0.0000,3,10.353,,,5.180,invariant_viole
hd03_031,living+kitchen+bedroom+bedroom+bathroom+hallway,etoile,6,pavage,0,0.50,False,False,,,,88,1.000,0.3477,0.0000,3,10.353,,,1.055,trame
hd03_031,living+kitchen+bedroom+bedroom+bathroom+hallway,etoile,6,pavage,4,0.50,False,False,,,,88,1.000,0.3477,0.0000,3,10.353,,,1.339,trame
hd03_031,living+kitchen+bedroom+bedroom+bathroom+hallway,etoile,6,pavage,8,0.50,False,False,,,,88,1.000,0.3477,0.0000,3,10.353,,,1.638,trame
hd03_031,living+kitchen+bedroom+bedroom+bathroom+hallway,etoile,6,pavage,16,0.50,False,False,,,,88,1.000,0.3477,0.0000,3,10.353,,,1.587,trame
hd03_031,living+kitchen+bedroom+bedroom+bathroom+hallway,etoile,6,pavage,16,0.00,False,False,,,,88,1.000,0.3477,0.0000,3,10.353,,,1.710,trame
hd03_031,living+kitchen+bedroom+bedroom+bathroom+hallway,etoile,6,pavage,16,0.25,False,False,,,,88,1.000,0.3477,0.0000,3,10.353,,,1.577,trame
hd03_031,living+kitchen+bedroom+bedroom+bathroom+hallway,etoile,6,pavage,16,1.00,False,False,,,,88,1.000,0.3477,0.0000,3,10.353,,,2.287,trame
hd03_031,living+kitchen+bedroom+bedroom+bathroom+hallway,etoile,6,pavage,16,1.80,False,False,,,,88,1.000,0.3477,0.0000,3,10.353,,,3.023,trame
hd03_032,living+kitchen+bedroom+bedroom+bathroom+hallway,etoile,6,base,,0.50,False,False,,,,60,1.000,0.1080,0.0000,3,10.032,,,3.852,invariant_viole
hd03_032,living+kitchen+bedroom+bedroom+bathroom+hallway,etoile,6,pavage,0,0.50,False,False,,,,60,1.000,0.1080,0.0000,3,10.032,,,2.241,trame
hd03_032,living+kitchen+bedroom+bedroom+bathroom+hallway,etoile,6,pavage,4,0.50,False,False,,,,60,1.000,0.1080,0.0000,3,10.032,,,1.220,trame
hd03_032,living+kitchen+bedroom+bedroom+bathroom+hallway,etoile,6,pavage,8,0.50,False,False,,,,60,1.000,0.1080,0.0000,3,10.032,,,5.581,infaisable
hd03_032,living+kitchen+bedroom+bedroom+bathroom+hallway,etoile,6,pavage,16,0.50,False,False,,,,60,1.000,0.1080,0.0000,3,10.032,,,4.793,infaisable
hd03_032,living+kitchen+bedroom+bedroom+bathroom+hallway,etoile,6,pavage,16,0.00,False,True,6,0.0000,False,60,1.000,0.1080,0.0000,3,10.032,7.162177,0.7139,5.004,ok
hd03_032,living+kitchen+bedroom+bedroom+bathroom+hallway,etoile,6,pavage,16,0.25,False,False,,,,60,1.000,0.1080,0.0000,3,10.032,,,4.619,infaisable
hd03_032,living+kitchen+bedroom+bedroom+bathroom+hallway,etoile,6,pavage,16,1.00,False,False,,,,60,1.000,0.1080,0.0000,3,10.032,,,4.667,infaisable
hd03_032,living+kitchen+bedroom+bedroom+bathroom+hallway,etoile,6,pavage,16,1.80,False,False,,,,60,1.000,0.1080,0.0000,3,10.032,,,4.225,infaisable
hd03_033,living+kitchen+bedroom+bedroom+bathroom+hallway,etoile,6,base,,0.50,False,False,,,,80,0.333,0.2137,0.0000,5,11.524,,,3.797,invariant_viole
hd03_033,living+kitchen+bedroom+bedroom+bathroom+hallway,etoile,6,pavage,0,0.50,False,False,,,,80,0.333,0.2137,0.0000,5,11.524,,,1.235,trame
hd03_033,living+kitchen+bedroom+bedroom+bathroom+hallway,etoile,6,pavage,4,0.50,False,False,,,,80,0.333,0.2137,0.0000,5,11.524,,,1.650,trame
hd03_033,living+kitchen+bedroom+bedroom+bathroom+hallway,etoile,6,pavage,8,0.50,False,True,6,1.7225,True,80,0.333,0.2137,0.0000,5,11.524,5.530289,0.4799,5.260,ok
hd03_033,living+kitchen+bedroom+bedroom+bathroom+hallway,etoile,6,pavage,16,0.50,False,True,6,1.7225,True,80,0.333,0.2137,0.0000,5,11.524,5.530289,0.4799,3.643,ok
hd03_033,living+kitchen+bedroom+bedroom+bathroom+hallway,etoile,6,pavage,16,0.00,False,True,6,1.7225,True,80,0.333,0.2137,0.0000,5,11.524,5.530289,0.4799,5.652,ok
hd03_033,living+kitchen+bedroom+bedroom+bathroom+hallway,etoile,6,pavage,16,0.25,False,True,6,1.7225,True,80,0.333,0.2137,0.0000,5,11.524,5.530289,0.4799,4.385,ok
hd03_033,living+kitchen+bedroom+bedroom+bathroom+hallway,etoile,6,pavage,16,1.00,False,True,6,1.7225,True,80,0.333,0.2137,0.0000,5,11.524,5.530289,0.4799,3.657,ok
hd03_033,living+kitchen+bedroom+bedroom+bathroom+hallway,etoile,6,pavage,16,1.80,False,True,6,1.8000,True,80,0.333,0.2137,0.0000,5,11.524,5.439628,0.4720,7.639,ok
hd03_034,living+kitchen+bedroom+bedroom+bathroom+hallway,etoile,6,base,,0.50,False,False,,,,56,1.000,0.1248,0.0000,3,11.331,,,3.374,invariant_viole
hd03_034,living+kitchen+bedroom+bedroom+bathroom+hallway,etoile,6,pavage,0,0.50,False,False,,,,56,1.000,0.1248,0.0000,3,11.331,,,0.860,trame
hd03_034,living+kitchen+bedroom+bedroom+bathroom+hallway,etoile,6,pavage,4,0.50,False,False,,,,56,1.000,0.1248,0.0000,3,11.331,,,1.077,trame
hd03_034,living+kitchen+bedroom+bedroom+bathroom+hallway,etoile,6,pavage,8,0.50,False,True,6,1.5412,True,56,1.000,0.1248,0.0000,3,11.331,2.266512,0.2000,5.042,ok
hd03_034,living+kitchen+bedroom+bedroom+bathroom+hallway,etoile,6,pavage,16,0.50,False,True,6,1.5412,True,56,1.000,0.1248,0.0000,3,11.331,2.266512,0.2000,5.615,ok
hd03_034,living+kitchen+bedroom+bedroom+bathroom+hallway,etoile,6,pavage,16,0.00,False,True,6,1.5412,True,56,1.000,0.1248,0.0000,3,11.331,2.266512,0.2000,5.247,ok
hd03_034,living+kitchen+bedroom+bedroom+bathroom+hallway,etoile,6,pavage,16,0.25,False,True,6,1.5412,True,56,1.000,0.1248,0.0000,3,11.331,2.266512,0.2000,4.571,ok
hd03_034,living+kitchen+bedroom+bedroom+bathroom+hallway,etoile,6,pavage,16,1.00,False,True,6,1.5412,True,56,1.000,0.1248,0.0000,3,11.331,2.266512,0.2000,4.325,ok
hd03_034,living+kitchen+bedroom+bedroom+bathroom+hallway,etoile,6,pavage,16,1.80,False,True,6,1.8000,True,56,1.000,0.1248,0.0000,3,11.331,2.189061,0.1932,3.509,ok
hd03_035,living+kitchen+bedroom+bedroom+bathroom+hallway,etoile,6,base,,0.50,False,False,,,,77,1.000,0.2380,0.0000,3,9.746,,,2.387,invariant_viole
hd03_035,living+kitchen+bedroom+bedroom+bathroom+hallway,etoile,6,pavage,0,0.50,False,False,,,,77,1.000,0.2380,0.0000,3,9.746,,,0.723,trame
hd03_035,living+kitchen+bedroom+bedroom+bathroom+hallway,etoile,6,pavage,4,0.50,False,False,,,,77,1.000,0.2380,0.0000,3,9.746,,,1.702,trame
hd03_035,living+kitchen+bedroom+bedroom+bathroom+hallway,etoile,6,pavage,8,0.50,False,True,6,0.9973,True,77,1.000,0.2380,0.0000,3,9.746,4.351703,0.4465,3.748,ok
hd03_035,living+kitchen+bedroom+bedroom+bathroom+hallway,etoile,6,pavage,16,0.50,False,True,6,0.9973,True,77,1.000,0.2380,0.0000,3,9.746,4.351703,0.4465,3.606,ok
hd03_035,living+kitchen+bedroom+bedroom+bathroom+hallway,etoile,6,pavage,16,0.00,False,True,6,0.9973,True,77,1.000,0.2380,0.0000,3,9.746,4.351703,0.4465,3.475,ok
hd03_035,living+kitchen+bedroom+bedroom+bathroom+hallway,etoile,6,pavage,16,0.25,False,True,6,0.9973,True,77,1.000,0.2380,0.0000,3,9.746,4.351703,0.4465,4.964,ok
hd03_035,living+kitchen+bedroom+bedroom+bathroom+hallway,etoile,6,pavage,16,1.00,False,True,6,1.0000,True,77,1.000,0.2380,0.0000,3,9.746,4.351703,0.4465,9.753,ok
hd03_035,living+kitchen+bedroom+bedroom+bathroom+hallway,etoile,6,pavage,16,1.80,False,True,6,1.8000,True,77,1.000,0.2380,0.0000,3,9.746,4.351703,0.4465,4.567,ok
hd03_036,living+kitchen+bedroom+bedroom+bathroom+hallway,etoile,6,base,,0.50,False,False,,,,70,1.000,0.1958,0.0000,4,12.343,,,3.248,invariant_viole
hd03_036,living+kitchen+bedroom+bedroom+bathroom+hallway,etoile,6,pavage,0,0.50,False,False,,,,70,1.000,0.1958,0.0000,4,12.343,,,0.788,trame
hd03_036,living+kitchen+bedroom+bedroom+bathroom+hallway,etoile,6,pavage,4,0.50,False,False,,,,70,1.000,0.1958,0.0000,4,12.343,,,0.964,trame
hd03_036,living+kitchen+bedroom+bedroom+bathroom+hallway,etoile,6,pavage,8,0.50,False,False,,,,70,1.000,0.1958,0.0000,4,12.343,,,1.122,trame
hd03_036,living+kitchen+bedroom+bedroom+bathroom+hallway,etoile,6,pavage,16,0.50,False,False,,,,70,1.000,0.1958,0.0000,4,12.343,,,1.140,trame
hd03_036,living+kitchen+bedroom+bedroom+bathroom+hallway,etoile,6,pavage,16,0.00,False,False,,,,70,1.000,0.1958,0.0000,4,12.343,,,1.133,trame
hd03_036,living+kitchen+bedroom+bedroom+bathroom+hallway,etoile,6,pavage,16,0.25,False,False,,,,70,1.000,0.1958,0.0000,4,12.343,,,1.106,trame
hd03_036,living+kitchen+bedroom+bedroom+bathroom+hallway,etoile,6,pavage,16,1.00,False,False,,,,70,1.000,0.1958,0.0000,4,12.343,,,1.487,trame
hd03_036,living+kitchen+bedroom+bedroom+bathroom+hallway,etoile,6,pavage,16,1.80,False,False,,,,70,1.000,0.1958,0.0000,4,12.343,,,1.729,trame
hd03_037,living+kitchen+bedroom+bedroom+bathroom+hallway,etoile,6,base,,0.50,False,False,,,,70,2.333,0.5079,0.0000,1,11.626,,,2.780,invariant_viole
hd03_037,living+kitchen+bedroom+bedroom+bathroom+hallway,etoile,6,pavage,0,0.50,False,False,,,,70,2.333,0.5079,0.0000,1,11.626,,,0.756,trame
hd03_037,living+kitchen+bedroom+bedroom+bathroom+hallway,etoile,6,pavage,4,0.50,False,False,,,,70,2.333,0.5079,0.0000,1,11.626,,,1.023,trame
hd03_037,living+kitchen+bedroom+bedroom+bathroom+hallway,etoile,6,pavage,8,0.50,False,False,,,,70,2.333,0.5079,0.0000,1,11.626,,,1.348,trame
hd03_037,living+kitchen+bedroom+bedroom+bathroom+hallway,etoile,6,pavage,16,0.50,False,False,,,,70,2.333,0.5079,0.0000,1,11.626,,,1.438,trame
hd03_037,living+kitchen+bedroom+bedroom+bathroom+hallway,etoile,6,pavage,16,0.00,False,False,,,,70,2.333,0.5079,0.0000,1,11.626,,,1.433,trame
hd03_037,living+kitchen+bedroom+bedroom+bathroom+hallway,etoile,6,pavage,16,0.25,False,False,,,,70,2.333,0.5079,0.0000,1,11.626,,,1.428,trame
hd03_037,living+kitchen+bedroom+bedroom+bathroom+hallway,etoile,6,pavage,16,1.00,False,False,,,,70,2.333,0.5079,0.0000,1,11.626,,,2.115,trame
hd03_037,living+kitchen+bedroom+bedroom+bathroom+hallway,etoile,6,pavage,16,1.80,False,False,,,,70,2.333,0.5079,0.0000,1,11.626,,,1.542,trame
hd03_038,living+kitchen+bedroom+bedroom+bathroom+hallway,etoile,6,base,,0.50,False,False,,,,56,0.333,0.0841,0.0000,5,9.187,,,2.449,invariant_viole
hd03_038,living+kitchen+bedroom+bedroom+bathroom+hallway,etoile,6,pavage,0,0.50,False,False,,,,56,0.333,0.0841,0.0000,5,9.187,,,0.713,trame
hd03_038,living+kitchen+bedroom+bedroom+bathroom+hallway,etoile,6,pavage,4,0.50,False,True,6,0.9973,True,56,0.333,0.0841,0.0000,5,9.187,2.175851,0.2368,3.423,ok
hd03_038,living+kitchen+bedroom+bedroom+bathroom+hallway,etoile,6,pavage,8,0.50,False,True,6,0.9973,True,56,0.333,0.0841,0.0000,5,9.187,2.175851,0.2368,3.972,ok
hd03_038,living+kitchen+bedroom+bedroom+bathroom+hallway,etoile,6,pavage,16,0.50,False,True,6,0.9973,True,56,0.333,0.0841,0.0000,5,9.187,2.175851,0.2368,4.080,ok
hd03_038,living+kitchen+bedroom+bedroom+bathroom+hallway,etoile,6,pavage,16,0.00,False,True,6,0.9973,True,56,0.333,0.0841,0.0000,5,9.187,2.175851,0.2368,3.700,ok
hd03_038,living+kitchen+bedroom+bedroom+bathroom+hallway,etoile,6,pavage,16,0.25,False,True,6,0.9973,True,56,0.333,0.0841,0.0000,5,9.187,2.175851,0.2368,4.436,ok
hd03_038,living+kitchen+bedroom+bedroom+bathroom+hallway,etoile,6,pavage,16,1.00,False,True,6,1.0000,True,56,0.333,0.0841,0.0000,5,9.187,2.175851,0.2368,5.147,ok
hd03_038,living+kitchen+bedroom+bedroom+bathroom+hallway,etoile,6,pavage,16,1.80,False,True,6,1.8000,True,56,0.333,0.0841,0.0000,5,9.187,2.175851,0.2368,4.297,ok
hd03_039,living+kitchen+bedroom+bedroom+bathroom+hallway,etoile,6,base,,0.50,False,False,,,,90,0.333,0.2591,0.0000,5,11.370,,,2.533,invariant_viole
hd03_039,living+kitchen+bedroom+bedroom+bathroom+hallway,etoile,6,pavage,0,0.50,False,False,,,,90,0.333,0.2591,0.0000,5,11.370,,,0.725,trame
hd03_039,living+kitchen+bedroom+bedroom+bathroom+hallway,etoile,6,pavage,4,0.50,False,True,6,2.1759,True,90,0.333,0.2591,0.0000,5,11.370,3.354437,0.2950,3.309,ok
hd03_039,living+kitchen+bedroom+bedroom+bathroom+hallway,etoile,6,pavage,8,0.50,False,True,6,2.1759,True,90,0.333,0.2591,0.0000,5,11.370,3.354437,0.2950,4.896,ok
hd03_039,living+kitchen+bedroom+bedroom+bathroom+hallway,etoile,6,pavage,16,0.50,False,True,6,2.1759,True,90,0.333,0.2591,0.0000,5,11.370,3.354437,0.2950,5.090,ok
hd03_039,living+kitchen+bedroom+bedroom+bathroom+hallway,etoile,6,pavage,16,0.00,False,True,6,2.1759,True,90,0.333,0.2591,0.0000,5,11.370,3.354437,0.2950,4.320,ok
hd03_039,living+kitchen+bedroom+bedroom+bathroom+hallway,etoile,6,pavage,16,0.25,False,True,6,2.1759,True,90,0.333,0.2591,0.0000,5,11.370,3.354437,0.2950,4.803,ok
hd03_039,living+kitchen+bedroom+bedroom+bathroom+hallway,etoile,6,pavage,16,1.00,False,True,6,2.1759,True,90,0.333,0.2591,0.0000,5,11.370,3.354437,0.2950,4.797,ok
hd03_039,living+kitchen+bedroom+bedroom+bathroom+hallway,etoile,6,pavage,16,1.80,False,True,6,2.1759,True,90,0.333,0.2591,0.0000,5,11.370,3.354437,0.2950,6.874,ok
hd04_000,living+kitchen+bedroom+bedroom+bedroom+bathroom+hallway,etoile,7,base,,0.50,False,False,,,,132,1.429,0.3927,0.0000,2,13.685,,,4.674,invariant_viole
hd04_000,living+kitchen+bedroom+bedroom+bedroom+bathroom+hallway,etoile,7,pavage,0,0.50,False,False,,,,132,1.429,0.3927,0.0000,2,13.685,,,1.456,trame
hd04_000,living+kitchen+bedroom+bedroom+bedroom+bathroom+hallway,etoile,7,pavage,4,0.50,False,False,,,,132,1.429,0.3927,0.0000,2,13.685,,,2.273,trame
hd04_000,living+kitchen+bedroom+bedroom+bedroom+bathroom+hallway,etoile,7,pavage,8,0.50,False,False,,,,132,1.429,0.3927,0.0000,2,13.685,,,6.851,infaisable
hd04_000,living+kitchen+bedroom+bedroom+bedroom+bathroom+hallway,etoile,7,pavage,16,0.50,False,False,,,,132,1.429,0.3927,0.0000,2,13.685,,,4.612,infaisable
hd04_000,living+kitchen+bedroom+bedroom+bedroom+bathroom+hallway,etoile,7,pavage,16,0.00,False,True,7,0.0000,False,132,1.429,0.3927,0.0000,2,13.685,11.241898,0.8215,3.830,ok
hd04_000,living+kitchen+bedroom+bedroom+bedroom+bathroom+hallway,etoile,7,pavage,16,0.25,False,False,,,,132,1.429,0.3927,0.0000,2,13.685,,,4.260,infaisable
hd04_000,living+kitchen+bedroom+bedroom+bedroom+bathroom+hallway,etoile,7,pavage,16,1.00,False,False,,,,132,1.429,0.3927,0.0000,2,13.685,,,6.192,infaisable
hd04_000,living+kitchen+bedroom+bedroom+bedroom+bathroom+hallway,etoile,7,pavage,16,1.80,False,False,,,,132,1.429,0.3927,0.0000,2,13.685,,,4.559,infaisable
hd04_001,living+kitchen+bedroom+bedroom+bedroom+bathroom+hallway,etoile,7,base,,0.50,False,False,,,,90,1.143,0.2081,0.0000,4,9.476,,,2.705,invariant_viole
hd04_001,living+kitchen+bedroom+bedroom+bedroom+bathroom+hallway,etoile,7,pavage,0,0.50,False,False,,,,90,1.143,0.2081,0.0000,4,9.476,,,0.829,trame
hd04_001,living+kitchen+bedroom+bedroom+bedroom+bathroom+hallway,etoile,7,pavage,4,0.50,False,False,,,,90,1.143,0.2081,0.0000,4,9.476,,,2.342,trame
hd04_001,living+kitchen+bedroom+bedroom+bedroom+bathroom+hallway,etoile,7,pavage,8,0.50,False,False,,,,90,1.143,0.2081,0.0000,4,9.476,,,1.636,trame
hd04_001,living+kitchen+bedroom+bedroom+bedroom+bathroom+hallway,etoile,7,pavage,16,0.50,False,False,,,,90,1.143,0.2081,0.0000,4,9.476,,,1.952,trame
hd04_001,living+kitchen+bedroom+bedroom+bedroom+bathroom+hallway,etoile,7,pavage,16,0.00,False,False,,,,90,1.143,0.2081,0.0000,4,9.476,,,1.820,trame
hd04_001,living+kitchen+bedroom+bedroom+bedroom+bathroom+hallway,etoile,7,pavage,16,0.25,False,False,,,,90,1.143,0.2081,0.0000,4,9.476,,,1.829,trame
hd04_001,living+kitchen+bedroom+bedroom+bedroom+bathroom+hallway,etoile,7,pavage,16,1.00,False,False,,,,90,1.143,0.2081,0.0000,4,9.476,,,1.793,trame
hd04_001,living+kitchen+bedroom+bedroom+bedroom+bathroom+hallway,etoile,7,pavage,16,1.80,False,False,,,,90,1.143,0.2081,0.0000,4,9.476,,,1.879,trame
hd04_002,living+kitchen+bedroom+bedroom+bedroom+bathroom+hallway,etoile,7,base,,0.50,False,False,,,,121,1.143,0.2600,0.0000,3,10.334,,,4.450,invariant_viole
hd04_002,living+kitchen+bedroom+bedroom+bedroom+bathroom+hallway,etoile,7,pavage,0,0.50,False,False,,,,121,1.143,0.2600,0.0000,3,10.334,,,1.003,trame
hd04_002,living+kitchen+bedroom+bedroom+bedroom+bathroom+hallway,etoile,7,pavage,4,0.50,False,False,,,,121,1.143,0.2600,0.0000,3,10.334,,,1.182,trame
hd04_002,living+kitchen+bedroom+bedroom+bedroom+bathroom+hallway,etoile,7,pavage,8,0.50,False,False,,,,121,1.143,0.2600,0.0000,3,10.334,,,1.467,trame
hd04_002,living+kitchen+bedroom+bedroom+bedroom+bathroom+hallway,etoile,7,pavage,16,0.50,False,False,,,,121,1.143,0.2600,0.0000,3,10.334,,,1.508,trame
hd04_002,living+kitchen+bedroom+bedroom+bedroom+bathroom+hallway,etoile,7,pavage,16,0.00,False,False,,,,121,1.143,0.2600,0.0000,3,10.334,,,1.497,trame
hd04_002,living+kitchen+bedroom+bedroom+bedroom+bathroom+hallway,etoile,7,pavage,16,0.25,False,False,,,,121,1.143,0.2600,0.0000,3,10.334,,,1.772,trame
hd04_002,living+kitchen+bedroom+bedroom+bedroom+bathroom+hallway,etoile,7,pavage,16,1.00,False,False,,,,121,1.143,0.2600,0.0000,3,10.334,,,1.525,trame
hd04_002,living+kitchen+bedroom+bedroom+bedroom+bathroom+hallway,etoile,7,pavage,16,1.80,False,False,,,,121,1.143,0.2600,0.0000,3,10.334,,,1.612,trame
hd04_003,living+kitchen+bedroom+bedroom+bedroom+bathroom+hallway,etoile,7,base,,0.50,False,False,,,,80,2.000,0.1866,0.0028,1,9.899,,,2.917,invariant_viole
hd04_003,living+kitchen+bedroom+bedroom+bedroom+bathroom+hallway,etoile,7,pavage,0,0.50,False,False,,,,80,2.000,0.1866,0.0028,1,9.899,,,0.821,trame
hd04_003,living+kitchen+bedroom+bedroom+bedroom+bathroom+hallway,etoile,7,pavage,4,0.50,False,False,,,,80,2.000,0.1866,0.0028,1,9.899,,,1.067,trame
hd04_003,living+kitchen+bedroom+bedroom+bedroom+bathroom+hallway,etoile,7,pavage,8,0.50,False,False,,,,80,2.000,0.1866,0.0028,1,9.899,,,1.281,trame
hd04_003,living+kitchen+bedroom+bedroom+bedroom+bathroom+hallway,etoile,7,pavage,16,0.50,False,False,,,,80,2.000,0.1866,0.0028,1,9.899,,,1.268,trame
hd04_003,living+kitchen+bedroom+bedroom+bedroom+bathroom+hallway,etoile,7,pavage,16,0.00,False,False,,,,80,2.000,0.1866,0.0028,1,9.899,,,1.298,trame
hd04_003,living+kitchen+bedroom+bedroom+bedroom+bathroom+hallway,etoile,7,pavage,16,0.25,False,False,,,,80,2.000,0.1866,0.0028,1,9.899,,,1.275,trame
hd04_003,living+kitchen+bedroom+bedroom+bedroom+bathroom+hallway,etoile,7,pavage,16,1.00,False,False,,,,80,2.000,0.1866,0.0028,1,9.899,,,1.281,trame
hd04_003,living+kitchen+bedroom+bedroom+bedroom+bathroom+hallway,etoile,7,pavage,16,1.80,False,False,,,,80,2.000,0.1866,0.0028,1,9.899,,,2.018,trame
hd04_004,living+kitchen+bedroom+bedroom+bedroom+bathroom+hallway,etoile,7,base,,0.50,False,False,,,,110,1.714,0.2957,0.0000,2,10.486,,,3.325,invariant_viole
hd04_004,living+kitchen+bedroom+bedroom+bedroom+bathroom+hallway,etoile,7,pavage,0,0.50,False,False,,,,110,1.714,0.2957,0.0000,2,10.486,,,0.830,trame
hd04_004,living+kitchen+bedroom+bedroom+bedroom+bathroom+hallway,etoile,7,pavage,4,0.50,False,False,,,,110,1.714,0.2957,0.0000,2,10.486,,,1.127,trame
hd04_004,living+kitchen+bedroom+bedroom+bedroom+bathroom+hallway,etoile,7,pavage,8,0.50,False,False,,,,110,1.714,0.2957,0.0000,2,10.486,,,4.673,infaisable
hd04_004,living+kitchen+bedroom+bedroom+bedroom+bathroom+hallway,etoile,7,pavage,16,0.50,False,False,,,,110,1.714,0.2957,0.0000,2,10.486,,,5.754,infaisable
hd04_004,living+kitchen+bedroom+bedroom+bedroom+bathroom+hallway,etoile,7,pavage,16,0.00,False,True,7,0.0000,False,110,1.714,0.2957,0.0000,2,10.486,3.989061,0.3804,6.272,ok
hd04_004,living+kitchen+bedroom+bedroom+bedroom+bathroom+hallway,etoile,7,pavage,16,0.25,False,False,,,,110,1.714,0.2957,0.0000,2,10.486,,,6.574,infaisable
hd04_004,living+kitchen+bedroom+bedroom+bedroom+bathroom+hallway,etoile,7,pavage,16,1.00,False,False,,,,110,1.714,0.2957,0.0000,2,10.486,,,5.856,infaisable
hd04_004,living+kitchen+bedroom+bedroom+bedroom+bathroom+hallway,etoile,7,pavage,16,1.80,False,False,,,,110,1.714,0.2957,0.0000,2,10.486,,,5.390,infaisable
hd04_005,living+kitchen+bedroom+bedroom+bedroom+bathroom+hallway,etoile,7,base,,0.50,False,False,,,,108,2.000,0.3262,0.0000,1,11.747,,,4.357,invariant_viole
hd04_005,living+kitchen+bedroom+bedroom+bedroom+bathroom+hallway,etoile,7,pavage,0,0.50,False,False,,,,108,2.000,0.3262,0.0000,1,11.747,,,1.218,trame
hd04_005,living+kitchen+bedroom+bedroom+bedroom+bathroom+hallway,etoile,7,pavage,4,0.50,False,False,,,,108,2.000,0.3262,0.0000,1,11.747,,,1.259,trame
hd04_005,living+kitchen+bedroom+bedroom+bedroom+bathroom+hallway,etoile,7,pavage,8,0.50,False,False,,,,108,2.000,0.3262,0.0000,1,11.747,,,1.452,trame
hd04_005,living+kitchen+bedroom+bedroom+bedroom+bathroom+hallway,etoile,7,pavage,16,0.50,False,False,,,,108,2.000,0.3262,0.0000,1,11.747,,,5.130,infaisable
hd04_005,living+kitchen+bedroom+bedroom+bedroom+bathroom+hallway,etoile,7,pavage,16,0.00,False,False,,,,108,2.000,0.3262,0.0000,1,11.747,,,5.452,infaisable
hd04_005,living+kitchen+bedroom+bedroom+bedroom+bathroom+hallway,etoile,7,pavage,16,0.25,False,False,,,,108,2.000,0.3262,0.0000,1,11.747,,,4.713,infaisable
hd04_005,living+kitchen+bedroom+bedroom+bedroom+bathroom+hallway,etoile,7,pavage,16,1.00,False,False,,,,108,2.000,0.3262,0.0000,1,11.747,,,4.789,infaisable
hd04_005,living+kitchen+bedroom+bedroom+bedroom+bathroom+hallway,etoile,7,pavage,16,1.80,False,False,,,,108,2.000,0.3262,0.0000,1,11.747,,,5.234,infaisable
hd04_006,living+kitchen+bedroom+bedroom+bedroom+bathroom+hallway,etoile,7,base,,0.50,False,False,,,,84,1.429,0.2240,0.0000,2,10.334,,,2.762,invariant_viole
hd04_006,living+kitchen+bedroom+bedroom+bedroom+bathroom+hallway,etoile,7,pavage,0,0.50,False,False,,,,84,1.429,0.2240,0.0000,2,10.334,,,0.811,trame
hd04_006,living+kitchen+bedroom+bedroom+bedroom+bathroom+hallway,etoile,7,pavage,4,0.50,False,False,,,,84,1.429,0.2240,0.0000,2,10.334,,,1.095,trame
hd04_006,living+kitchen+bedroom+bedroom+bedroom+bathroom+hallway,etoile,7,pavage,8,0.50,False,False,,,,84,1.429,0.2240,0.0000,2,10.334,,,1.237,trame
hd04_006,living+kitchen+bedroom+bedroom+bedroom+bathroom+hallway,etoile,7,pavage,16,0.50,False,False,,,,84,1.429,0.2240,0.0000,2,10.334,,,1.303,trame
hd04_006,living+kitchen+bedroom+bedroom+bedroom+bathroom+hallway,etoile,7,pavage,16,0.00,False,False,,,,84,1.429,0.2240,0.0000,2,10.334,,,1.328,trame
hd04_006,living+kitchen+bedroom+bedroom+bedroom+bathroom+hallway,etoile,7,pavage,16,0.25,False,False,,,,84,1.429,0.2240,0.0000,2,10.334,,,1.241,trame
hd04_006,living+kitchen+bedroom+bedroom+bedroom+bathroom+hallway,etoile,7,pavage,16,1.00,False,False,,,,84,1.429,0.2240,0.0000,2,10.334,,,2.378,trame
hd04_006,living+kitchen+bedroom+bedroom+bedroom+bathroom+hallway,etoile,7,pavage,16,1.80,False,False,,,,84,1.429,0.2240,0.0000,2,10.334,,,1.290,trame
hd04_007,living+kitchen+bedroom+bedroom+bedroom+bathroom+hallway,etoile,7,base,,0.50,False,False,,,,104,1.429,0.3312,0.0000,3,9.800,,,2.796,invariant_viole
hd04_007,living+kitchen+bedroom+bedroom+bedroom+bathroom+hallway,etoile,7,pavage,0,0.50,False,False,,,,104,1.429,0.3312,0.0000,3,9.800,,,0.805,trame
hd04_007,living+kitchen+bedroom+bedroom+bedroom+bathroom+hallway,etoile,7,pavage,4,0.50,False,False,,,,104,1.429,0.3312,0.0000,3,9.800,,,1.101,trame
hd04_007,living+kitchen+bedroom+bedroom+bedroom+bathroom+hallway,etoile,7,pavage,8,0.50,False,False,,,,104,1.429,0.3312,0.0000,3,9.800,,,1.401,trame
hd04_007,living+kitchen+bedroom+bedroom+bedroom+bathroom+hallway,etoile,7,pavage,16,0.50,False,False,,,,104,1.429,0.3312,0.0000,3,9.800,,,6.137,infaisable
hd04_007,living+kitchen+bedroom+bedroom+bedroom+bathroom+hallway,etoile,7,pavage,16,0.00,False,False,,,,104,1.429,0.3312,0.0000,3,9.800,,,6.465,infaisable
hd04_007,living+kitchen+bedroom+bedroom+bedroom+bathroom+hallway,etoile,7,pavage,16,0.25,False,False,,,,104,1.429,0.3312,0.0000,3,9.800,,,5.081,infaisable
hd04_007,living+kitchen+bedroom+bedroom+bedroom+bathroom+hallway,etoile,7,pavage,16,1.00,False,False,,,,104,1.429,0.3312,0.0000,3,9.800,,,5.921,infaisable
hd04_007,living+kitchen+bedroom+bedroom+bedroom+bathroom+hallway,etoile,7,pavage,16,1.80,False,False,,,,104,1.429,0.3312,0.0000,3,9.800,,,5.473,infaisable
hd04_008,living+kitchen+bedroom+bedroom+bedroom+bathroom+hallway,etoile,7,base,,0.50,False,False,,,,108,1.143,0.2716,0.0000,3,11.261,,,4.483,invariant_viole
hd04_008,living+kitchen+bedroom+bedroom+bedroom+bathroom+hallway,etoile,7,pavage,0,0.50,False,False,,,,108,1.143,0.2716,0.0000,3,11.261,,,1.067,trame
hd04_008,living+kitchen+bedroom+bedroom+bedroom+bathroom+hallway,etoile,7,pavage,4,0.50,False,False,,,,108,1.143,0.2716,0.0000,3,11.261,,,1.591,trame
hd04_008,living+kitchen+bedroom+bedroom+bedroom+bathroom+hallway,etoile,7,pavage,8,0.50,False,True,7,0.5000,True,108,1.143,0.2716,0.0000,3,11.261,6.527554,0.5796,6.260,ok
hd04_008,living+kitchen+bedroom+bedroom+bedroom+bathroom+hallway,etoile,7,pavage,16,0.50,False,True,7,0.5000,True,108,1.143,0.2716,0.0000,3,11.261,6.527554,0.5796,5.626,ok
hd04_008,living+kitchen+bedroom+bedroom+bedroom+bathroom+hallway,etoile,7,pavage,16,0.00,False,True,7,0.3626,False,108,1.143,0.2716,0.0000,3,11.261,6.527554,0.5796,4.695,ok
hd04_008,living+kitchen+bedroom+bedroom+bedroom+bathroom+hallway,etoile,7,pavage,16,0.25,False,True,7,0.3626,False,108,1.143,0.2716,0.0000,3,11.261,6.527554,0.5796,4.478,ok
hd04_008,living+kitchen+bedroom+bedroom+bedroom+bathroom+hallway,etoile,7,pavage,16,1.00,False,True,7,1.0000,True,108,1.143,0.2716,0.0000,3,11.261,6.527554,0.5796,5.263,ok
hd04_008,living+kitchen+bedroom+bedroom+bedroom+bathroom+hallway,etoile,7,pavage,16,1.80,False,True,7,1.8000,True,108,1.143,0.2716,0.0000,3,11.261,6.527554,0.5796,7.177,ok
hd04_009,living+kitchen+bedroom+bedroom+bedroom+bathroom+hallway,etoile,7,base,,0.50,False,False,,,,144,0.857,0.3554,0.0000,4,11.929,,,2.809,invariant_viole
hd04_009,living+kitchen+bedroom+bedroom+bedroom+bathroom+hallway,etoile,7,pavage,0,0.50,False,False,,,,144,0.857,0.3554,0.0000,4,11.929,,,0.853,trame
hd04_009,living+kitchen+bedroom+bedroom+bedroom+bathroom+hallway,etoile,7,pavage,4,0.50,False,False,,,,144,0.857,0.3554,0.0000,4,11.929,,,1.959,trame
hd04_009,living+kitchen+bedroom+bedroom+bedroom+bathroom+hallway,etoile,7,pavage,8,0.50,False,False,,,,144,0.857,0.3554,0.0000,4,11.929,,,1.313,trame
hd04_009,living+kitchen+bedroom+bedroom+bedroom+bathroom+hallway,etoile,7,pavage,16,0.50,False,False,,,,144,0.857,0.3554,0.0000,4,11.929,,,1.231,trame
hd04_009,living+kitchen+bedroom+bedroom+bedroom+bathroom+hallway,etoile,7,pavage,16,0.00,False,False,,,,144,0.857,0.3554,0.0000,4,11.929,,,1.430,trame
hd04_009,living+kitchen+bedroom+bedroom+bedroom+bathroom+hallway,etoile,7,pavage,16,0.25,False,False,,,,144,0.857,0.3554,0.0000,4,11.929,,,1.173,trame
hd04_009,living+kitchen+bedroom+bedroom+bedroom+bathroom+hallway,etoile,7,pavage,16,1.00,False,False,,,,144,0.857,0.3554,0.0000,4,11.929,,,1.145,trame
hd04_009,living+kitchen+bedroom+bedroom+bedroom+bathroom+hallway,etoile,7,pavage,16,1.80,False,False,,,,144,0.857,0.3554,0.0000,4,11.929,,,1.146,trame
hd04_010,living+kitchen+bedroom+bedroom+bedroom+bathroom+hallway,etoile,7,base,,0.50,False,False,,,,110,0.571,0.2803,0.0000,5,11.001,,,2.814,invariant_viole
hd04_010,living+kitchen+bedroom+bedroom+bedroom+bathroom+hallway,etoile,7,pavage,0,0.50,False,False,,,,110,0.571,0.2803,0.0000,5,11.001,,,0.771,trame
hd04_010,living+kitchen+bedroom+bedroom+bedroom+bathroom+hallway,etoile,7,pavage,4,0.50,False,False,,,,110,0.571,0.2803,0.0000,5,11.001,,,2.526,trame
hd04_010,living+kitchen+bedroom+bedroom+bedroom+bathroom+hallway,etoile,7,pavage,8,0.50,False,False,,,,110,0.571,0.2803,0.0000,5,11.001,,,1.474,trame
hd04_010,living+kitchen+bedroom+bedroom+bedroom+bathroom+hallway,etoile,7,pavage,16,0.50,False,False,,,,110,0.571,0.2803,0.0000,5,11.001,,,1.539,trame
hd04_010,living+kitchen+bedroom+bedroom+bedroom+bathroom+hallway,etoile,7,pavage,16,0.00,False,False,,,,110,0.571,0.2803,0.0000,5,11.001,,,1.492,trame
hd04_010,living+kitchen+bedroom+bedroom+bedroom+bathroom+hallway,etoile,7,pavage,16,0.25,False,False,,,,110,0.571,0.2803,0.0000,5,11.001,,,1.471,trame
hd04_010,living+kitchen+bedroom+bedroom+bedroom+bathroom+hallway,etoile,7,pavage,16,1.00,False,False,,,,110,0.571,0.2803,0.0000,5,11.001,,,1.490,trame
hd04_010,living+kitchen+bedroom+bedroom+bedroom+bathroom+hallway,etoile,7,pavage,16,1.80,False,False,,,,110,0.571,0.2803,0.0000,5,11.001,,,1.431,trame
hd04_011,living+kitchen+bedroom+bedroom+bedroom+bathroom+hallway,etoile,7,base,,0.50,False,False,,,,90,1.429,0.1837,0.0000,2,11.214,,,4.369,invariant_viole
hd04_011,living+kitchen+bedroom+bedroom+bedroom+bathroom+hallway,etoile,7,pavage,0,0.50,False,False,,,,90,1.429,0.1837,0.0000,2,11.214,,,0.936,trame
hd04_011,living+kitchen+bedroom+bedroom+bedroom+bathroom+hallway,etoile,7,pavage,4,0.50,False,False,,,,90,1.429,0.1837,0.0000,2,11.214,,,1.646,trame
hd04_011,living+kitchen+bedroom+bedroom+bedroom+bathroom+hallway,etoile,7,pavage,8,0.50,False,False,,,,90,1.429,0.1837,0.0000,2,11.214,,,1.960,trame
hd04_011,living+kitchen+bedroom+bedroom+bedroom+bathroom+hallway,etoile,7,pavage,16,0.50,False,False,,,,90,1.429,0.1837,0.0000,2,11.214,,,2.115,trame
hd04_011,living+kitchen+bedroom+bedroom+bedroom+bathroom+hallway,etoile,7,pavage,16,0.00,False,False,,,,90,1.429,0.1837,0.0000,2,11.214,,,2.119,trame
hd04_011,living+kitchen+bedroom+bedroom+bedroom+bathroom+hallway,etoile,7,pavage,16,0.25,False,False,,,,90,1.429,0.1837,0.0000,2,11.214,,,2.026,trame
hd04_011,living+kitchen+bedroom+bedroom+bedroom+bathroom+hallway,etoile,7,pavage,16,1.00,False,False,,,,90,1.429,0.1837,0.0000,2,11.214,,,1.508,trame
hd04_011,living+kitchen+bedroom+bedroom+bedroom+bathroom+hallway,etoile,7,pavage,16,1.80,False,False,,,,90,1.429,0.1837,0.0000,2,11.214,,,1.457,trame
hd04_012,living+kitchen+bedroom+bedroom+bedroom+bathroom+hallway,etoile,7,base,,0.50,False,False,,,,132,0.857,0.4329,0.0000,4,11.660,,,3.452,invariant_viole
hd04_012,living+kitchen+bedroom+bedroom+bedroom+bathroom+hallway,etoile,7,pavage,0,0.50,False,False,,,,132,0.857,0.4329,0.0000,4,11.660,,,1.037,trame
hd04_012,living+kitchen+bedroom+bedroom+bedroom+bathroom+hallway,etoile,7,pavage,4,0.50,False,False,,,,132,0.857,0.4329,0.0000,4,11.660,,,1.224,trame
hd04_012,living+kitchen+bedroom+bedroom+bedroom+bathroom+hallway,etoile,7,pavage,8,0.50,False,False,,,,132,0.857,0.4329,0.0000,4,11.660,,,2.220,trame
hd04_012,living+kitchen+bedroom+bedroom+bedroom+bathroom+hallway,etoile,7,pavage,16,0.50,False,False,,,,132,0.857,0.4329,0.0000,4,11.660,,,2.120,trame
hd04_012,living+kitchen+bedroom+bedroom+bedroom+bathroom+hallway,etoile,7,pavage,16,0.00,False,False,,,,132,0.857,0.4329,0.0000,4,11.660,,,3.294,trame
hd04_012,living+kitchen+bedroom+bedroom+bedroom+bathroom+hallway,etoile,7,pavage,16,0.25,False,False,,,,132,0.857,0.4329,0.0000,4,11.660,,,2.475,trame
hd04_012,living+kitchen+bedroom+bedroom+bedroom+bathroom+hallway,etoile,7,pavage,16,1.00,False,False,,,,132,0.857,0.4329,0.0000,4,11.660,,,2.173,trame
hd04_012,living+kitchen+bedroom+bedroom+bedroom+bathroom+hallway,etoile,7,pavage,16,1.80,False,False,,,,132,0.857,0.4329,0.0000,4,11.660,,,3.509,trame
hd04_013,living+kitchen+bedroom+bedroom+bedroom+bathroom+hallway,etoile,7,base,,0.50,False,False,,,,121,0.571,0.3452,0.0000,5,9.310,,,4.413,invariant_viole
hd04_013,living+kitchen+bedroom+bedroom+bedroom+bathroom+hallway,etoile,7,pavage,0,0.50,False,False,,,,121,0.571,0.3452,0.0000,5,9.310,,,1.101,trame
hd04_013,living+kitchen+bedroom+bedroom+bedroom+bathroom+hallway,etoile,7,pavage,4,0.50,False,False,,,,121,0.571,0.3452,0.0000,5,9.310,,,1.230,trame
hd04_013,living+kitchen+bedroom+bedroom+bedroom+bathroom+hallway,etoile,7,pavage,8,0.50,False,False,,,,121,0.571,0.3452,0.0000,5,9.310,,,1.508,trame
hd04_013,living+kitchen+bedroom+bedroom+bedroom+bathroom+hallway,etoile,7,pavage,16,0.50,False,False,,,,121,0.571,0.3452,0.0000,5,9.310,,,5.885,infaisable
hd04_013,living+kitchen+bedroom+bedroom+bedroom+bathroom+hallway,etoile,7,pavage,16,0.00,False,True,7,0.0000,False,121,0.571,0.3452,0.0000,5,9.310,4.714344,0.5064,5.501,ok
hd04_013,living+kitchen+bedroom+bedroom+bedroom+bathroom+hallway,etoile,7,pavage,16,0.25,False,False,,,,121,0.571,0.3452,0.0000,5,9.310,,,5.919,infaisable
hd04_013,living+kitchen+bedroom+bedroom+bedroom+bathroom+hallway,etoile,7,pavage,16,1.00,False,False,,,,121,0.571,0.3452,0.0000,5,9.310,,,5.243,infaisable
hd04_013,living+kitchen+bedroom+bedroom+bedroom+bathroom+hallway,etoile,7,pavage,16,1.80,False,False,,,,121,0.571,0.3452,0.0000,5,9.310,,,7.459,infaisable
hd04_014,living+kitchen+bedroom+bedroom+bedroom+bathroom+hallway,etoile,7,base,,0.50,False,False,,,,80,1.143,0.2554,0.0000,4,10.418,,,2.848,invariant_viole
hd04_014,living+kitchen+bedroom+bedroom+bedroom+bathroom+hallway,etoile,7,pavage,0,0.50,False,False,,,,80,1.143,0.2554,0.0000,4,10.418,,,0.872,trame
hd04_014,living+kitchen+bedroom+bedroom+bedroom+bathroom+hallway,etoile,7,pavage,4,0.50,False,False,,,,80,1.143,0.2554,0.0000,4,10.418,,,1.095,trame
hd04_014,living+kitchen+bedroom+bedroom+bedroom+bathroom+hallway,etoile,7,pavage,8,0.50,False,False,,,,80,1.143,0.2554,0.0000,4,10.418,,,1.397,trame
hd04_014,living+kitchen+bedroom+bedroom+bedroom+bathroom+hallway,etoile,7,pavage,16,0.50,False,False,,,,80,1.143,0.2554,0.0000,4,10.418,,,7.759,infaisable
hd04_014,living+kitchen+bedroom+bedroom+bedroom+bathroom+hallway,etoile,7,pavage,16,0.00,False,True,7,0.0000,False,80,1.143,0.2554,0.0000,4,10.418,2.901135,0.2785,4.977,ok
hd04_014,living+kitchen+bedroom+bedroom+bedroom+bathroom+hallway,etoile,7,pavage,16,0.25,False,False,,,,80,1.143,0.2554,0.0000,4,10.418,,,7.604,infaisable
hd04_014,living+kitchen+bedroom+bedroom+bedroom+bathroom+hallway,etoile,7,pavage,16,1.00,False,False,,,,80,1.143,0.2554,0.0000,4,10.418,,,6.315,infaisable
hd04_014,living+kitchen+bedroom+bedroom+bedroom+bathroom+hallway,etoile,7,pavage,16,1.80,False,False,,,,80,1.143,0.2554,0.0000,4,10.418,,,6.380,infaisable
hd04_015,living+kitchen+bedroom+bedroom+bedroom+bathroom+hallway,etoile,7,base,,0.50,False,False,,,,121,0.286,0.3809,0.0000,6,10.567,,,2.772,invariant_viole
hd04_015,living+kitchen+bedroom+bedroom+bedroom+bathroom+hallway,etoile,7,pavage,0,0.50,False,False,,,,121,0.286,0.3809,0.0000,6,10.567,,,0.810,trame
hd04_015,living+kitchen+bedroom+bedroom+bedroom+bathroom+hallway,etoile,7,pavage,4,0.50,False,False,,,,121,0.286,0.3809,0.0000,6,10.567,,,1.089,trame
hd04_015,living+kitchen+bedroom+bedroom+bedroom+bathroom+hallway,etoile,7,pavage,8,0.50,False,True,7,1.8132,True,121,0.286,0.3809,0.0000,6,10.567,4.079721,0.3861,4.164,ok
hd04_015,living+kitchen+bedroom+bedroom+bedroom+bathroom+hallway,etoile,7,pavage,16,0.50,False,True,7,1.8132,True,121,0.286,0.3809,0.0000,6,10.567,4.079721,0.3861,4.998,ok
hd04_015,living+kitchen+bedroom+bedroom+bedroom+bathroom+hallway,etoile,7,pavage,16,0.00,False,True,7,1.8132,True,121,0.286,0.3809,0.0000,6,10.567,4.079721,0.3861,5.389,ok
hd04_015,living+kitchen+bedroom+bedroom+bedroom+bathroom+hallway,etoile,7,pavage,16,0.25,False,True,7,1.8132,True,121,0.286,0.3809,0.0000,6,10.567,4.079721,0.3861,5.129,ok
hd04_015,living+kitchen+bedroom+bedroom+bedroom+bathroom+hallway,etoile,7,pavage,16,1.00,False,True,7,1.8132,True,121,0.286,0.3809,0.0000,6,10.567,4.079721,0.3861,6.371,ok
hd04_015,living+kitchen+bedroom+bedroom+bedroom+bathroom+hallway,etoile,7,pavage,16,1.80,False,True,7,1.8132,True,121,0.286,0.3809,0.0000,6,10.567,4.079721,0.3861,6.122,ok
hd04_016,living+kitchen+bedroom+bedroom+bedroom+bathroom+hallway,etoile,7,base,,0.50,False,False,,,,88,1.714,0.2513,0.0000,3,9.331,,,3.307,invariant_viole
hd04_016,living+kitchen+bedroom+bedroom+bedroom+bathroom+hallway,etoile,7,pavage,0,0.50,False,False,,,,88,1.714,0.2513,0.0000,3,9.331,,,1.405,trame
hd04_016,living+kitchen+bedroom+bedroom+bedroom+bathroom+hallway,etoile,7,pavage,4,0.50,False,False,,,,88,1.714,0.2513,0.0000,3,9.331,,,1.624,trame
hd04_016,living+kitchen+bedroom+bedroom+bedroom+bathroom+hallway,etoile,7,pavage,8,0.50,False,False,,,,88,1.714,0.2513,0.0000,3,9.331,,,2.043,trame
hd04_016,living+kitchen+bedroom+bedroom+bedroom+bathroom+hallway,etoile,7,pavage,16,0.50,False,False,,,,88,1.714,0.2513,0.0000,3,9.331,,,1.447,trame
hd04_016,living+kitchen+bedroom+bedroom+bedroom+bathroom+hallway,etoile,7,pavage,16,0.00,False,False,,,,88,1.714,0.2513,0.0000,3,9.331,,,1.395,trame
hd04_016,living+kitchen+bedroom+bedroom+bedroom+bathroom+hallway,etoile,7,pavage,16,0.25,False,False,,,,88,1.714,0.2513,0.0000,3,9.331,,,1.419,trame
hd04_016,living+kitchen+bedroom+bedroom+bedroom+bathroom+hallway,etoile,7,pavage,16,1.00,False,False,,,,88,1.714,0.2513,0.0000,3,9.331,,,1.396,trame
hd04_016,living+kitchen+bedroom+bedroom+bedroom+bathroom+hallway,etoile,7,pavage,16,1.80,False,False,,,,88,1.714,0.2513,0.0000,3,9.331,,,1.388,trame
hd04_017,living+kitchen+bedroom+bedroom+bedroom+bathroom+hallway,etoile,7,base,,0.50,False,False,,,,88,0.571,0.4217,0.0000,5,12.387,,,3.930,invariant_viole
hd04_017,living+kitchen+bedroom+bedroom+bedroom+bathroom+hallway,etoile,7,pavage,0,0.50,False,False,,,,88,0.571,0.4217,0.0000,5,12.387,,,0.799,trame
hd04_017,living+kitchen+bedroom+bedroom+bedroom+bathroom+hallway,etoile,7,pavage,4,0.50,False,False,,,,88,0.571,0.4217,0.0000,5,12.387,,,1.058,trame
hd04_017,living+kitchen+bedroom+bedroom+bedroom+bathroom+hallway,etoile,7,pavage,8,0.50,False,False,,,,88,0.571,0.4217,0.0000,5,12.387,,,1.326,trame
hd04_017,living+kitchen+bedroom+bedroom+bedroom+bathroom+hallway,etoile,7,pavage,16,0.50,False,False,,,,88,0.571,0.4217,0.0000,5,12.387,,,4.617,infaisable
hd04_017,living+kitchen+bedroom+bedroom+bedroom+bathroom+hallway,etoile,7,pavage,16,0.00,False,True,7,0.0000,False,88,0.571,0.4217,0.0000,5,12.387,7.524819,0.6075,4.373,ok
hd04_017,living+kitchen+bedroom+bedroom+bedroom+bathroom+hallway,etoile,7,pavage,16,0.25,False,False,,,,88,0.571,0.4217,0.0000,5,12.387,,,6.225,infaisable
hd04_017,living+kitchen+bedroom+bedroom+bedroom+bathroom+hallway,etoile,7,pavage,16,1.00,False,False,,,,88,0.571,0.4217,0.0000,5,12.387,,,4.950,infaisable
hd04_017,living+kitchen+bedroom+bedroom+bedroom+bathroom+hallway,etoile,7,pavage,16,1.80,False,False,,,,88,0.571,0.4217,0.0000,5,12.387,,,5.202,infaisable
hd04_018,living+kitchen+bedroom+bedroom+bedroom+bathroom+hallway,etoile,7,base,,0.50,False,False,,,,80,1.714,0.2822,0.0000,2,11.370,,,2.894,invariant_viole
hd04_018,living+kitchen+bedroom+bedroom+bedroom+bathroom+hallway,etoile,7,pavage,0,0.50,False,False,,,,80,1.714,0.2822,0.0000,2,11.370,,,0.799,trame
hd04_018,living+kitchen+bedroom+bedroom+bedroom+bathroom+hallway,etoile,7,pavage,4,0.50,False,False,,,,80,1.714,0.2822,0.0000,2,11.370,,,1.093,trame
hd04_018,living+kitchen+bedroom+bedroom+bedroom+bathroom+hallway,etoile,7,pavage,8,0.50,False,False,,,,80,1.714,0.2822,0.0000,2,11.370,,,1.206,trame
hd04_018,living+kitchen+bedroom+bedroom+bedroom+bathroom+hallway,etoile,7,pavage,16,0.50,False,False,,,,80,1.714,0.2822,0.0000,2,11.370,,,1.197,trame
hd04_018,living+kitchen+bedroom+bedroom+bedroom+bathroom+hallway,etoile,7,pavage,16,0.00,False,False,,,,80,1.714,0.2822,0.0000,2,11.370,,,1.203,trame
hd04_018,living+kitchen+bedroom+bedroom+bedroom+bathroom+hallway,etoile,7,pavage,16,0.25,False,False,,,,80,1.714,0.2822,0.0000,2,11.370,,,1.201,trame
hd04_018,living+kitchen+bedroom+bedroom+bedroom+bathroom+hallway,etoile,7,pavage,16,1.00,False,False,,,,80,1.714,0.2822,0.0000,2,11.370,,,1.240,trame
hd04_018,living+kitchen+bedroom+bedroom+bedroom+bathroom+hallway,etoile,7,pavage,16,1.80,False,False,,,,80,1.714,0.2822,0.0000,2,11.370,,,1.215,trame
hd04_019,living+kitchen+bedroom+bedroom+bedroom+bathroom+hallway,etoile,7,base,,0.50,False,False,,,,77,0.286,0.1303,0.0000,6,10.606,,,4.555,invariant_viole
hd04_019,living+kitchen+bedroom+bedroom+bedroom+bathroom+hallway,etoile,7,pavage,0,0.50,False,False,,,,77,0.286,0.1303,0.0000,6,10.606,,,1.059,trame
hd04_019,living+kitchen+bedroom+bedroom+bedroom+bathroom+hallway,etoile,7,pavage,4,0.50,False,True,7,2.2665,True,77,0.286,0.1303,0.0000,6,10.606,1.450568,0.1368,5.737,ok
hd04_019,living+kitchen+bedroom+bedroom+bedroom+bathroom+hallway,etoile,7,pavage,8,0.50,False,True,7,2.2665,True,77,0.286,0.1303,0.0000,6,10.606,1.450568,0.1368,4.921,ok
hd04_019,living+kitchen+bedroom+bedroom+bedroom+bathroom+hallway,etoile,7,pavage,16,0.50,False,True,7,2.2665,True,77,0.286,0.1303,0.0000,6,10.606,1.450568,0.1368,4.032,ok
hd04_019,living+kitchen+bedroom+bedroom+bedroom+bathroom+hallway,etoile,7,pavage,16,0.00,False,True,7,2.2665,True,77,0.286,0.1303,0.0000,6,10.606,1.450568,0.1368,3.865,ok
hd04_019,living+kitchen+bedroom+bedroom+bedroom+bathroom+hallway,etoile,7,pavage,16,0.25,False,True,7,2.2665,True,77,0.286,0.1303,0.0000,6,10.606,1.450568,0.1368,5.152,ok
hd04_019,living+kitchen+bedroom+bedroom+bedroom+bathroom+hallway,etoile,7,pavage,16,1.00,False,True,7,2.2665,True,77,0.286,0.1303,0.0000,6,10.606,1.450568,0.1368,4.682,ok
hd04_019,living+kitchen+bedroom+bedroom+bedroom+bathroom+hallway,etoile,7,pavage,16,1.80,False,True,7,2.4478,True,77,0.286,0.1303,0.0000,6,10.606,1.178586,0.1111,4.760,ok
hd04_020,living+kitchen+bedroom+bedroom+bedroom+bathroom+hallway,etoile,7,base,,0.50,False,False,,,,81,0.286,0.3016,0.0000,6,10.858,,,3.303,invariant_viole
hd04_020,living+kitchen+bedroom+bedroom+bedroom+bathroom+hallway,etoile,7,pavage,0,0.50,False,False,,,,81,0.286,0.3016,0.0000,6,10.858,,,0.839,trame
hd04_020,living+kitchen+bedroom+bedroom+bedroom+bathroom+hallway,etoile,7,pavage,4,0.50,False,False,,,,81,0.286,0.3016,0.0000,6,10.858,,,1.086,trame
hd04_020,living+kitchen+bedroom+bedroom+bedroom+bathroom+hallway,etoile,7,pavage,8,0.50,False,False,,,,81,0.286,0.3016,0.0000,6,10.858,,,1.642,trame
hd04_020,living+kitchen+bedroom+bedroom+bedroom+bathroom+hallway,etoile,7,pavage,16,0.50,False,False,,,,81,0.286,0.3016,0.0000,6,10.858,,,1.217,trame
hd04_020,living+kitchen+bedroom+bedroom+bedroom+bathroom+hallway,etoile,7,pavage,16,0.00,False,False,,,,81,0.286,0.3016,0.0000,6,10.858,,,1.188,trame
hd04_020,living+kitchen+bedroom+bedroom+bedroom+bathroom+hallway,etoile,7,pavage,16,0.25,False,False,,,,81,0.286,0.3016,0.0000,6,10.858,,,1.167,trame
hd04_020,living+kitchen+bedroom+bedroom+bedroom+bathroom+hallway,etoile,7,pavage,16,1.00,False,False,,,,81,0.286,0.3016,0.0000,6,10.858,,,1.169,trame
hd04_020,living+kitchen+bedroom+bedroom+bedroom+bathroom+hallway,etoile,7,pavage,16,1.80,False,False,,,,81,0.286,0.3016,0.0000,6,10.858,,,1.174,trame
hd04_021,living+kitchen+bedroom+bedroom+bedroom+bathroom+hallway,etoile,7,base,,0.50,False,False,,,,99,1.143,0.4142,0.0000,3,10.734,,,7.165,invariant_viole
hd04_021,living+kitchen+bedroom+bedroom+bedroom+bathroom+hallway,etoile,7,pavage,0,0.50,False,False,,,,99,1.143,0.4142,0.0000,3,10.734,,,1.731,trame
hd04_021,living+kitchen+bedroom+bedroom+bedroom+bathroom+hallway,etoile,7,pavage,4,0.50,False,False,,,,99,1.143,0.4142,0.0000,3,10.734,,,1.125,trame
hd04_021,living+kitchen+bedroom+bedroom+bedroom+bathroom+hallway,etoile,7,pavage,8,0.50,False,True,7,1.0879,True,99,1.143,0.4142,0.0000,3,10.734,5.167647,0.4814,5.001,ok
hd04_021,living+kitchen+bedroom+bedroom+bedroom+bathroom+hallway,etoile,7,pavage,16,0.50,False,True,7,1.0879,True,99,1.143,0.4142,0.0000,3,10.734,5.167647,0.4814,5.796,ok
hd04_021,living+kitchen+bedroom+bedroom+bedroom+bathroom+hallway,etoile,7,pavage,16,0.00,False,True,7,1.0879,True,99,1.143,0.4142,0.0000,3,10.734,5.167647,0.4814,4.330,ok
hd04_021,living+kitchen+bedroom+bedroom+bedroom+bathroom+hallway,etoile,7,pavage,16,0.25,False,True,7,1.0879,True,99,1.143,0.4142,0.0000,3,10.734,5.167647,0.4814,4.486,ok
hd04_021,living+kitchen+bedroom+bedroom+bedroom+bathroom+hallway,etoile,7,pavage,16,1.00,False,True,7,1.0879,True,99,1.143,0.4142,0.0000,3,10.734,5.167647,0.4814,5.267,ok
hd04_021,living+kitchen+bedroom+bedroom+bedroom+bathroom+hallway,etoile,7,pavage,16,1.80,False,True,7,1.8000,True,99,1.143,0.4142,0.0000,3,10.734,5.090196,0.4742,3.917,ok
hd04_022,living+kitchen+bedroom+bedroom+bedroom+bathroom+hallway,etoile,7,base,,0.50,False,False,,,,77,1.143,0.2266,0.0000,4,9.840,,,2.841,invariant_viole
hd04_022,living+kitchen+bedroom+bedroom+bedroom+bathroom+hallway,etoile,7,pavage,0,0.50,False,False,,,,77,1.143,0.2266,0.0000,4,9.840,,,0.797,trame
hd04_022,living+kitchen+bedroom+bedroom+bedroom+bathroom+hallway,etoile,7,pavage,4,0.50,False,False,,,,77,1.143,0.2266,0.0000,4,9.840,,,1.048,trame
hd04_022,living+kitchen+bedroom+bedroom+bedroom+bathroom+hallway,etoile,7,pavage,8,0.50,False,False,,,,77,1.143,0.2266,0.0000,4,9.840,,,1.364,trame
hd04_022,living+kitchen+bedroom+bedroom+bedroom+bathroom+hallway,etoile,7,pavage,16,0.50,False,False,,,,77,1.143,0.2266,0.0000,4,9.840,,,1.567,trame
hd04_022,living+kitchen+bedroom+bedroom+bedroom+bathroom+hallway,etoile,7,pavage,16,0.00,False,False,,,,77,1.143,0.2266,0.0000,4,9.840,,,1.361,trame
hd04_022,living+kitchen+bedroom+bedroom+bedroom+bathroom+hallway,etoile,7,pavage,16,0.25,False,False,,,,77,1.143,0.2266,0.0000,4,9.840,,,1.205,trame
hd04_022,living+kitchen+bedroom+bedroom+bedroom+bathroom+hallway,etoile,7,pavage,16,1.00,False,False,,,,77,1.143,0.2266,0.0000,4,9.840,,,1.173,trame
hd04_022,living+kitchen+bedroom+bedroom+bedroom+bathroom+hallway,etoile,7,pavage,16,1.80,False,False,,,,77,1.143,0.2266,0.0000,4,9.840,,,1.240,trame
hd04_023,living+kitchen+bedroom+bedroom+bedroom+bathroom+hallway,etoile,7,base,,0.50,False,False,,,,108,1.143,0.3254,0.0000,3,10.014,,,3.097,invariant_viole
hd04_023,living+kitchen+bedroom+bedroom+bedroom+bathroom+hallway,etoile,7,pavage,0,0.50,False,False,,,,108,1.143,0.3254,0.0000,3,10.014,,,0.785,trame
hd04_023,living+kitchen+bedroom+bedroom+bedroom+bathroom+hallway,etoile,7,pavage,4,0.50,False,False,,,,108,1.143,0.3254,0.0000,3,10.014,,,1.312,trame
hd04_023,living+kitchen+bedroom+bedroom+bedroom+bathroom+hallway,etoile,7,pavage,8,0.50,False,False,,,,108,1.143,0.3254,0.0000,3,10.014,,,1.648,trame
hd04_023,living+kitchen+bedroom+bedroom+bedroom+bathroom+hallway,etoile,7,pavage,16,0.50,False,False,,,,108,1.143,0.3254,0.0000,3,10.014,,,3.016,trame
hd04_023,living+kitchen+bedroom+bedroom+bedroom+bathroom+hallway,etoile,7,pavage,16,0.00,False,False,,,,108,1.143,0.3254,0.0000,3,10.014,,,1.978,trame
hd04_023,living+kitchen+bedroom+bedroom+bedroom+bathroom+hallway,etoile,7,pavage,16,0.25,False,False,,,,108,1.143,0.3254,0.0000,3,10.014,,,1.636,trame
hd04_023,living+kitchen+bedroom+bedroom+bedroom+bathroom+hallway,etoile,7,pavage,16,1.00,False,False,,,,108,1.143,0.3254,0.0000,3,10.014,,,1.575,trame
hd04_023,living+kitchen+bedroom+bedroom+bedroom+bathroom+hallway,etoile,7,pavage,16,1.80,False,False,,,,108,1.143,0.3254,0.0000,3,10.014,,,1.628,trame
hd04_024,living+kitchen+bedroom+bedroom+bedroom+bathroom+hallway,etoile,7,base,,0.50,False,False,,,,99,0.286,0.2296,0.0000,6,10.932,,,2.783,invariant_viole
hd04_024,living+kitchen+bedroom+bedroom+bedroom+bathroom+hallway,etoile,7,pavage,0,0.50,False,False,,,,99,0.286,0.2296,0.0000,6,10.932,,,0.989,trame
hd04_024,living+kitchen+bedroom+bedroom+bedroom+bathroom+hallway,etoile,7,pavage,4,0.50,False,False,,,,99,0.286,0.2296,0.0000,6,10.932,,,1.157,trame
hd04_024,living+kitchen+bedroom+bedroom+bedroom+bathroom+hallway,etoile,7,pavage,8,0.50,False,False,,,,99,0.286,0.2296,0.0000,6,10.932,,,4.626,infaisable
hd04_024,living+kitchen+bedroom+bedroom+bedroom+bathroom+hallway,etoile,7,pavage,16,0.50,False,False,,,,99,0.286,0.2296,0.0000,6,10.932,,,4.232,infaisable
hd04_024,living+kitchen+bedroom+bedroom+bedroom+bathroom+hallway,etoile,7,pavage,16,0.00,False,True,7,0.0000,False,99,0.286,0.2296,0.0000,6,10.932,2.901135,0.2654,4.183,ok
hd04_024,living+kitchen+bedroom+bedroom+bedroom+bathroom+hallway,etoile,7,pavage,16,0.25,False,False,,,,99,0.286,0.2296,0.0000,6,10.932,,,5.987,infaisable
hd04_024,living+kitchen+bedroom+bedroom+bedroom+bathroom+hallway,etoile,7,pavage,16,1.00,False,False,,,,99,0.286,0.2296,0.0000,6,10.932,,,5.428,infaisable
hd04_024,living+kitchen+bedroom+bedroom+bedroom+bathroom+hallway,etoile,7,pavage,16,1.80,False,False,,,,99,0.286,0.2296,0.0000,6,10.932,,,7.960,infaisable
hd04_025,living+kitchen+bedroom+bedroom+bedroom+bathroom+hallway,etoile,7,base,,0.50,False,False,,,,99,0.857,0.2808,0.0000,4,9.746,,,3.871,invariant_viole
hd04_025,living+kitchen+bedroom+bedroom+bedroom+bathroom+hallway,etoile,7,pavage,0,0.50,False,False,,,,99,0.857,0.2808,0.0000,4,9.746,,,1.013,trame
hd04_025,living+kitchen+bedroom+bedroom+bedroom+bathroom+hallway,etoile,7,pavage,4,0.50,False,False,,,,99,0.857,0.2808,0.0000,4,9.746,,,1.147,trame
hd04_025,living+kitchen+bedroom+bedroom+bedroom+bathroom+hallway,etoile,7,pavage,8,0.50,False,False,,,,99,0.857,0.2808,0.0000,4,9.746,,,1.372,trame
hd04_025,living+kitchen+bedroom+bedroom+bedroom+bathroom+hallway,etoile,7,pavage,16,0.50,False,False,,,,99,0.857,0.2808,0.0000,4,9.746,,,1.823,trame
hd04_025,living+kitchen+bedroom+bedroom+bedroom+bathroom+hallway,etoile,7,pavage,16,0.00,False,False,,,,99,0.857,0.2808,0.0000,4,9.746,,,1.400,trame
hd04_025,living+kitchen+bedroom+bedroom+bedroom+bathroom+hallway,etoile,7,pavage,16,0.25,False,False,,,,99,0.857,0.2808,0.0000,4,9.746,,,1.350,trame
hd04_025,living+kitchen+bedroom+bedroom+bedroom+bathroom+hallway,etoile,7,pavage,16,1.00,False,False,,,,99,0.857,0.2808,0.0000,4,9.746,,,1.649,trame
hd04_025,living+kitchen+bedroom+bedroom+bedroom+bathroom+hallway,etoile,7,pavage,16,1.80,False,False,,,,99,0.857,0.2808,0.0000,4,9.746,,,1.266,trame
hd04_026,living+kitchen+bedroom+bedroom+bedroom+bathroom+hallway,etoile,7,base,,0.50,False,False,,,,120,0.286,0.4250,0.0000,6,10.166,,,2.814,invariant_viole
hd04_026,living+kitchen+bedroom+bedroom+bedroom+bathroom+hallway,etoile,7,pavage,0,0.50,False,False,,,,120,0.286,0.4250,0.0000,6,10.166,,,0.839,trame
hd04_026,living+kitchen+bedroom+bedroom+bedroom+bathroom+hallway,etoile,7,pavage,4,0.50,False,False,,,,120,0.286,0.4250,0.0000,6,10.166,,,1.113,trame
hd04_026,living+kitchen+bedroom+bedroom+bedroom+bathroom+hallway,etoile,7,pavage,8,0.50,False,False,,,,120,0.286,0.4250,0.0000,6,10.166,,,1.821,trame
hd04_026,living+kitchen+bedroom+bedroom+bedroom+bathroom+hallway,etoile,7,pavage,16,0.50,False,False,,,,120,0.286,0.4250,0.0000,6,10.166,,,7.563,infaisable
hd04_026,living+kitchen+bedroom+bedroom+bedroom+bathroom+hallway,etoile,7,pavage,16,0.00,False,True,7,0.0000,False,120,0.286,0.4250,0.0000,6,10.166,6.255572,0.6154,4.941,ok
hd04_026,living+kitchen+bedroom+bedroom+bedroom+bathroom+hallway,etoile,7,pavage,16,0.25,False,False,,,,120,0.286,0.4250,0.0000,6,10.166,,,6.397,infaisable
hd04_026,living+kitchen+bedroom+bedroom+bedroom+bathroom+hallway,etoile,7,pavage,16,1.00,False,False,,,,120,0.286,0.4250,0.0000,6,10.166,,,6.031,infaisable
hd04_026,living+kitchen+bedroom+bedroom+bedroom+bathroom+hallway,etoile,7,pavage,16,1.80,False,False,,,,120,0.286,0.4250,0.0000,6,10.166,,,4.789,infaisable
hd04_027,living+kitchen+bedroom+bedroom+bedroom+bathroom+hallway,etoile,7,base,,0.50,False,False,,,,110,1.429,0.3227,0.0000,2,11.319,,,3.532,invariant_viole
hd04_027,living+kitchen+bedroom+bedroom+bedroom+bathroom+hallway,etoile,7,pavage,0,0.50,False,False,,,,110,1.429,0.3227,0.0000,2,11.319,,,0.849,trame
hd04_027,living+kitchen+bedroom+bedroom+bedroom+bathroom+hallway,etoile,7,pavage,4,0.50,False,False,,,,110,1.429,0.3227,0.0000,2,11.319,,,1.211,trame
hd04_027,living+kitchen+bedroom+bedroom+bedroom+bathroom+hallway,etoile,7,pavage,8,0.50,False,False,,,,110,1.429,0.3227,0.0000,2,11.319,,,1.416,trame
hd04_027,living+kitchen+bedroom+bedroom+bedroom+bathroom+hallway,etoile,7,pavage,16,0.50,False,False,,,,110,1.429,0.3227,0.0000,2,11.319,,,1.407,trame
hd04_027,living+kitchen+bedroom+bedroom+bedroom+bathroom+hallway,etoile,7,pavage,16,0.00,False,False,,,,110,1.429,0.3227,0.0000,2,11.319,,,1.403,trame
hd04_027,living+kitchen+bedroom+bedroom+bedroom+bathroom+hallway,etoile,7,pavage,16,0.25,False,False,,,,110,1.429,0.3227,0.0000,2,11.319,,,1.420,trame
hd04_027,living+kitchen+bedroom+bedroom+bedroom+bathroom+hallway,etoile,7,pavage,16,1.00,False,False,,,,110,1.429,0.3227,0.0000,2,11.319,,,1.412,trame
hd04_027,living+kitchen+bedroom+bedroom+bedroom+bathroom+hallway,etoile,7,pavage,16,1.80,False,False,,,,110,1.429,0.3227,0.0000,2,11.319,,,2.029,trame
hd04_028,living+kitchen+bedroom+bedroom+bedroom+bathroom+hallway,etoile,7,base,,0.50,False,False,,,,99,1.429,0.3763,0.0000,2,12.104,,,3.265,invariant_viole
hd04_028,living+kitchen+bedroom+bedroom+bedroom+bathroom+hallway,etoile,7,pavage,0,0.50,False,False,,,,99,1.429,0.3763,0.0000,2,12.104,,,0.858,trame
hd04_028,living+kitchen+bedroom+bedroom+bedroom+bathroom+hallway,etoile,7,pavage,4,0.50,False,False,,,,99,1.429,0.3763,0.0000,2,12.104,,,1.080,trame
hd04_028,living+kitchen+bedroom+bedroom+bedroom+bathroom+hallway,etoile,7,pavage,8,0.50,False,True,7,0.5000,True,99,1.429,0.3763,0.0000,2,12.104,6.799535,0.5618,4.153,ok
hd04_028,living+kitchen+bedroom+bedroom+bedroom+bathroom+hallway,etoile,7,pavage,16,0.50,False,True,7,0.5000,True,99,1.429,0.3763,0.0000,2,12.104,6.799535,0.5618,4.500,ok
hd04_028,living+kitchen+bedroom+bedroom+bedroom+bathroom+hallway,etoile,7,pavage,16,0.00,False,True,7,0.3626,False,99,1.429,0.3763,0.0000,2,12.104,6.799535,0.5618,4.726,ok
hd04_028,living+kitchen+bedroom+bedroom+bedroom+bathroom+hallway,etoile,7,pavage,16,0.25,False,True,7,0.3626,False,99,1.429,0.3763,0.0000,2,12.104,6.799535,0.5618,3.827,ok
hd04_028,living+kitchen+bedroom+bedroom+bedroom+bathroom+hallway,etoile,7,pavage,16,1.00,False,True,7,1.0000,True,99,1.429,0.3763,0.0000,2,12.104,6.799535,0.5618,3.847,ok
hd04_028,living+kitchen+bedroom+bedroom+bedroom+bathroom+hallway,etoile,7,pavage,16,1.80,False,True,7,1.8000,True,99,1.429,0.3763,0.0000,2,12.104,6.799535,0.5618,4.629,ok
hd04_029,living+kitchen+bedroom+bedroom+bedroom+bathroom+hallway,etoile,7,base,,0.50,False,False,,,,80,1.143,0.2685,0.0000,3,10.896,,,3.134,invariant_viole
hd04_029,living+kitchen+bedroom+bedroom+bedroom+bathroom+hallway,etoile,7,pavage,0,0.50,False,False,,,,80,1.143,0.2685,0.0000,3,10.896,,,0.802,trame
hd04_029,living+kitchen+bedroom+bedroom+bedroom+bathroom+hallway,etoile,7,pavage,4,0.50,False,False,,,,80,1.143,0.2685,0.0000,3,10.896,,,1.483,trame
hd04_029,living+kitchen+bedroom+bedroom+bedroom+bathroom+hallway,etoile,7,pavage,8,0.50,False,False,,,,80,1.143,0.2685,0.0000,3,10.896,,,2.973,trame
hd04_029,living+kitchen+bedroom+bedroom+bedroom+bathroom+hallway,etoile,7,pavage,16,0.50,False,False,,,,80,1.143,0.2685,0.0000,3,10.896,,,1.212,trame
hd04_029,living+kitchen+bedroom+bedroom+bedroom+bathroom+hallway,etoile,7,pavage,16,0.00,False,False,,,,80,1.143,0.2685,0.0000,3,10.896,,,2.875,trame
hd04_029,living+kitchen+bedroom+bedroom+bedroom+bathroom+hallway,etoile,7,pavage,16,0.25,False,False,,,,80,1.143,0.2685,0.0000,3,10.896,,,1.712,trame
hd04_029,living+kitchen+bedroom+bedroom+bedroom+bathroom+hallway,etoile,7,pavage,16,1.00,False,False,,,,80,1.143,0.2685,0.0000,3,10.896,,,2.233,trame
hd04_029,living+kitchen+bedroom+bedroom+bedroom+bathroom+hallway,etoile,7,pavage,16,1.80,False,False,,,,80,1.143,0.2685,0.0000,3,10.896,,,1.465,trame
hd04_030,living+kitchen+bedroom+bedroom+bedroom+bathroom+hallway,etoile,7,base,,0.50,False,False,,,,130,0.857,0.5497,0.0000,4,11.375,,,3.372,invariant_viole
hd04_030,living+kitchen+bedroom+bedroom+bedroom+bathroom+hallway,etoile,7,pavage,0,0.50,False,False,,,,130,0.857,0.5497,0.0000,4,11.375,,,0.851,trame
hd04_030,living+kitchen+bedroom+bedroom+bedroom+bathroom+hallway,etoile,7,pavage,4,0.50,False,False,,,,130,0.857,0.5497,0.0000,4,11.375,,,1.176,trame
hd04_030,living+kitchen+bedroom+bedroom+bedroom+bathroom+hallway,etoile,7,pavage,8,0.50,False,False,,,,130,0.857,0.5497,0.0000,4,11.375,,,2.330,trame
hd04_030,living+kitchen+bedroom+bedroom+bedroom+bathroom+hallway,etoile,7,pavage,16,0.50,False,False,,,,130,0.857,0.5497,0.0000,4,11.375,,,5.879,infaisable
hd04_030,living+kitchen+bedroom+bedroom+bedroom+bathroom+hallway,etoile,7,pavage,16,0.00,False,True,7,0.0000,False,130,0.857,0.5497,0.0000,4,11.375,13.055108,1.1477,4.299,ok
hd04_030,living+kitchen+bedroom+bedroom+bedroom+bathroom+hallway,etoile,7,pavage,16,0.25,False,False,,,,130,0.857,0.5497,0.0000,4,11.375,,,6.120,infaisable
hd04_030,living+kitchen+bedroom+bedroom+bedroom+bathroom+hallway,etoile,7,pavage,16,1.00,False,False,,,,130,0.857,0.5497,0.0000,4,11.375,,,5.067,infaisable
hd04_030,living+kitchen+bedroom+bedroom+bedroom+bathroom+hallway,etoile,7,pavage,16,1.80,False,False,,,,130,0.857,0.5497,0.0000,4,11.375,,,4.801,infaisable
hd04_031,living+kitchen+bedroom+bedroom+bedroom+bathroom+hallway,etoile,7,base,,0.50,False,False,,,,132,0.857,0.3306,0.0000,4,11.309,,,4.870,invariant_viole
hd04_031,living+kitchen+bedroom+bedroom+bedroom+bathroom+hallway,etoile,7,pavage,0,0.50,False,False,,,,132,0.857,0.3306,0.0000,4,11.309,,,1.369,trame
hd04_031,living+kitchen+bedroom+bedroom+bedroom+bathroom+hallway,etoile,7,pavage,4,0.50,False,False,,,,132,0.857,0.3306,0.0000,4,11.309,,,1.267,trame
hd04_031,living+kitchen+bedroom+bedroom+bedroom+bathroom+hallway,etoile,7,pavage,8,0.50,False,False,,,,132,0.857,0.3306,0.0000,4,11.309,,,1.358,trame
hd04_031,living+kitchen+bedroom+bedroom+bedroom+bathroom+hallway,etoile,7,pavage,16,0.50,False,False,,,,132,0.857,0.3306,0.0000,4,11.309,,,1.338,trame
hd04_031,living+kitchen+bedroom+bedroom+bedroom+bathroom+hallway,etoile,7,pavage,16,0.00,False,False,,,,132,0.857,0.3306,0.0000,4,11.309,,,1.337,trame
hd04_031,living+kitchen+bedroom+bedroom+bedroom+bathroom+hallway,etoile,7,pavage,16,0.25,False,False,,,,132,0.857,0.3306,0.0000,4,11.309,,,1.339,trame
hd04_031,living+kitchen+bedroom+bedroom+bedroom+bathroom+hallway,etoile,7,pavage,16,1.00,False,False,,,,132,0.857,0.3306,0.0000,4,11.309,,,1.501,trame
hd04_031,living+kitchen+bedroom+bedroom+bedroom+bathroom+hallway,etoile,7,pavage,16,1.80,False,False,,,,132,0.857,0.3306,0.0000,4,11.309,,,1.521,trame
hd04_032,living+kitchen+bedroom+bedroom+bedroom+bathroom+hallway,etoile,7,base,,0.50,False,False,,,,90,1.143,0.3128,0.0000,4,11.306,,,2.888,invariant_viole
hd04_032,living+kitchen+bedroom+bedroom+bedroom+bathroom+hallway,etoile,7,pavage,0,0.50,False,False,,,,90,1.143,0.3128,0.0000,4,11.306,,,0.768,trame
hd04_032,living+kitchen+bedroom+bedroom+bedroom+bathroom+hallway,etoile,7,pavage,4,0.50,False,False,,,,90,1.143,0.3128,0.0000,4,11.306,,,1.102,trame
hd04_032,living+kitchen+bedroom+bedroom+bedroom+bathroom+hallway,etoile,7,pavage,8,0.50,False,False,,,,90,1.143,0.3128,0.0000,4,11.306,,,1.427,trame
hd04_032,living+kitchen+bedroom+bedroom+bedroom+bathroom+hallway,etoile,7,pavage,16,0.50,False,True,7,0.7253,True,90,1.143,0.3128,0.0000,4,11.306,4.351703,0.3849,4.278,ok
hd04_032,living+kitchen+bedroom+bedroom+bedroom+bathroom+hallway,etoile,7,pavage,16,0.00,False,True,7,0.7253,True,90,1.143,0.3128,0.0000,4,11.306,4.351703,0.3849,7.218,ok
hd04_032,living+kitchen+bedroom+bedroom+bedroom+bathroom+hallway,etoile,7,pavage,16,0.25,False,True,7,0.7253,True,90,1.143,0.3128,0.0000,4,11.306,4.351703,0.3849,5.183,ok
hd04_032,living+kitchen+bedroom+bedroom+bedroom+bathroom+hallway,etoile,7,pavage,16,1.00,False,True,7,1.0000,True,90,1.143,0.3128,0.0000,4,11.306,4.351703,0.3849,5.077,ok
hd04_032,living+kitchen+bedroom+bedroom+bedroom+bathroom+hallway,etoile,7,pavage,16,1.80,False,True,7,1.8000,True,90,1.143,0.3128,0.0000,4,11.306,4.351703,0.3849,6.751,ok
hd04_033,living+kitchen+bedroom+bedroom+bedroom+bathroom+hallway,etoile,7,base,,0.50,False,False,,,,99,1.714,0.2734,0.0000,3,10.848,,,3.375,invariant_viole
hd04_033,living+kitchen+bedroom+bedroom+bedroom+bathroom+hallway,etoile,7,pavage,0,0.50,False,False,,,,99,1.714,0.2734,0.0000,3,10.848,,,0.898,trame
hd04_033,living+kitchen+bedroom+bedroom+bedroom+bathroom+hallway,etoile,7,pavage,4,0.50,False,False,,,,99,1.714,0.2734,0.0000,3,10.848,,,1.130,trame
hd04_033,living+kitchen+bedroom+bedroom+bedroom+bathroom+hallway,etoile,7,pavage,8,0.50,False,False,,,,99,1.714,0.2734,0.0000,3,10.848,,,8.184,infaisable
hd04_033,living+kitchen+bedroom+bedroom+bedroom+bathroom+hallway,etoile,7,pavage,16,0.50,False,False,,,,99,1.714,0.2734,0.0000,3,10.848,,,7.135,infaisable
hd04_033,living+kitchen+bedroom+bedroom+bedroom+bathroom+hallway,etoile,7,pavage,16,0.00,False,False,,,,99,1.714,0.2734,0.0000,3,10.848,,,7.244,infaisable
hd04_033,living+kitchen+bedroom+bedroom+bedroom+bathroom+hallway,etoile,7,pavage,16,0.25,False,False,,,,99,1.714,0.2734,0.0000,3,10.848,,,6.030,infaisable
hd04_033,living+kitchen+bedroom+bedroom+bedroom+bathroom+hallway,etoile,7,pavage,16,1.00,False,False,,,,99,1.714,0.2734,0.0000,3,10.848,,,5.761,infaisable
hd04_033,living+kitchen+bedroom+bedroom+bedroom+bathroom+hallway,etoile,7,pavage,16,1.80,False,False,,,,99,1.714,0.2734,0.0000,3,10.848,,,4.807,infaisable
hd04_034,living+kitchen+bedroom+bedroom+bedroom+bathroom+hallway,etoile,7,base,,0.50,False,False,,,,80,0.286,0.1747,0.0000,6,10.896,,,2.945,invariant_viole
hd04_034,living+kitchen+bedroom+bedroom+bedroom+bathroom+hallway,etoile,7,pavage,0,0.50,False,False,,,,80,0.286,0.1747,0.0000,6,10.896,,,0.892,trame
hd04_034,living+kitchen+bedroom+bedroom+bedroom+bathroom+hallway,etoile,7,pavage,4,0.50,False,False,,,,80,0.286,0.1747,0.0000,6,10.896,,,1.118,trame
hd04_034,living+kitchen+bedroom+bedroom+bedroom+bathroom+hallway,etoile,7,pavage,8,0.50,False,False,,,,80,0.286,0.1747,0.0000,6,10.896,,,5.123,infaisable
hd04_034,living+kitchen+bedroom+bedroom+bedroom+bathroom+hallway,etoile,7,pavage,16,0.50,False,False,,,,80,0.286,0.1747,0.0000,6,10.896,,,4.038,infaisable
hd04_034,living+kitchen+bedroom+bedroom+bedroom+bathroom+hallway,etoile,7,pavage,16,0.00,False,True,7,0.0000,False,80,0.286,0.1747,0.0000,6,10.896,3.354437,0.3079,3.862,ok
hd04_034,living+kitchen+bedroom+bedroom+bedroom+bathroom+hallway,etoile,7,pavage,16,0.25,False,False,,,,80,0.286,0.1747,0.0000,6,10.896,,,4.819,infaisable
hd04_034,living+kitchen+bedroom+bedroom+bedroom+bathroom+hallway,etoile,7,pavage,16,1.00,False,False,,,,80,0.286,0.1747,0.0000,6,10.896,,,4.196,infaisable
hd04_034,living+kitchen+bedroom+bedroom+bedroom+bathroom+hallway,etoile,7,pavage,16,1.80,False,False,,,,80,0.286,0.1747,0.0000,6,10.896,,,4.106,infaisable
hd04_035,living+kitchen+bedroom+bedroom+bedroom+bathroom+hallway,etoile,7,base,,0.50,False,False,,,,81,0.571,0.2183,0.0000,5,10.858,,,4.307,invariant_viole
hd04_035,living+kitchen+bedroom+bedroom+bedroom+bathroom+hallway,etoile,7,pavage,0,0.50,False,False,,,,81,0.571,0.2183,0.0000,5,10.858,,,1.274,trame
hd04_035,living+kitchen+bedroom+bedroom+bedroom+bathroom+hallway,etoile,7,pavage,4,0.50,False,False,,,,81,0.571,0.2183,0.0000,5,10.858,,,1.439,trame
hd04_035,living+kitchen+bedroom+bedroom+bedroom+bathroom+hallway,etoile,7,pavage,8,0.50,False,True,7,0.6346,True,81,0.571,0.2183,0.0000,5,10.858,4.714344,0.4342,4.105,ok
hd04_035,living+kitchen+bedroom+bedroom+bedroom+bathroom+hallway,etoile,7,pavage,16,0.50,False,True,7,0.6346,True,81,0.571,0.2183,0.0000,5,10.858,4.714344,0.4342,3.969,ok
hd04_035,living+kitchen+bedroom+bedroom+bedroom+bathroom+hallway,etoile,7,pavage,16,0.00,False,True,7,0.6346,True,81,0.571,0.2183,0.0000,5,10.858,4.714344,0.4342,4.928,ok
hd04_035,living+kitchen+bedroom+bedroom+bedroom+bathroom+hallway,etoile,7,pavage,16,0.25,False,True,7,0.6346,True,81,0.571,0.2183,0.0000,5,10.858,4.714344,0.4342,4.156,ok
hd04_035,living+kitchen+bedroom+bedroom+bedroom+bathroom+hallway,etoile,7,pavage,16,1.00,False,True,7,1.0000,True,81,0.571,0.2183,0.0000,5,10.858,4.714344,0.4342,4.124,ok
hd04_035,living+kitchen+bedroom+bedroom+bedroom+bathroom+hallway,etoile,7,pavage,16,1.80,False,True,7,1.8000,True,81,0.571,0.2183,0.0000,5,10.858,4.714344,0.4342,4.416,ok
hd04_036,living+kitchen+bedroom+bedroom+bedroom+bathroom+hallway,etoile,7,base,,0.50,False,False,,,,77,0.286,0.2448,0.0000,6,10.049,,,2.670,invariant_viole
hd04_036,living+kitchen+bedroom+bedroom+bedroom+bathroom+hallway,etoile,7,pavage,0,0.50,False,False,,,,77,0.286,0.2448,0.0000,6,10.049,,,0.793,trame
hd04_036,living+kitchen+bedroom+bedroom+bedroom+bathroom+hallway,etoile,7,pavage,4,0.50,False,False,,,,77,0.286,0.2448,0.0000,6,10.049,,,1.049,trame
hd04_036,living+kitchen+bedroom+bedroom+bedroom+bathroom+hallway,etoile,7,pavage,8,0.50,False,True,7,1.0879,True,77,0.286,0.2448,0.0000,6,10.049,2.991795,0.2977,4.131,ok
hd04_036,living+kitchen+bedroom+bedroom+bedroom+bathroom+hallway,etoile,7,pavage,16,0.50,False,True,7,1.0879,True,77,0.286,0.2448,0.0000,6,10.049,2.991795,0.2977,3.967,ok
hd04_036,living+kitchen+bedroom+bedroom+bedroom+bathroom+hallway,etoile,7,pavage,16,0.00,False,True,7,1.0879,True,77,0.286,0.2448,0.0000,6,10.049,2.991795,0.2977,6.205,ok
hd04_036,living+kitchen+bedroom+bedroom+bedroom+bathroom+hallway,etoile,7,pavage,16,0.25,False,True,7,1.0879,True,77,0.286,0.2448,0.0000,6,10.049,2.991795,0.2977,7.728,ok
hd04_036,living+kitchen+bedroom+bedroom+bedroom+bathroom+hallway,etoile,7,pavage,16,1.00,False,True,7,1.0879,True,77,0.286,0.2448,0.0000,6,10.049,2.991795,0.2977,6.258,ok
hd04_036,living+kitchen+bedroom+bedroom+bedroom+bathroom+hallway,etoile,7,pavage,16,1.80,False,True,7,1.8000,True,77,0.286,0.2448,0.0000,6,10.049,2.991795,0.2977,4.408,ok
hd04_037,living+kitchen+bedroom+bedroom+bedroom+bathroom+hallway,etoile,7,base,,0.50,False,False,,,,104,0.286,0.3763,0.0000,6,10.528,,,2.695,invariant_viole
hd04_037,living+kitchen+bedroom+bedroom+bedroom+bathroom+hallway,etoile,7,pavage,0,0.50,False,False,,,,104,0.286,0.3763,0.0000,6,10.528,,,0.858,trame
hd04_037,living+kitchen+bedroom+bedroom+bedroom+bathroom+hallway,etoile,7,pavage,4,0.50,False,False,,,,104,0.286,0.3763,0.0000,6,10.528,,,1.087,trame
hd04_037,living+kitchen+bedroom+bedroom+bedroom+bathroom+hallway,etoile,7,pavage,8,0.50,False,False,,,,104,0.286,0.3763,0.0000,6,10.528,,,5.284,infaisable
hd04_037,living+kitchen+bedroom+bedroom+bedroom+bathroom+hallway,etoile,7,pavage,16,0.50,False,False,,,,104,0.286,0.3763,0.0000,6,10.528,,,4.335,infaisable
hd04_037,living+kitchen+bedroom+bedroom+bedroom+bathroom+hallway,etoile,7,pavage,16,0.00,False,True,7,0.0000,False,104,0.286,0.3763,0.0000,6,10.528,7.706140,0.7320,5.024,ok
hd04_037,living+kitchen+bedroom+bedroom+bedroom+bathroom+hallway,etoile,7,pavage,16,0.25,False,False,,,,104,0.286,0.3763,0.0000,6,10.528,,,5.517,infaisable
hd04_037,living+kitchen+bedroom+bedroom+bedroom+bathroom+hallway,etoile,7,pavage,16,1.00,False,False,,,,104,0.286,0.3763,0.0000,6,10.528,,,4.482,infaisable
hd04_037,living+kitchen+bedroom+bedroom+bedroom+bathroom+hallway,etoile,7,pavage,16,1.80,False,False,,,,104,0.286,0.3763,0.0000,6,10.528,,,4.429,infaisable
hd04_038,living+kitchen+bedroom+bedroom+bedroom+bathroom+hallway,etoile,7,base,,0.50,False,False,,,,99,1.143,0.2827,0.0000,3,9.454,,,4.798,invariant_viole
hd04_038,living+kitchen+bedroom+bedroom+bedroom+bathroom+hallway,etoile,7,pavage,0,0.50,False,False,,,,99,1.143,0.2827,0.0000,3,9.454,,,1.399,trame
hd04_038,living+kitchen+bedroom+bedroom+bedroom+bathroom+hallway,etoile,7,pavage,4,0.50,False,False,,,,99,1.143,0.2827,0.0000,3,9.454,,,1.216,trame
hd04_038,living+kitchen+bedroom+bedroom+bedroom+bathroom+hallway,etoile,7,pavage,8,0.50,False,False,,,,99,1.143,0.2827,0.0000,3,9.454,,,4.841,infaisable
hd04_038,living+kitchen+bedroom+bedroom+bedroom+bathroom+hallway,etoile,7,pavage,16,0.50,False,False,,,,99,1.143,0.2827,0.0000,3,9.454,,,4.765,infaisable
hd04_038,living+kitchen+bedroom+bedroom+bedroom+bathroom+hallway,etoile,7,pavage,16,0.00,False,True,7,0.0000,False,99,1.143,0.2827,0.0000,3,9.454,9.791331,1.0357,4.208,ok
hd04_038,living+kitchen+bedroom+bedroom+bedroom+bathroom+hallway,etoile,7,pavage,16,0.25,False,False,,,,99,1.143,0.2827,0.0000,3,9.454,,,4.448,infaisable
hd04_038,living+kitchen+bedroom+bedroom+bedroom+bathroom+hallway,etoile,7,pavage,16,1.00,False,False,,,,99,1.143,0.2827,0.0000,3,9.454,,,4.364,infaisable
hd04_038,living+kitchen+bedroom+bedroom+bedroom+bathroom+hallway,etoile,7,pavage,16,1.80,False,False,,,,99,1.143,0.2827,0.0000,3,9.454,,,4.973,infaisable
hd04_039,living+kitchen+bedroom+bedroom+bedroom+bathroom+hallway,etoile,7,base,,0.50,False,False,,,,88,2.000,0.0721,0.0000,1,10.991,,,2.814,invariant_viole
hd04_039,living+kitchen+bedroom+bedroom+bedroom+bathroom+hallway,etoile,7,pavage,0,0.50,False,False,,,,88,2.000,0.0721,0.0000,1,10.991,,,0.813,trame
hd04_039,living+kitchen+bedroom+bedroom+bedroom+bathroom+hallway,etoile,7,pavage,4,0.50,False,False,,,,88,2.000,0.0721,0.0000,1,10.991,,,0.984,trame
hd04_039,living+kitchen+bedroom+bedroom+bedroom+bathroom+hallway,etoile,7,pavage,8,0.50,False,False,,,,88,2.000,0.0721,0.0000,1,10.991,,,0.941,trame
hd04_039,living+kitchen+bedroom+bedroom+bedroom+bathroom+hallway,etoile,7,pavage,16,0.50,False,False,,,,88,2.000,0.0721,0.0000,1,10.991,,,0.943,trame
hd04_039,living+kitchen+bedroom+bedroom+bedroom+bathroom+hallway,etoile,7,pavage,16,0.00,False,False,,,,88,2.000,0.0721,0.0000,1,10.991,,,0.925,trame
hd04_039,living+kitchen+bedroom+bedroom+bedroom+bathroom+hallway,etoile,7,pavage,16,0.25,False,False,,,,88,2.000,0.0721,0.0000,1,10.991,,,0.932,trame
hd04_039,living+kitchen+bedroom+bedroom+bedroom+bathroom+hallway,etoile,7,pavage,16,1.00,False,False,,,,88,2.000,0.0721,0.0000,1,10.991,,,0.920,trame
hd04_039,living+kitchen+bedroom+bedroom+bedroom+bathroom+hallway,etoile,7,pavage,16,1.80,False,False,,,,88,2.000,0.0721,0.0000,1,10.991,,,1.494,trame
hd05_000,living+kitchen+bedroom+bedroom+bathroom+bathroom+hallway,etoile,7,base,,0.50,False,False,,,,99,1.429,0.0711,0.0000,3,9.958,,,3.158,invariant_viole
hd05_000,living+kitchen+bedroom+bedroom+bathroom+bathroom+hallway,etoile,7,pavage,0,0.50,False,False,,,,99,1.429,0.0711,0.0000,3,9.958,,,1.214,trame
hd05_000,living+kitchen+bedroom+bedroom+bathroom+bathroom+hallway,etoile,7,pavage,4,0.50,False,False,,,,99,1.429,0.0711,0.0000,3,9.958,,,2.687,trame
hd05_000,living+kitchen+bedroom+bedroom+bathroom+bathroom+hallway,etoile,7,pavage,8,0.50,False,False,,,,99,1.429,0.0711,0.0000,3,9.958,,,1.835,trame
hd05_000,living+kitchen+bedroom+bedroom+bathroom+bathroom+hallway,etoile,7,pavage,16,0.50,False,False,,,,99,1.429,0.0711,0.0000,3,9.958,,,1.357,trame
hd05_000,living+kitchen+bedroom+bedroom+bathroom+bathroom+hallway,etoile,7,pavage,16,0.00,False,False,,,,99,1.429,0.0711,0.0000,3,9.958,,,1.634,trame
hd05_000,living+kitchen+bedroom+bedroom+bathroom+bathroom+hallway,etoile,7,pavage,16,0.25,False,False,,,,99,1.429,0.0711,0.0000,3,9.958,,,1.936,trame
hd05_000,living+kitchen+bedroom+bedroom+bathroom+bathroom+hallway,etoile,7,pavage,16,1.00,False,False,,,,99,1.429,0.0711,0.0000,3,9.958,,,1.545,trame
hd05_000,living+kitchen+bedroom+bedroom+bathroom+bathroom+hallway,etoile,7,pavage,16,1.80,False,False,,,,99,1.429,0.0711,0.0000,3,9.958,,,1.402,trame
hd05_001,living+kitchen+bedroom+bedroom+bathroom+bathroom+hallway,etoile,7,base,,0.50,False,False,,,,90,1.429,0.2924,0.0000,4,10.418,,,3.269,invariant_viole
hd05_001,living+kitchen+bedroom+bedroom+bathroom+bathroom+hallway,etoile,7,pavage,0,0.50,False,False,,,,90,1.429,0.2924,0.0000,4,10.418,,,0.840,trame
hd05_001,living+kitchen+bedroom+bedroom+bathroom+bathroom+hallway,etoile,7,pavage,4,0.50,False,False,,,,90,1.429,0.2924,0.0000,4,10.418,,,1.168,trame
hd05_001,living+kitchen+bedroom+bedroom+bathroom+bathroom+hallway,etoile,7,pavage,8,0.50,False,True,7,1.1786,True,90,1.429,0.2924,0.0000,4,10.418,3.626419,0.3481,5.980,ok
hd05_001,living+kitchen+bedroom+bedroom+bathroom+bathroom+hallway,etoile,7,pavage,16,0.50,False,True,7,1.1786,True,90,1.429,0.2924,0.0000,4,10.418,3.626419,0.3481,5.288,ok
hd05_001,living+kitchen+bedroom+bedroom+bathroom+bathroom+hallway,etoile,7,pavage,16,0.00,False,True,7,1.1786,True,90,1.429,0.2924,0.0000,4,10.418,3.626419,0.3481,4.833,ok
hd05_001,living+kitchen+bedroom+bedroom+bathroom+bathroom+hallway,etoile,7,pavage,16,0.25,False,True,7,1.1786,True,90,1.429,0.2924,0.0000,4,10.418,3.626419,0.3481,5.761,ok
hd05_001,living+kitchen+bedroom+bedroom+bathroom+bathroom+hallway,etoile,7,pavage,16,1.00,False,True,7,1.1786,True,90,1.429,0.2924,0.0000,4,10.418,3.626419,0.3481,5.062,ok
hd05_001,living+kitchen+bedroom+bedroom+bathroom+bathroom+hallway,etoile,7,pavage,16,1.80,False,True,7,1.8000,True,90,1.429,0.2924,0.0000,4,10.418,3.626419,0.3481,4.339,ok
hd05_002,living+kitchen+bedroom+bedroom+bathroom+bathroom+hallway,etoile,7,base,,0.50,False,False,,,,110,1.143,0.2355,0.0000,4,10.663,,,3.811,invariant_viole
hd05_002,living+kitchen+bedroom+bedroom+bathroom+bathroom+hallway,etoile,7,pavage,0,0.50,False,False,,,,110,1.143,0.2355,0.0000,4,10.663,,,1.052,trame
hd05_002,living+kitchen+bedroom+bedroom+bathroom+bathroom+hallway,etoile,7,pavage,4,0.50,False,False,,,,110,1.143,0.2355,0.0000,4,10.663,,,2.504,trame
hd05_002,living+kitchen+bedroom+bedroom+bathroom+bathroom+hallway,etoile,7,pavage,8,0.50,False,False,,,,110,1.143,0.2355,0.0000,4,10.663,,,1.758,trame
hd05_002,living+kitchen+bedroom+bedroom+bathroom+bathroom+hallway,etoile,7,pavage,16,0.50,False,False,,,,110,1.143,0.2355,0.0000,4,10.663,,,1.835,trame
hd05_002,living+kitchen+bedroom+bedroom+bathroom+bathroom+hallway,etoile,7,pavage,16,0.00,False,False,,,,110,1.143,0.2355,0.0000,4,10.663,,,1.804,trame
hd05_002,living+kitchen+bedroom+bedroom+bathroom+bathroom+hallway,etoile,7,pavage,16,0.25,False,False,,,,110,1.143,0.2355,0.0000,4,10.663,,,2.523,trame
hd05_002,living+kitchen+bedroom+bedroom+bathroom+bathroom+hallway,etoile,7,pavage,16,1.00,False,False,,,,110,1.143,0.2355,0.0000,4,10.663,,,2.504,trame
hd05_002,living+kitchen+bedroom+bedroom+bathroom+bathroom+hallway,etoile,7,pavage,16,1.80,False,False,,,,110,1.143,0.2355,0.0000,4,10.663,,,2.595,trame
hd05_003,living+kitchen+bedroom+bedroom+bathroom+bathroom+hallway,etoile,7,base,,0.50,False,False,,,,110,0.857,0.3550,0.0000,4,12.310,,,4.485,invariant_viole
hd05_003,living+kitchen+bedroom+bedroom+bathroom+bathroom+hallway,etoile,7,pavage,0,0.50,False,False,,,,110,0.857,0.3550,0.0000,4,12.310,,,1.089,trame
hd05_003,living+kitchen+bedroom+bedroom+bathroom+bathroom+hallway,etoile,7,pavage,4,0.50,False,False,,,,110,0.857,0.3550,0.0000,4,12.310,,,1.141,trame
hd05_003,living+kitchen+bedroom+bedroom+bathroom+bathroom+hallway,etoile,7,pavage,8,0.50,False,False,,,,110,0.857,0.3550,0.0000,4,12.310,,,1.777,trame
hd05_003,living+kitchen+bedroom+bedroom+bathroom+bathroom+hallway,etoile,7,pavage,16,0.50,False,False,,,,110,0.857,0.3550,0.0000,4,12.310,,,1.525,trame
hd05_003,living+kitchen+bedroom+bedroom+bathroom+bathroom+hallway,etoile,7,pavage,16,0.00,False,False,,,,110,0.857,0.3550,0.0000,4,12.310,,,1.375,trame
hd05_003,living+kitchen+bedroom+bedroom+bathroom+bathroom+hallway,etoile,7,pavage,16,0.25,False,False,,,,110,0.857,0.3550,0.0000,4,12.310,,,1.462,trame
hd05_003,living+kitchen+bedroom+bedroom+bathroom+bathroom+hallway,etoile,7,pavage,16,1.00,False,False,,,,110,0.857,0.3550,0.0000,4,12.310,,,1.346,trame
hd05_003,living+kitchen+bedroom+bedroom+bathroom+bathroom+hallway,etoile,7,pavage,16,1.80,False,False,,,,110,0.857,0.3550,0.0000,4,12.310,,,1.264,trame
hd05_004,living+kitchen+bedroom+bedroom+bathroom+bathroom+hallway,etoile,7,base,,0.50,False,False,,,,121,1.143,0.2679,0.0000,3,9.474,,,3.232,invariant_viole
hd05_004,living+kitchen+bedroom+bedroom+bathroom+bathroom+hallway,etoile,7,pavage,0,0.50,False,False,,,,121,1.143,0.2679,0.0000,3,9.474,,,0.828,trame
hd05_004,living+kitchen+bedroom+bedroom+bathroom+bathroom+hallway,etoile,7,pavage,4,0.50,False,False,,,,121,1.143,0.2679,0.0000,3,9.474,,,2.164,trame
hd05_004,living+kitchen+bedroom+bedroom+bathroom+bathroom+hallway,etoile,7,pavage,8,0.50,False,False,,,,121,1.143,0.2679,0.0000,3,9.474,,,2.354,trame
hd05_004,living+kitchen+bedroom+bedroom+bathroom+bathroom+hallway,etoile,7,pavage,16,0.50,False,False,,,,121,1.143,0.2679,0.0000,3,9.474,,,1.755,trame
hd05_004,living+kitchen+bedroom+bedroom+bathroom+bathroom+hallway,etoile,7,pavage,16,0.00,False,False,,,,121,1.143,0.2679,0.0000,3,9.474,,,1.430,trame
hd05_004,living+kitchen+bedroom+bedroom+bathroom+bathroom+hallway,etoile,7,pavage,16,0.25,False,False,,,,121,1.143,0.2679,0.0000,3,9.474,,,1.594,trame
hd05_004,living+kitchen+bedroom+bedroom+bathroom+bathroom+hallway,etoile,7,pavage,16,1.00,False,False,,,,121,1.143,0.2679,0.0000,3,9.474,,,1.328,trame
hd05_004,living+kitchen+bedroom+bedroom+bathroom+bathroom+hallway,etoile,7,pavage,16,1.80,False,False,,,,121,1.143,0.2679,0.0000,3,9.474,,,1.306,trame
hd05_005,living+kitchen+bedroom+bedroom+bathroom+bathroom+hallway,etoile,7,base,,0.50,False,False,,,,110,1.143,0.2808,0.0000,3,10.593,,,3.991,invariant_viole
hd05_005,living+kitchen+bedroom+bedroom+bathroom+bathroom+hallway,etoile,7,pavage,0,0.50,False,False,,,,110,1.143,0.2808,0.0000,3,10.593,,,1.215,trame
hd05_005,living+kitchen+bedroom+bedroom+bathroom+bathroom+hallway,etoile,7,pavage,4,0.50,False,False,,,,110,1.143,0.2808,0.0000,3,10.593,,,1.730,trame
hd05_005,living+kitchen+bedroom+bedroom+bathroom+bathroom+hallway,etoile,7,pavage,8,0.50,False,False,,,,110,1.143,0.2808,0.0000,3,10.593,,,2.550,trame
hd05_005,living+kitchen+bedroom+bedroom+bathroom+bathroom+hallway,etoile,7,pavage,16,0.50,False,False,,,,110,1.143,0.2808,0.0000,3,10.593,,,8.262,infaisable
hd05_005,living+kitchen+bedroom+bedroom+bathroom+bathroom+hallway,etoile,7,pavage,16,0.00,False,True,7,0.0000,False,110,1.143,0.2808,0.0000,3,10.593,9.066047,0.8558,6.025,ok
hd05_005,living+kitchen+bedroom+bedroom+bathroom+bathroom+hallway,etoile,7,pavage,16,0.25,False,False,,,,110,1.143,0.2808,0.0000,3,10.593,,,5.550,infaisable
hd05_005,living+kitchen+bedroom+bedroom+bathroom+bathroom+hallway,etoile,7,pavage,16,1.00,False,False,,,,110,1.143,0.2808,0.0000,3,10.593,,,6.638,infaisable
hd05_005,living+kitchen+bedroom+bedroom+bathroom+bathroom+hallway,etoile,7,pavage,16,1.80,False,False,,,,110,1.143,0.2808,0.0000,3,10.593,,,7.588,infaisable
hd05_006,living+kitchen+bedroom+bedroom+bathroom+bathroom+hallway,etoile,7,base,,0.50,False,False,,,,81,0.571,0.3924,0.0000,5,10.196,,,4.719,invariant_viole
hd05_006,living+kitchen+bedroom+bedroom+bathroom+bathroom+hallway,etoile,7,pavage,0,0.50,False,False,,,,81,0.571,0.3924,0.0000,5,10.196,,,1.565,trame
hd05_006,living+kitchen+bedroom+bedroom+bathroom+bathroom+hallway,etoile,7,pavage,4,0.50,False,False,,,,81,0.571,0.3924,0.0000,5,10.196,,,1.234,trame
hd05_006,living+kitchen+bedroom+bedroom+bathroom+bathroom+hallway,etoile,7,pavage,8,0.50,False,False,,,,81,0.571,0.3924,0.0000,5,10.196,,,5.504,infaisable
hd05_006,living+kitchen+bedroom+bedroom+bathroom+bathroom+hallway,etoile,7,pavage,16,0.50,False,False,,,,81,0.571,0.3924,0.0000,5,10.196,,,6.071,infaisable
hd05_006,living+kitchen+bedroom+bedroom+bathroom+bathroom+hallway,etoile,7,pavage,16,0.00,False,True,7,0.0000,False,81,0.571,0.3924,0.0000,5,10.196,11.604540,1.1381,5.118,ok
hd05_006,living+kitchen+bedroom+bedroom+bathroom+bathroom+hallway,etoile,7,pavage,16,0.25,False,False,,,,81,0.571,0.3924,0.0000,5,10.196,,,5.083,infaisable
hd05_006,living+kitchen+bedroom+bedroom+bathroom+bathroom+hallway,etoile,7,pavage,16,1.00,False,False,,,,81,0.571,0.3924,0.0000,5,10.196,,,6.178,infaisable
hd05_006,living+kitchen+bedroom+bedroom+bathroom+bathroom+hallway,etoile,7,pavage,16,1.80,False,False,,,,81,0.571,0.3924,0.0000,5,10.196,,,5.209,infaisable
hd05_007,living+kitchen+bedroom+bedroom+bathroom+bathroom+hallway,etoile,7,base,,0.50,False,False,,,,88,1.429,0.2549,0.0006,3,11.491,,,6.293,invariant_viole
hd05_007,living+kitchen+bedroom+bedroom+bathroom+bathroom+hallway,etoile,7,pavage,0,0.50,False,False,,,,88,1.429,0.2549,0.0006,3,11.491,,,1.858,trame
hd05_007,living+kitchen+bedroom+bedroom+bathroom+bathroom+hallway,etoile,7,pavage,4,0.50,False,False,,,,88,1.429,0.2549,0.0006,3,11.491,,,1.526,trame
hd05_007,living+kitchen+bedroom+bedroom+bathroom+bathroom+hallway,etoile,7,pavage,8,0.50,False,False,,,,88,1.429,0.2549,0.0006,3,11.491,,,1.467,trame
hd05_007,living+kitchen+bedroom+bedroom+bathroom+bathroom+hallway,etoile,7,pavage,16,0.50,False,False,,,,88,1.429,0.2549,0.0006,3,11.491,,,2.356,trame
hd05_007,living+kitchen+bedroom+bedroom+bathroom+bathroom+hallway,etoile,7,pavage,16,0.00,False,False,,,,88,1.429,0.2549,0.0006,3,11.491,,,1.521,trame
hd05_007,living+kitchen+bedroom+bedroom+bathroom+bathroom+hallway,etoile,7,pavage,16,0.25,False,False,,,,88,1.429,0.2549,0.0006,3,11.491,,,1.732,trame
hd05_007,living+kitchen+bedroom+bedroom+bathroom+bathroom+hallway,etoile,7,pavage,16,1.00,False,False,,,,88,1.429,0.2549,0.0006,3,11.491,,,1.777,trame
hd05_007,living+kitchen+bedroom+bedroom+bathroom+bathroom+hallway,etoile,7,pavage,16,1.80,False,False,,,,88,1.429,0.2549,0.0006,3,11.491,,,1.729,trame
hd05_008,living+kitchen+bedroom+bedroom+bathroom+bathroom+hallway,etoile,7,base,,0.50,False,False,,,,84,1.143,0.1468,0.0000,3,9.624,,,3.314,invariant_viole
hd05_008,living+kitchen+bedroom+bedroom+bathroom+bathroom+hallway,etoile,7,pavage,0,0.50,False,False,,,,84,1.143,0.1468,0.0000,3,9.624,,,0.969,trame
hd05_008,living+kitchen+bedroom+bedroom+bathroom+bathroom+hallway,etoile,7,pavage,4,0.50,False,False,,,,84,1.143,0.1468,0.0000,3,9.624,,,1.218,trame
hd05_008,living+kitchen+bedroom+bedroom+bathroom+bathroom+hallway,etoile,7,pavage,8,0.50,False,False,,,,84,1.143,0.1468,0.0000,3,9.624,,,2.063,trame
hd05_008,living+kitchen+bedroom+bedroom+bathroom+bathroom+hallway,etoile,7,pavage,16,0.50,False,False,,,,84,1.143,0.1468,0.0000,3,9.624,,,2.093,trame
hd05_008,living+kitchen+bedroom+bedroom+bathroom+bathroom+hallway,etoile,7,pavage,16,0.00,False,False,,,,84,1.143,0.1468,0.0000,3,9.624,,,2.748,trame
hd05_008,living+kitchen+bedroom+bedroom+bathroom+bathroom+hallway,etoile,7,pavage,16,0.25,False,False,,,,84,1.143,0.1468,0.0000,3,9.624,,,3.457,trame
hd05_008,living+kitchen+bedroom+bedroom+bathroom+bathroom+hallway,etoile,7,pavage,16,1.00,False,False,,,,84,1.143,0.1468,0.0000,3,9.624,,,2.189,trame
hd05_008,living+kitchen+bedroom+bedroom+bathroom+bathroom+hallway,etoile,7,pavage,16,1.80,False,False,,,,84,1.143,0.1468,0.0000,3,9.624,,,2.218,trame
hd05_009,living+kitchen+bedroom+bedroom+bathroom+bathroom+hallway,etoile,7,base,,0.50,False,False,,,,108,1.143,0.2731,0.0000,3,10.166,,,4.216,invariant_viole
hd05_009,living+kitchen+bedroom+bedroom+bathroom+bathroom+hallway,etoile,7,pavage,0,0.50,False,False,,,,108,1.143,0.2731,0.0000,3,10.166,,,0.994,trame
hd05_009,living+kitchen+bedroom+bedroom+bathroom+bathroom+hallway,etoile,7,pavage,4,0.50,False,False,,,,108,1.143,0.2731,0.0000,3,10.166,,,1.140,trame
hd05_009,living+kitchen+bedroom+bedroom+bathroom+bathroom+hallway,etoile,7,pavage,8,0.50,False,False,,,,108,1.143,0.2731,0.0000,3,10.166,,,1.254,trame
hd05_009,living+kitchen+bedroom+bedroom+bathroom+bathroom+hallway,etoile,7,pavage,16,0.50,False,False,,,,108,1.143,0.2731,0.0000,3,10.166,,,1.259,trame
hd05_009,living+kitchen+bedroom+bedroom+bathroom+bathroom+hallway,etoile,7,pavage,16,0.00,False,False,,,,108,1.143,0.2731,0.0000,3,10.166,,,1.241,trame
hd05_009,living+kitchen+bedroom+bedroom+bathroom+bathroom+hallway,etoile,7,pavage,16,0.25,False,False,,,,108,1.143,0.2731,0.0000,3,10.166,,,1.251,trame
hd05_009,living+kitchen+bedroom+bedroom+bathroom+bathroom+hallway,etoile,7,pavage,16,1.00,False,False,,,,108,1.143,0.2731,0.0000,3,10.166,,,2.229,trame
hd05_009,living+kitchen+bedroom+bedroom+bathroom+bathroom+hallway,etoile,7,pavage,16,1.80,False,False,,,,108,1.143,0.2731,0.0000,3,10.166,,,1.585,trame
hd05_010,living+kitchen+bedroom+bedroom+bathroom+bathroom+hallway,etoile,7,base,,0.50,False,False,,,,99,1.143,0.1470,0.0000,3,10.150,,,5.149,invariant_viole
hd05_010,living+kitchen+bedroom+bedroom+bathroom+bathroom+hallway,etoile,7,pavage,0,0.50,False,False,,,,99,1.143,0.1470,0.0000,3,10.150,,,1.452,trame
hd05_010,living+kitchen+bedroom+bedroom+bathroom+bathroom+hallway,etoile,7,pavage,4,0.50,False,False,,,,99,1.143,0.1470,0.0000,3,10.150,,,4.657,trame
hd05_010,living+kitchen+bedroom+bedroom+bathroom+bathroom+hallway,etoile,7,pavage,8,0.50,False,True,7,1.7225,True,99,1.143,0.1470,0.0000,3,10.150,1.903870,0.1876,6.884,ok
hd05_010,living+kitchen+bedroom+bedroom+bathroom+bathroom+hallway,etoile,7,pavage,16,0.50,False,True,7,1.7225,True,99,1.143,0.1470,0.0000,3,10.150,1.903870,0.1876,5.066,ok
hd05_010,living+kitchen+bedroom+bedroom+bathroom+bathroom+hallway,etoile,7,pavage,16,0.00,False,True,7,1.7225,True,99,1.143,0.1470,0.0000,3,10.150,1.903870,0.1876,8.125,ok
hd05_010,living+kitchen+bedroom+bedroom+bathroom+bathroom+hallway,etoile,7,pavage,16,0.25,False,True,7,1.7225,True,99,1.143,0.1470,0.0000,3,10.150,1.903870,0.1876,5.977,ok
hd05_010,living+kitchen+bedroom+bedroom+bathroom+bathroom+hallway,etoile,7,pavage,16,1.00,False,True,7,1.7225,True,99,1.143,0.1470,0.0000,3,10.150,1.903870,0.1876,6.405,ok
hd05_010,living+kitchen+bedroom+bedroom+bathroom+bathroom+hallway,etoile,7,pavage,16,1.80,False,True,7,1.8000,True,99,1.143,0.1470,0.0000,3,10.150,1.826419,0.1800,4.736,ok
hd05_011,living+kitchen+bedroom+bedroom+bathroom+bathroom+hallway,etoile,7,base,,0.50,False,False,,,,90,1.143,0.2172,0.0000,3,10.486,,,3.826,invariant_viole
hd05_011,living+kitchen+bedroom+bedroom+bathroom+bathroom+hallway,etoile,7,pavage,0,0.50,False,False,,,,90,1.143,0.2172,0.0000,3,10.486,,,1.044,trame
hd05_011,living+kitchen+bedroom+bedroom+bathroom+bathroom+hallway,etoile,7,pavage,4,0.50,False,False,,,,90,1.143,0.2172,0.0000,3,10.486,,,1.818,trame
hd05_011,living+kitchen+bedroom+bedroom+bathroom+bathroom+hallway,etoile,7,pavage,8,0.50,False,False,,,,90,1.143,0.2172,0.0000,3,10.486,,,1.614,trame
hd05_011,living+kitchen+bedroom+bedroom+bathroom+bathroom+hallway,etoile,7,pavage,16,0.50,False,False,,,,90,1.143,0.2172,0.0000,3,10.486,,,1.264,trame
hd05_011,living+kitchen+bedroom+bedroom+bathroom+bathroom+hallway,etoile,7,pavage,16,0.00,False,False,,,,90,1.143,0.2172,0.0000,3,10.486,,,1.243,trame
hd05_011,living+kitchen+bedroom+bedroom+bathroom+bathroom+hallway,etoile,7,pavage,16,0.25,False,False,,,,90,1.143,0.2172,0.0000,3,10.486,,,1.290,trame
hd05_011,living+kitchen+bedroom+bedroom+bathroom+bathroom+hallway,etoile,7,pavage,16,1.00,False,False,,,,90,1.143,0.2172,0.0000,3,10.486,,,1.629,trame
hd05_011,living+kitchen+bedroom+bedroom+bathroom+bathroom+hallway,etoile,7,pavage,16,1.80,False,False,,,,90,1.143,0.2172,0.0000,3,10.486,,,1.272,trame
hd05_012,living+kitchen+bedroom+bedroom+bathroom+bathroom+hallway,etoile,7,base,,0.50,False,False,,,,120,0.286,0.2931,0.0000,6,10.413,,,4.950,invariant_viole
hd05_012,living+kitchen+bedroom+bedroom+bathroom+bathroom+hallway,etoile,7,pavage,0,0.50,False,False,,,,120,0.286,0.2931,0.0000,6,10.413,,,1.033,trame
hd05_012,living+kitchen+bedroom+bedroom+bathroom+bathroom+hallway,etoile,7,pavage,4,0.50,False,False,,,,120,0.286,0.2931,0.0000,6,10.413,,,1.268,trame
hd05_012,living+kitchen+bedroom+bedroom+bathroom+bathroom+hallway,etoile,7,pavage,8,0.50,False,False,,,,120,0.286,0.2931,0.0000,6,10.413,,,5.463,infaisable
hd05_012,living+kitchen+bedroom+bedroom+bathroom+bathroom+hallway,etoile,7,pavage,16,0.50,False,False,,,,120,0.286,0.2931,0.0000,6,10.413,,,6.902,infaisable
hd05_012,living+kitchen+bedroom+bedroom+bathroom+bathroom+hallway,etoile,7,pavage,16,0.00,False,True,7,0.0000,False,120,0.286,0.2931,0.0000,6,10.413,6.618214,0.6356,6.352,ok
hd05_012,living+kitchen+bedroom+bedroom+bathroom+bathroom+hallway,etoile,7,pavage,16,0.25,False,False,,,,120,0.286,0.2931,0.0000,6,10.413,,,7.098,infaisable
hd05_012,living+kitchen+bedroom+bedroom+bathroom+bathroom+hallway,etoile,7,pavage,16,1.00,False,False,,,,120,0.286,0.2931,0.0000,6,10.413,,,5.985,infaisable
hd05_012,living+kitchen+bedroom+bedroom+bathroom+bathroom+hallway,etoile,7,pavage,16,1.80,False,False,,,,120,0.286,0.2931,0.0000,6,10.413,,,5.260,infaisable
hd05_013,living+kitchen+bedroom+bedroom+bathroom+bathroom+hallway,etoile,7,base,,0.50,False,False,,,,121,0.571,0.4992,0.0000,5,12.056,,,4.159,invariant_viole
hd05_013,living+kitchen+bedroom+bedroom+bathroom+bathroom+hallway,etoile,7,pavage,0,0.50,False,False,,,,121,0.571,0.4992,0.0000,5,12.056,,,0.975,trame
hd05_013,living+kitchen+bedroom+bedroom+bathroom+bathroom+hallway,etoile,7,pavage,4,0.50,False,False,,,,121,0.571,0.4992,0.0000,5,12.056,,,1.139,trame
hd05_013,living+kitchen+bedroom+bedroom+bathroom+bathroom+hallway,etoile,7,pavage,8,0.50,False,False,,,,121,0.571,0.4992,0.0000,5,12.056,,,5.798,infaisable
hd05_013,living+kitchen+bedroom+bedroom+bathroom+bathroom+hallway,etoile,7,pavage,16,0.50,False,False,,,,121,0.571,0.4992,0.0000,5,12.056,,,26.568,infaisable
hd05_013,living+kitchen+bedroom+bedroom+bathroom+bathroom+hallway,etoile,7,pavage,16,0.00,False,True,7,0.0000,False,121,0.571,0.4992,0.0000,5,12.056,5.802270,0.4813,9.427,ok
hd05_013,living+kitchen+bedroom+bedroom+bathroom+bathroom+hallway,etoile,7,pavage,16,0.25,False,False,,,,121,0.571,0.4992,0.0000,5,12.056,,,12.013,infaisable
hd05_013,living+kitchen+bedroom+bedroom+bathroom+bathroom+hallway,etoile,7,pavage,16,1.00,False,False,,,,121,0.571,0.4992,0.0000,5,12.056,,,7.700,infaisable
hd05_013,living+kitchen+bedroom+bedroom+bathroom+bathroom+hallway,etoile,7,pavage,16,1.80,False,False,,,,121,0.571,0.4992,0.0000,5,12.056,,,9.595,infaisable
hd05_014,living+kitchen+bedroom+bedroom+bathroom+bathroom+hallway,etoile,7,base,,0.50,False,False,,,,100,1.143,0.2670,0.0000,4,11.581,,,3.648,invariant_viole
hd05_014,living+kitchen+bedroom+bedroom+bathroom+bathroom+hallway,etoile,7,pavage,0,0.50,False,False,,,,100,1.143,0.2670,0.0000,4,11.581,,,0.978,trame
hd05_014,living+kitchen+bedroom+bedroom+bathroom+bathroom+hallway,etoile,7,pavage,4,0.50,False,False,,,,100,1.143,0.2670,0.0000,4,11.581,,,1.175,trame
hd05_014,living+kitchen+bedroom+bedroom+bathroom+bathroom+hallway,etoile,7,pavage,8,0.50,False,False,,,,100,1.143,0.2670,0.0000,4,11.581,,,1.307,trame
hd05_014,living+kitchen+bedroom+bedroom+bathroom+bathroom+hallway,etoile,7,pavage,16,0.50,False,False,,,,100,1.143,0.2670,0.0000,4,11.581,,,1.239,trame
hd05_014,living+kitchen+bedroom+bedroom+bathroom+bathroom+hallway,etoile,7,pavage,16,0.00,False,False,,,,100,1.143,0.2670,0.0000,4,11.581,,,1.278,trame
hd05_014,living+kitchen+bedroom+bedroom+bathroom+bathroom+hallway,etoile,7,pavage,16,0.25,False,False,,,,100,1.143,0.2670,0.0000,4,11.581,,,1.260,trame
hd05_014,living+kitchen+bedroom+bedroom+bathroom+bathroom+hallway,etoile,7,pavage,16,1.00,False,False,,,,100,1.143,0.2670,0.0000,4,11.581,,,1.256,trame
hd05_014,living+kitchen+bedroom+bedroom+bathroom+bathroom+hallway,etoile,7,pavage,16,1.80,False,False,,,,100,1.143,0.2670,0.0000,4,11.581,,,1.773,trame
hd05_015,living+kitchen+bedroom+bedroom+bathroom+bathroom+hallway,etoile,7,base,,0.50,False,False,,,,63,1.714,0.0493,0.0000,4,10.627,,,3.910,invariant_viole
hd05_015,living+kitchen+bedroom+bedroom+bathroom+bathroom+hallway,etoile,7,pavage,0,0.50,False,False,,,,63,1.714,0.0493,0.0000,4,10.627,,,0.859,trame
hd05_015,living+kitchen+bedroom+bedroom+bathroom+bathroom+hallway,etoile,7,pavage,4,0.50,False,False,,,,63,1.714,0.0493,0.0000,4,10.627,,,1.129,trame
hd05_015,living+kitchen+bedroom+bedroom+bathroom+bathroom+hallway,etoile,7,pavage,8,0.50,False,False,,,,63,1.714,0.0493,0.0000,4,10.627,,,1.395,trame
hd05_015,living+kitchen+bedroom+bedroom+bathroom+bathroom+hallway,etoile,7,pavage,16,0.50,False,False,,,,63,1.714,0.0493,0.0000,4,10.627,,,1.366,trame
hd05_015,living+kitchen+bedroom+bedroom+bathroom+bathroom+hallway,etoile,7,pavage,16,0.00,False,False,,,,63,1.714,0.0493,0.0000,4,10.627,,,1.761,trame
hd05_015,living+kitchen+bedroom+bedroom+bathroom+bathroom+hallway,etoile,7,pavage,16,0.25,False,False,,,,63,1.714,0.0493,0.0000,4,10.627,,,2.118,trame
hd05_015,living+kitchen+bedroom+bedroom+bathroom+bathroom+hallway,etoile,7,pavage,16,1.00,False,False,,,,63,1.714,0.0493,0.0000,4,10.627,,,1.578,trame
hd05_015,living+kitchen+bedroom+bedroom+bathroom+bathroom+hallway,etoile,7,pavage,16,1.80,False,False,,,,63,1.714,0.0493,0.0000,4,10.627,,,1.471,trame
hd05_016,living+kitchen+bedroom+bedroom+bathroom+bathroom+hallway,etoile,7,base,,0.50,False,False,,,,90,0.857,0.2927,0.0000,4,10.567,,,3.321,invariant_viole
hd05_016,living+kitchen+bedroom+bedroom+bathroom+bathroom+hallway,etoile,7,pavage,0,0.50,False,False,,,,90,0.857,0.2927,0.0000,4,10.567,,,0.918,trame
hd05_016,living+kitchen+bedroom+bedroom+bathroom+bathroom+hallway,etoile,7,pavage,4,0.50,False,False,,,,90,0.857,0.2927,0.0000,4,10.567,,,1.260,trame
hd05_016,living+kitchen+bedroom+bedroom+bathroom+bathroom+hallway,etoile,7,pavage,8,0.50,False,False,,,,90,0.857,0.2927,0.0000,4,10.567,,,6.765,infaisable
hd05_016,living+kitchen+bedroom+bedroom+bathroom+bathroom+hallway,etoile,7,pavage,16,0.50,False,False,,,,90,0.857,0.2927,0.0000,4,10.567,,,5.710,infaisable
hd05_016,living+kitchen+bedroom+bedroom+bathroom+bathroom+hallway,etoile,7,pavage,16,0.00,False,True,7,0.0000,False,90,0.857,0.2927,0.0000,4,10.567,5.892930,0.5577,5.722,ok
hd05_016,living+kitchen+bedroom+bedroom+bathroom+bathroom+hallway,etoile,7,pavage,16,0.25,False,False,,,,90,0.857,0.2927,0.0000,4,10.567,,,7.120,infaisable
hd05_016,living+kitchen+bedroom+bedroom+bathroom+bathroom+hallway,etoile,7,pavage,16,1.00,False,False,,,,90,0.857,0.2927,0.0000,4,10.567,,,6.519,infaisable
hd05_016,living+kitchen+bedroom+bedroom+bathroom+bathroom+hallway,etoile,7,pavage,16,1.80,False,False,,,,90,0.857,0.2927,0.0000,4,10.567,,,5.758,infaisable
hd05_017,living+kitchen+bedroom+bedroom+bathroom+bathroom+hallway,etoile,7,base,,0.50,False,False,,,,90,0.857,0.3891,0.0000,4,11.145,,,3.083,invariant_viole
hd05_017,living+kitchen+bedroom+bedroom+bathroom+bathroom+hallway,etoile,7,pavage,0,0.50,False,False,,,,90,0.857,0.3891,0.0000,4,11.145,,,1.023,trame
hd05_017,living+kitchen+bedroom+bedroom+bathroom+bathroom+hallway,etoile,7,pavage,4,0.50,False,False,,,,90,0.857,0.3891,0.0000,4,11.145,,,1.290,trame
hd05_017,living+kitchen+bedroom+bedroom+bathroom+bathroom+hallway,etoile,7,pavage,8,0.50,False,False,,,,90,0.857,0.3891,0.0000,4,11.145,,,1.483,trame
hd05_017,living+kitchen+bedroom+bedroom+bathroom+bathroom+hallway,etoile,7,pavage,16,0.50,False,False,,,,90,0.857,0.3891,0.0000,4,11.145,,,1.855,trame
hd05_017,living+kitchen+bedroom+bedroom+bathroom+bathroom+hallway,etoile,7,pavage,16,0.00,False,False,,,,90,0.857,0.3891,0.0000,4,11.145,,,2.600,trame
hd05_017,living+kitchen+bedroom+bedroom+bathroom+bathroom+hallway,etoile,7,pavage,16,0.25,False,False,,,,90,0.857,0.3891,0.0000,4,11.145,,,2.321,trame
hd05_017,living+kitchen+bedroom+bedroom+bathroom+bathroom+hallway,etoile,7,pavage,16,1.00,False,False,,,,90,0.857,0.3891,0.0000,4,11.145,,,2.399,trame
hd05_017,living+kitchen+bedroom+bedroom+bathroom+bathroom+hallway,etoile,7,pavage,16,1.80,False,False,,,,90,0.857,0.3891,0.0000,4,11.145,,,1.840,trame
hd05_018,living+kitchen+bedroom+bedroom+bathroom+bathroom+hallway,etoile,7,base,,0.50,False,False,,,,96,0.857,0.2216,0.0000,5,11.581,,,3.335,invariant_viole
hd05_018,living+kitchen+bedroom+bedroom+bathroom+bathroom+hallway,etoile,7,pavage,0,0.50,False,False,,,,96,0.857,0.2216,0.0000,5,11.581,,,0.941,trame
hd05_018,living+kitchen+bedroom+bedroom+bathroom+bathroom+hallway,etoile,7,pavage,4,0.50,False,False,,,,96,0.857,0.2216,0.0000,5,11.581,,,1.581,trame
hd05_018,living+kitchen+bedroom+bedroom+bathroom+bathroom+hallway,etoile,7,pavage,8,0.50,False,False,,,,96,0.857,0.2216,0.0000,5,11.581,,,1.950,trame
hd05_018,living+kitchen+bedroom+bedroom+bathroom+bathroom+hallway,etoile,7,pavage,16,0.50,False,False,,,,96,0.857,0.2216,0.0000,5,11.581,,,1.571,trame
hd05_018,living+kitchen+bedroom+bedroom+bathroom+bathroom+hallway,etoile,7,pavage,16,0.00,False,False,,,,96,0.857,0.2216,0.0000,5,11.581,,,1.329,trame
hd05_018,living+kitchen+bedroom+bedroom+bathroom+bathroom+hallway,etoile,7,pavage,16,0.25,False,False,,,,96,0.857,0.2216,0.0000,5,11.581,,,1.319,trame
hd05_018,living+kitchen+bedroom+bedroom+bathroom+bathroom+hallway,etoile,7,pavage,16,1.00,False,False,,,,96,0.857,0.2216,0.0000,5,11.581,,,1.255,trame
hd05_018,living+kitchen+bedroom+bedroom+bathroom+bathroom+hallway,etoile,7,pavage,16,1.80,False,False,,,,96,0.857,0.2216,0.0000,5,11.581,,,1.244,trame
hd05_019,living+kitchen+bedroom+bedroom+bathroom+bathroom+hallway,etoile,7,base,,0.50,False,False,,,,110,1.429,0.3849,0.0000,2,11.419,,,3.138,invariant_viole
hd05_019,living+kitchen+bedroom+bedroom+bathroom+bathroom+hallway,etoile,7,pavage,0,0.50,False,False,,,,110,1.429,0.3849,0.0000,2,11.419,,,1.426,trame
hd05_019,living+kitchen+bedroom+bedroom+bathroom+bathroom+hallway,etoile,7,pavage,4,0.50,False,False,,,,110,1.429,0.3849,0.0000,2,11.419,,,1.491,trame
hd05_019,living+kitchen+bedroom+bedroom+bathroom+bathroom+hallway,etoile,7,pavage,8,0.50,False,False,,,,110,1.429,0.3849,0.0000,2,11.419,,,9.011,infaisable
hd05_019,living+kitchen+bedroom+bedroom+bathroom+bathroom+hallway,etoile,7,pavage,16,0.50,False,False,,,,110,1.429,0.3849,0.0000,2,11.419,,,7.736,infaisable
hd05_019,living+kitchen+bedroom+bedroom+bathroom+bathroom+hallway,etoile,7,pavage,16,0.00,False,True,7,0.0000,False,110,1.429,0.3849,0.0000,2,11.419,6.799535,0.5954,5.204,ok
hd05_019,living+kitchen+bedroom+bedroom+bathroom+bathroom+hallway,etoile,7,pavage,16,0.25,False,False,,,,110,1.429,0.3849,0.0000,2,11.419,,,5.806,infaisable
hd05_019,living+kitchen+bedroom+bedroom+bathroom+bathroom+hallway,etoile,7,pavage,16,1.00,False,False,,,,110,1.429,0.3849,0.0000,2,11.419,,,6.350,infaisable
hd05_019,living+kitchen+bedroom+bedroom+bathroom+bathroom+hallway,etoile,7,pavage,16,1.80,False,False,,,,110,1.429,0.3849,0.0000,2,11.419,,,5.269,infaisable
hd05_020,living+kitchen+bedroom+bedroom+bathroom+bathroom+hallway,etoile,7,base,,0.50,False,False,,,,90,1.143,0.2291,0.0000,3,10.691,,,3.803,invariant_viole
hd05_020,living+kitchen+bedroom+bedroom+bathroom+bathroom+hallway,etoile,7,pavage,0,0.50,False,False,,,,90,1.143,0.2291,0.0000,3,10.691,,,1.026,trame
hd05_020,living+kitchen+bedroom+bedroom+bathroom+bathroom+hallway,etoile,7,pavage,4,0.50,False,False,,,,90,1.143,0.2291,0.0000,3,10.691,,,1.329,trame
hd05_020,living+kitchen+bedroom+bedroom+bathroom+bathroom+hallway,etoile,7,pavage,8,0.50,False,False,,,,90,1.143,0.2291,0.0000,3,10.691,,,1.551,trame
hd05_020,living+kitchen+bedroom+bedroom+bathroom+bathroom+hallway,etoile,7,pavage,16,0.50,False,False,,,,90,1.143,0.2291,0.0000,3,10.691,,,1.936,trame
hd05_020,living+kitchen+bedroom+bedroom+bathroom+bathroom+hallway,etoile,7,pavage,16,0.00,False,False,,,,90,1.143,0.2291,0.0000,3,10.691,,,1.470,trame
hd05_020,living+kitchen+bedroom+bedroom+bathroom+bathroom+hallway,etoile,7,pavage,16,0.25,False,False,,,,90,1.143,0.2291,0.0000,3,10.691,,,1.459,trame
hd05_020,living+kitchen+bedroom+bedroom+bathroom+bathroom+hallway,etoile,7,pavage,16,1.00,False,False,,,,90,1.143,0.2291,0.0000,3,10.691,,,1.604,trame
hd05_020,living+kitchen+bedroom+bedroom+bathroom+bathroom+hallway,etoile,7,pavage,16,1.80,False,False,,,,90,1.143,0.2291,0.0000,3,10.691,,,1.472,trame
hd05_021,living+kitchen+bedroom+bedroom+bathroom+bathroom+hallway,etoile,7,base,,0.50,False,False,,,,108,1.429,0.2446,0.0000,3,10.230,,,3.864,invariant_viole
hd05_021,living+kitchen+bedroom+bedroom+bathroom+bathroom+hallway,etoile,7,pavage,0,0.50,False,False,,,,108,1.429,0.2446,0.0000,3,10.230,,,1.265,trame
hd05_021,living+kitchen+bedroom+bedroom+bathroom+bathroom+hallway,etoile,7,pavage,4,0.50,False,False,,,,108,1.429,0.2446,0.0000,3,10.230,,,1.379,trame
hd05_021,living+kitchen+bedroom+bedroom+bathroom+bathroom+hallway,etoile,7,pavage,8,0.50,False,False,,,,108,1.429,0.2446,0.0000,3,10.230,,,1.546,trame
hd05_021,living+kitchen+bedroom+bedroom+bathroom+bathroom+hallway,etoile,7,pavage,16,0.50,False,False,,,,108,1.429,0.2446,0.0000,3,10.230,,,6.054,infaisable
hd05_021,living+kitchen+bedroom+bedroom+bathroom+bathroom+hallway,etoile,7,pavage,16,0.00,False,True,7,0.0000,False,108,1.429,0.2446,0.0000,3,10.230,7.252838,0.7090,6.479,ok
hd05_021,living+kitchen+bedroom+bedroom+bathroom+bathroom+hallway,etoile,7,pavage,16,0.25,False,False,,,,108,1.429,0.2446,0.0000,3,10.230,,,6.685,infaisable
hd05_021,living+kitchen+bedroom+bedroom+bathroom+bathroom+hallway,etoile,7,pavage,16,1.00,False,False,,,,108,1.429,0.2446,0.0000,3,10.230,,,7.671,infaisable
hd05_021,living+kitchen+bedroom+bedroom+bathroom+bathroom+hallway,etoile,7,pavage,16,1.80,False,False,,,,108,1.429,0.2446,0.0000,3,10.230,,,8.751,infaisable
hd05_022,living+kitchen+bedroom+bedroom+bathroom+bathroom+hallway,etoile,7,base,,0.50,False,False,,,,84,0.571,0.1916,0.0000,5,8.768,,,2.884,invariant_viole
hd05_022,living+kitchen+bedroom+bedroom+bathroom+bathroom+hallway,etoile,7,pavage,0,0.50,False,False,,,,84,0.571,0.1916,0.0000,5,8.768,,,0.942,trame
hd05_022,living+kitchen+bedroom+bedroom+bathroom+bathroom+hallway,etoile,7,pavage,4,0.50,False,False,,,,84,0.571,0.1916,0.0000,5,8.768,,,1.067,trame
hd05_022,living+kitchen+bedroom+bedroom+bathroom+bathroom+hallway,etoile,7,pavage,8,0.50,False,False,,,,84,0.571,0.1916,0.0000,5,8.768,,,1.096,trame
hd05_022,living+kitchen+bedroom+bedroom+bathroom+bathroom+hallway,etoile,7,pavage,16,0.50,False,False,,,,84,0.571,0.1916,0.0000,5,8.768,,,1.075,trame
hd05_022,living+kitchen+bedroom+bedroom+bathroom+bathroom+hallway,etoile,7,pavage,16,0.00,False,False,,,,84,0.571,0.1916,0.0000,5,8.768,,,1.070,trame
hd05_022,living+kitchen+bedroom+bedroom+bathroom+bathroom+hallway,etoile,7,pavage,16,0.25,False,False,,,,84,0.571,0.1916,0.0000,5,8.768,,,1.062,trame
hd05_022,living+kitchen+bedroom+bedroom+bathroom+bathroom+hallway,etoile,7,pavage,16,1.00,False,False,,,,84,0.571,0.1916,0.0000,5,8.768,,,1.120,trame
hd05_022,living+kitchen+bedroom+bedroom+bathroom+bathroom+hallway,etoile,7,pavage,16,1.80,False,False,,,,84,0.571,0.1916,0.0000,5,8.768,,,1.139,trame
hd05_023,living+kitchen+bedroom+bedroom+bathroom+bathroom+hallway,etoile,7,base,,0.50,False,False,,,,120,1.143,0.2536,0.0000,4,10.161,,,4.006,invariant_viole
hd05_023,living+kitchen+bedroom+bedroom+bathroom+bathroom+hallway,etoile,7,pavage,0,0.50,False,False,,,,120,1.143,0.2536,0.0000,4,10.161,,,1.262,trame
hd05_023,living+kitchen+bedroom+bedroom+bathroom+bathroom+hallway,etoile,7,pavage,4,0.50,False,False,,,,120,1.143,0.2536,0.0000,4,10.161,,,1.426,trame
hd05_023,living+kitchen+bedroom+bedroom+bathroom+bathroom+hallway,etoile,7,pavage,8,0.50,False,False,,,,120,1.143,0.2536,0.0000,4,10.161,,,1.651,trame
hd05_023,living+kitchen+bedroom+bedroom+bathroom+bathroom+hallway,etoile,7,pavage,16,0.50,False,False,,,,120,1.143,0.2536,0.0000,4,10.161,,,2.961,trame
hd05_023,living+kitchen+bedroom+bedroom+bathroom+bathroom+hallway,etoile,7,pavage,16,0.00,False,False,,,,120,1.143,0.2536,0.0000,4,10.161,,,1.642,trame
hd05_023,living+kitchen+bedroom+bedroom+bathroom+bathroom+hallway,etoile,7,pavage,16,0.25,False,False,,,,120,1.143,0.2536,0.0000,4,10.161,,,1.549,trame
hd05_023,living+kitchen+bedroom+bedroom+bathroom+bathroom+hallway,etoile,7,pavage,16,1.00,False,False,,,,120,1.143,0.2536,0.0000,4,10.161,,,2.041,trame
hd05_023,living+kitchen+bedroom+bedroom+bathroom+bathroom+hallway,etoile,7,pavage,16,1.80,False,False,,,,120,1.143,0.2536,0.0000,4,10.161,,,2.561,trame
hd05_024,living+kitchen+bedroom+bedroom+bathroom+bathroom+hallway,etoile,7,base,,0.50,False,False,,,,90,1.143,0.1059,0.0000,3,10.401,,,3.401,invariant_viole
hd05_024,living+kitchen+bedroom+bedroom+bathroom+bathroom+hallway,etoile,7,pavage,0,0.50,False,False,,,,90,1.143,0.1059,0.0000,3,10.401,,,0.865,trame
hd05_024,living+kitchen+bedroom+bedroom+bathroom+bathroom+hallway,etoile,7,pavage,4,0.50,False,False,,,,90,1.143,0.1059,0.0000,3,10.401,,,1.096,trame
hd05_024,living+kitchen+bedroom+bedroom+bathroom+bathroom+hallway,etoile,7,pavage,8,0.50,False,False,,,,90,1.143,0.1059,0.0000,3,10.401,,,5.182,infaisable
hd05_024,living+kitchen+bedroom+bedroom+bathroom+bathroom+hallway,etoile,7,pavage,16,0.50,False,False,,,,90,1.143,0.1059,0.0000,3,10.401,,,6.509,infaisable
hd05_024,living+kitchen+bedroom+bedroom+bathroom+bathroom+hallway,etoile,7,pavage,16,0.00,False,True,7,0.0000,False,90,1.143,0.1059,0.0000,3,10.401,7.978121,0.7671,4.995,ok
hd05_024,living+kitchen+bedroom+bedroom+bathroom+bathroom+hallway,etoile,7,pavage,16,0.25,False,False,,,,90,1.143,0.1059,0.0000,3,10.401,,,4.407,infaisable
hd05_024,living+kitchen+bedroom+bedroom+bathroom+bathroom+hallway,etoile,7,pavage,16,1.00,False,False,,,,90,1.143,0.1059,0.0000,3,10.401,,,5.382,infaisable
hd05_024,living+kitchen+bedroom+bedroom+bathroom+bathroom+hallway,etoile,7,pavage,16,1.80,False,False,,,,90,1.143,0.1059,0.0000,3,10.401,,,6.596,infaisable
hd05_025,living+kitchen+bedroom+bedroom+bathroom+bathroom+hallway,etoile,7,base,,0.50,False,False,,,,110,0.857,0.3593,0.0000,4,10.714,,,4.576,invariant_viole
hd05_025,living+kitchen+bedroom+bedroom+bathroom+bathroom+hallway,etoile,7,pavage,0,0.50,False,False,,,,110,0.857,0.3593,0.0000,4,10.714,,,1.340,trame
hd05_025,living+kitchen+bedroom+bedroom+bathroom+bathroom+hallway,etoile,7,pavage,4,0.50,False,False,,,,110,0.857,0.3593,0.0000,4,10.714,,,1.872,trame
hd05_025,living+kitchen+bedroom+bedroom+bathroom+bathroom+hallway,etoile,7,pavage,8,0.50,False,False,,,,110,0.857,0.3593,0.0000,4,10.714,,,2.370,trame
hd05_025,living+kitchen+bedroom+bedroom+bathroom+bathroom+hallway,etoile,7,pavage,16,0.50,False,False,,,,110,0.857,0.3593,0.0000,4,10.714,,,1.560,trame
hd05_025,living+kitchen+bedroom+bedroom+bathroom+bathroom+hallway,etoile,7,pavage,16,0.00,False,False,,,,110,0.857,0.3593,0.0000,4,10.714,,,1.513,trame
hd05_025,living+kitchen+bedroom+bedroom+bathroom+bathroom+hallway,etoile,7,pavage,16,0.25,False,False,,,,110,0.857,0.3593,0.0000,4,10.714,,,1.416,trame
hd05_025,living+kitchen+bedroom+bedroom+bathroom+bathroom+hallway,etoile,7,pavage,16,1.00,False,False,,,,110,0.857,0.3593,0.0000,4,10.714,,,2.295,trame
hd05_025,living+kitchen+bedroom+bedroom+bathroom+bathroom+hallway,etoile,7,pavage,16,1.80,False,False,,,,110,0.857,0.3593,0.0000,4,10.714,,,1.510,trame
hd05_026,living+kitchen+bedroom+bedroom+bathroom+bathroom+hallway,etoile,7,base,,0.50,False,False,,,,110,0.571,0.3381,0.0000,5,11.261,,,3.271,invariant_viole
hd05_026,living+kitchen+bedroom+bedroom+bathroom+bathroom+hallway,etoile,7,pavage,0,0.50,False,False,,,,110,0.571,0.3381,0.0000,5,11.261,,,0.926,trame
hd05_026,living+kitchen+bedroom+bedroom+bathroom+bathroom+hallway,etoile,7,pavage,4,0.50,False,False,,,,110,0.571,0.3381,0.0000,5,11.261,,,1.174,trame
hd05_026,living+kitchen+bedroom+bedroom+bathroom+bathroom+hallway,etoile,7,pavage,8,0.50,False,False,,,,110,0.571,0.3381,0.0000,5,11.261,,,1.513,trame
hd05_026,living+kitchen+bedroom+bedroom+bathroom+bathroom+hallway,etoile,7,pavage,16,0.50,False,False,,,,110,0.571,0.3381,0.0000,5,11.261,,,1.828,trame
hd05_026,living+kitchen+bedroom+bedroom+bathroom+bathroom+hallway,etoile,7,pavage,16,0.00,False,False,,,,110,0.571,0.3381,0.0000,5,11.261,,,5.001,trame
hd05_026,living+kitchen+bedroom+bedroom+bathroom+bathroom+hallway,etoile,7,pavage,16,0.25,False,False,,,,110,0.571,0.3381,0.0000,5,11.261,,,3.264,trame
hd05_026,living+kitchen+bedroom+bedroom+bathroom+bathroom+hallway,etoile,7,pavage,16,1.00,False,False,,,,110,0.571,0.3381,0.0000,5,11.261,,,2.035,trame
hd05_026,living+kitchen+bedroom+bedroom+bathroom+bathroom+hallway,etoile,7,pavage,16,1.80,False,False,,,,110,0.571,0.3381,0.0000,5,11.261,,,1.839,trame
hd05_027,living+kitchen+bedroom+bedroom+bathroom+bathroom+hallway,etoile,7,base,,0.50,False,False,,,,120,1.143,0.4383,0.0000,3,11.462,,,4.756,invariant_viole
hd05_027,living+kitchen+bedroom+bedroom+bathroom+bathroom+hallway,etoile,7,pavage,0,0.50,False,False,,,,120,1.143,0.4383,0.0000,3,11.462,,,1.741,trame
hd05_027,living+kitchen+bedroom+bedroom+bathroom+bathroom+hallway,etoile,7,pavage,4,0.50,False,False,,,,120,1.143,0.4383,0.0000,3,11.462,,,1.332,trame
hd05_027,living+kitchen+bedroom+bedroom+bathroom+bathroom+hallway,etoile,7,pavage,8,0.50,False,False,,,,120,1.143,0.4383,0.0000,3,11.462,,,1.607,trame
hd05_027,living+kitchen+bedroom+bedroom+bathroom+bathroom+hallway,etoile,7,pavage,16,0.50,False,False,,,,120,1.143,0.4383,0.0000,3,11.462,,,1.552,trame
hd05_027,living+kitchen+bedroom+bedroom+bathroom+bathroom+hallway,etoile,7,pavage,16,0.00,False,False,,,,120,1.143,0.4383,0.0000,3,11.462,,,1.726,trame
hd05_027,living+kitchen+bedroom+bedroom+bathroom+bathroom+hallway,etoile,7,pavage,16,0.25,False,False,,,,120,1.143,0.4383,0.0000,3,11.462,,,1.624,trame
hd05_027,living+kitchen+bedroom+bedroom+bathroom+bathroom+hallway,etoile,7,pavage,16,1.00,False,False,,,,120,1.143,0.4383,0.0000,3,11.462,,,2.071,trame
hd05_027,living+kitchen+bedroom+bedroom+bathroom+bathroom+hallway,etoile,7,pavage,16,1.80,False,False,,,,120,1.143,0.4383,0.0000,3,11.462,,,1.785,trame
hd05_028,living+kitchen+bedroom+bedroom+bathroom+bathroom+hallway,etoile,7,base,,0.50,False,False,,,,70,1.714,0.3439,0.0000,4,10.787,,,3.998,invariant_viole
hd05_028,living+kitchen+bedroom+bedroom+bathroom+bathroom+hallway,etoile,7,pavage,0,0.50,False,False,,,,70,1.714,0.3439,0.0000,4,10.787,,,1.004,trame
hd05_028,living+kitchen+bedroom+bedroom+bathroom+bathroom+hallway,etoile,7,pavage,4,0.50,False,False,,,,70,1.714,0.3439,0.0000,4,10.787,,,1.297,trame
hd05_028,living+kitchen+bedroom+bedroom+bathroom+bathroom+hallway,etoile,7,pavage,8,0.50,False,False,,,,70,1.714,0.3439,0.0000,4,10.787,,,6.735,infaisable
hd05_028,living+kitchen+bedroom+bedroom+bathroom+bathroom+hallway,etoile,7,pavage,16,0.50,False,False,,,,70,1.714,0.3439,0.0000,4,10.787,,,6.173,infaisable
hd05_028,living+kitchen+bedroom+bedroom+bathroom+bathroom+hallway,etoile,7,pavage,16,0.00,False,True,7,0.0000,False,70,1.714,0.3439,0.0000,4,10.787,11.604540,1.0758,7.909,ok
hd05_028,living+kitchen+bedroom+bedroom+bathroom+bathroom+hallway,etoile,7,pavage,16,0.25,False,False,,,,70,1.714,0.3439,0.0000,4,10.787,,,5.816,infaisable
hd05_028,living+kitchen+bedroom+bedroom+bathroom+bathroom+hallway,etoile,7,pavage,16,1.00,False,False,,,,70,1.714,0.3439,0.0000,4,10.787,,,5.071,infaisable
hd05_028,living+kitchen+bedroom+bedroom+bathroom+bathroom+hallway,etoile,7,pavage,16,1.80,False,False,,,,70,1.714,0.3439,0.0000,4,10.787,,,6.208,infaisable
hd05_029,living+kitchen+bedroom+bedroom+bathroom+bathroom+hallway,etoile,7,base,,0.50,False,False,,,,110,0.857,0.3503,0.0000,5,11.282,,,3.215,invariant_viole
hd05_029,living+kitchen+bedroom+bedroom+bathroom+bathroom+hallway,etoile,7,pavage,0,0.50,False,False,,,,110,0.857,0.3503,0.0000,5,11.282,,,0.927,trame
hd05_029,living+kitchen+bedroom+bedroom+bathroom+bathroom+hallway,etoile,7,pavage,4,0.50,False,False,,,,110,0.857,0.3503,0.0000,5,11.282,,,1.172,trame
hd05_029,living+kitchen+bedroom+bedroom+bathroom+bathroom+hallway,etoile,7,pavage,8,0.50,False,False,,,,110,0.857,0.3503,0.0000,5,11.282,,,1.569,trame
hd05_029,living+kitchen+bedroom+bedroom+bathroom+bathroom+hallway,etoile,7,pavage,16,0.50,False,False,,,,110,0.857,0.3503,0.0000,5,11.282,,,5.400,infaisable
hd05_029,living+kitchen+bedroom+bedroom+bathroom+bathroom+hallway,etoile,7,pavage,16,0.00,False,False,,,,110,0.857,0.3503,0.0000,5,11.282,,,5.409,infaisable
hd05_029,living+kitchen+bedroom+bedroom+bathroom+bathroom+hallway,etoile,7,pavage,16,0.25,False,False,,,,110,0.857,0.3503,0.0000,5,11.282,,,6.420,infaisable
hd05_029,living+kitchen+bedroom+bedroom+bathroom+bathroom+hallway,etoile,7,pavage,16,1.00,False,False,,,,110,0.857,0.3503,0.0000,5,11.282,,,5.897,infaisable
hd05_029,living+kitchen+bedroom+bedroom+bathroom+bathroom+hallway,etoile,7,pavage,16,1.80,False,False,,,,110,0.857,0.3503,0.0000,5,11.282,,,5.102,infaisable
hd05_030,living+kitchen+bedroom+bedroom+bathroom+bathroom+hallway,etoile,7,base,,0.50,False,False,,,,99,1.143,0.2685,0.0000,3,11.145,,,3.056,invariant_viole
hd05_030,living+kitchen+bedroom+bedroom+bathroom+bathroom+hallway,etoile,7,pavage,0,0.50,False,False,,,,99,1.143,0.2685,0.0000,3,11.145,,,0.974,trame
hd05_030,living+kitchen+bedroom+bedroom+bathroom+bathroom+hallway,etoile,7,pavage,4,0.50,False,False,,,,99,1.143,0.2685,0.0000,3,11.145,,,1.139,trame
hd05_030,living+kitchen+bedroom+bedroom+bathroom+bathroom+hallway,etoile,7,pavage,8,0.50,False,False,,,,99,1.143,0.2685,0.0000,3,11.145,,,1.452,trame
hd05_030,living+kitchen+bedroom+bedroom+bathroom+bathroom+hallway,etoile,7,pavage,16,0.50,False,False,,,,99,1.143,0.2685,0.0000,3,11.145,,,4.699,infaisable
hd05_030,living+kitchen+bedroom+bedroom+bathroom+bathroom+hallway,etoile,7,pavage,16,0.00,False,True,7,0.0000,False,99,1.143,0.2685,0.0000,3,11.145,9.428689,0.8460,5.700,ok
hd05_030,living+kitchen+bedroom+bedroom+bathroom+bathroom+hallway,etoile,7,pavage,16,0.25,False,False,,,,99,1.143,0.2685,0.0000,3,11.145,,,5.521,infaisable
hd05_030,living+kitchen+bedroom+bedroom+bathroom+bathroom+hallway,etoile,7,pavage,16,1.00,False,False,,,,99,1.143,0.2685,0.0000,3,11.145,,,5.814,infaisable
hd05_030,living+kitchen+bedroom+bedroom+bathroom+bathroom+hallway,etoile,7,pavage,16,1.80,False,False,,,,99,1.143,0.2685,0.0000,3,11.145,,,7.654,infaisable
hd05_031,living+kitchen+bedroom+bedroom+bathroom+bathroom+hallway,etoile,7,base,,0.50,False,False,,,,120,0.571,0.1879,0.0000,5,12.218,,,4.025,invariant_viole
hd05_031,living+kitchen+bedroom+bedroom+bathroom+bathroom+hallway,etoile,7,pavage,0,0.50,False,False,,,,120,0.571,0.1879,0.0000,5,12.218,,,1.131,trame
hd05_031,living+kitchen+bedroom+bedroom+bathroom+bathroom+hallway,etoile,7,pavage,4,0.50,False,False,,,,120,0.571,0.1879,0.0000,5,12.218,,,1.489,trame
hd05_031,living+kitchen+bedroom+bedroom+bathroom+bathroom+hallway,etoile,7,pavage,8,0.50,False,True,7,1.7225,True,120,0.571,0.1879,0.0000,5,12.218,2.901135,0.2375,5.380,ok
hd05_031,living+kitchen+bedroom+bedroom+bathroom+bathroom+hallway,etoile,7,pavage,16,0.50,False,True,7,1.7225,True,120,0.571,0.1879,0.0000,5,12.218,2.901135,0.2375,5.344,ok
hd05_031,living+kitchen+bedroom+bedroom+bathroom+bathroom+hallway,etoile,7,pavage,16,0.00,False,True,7,1.8132,True,120,0.571,0.1879,0.0000,5,12.218,2.901135,0.2375,5.701,ok
hd05_031,living+kitchen+bedroom+bedroom+bathroom+bathroom+hallway,etoile,7,pavage,16,0.25,False,True,7,1.7225,True,120,0.571,0.1879,0.0000,5,12.218,2.901135,0.2375,5.249,ok
hd05_031,living+kitchen+bedroom+bedroom+bathroom+bathroom+hallway,etoile,7,pavage,16,1.00,False,True,7,1.7225,True,120,0.571,0.1879,0.0000,5,12.218,2.901135,0.2375,4.488,ok
hd05_031,living+kitchen+bedroom+bedroom+bathroom+bathroom+hallway,etoile,7,pavage,16,1.80,False,True,7,1.8132,True,120,0.571,0.1879,0.0000,5,12.218,2.901135,0.2375,4.368,ok
hd05_032,living+kitchen+bedroom+bedroom+bathroom+bathroom+hallway,etoile,7,base,,0.50,False,False,,,,90,1.143,0.3119,0.0000,4,10.896,,,4.359,invariant_viole
hd05_032,living+kitchen+bedroom+bedroom+bathroom+bathroom+hallway,etoile,7,pavage,0,0.50,False,False,,,,90,1.143,0.3119,0.0000,4,10.896,,,1.063,trame
hd05_032,living+kitchen+bedroom+bedroom+bathroom+bathroom+hallway,etoile,7,pavage,4,0.50,False,False,,,,90,1.143,0.3119,0.0000,4,10.896,,,1.146,trame
hd05_032,living+kitchen+bedroom+bedroom+bathroom+bathroom+hallway,etoile,7,pavage,8,0.50,False,False,,,,90,1.143,0.3119,0.0000,4,10.896,,,6.138,infaisable
hd05_032,living+kitchen+bedroom+bedroom+bathroom+bathroom+hallway,etoile,7,pavage,16,0.50,False,False,,,,90,1.143,0.3119,0.0000,4,10.896,,,5.785,infaisable
hd05_032,living+kitchen+bedroom+bedroom+bathroom+bathroom+hallway,etoile,7,pavage,16,0.00,False,True,7,0.0000,False,90,1.143,0.3119,0.0000,4,10.896,5.530289,0.5075,4.412,ok
hd05_032,living+kitchen+bedroom+bedroom+bathroom+bathroom+hallway,etoile,7,pavage,16,0.25,False,False,,,,90,1.143,0.3119,0.0000,4,10.896,,,4.930,infaisable
hd05_032,living+kitchen+bedroom+bedroom+bathroom+bathroom+hallway,etoile,7,pavage,16,1.00,False,False,,,,90,1.143,0.3119,0.0000,4,10.896,,,5.134,infaisable
hd05_032,living+kitchen+bedroom+bedroom+bathroom+bathroom+hallway,etoile,7,pavage,16,1.80,False,False,,,,90,1.143,0.3119,0.0000,4,10.896,,,5.471,infaisable
hd05_033,living+kitchen+bedroom+bedroom+bathroom+bathroom+hallway,etoile,7,base,,0.50,False,False,,,,88,1.429,0.0820,0.0000,2,11.214,,,3.897,invariant_viole
hd05_033,living+kitchen+bedroom+bedroom+bathroom+bathroom+hallway,etoile,7,pavage,0,0.50,False,False,,,,88,1.429,0.0820,0.0000,2,11.214,,,1.028,trame
hd05_033,living+kitchen+bedroom+bedroom+bathroom+bathroom+hallway,etoile,7,pavage,4,0.50,False,False,,,,88,1.429,0.0820,0.0000,2,11.214,,,1.106,trame
hd05_033,living+kitchen+bedroom+bedroom+bathroom+bathroom+hallway,etoile,7,pavage,8,0.50,False,False,,,,88,1.429,0.0820,0.0000,2,11.214,,,5.202,infaisable
hd05_033,living+kitchen+bedroom+bedroom+bathroom+bathroom+hallway,etoile,7,pavage,16,0.50,False,False,,,,88,1.429,0.0820,0.0000,2,11.214,,,4.502,infaisable
hd05_033,living+kitchen+bedroom+bedroom+bathroom+bathroom+hallway,etoile,7,pavage,16,0.00,False,True,7,0.0000,False,88,1.429,0.0820,0.0000,2,11.214,6.980856,0.6225,4.817,ok
hd05_033,living+kitchen+bedroom+bedroom+bathroom+bathroom+hallway,etoile,7,pavage,16,0.25,False,False,,,,88,1.429,0.0820,0.0000,2,11.214,,,8.609,infaisable
hd05_033,living+kitchen+bedroom+bedroom+bathroom+bathroom+hallway,etoile,7,pavage,16,1.00,False,False,,,,88,1.429,0.0820,0.0000,2,11.214,,,5.720,infaisable
hd05_033,living+kitchen+bedroom+bedroom+bathroom+bathroom+hallway,etoile,7,pavage,16,1.80,False,False,,,,88,1.429,0.0820,0.0000,2,11.214,,,6.223,infaisable
hd05_034,living+kitchen+bedroom+bedroom+bathroom+bathroom+hallway,etoile,7,base,,0.50,False,False,,,,80,0.286,0.1056,0.0000,6,10.858,,,3.178,invariant_viole
hd05_034,living+kitchen+bedroom+bedroom+bathroom+bathroom+hallway,etoile,7,pavage,0,0.50,False,False,,,,80,0.286,0.1056,0.0000,6,10.858,,,0.917,trame
hd05_034,living+kitchen+bedroom+bedroom+bathroom+bathroom+hallway,etoile,7,pavage,4,0.50,False,True,7,2.1759,True,80,0.286,0.1056,0.0000,6,10.858,2.538493,0.2338,4.700,ok
hd05_034,living+kitchen+bedroom+bedroom+bathroom+bathroom+hallway,etoile,7,pavage,8,0.50,False,True,7,2.1759,True,80,0.286,0.1056,0.0000,6,10.858,2.538493,0.2338,6.067,ok
hd05_034,living+kitchen+bedroom+bedroom+bathroom+bathroom+hallway,etoile,7,pavage,16,0.50,False,True,7,2.1759,True,80,0.286,0.1056,0.0000,6,10.858,2.538493,0.2338,4.443,ok
hd05_034,living+kitchen+bedroom+bedroom+bathroom+bathroom+hallway,etoile,7,pavage,16,0.00,False,True,7,2.5385,True,80,0.286,0.1056,0.0000,6,10.858,2.538493,0.2338,4.364,ok
hd05_034,living+kitchen+bedroom+bedroom+bathroom+bathroom+hallway,etoile,7,pavage,16,0.25,False,True,7,2.1759,True,80,0.286,0.1056,0.0000,6,10.858,2.538493,0.2338,7.406,ok
hd05_034,living+kitchen+bedroom+bedroom+bathroom+bathroom+hallway,etoile,7,pavage,16,1.00,False,True,7,2.5385,True,80,0.286,0.1056,0.0000,6,10.858,2.538493,0.2338,4.519,ok
hd05_034,living+kitchen+bedroom+bedroom+bathroom+bathroom+hallway,etoile,7,pavage,16,1.80,False,True,7,2.1759,True,80,0.286,0.1056,0.0000,6,10.858,2.538493,0.2338,4.721,ok
hd05_035,living+kitchen+bedroom+bedroom+bathroom+bathroom+hallway,etoile,7,base,,0.50,False,False,,,,100,0.286,0.3603,0.0000,6,12.195,,,2.890,invariant_viole
hd05_035,living+kitchen+bedroom+bedroom+bathroom+bathroom+hallway,etoile,7,pavage,0,0.50,False,False,,,,100,0.286,0.3603,0.0000,6,12.195,,,1.005,trame
hd05_035,living+kitchen+bedroom+bedroom+bathroom+bathroom+hallway,etoile,7,pavage,4,0.50,False,False,,,,100,0.286,0.3603,0.0000,6,12.195,,,1.133,trame
hd05_035,living+kitchen+bedroom+bedroom+bathroom+bathroom+hallway,etoile,7,pavage,8,0.50,False,False,,,,100,0.286,0.3603,0.0000,6,12.195,,,1.667,trame
hd05_035,living+kitchen+bedroom+bedroom+bathroom+bathroom+hallway,etoile,7,pavage,16,0.50,False,False,,,,100,0.286,0.3603,0.0000,6,12.195,,,1.784,trame
hd05_035,living+kitchen+bedroom+bedroom+bathroom+bathroom+hallway,etoile,7,pavage,16,0.00,False,False,,,,100,0.286,0.3603,0.0000,6,12.195,,,1.737,trame
hd05_035,living+kitchen+bedroom+bedroom+bathroom+bathroom+hallway,etoile,7,pavage,16,0.25,False,False,,,,100,0.286,0.3603,0.0000,6,12.195,,,2.251,trame
hd05_035,living+kitchen+bedroom+bedroom+bathroom+bathroom+hallway,etoile,7,pavage,16,1.00,False,False,,,,100,0.286,0.3603,0.0000,6,12.195,,,2.134,trame
hd05_035,living+kitchen+bedroom+bedroom+bathroom+bathroom+hallway,etoile,7,pavage,16,1.80,False,False,,,,100,0.286,0.3603,0.0000,6,12.195,,,1.820,trame
hd05_036,living+kitchen+bedroom+bedroom+bathroom+bathroom+hallway,etoile,7,base,,0.50,False,False,,,,99,1.143,0.4198,0.0000,4,11.314,,,3.067,invariant_viole
hd05_036,living+kitchen+bedroom+bedroom+bathroom+bathroom+hallway,etoile,7,pavage,0,0.50,False,False,,,,99,1.143,0.4198,0.0000,4,11.314,,,0.851,trame
hd05_036,living+kitchen+bedroom+bedroom+bathroom+bathroom+hallway,etoile,7,pavage,4,0.50,False,False,,,,99,1.143,0.4198,0.0000,4,11.314,,,1.109,trame
hd05_036,living+kitchen+bedroom+bedroom+bathroom+bathroom+hallway,etoile,7,pavage,8,0.50,False,False,,,,99,1.143,0.4198,0.0000,4,11.314,,,1.643,trame
hd05_036,living+kitchen+bedroom+bedroom+bathroom+bathroom+hallway,etoile,7,pavage,16,0.50,False,False,,,,99,1.143,0.4198,0.0000,4,11.314,,,6.867,infaisable
hd05_036,living+kitchen+bedroom+bedroom+bathroom+bathroom+hallway,etoile,7,pavage,16,0.00,False,True,7,0.0000,False,99,1.143,0.4198,0.0000,4,11.314,13.055108,1.1539,5.079,ok
hd05_036,living+kitchen+bedroom+bedroom+bathroom+bathroom+hallway,etoile,7,pavage,16,0.25,False,False,,,,99,1.143,0.4198,0.0000,4,11.314,,,5.238,infaisable
hd05_036,living+kitchen+bedroom+bedroom+bathroom+bathroom+hallway,etoile,7,pavage,16,1.00,False,False,,,,99,1.143,0.4198,0.0000,4,11.314,,,5.862,infaisable
hd05_036,living+kitchen+bedroom+bedroom+bathroom+bathroom+hallway,etoile,7,pavage,16,1.80,False,False,,,,99,1.143,0.4198,0.0000,4,11.314,,,5.188,infaisable
hd05_037,living+kitchen+bedroom+bedroom+bathroom+bathroom+hallway,etoile,7,base,,0.50,False,False,,,,108,1.143,0.3113,0.0000,3,11.854,,,3.040,invariant_viole
hd05_037,living+kitchen+bedroom+bedroom+bathroom+bathroom+hallway,etoile,7,pavage,0,0.50,False,False,,,,108,1.143,0.3113,0.0000,3,11.854,,,2.441,trame
hd05_037,living+kitchen+bedroom+bedroom+bathroom+bathroom+hallway,etoile,7,pavage,4,0.50,False,False,,,,108,1.143,0.3113,0.0000,3,11.854,,,2.227,trame
hd05_037,living+kitchen+bedroom+bedroom+bathroom+bathroom+hallway,etoile,7,pavage,8,0.50,False,False,,,,108,1.143,0.3113,0.0000,3,11.854,,,2.390,trame
hd05_037,living+kitchen+bedroom+bedroom+bathroom+bathroom+hallway,etoile,7,pavage,16,0.50,False,False,,,,108,1.143,0.3113,0.0000,3,11.854,,,2.384,trame
hd05_037,living+kitchen+bedroom+bedroom+bathroom+bathroom+hallway,etoile,7,pavage,16,0.00,False,False,,,,108,1.143,0.3113,0.0000,3,11.854,,,2.689,trame
hd05_037,living+kitchen+bedroom+bedroom+bathroom+bathroom+hallway,etoile,7,pavage,16,0.25,False,False,,,,108,1.143,0.3113,0.0000,3,11.854,,,1.479,trame
hd05_037,living+kitchen+bedroom+bedroom+bathroom+bathroom+hallway,etoile,7,pavage,16,1.00,False,False,,,,108,1.143,0.3113,0.0000,3,11.854,,,2.902,trame
hd05_037,living+kitchen+bedroom+bedroom+bathroom+bathroom+hallway,etoile,7,pavage,16,1.80,False,False,,,,108,1.143,0.3113,0.0000,3,11.854,,,1.804,trame
hd05_038,living+kitchen+bedroom+bedroom+bathroom+bathroom+hallway,etoile,7,base,,0.50,False,False,,,,100,1.143,0.2652,0.0000,3,12.944,,,4.126,invariant_viole
hd05_038,living+kitchen+bedroom+bedroom+bathroom+bathroom+hallway,etoile,7,pavage,0,0.50,False,False,,,,100,1.143,0.2652,0.0000,3,12.944,,,1.107,trame
hd05_038,living+kitchen+bedroom+bedroom+bathroom+bathroom+hallway,etoile,7,pavage,4,0.50,False,False,,,,100,1.143,0.2652,0.0000,3,12.944,,,1.728,trame
hd05_038,living+kitchen+bedroom+bedroom+bathroom+bathroom+hallway,etoile,7,pavage,8,0.50,False,False,,,,100,1.143,0.2652,0.0000,3,12.944,,,2.012,trame
hd05_038,living+kitchen+bedroom+bedroom+bathroom+bathroom+hallway,etoile,7,pavage,16,0.50,False,False,,,,100,1.143,0.2652,0.0000,3,12.944,,,2.235,trame
hd05_038,living+kitchen+bedroom+bedroom+bathroom+bathroom+hallway,etoile,7,pavage,16,0.00,False,False,,,,100,1.143,0.2652,0.0000,3,12.944,,,2.445,trame
hd05_038,living+kitchen+bedroom+bedroom+bathroom+bathroom+hallway,etoile,7,pavage,16,0.25,False,False,,,,100,1.143,0.2652,0.0000,3,12.944,,,2.943,trame
hd05_038,living+kitchen+bedroom+bedroom+bathroom+bathroom+hallway,etoile,7,pavage,16,1.00,False,False,,,,100,1.143,0.2652,0.0000,3,12.944,,,2.000,trame
hd05_038,living+kitchen+bedroom+bedroom+bathroom+bathroom+hallway,etoile,7,pavage,16,1.80,False,False,,,,100,1.143,0.2652,0.0000,3,12.944,,,1.466,trame
hd05_039,living+kitchen+bedroom+bedroom+bathroom+bathroom+hallway,etoile,7,base,,0.50,False,False,,,,110,2.286,0.1999,0.0000,1,9.095,,,3.796,invariant_viole
hd05_039,living+kitchen+bedroom+bedroom+bathroom+bathroom+hallway,etoile,7,pavage,0,0.50,False,False,,,,110,2.286,0.1999,0.0000,1,9.095,,,1.117,trame
hd05_039,living+kitchen+bedroom+bedroom+bathroom+bathroom+hallway,etoile,7,pavage,4,0.50,False,False,,,,110,2.286,0.1999,0.0000,1,9.095,,,1.673,trame
hd05_039,living+kitchen+bedroom+bedroom+bathroom+bathroom+hallway,etoile,7,pavage,8,0.50,False,False,,,,110,2.286,0.1999,0.0000,1,9.095,,,1.423,trame
hd05_039,living+kitchen+bedroom+bedroom+bathroom+bathroom+hallway,etoile,7,pavage,16,0.50,False,False,,,,110,2.286,0.1999,0.0000,1,9.095,,,1.388,trame
hd05_039,living+kitchen+bedroom+bedroom+bathroom+bathroom+hallway,etoile,7,pavage,16,0.00,False,False,,,,110,2.286,0.1999,0.0000,1,9.095,,,1.381,trame
hd05_039,living+kitchen+bedroom+bedroom+bathroom+bathroom+hallway,etoile,7,pavage,16,0.25,False,False,,,,110,2.286,0.1999,0.0000,1,9.095,,,1.377,trame
hd05_039,living+kitchen+bedroom+bedroom+bathroom+bathroom+hallway,etoile,7,pavage,16,1.00,False,False,,,,110,2.286,0.1999,0.0000,1,9.095,,,1.371,trame
hd05_039,living+kitchen+bedroom+bedroom+bathroom+bathroom+hallway,etoile,7,pavage,16,1.80,False,False,,,,110,2.286,0.1999,0.0000,1,9.095,,,1.379,trame
hd06_000,living+kitchen+dining+bedroom+bedroom+bathroom+hallway,etoile,7,base,,0.50,False,False,,,,99,1.429,0.4252,0.0000,3,11.128,,,3.731,invariant_viole
hd06_000,living+kitchen+dining+bedroom+bedroom+bathroom+hallway,etoile,7,pavage,0,0.50,False,False,,,,99,1.429,0.4252,0.0000,3,11.128,,,1.006,trame
hd06_000,living+kitchen+dining+bedroom+bedroom+bathroom+hallway,etoile,7,pavage,4,0.50,False,False,,,,99,1.429,0.4252,0.0000,3,11.128,,,1.673,trame
hd06_000,living+kitchen+dining+bedroom+bedroom+bathroom+hallway,etoile,7,pavage,8,0.50,False,False,,,,99,1.429,0.4252,0.0000,3,11.128,,,2.072,trame
hd06_000,living+kitchen+dining+bedroom+bedroom+bathroom+hallway,etoile,7,pavage,16,0.50,False,False,,,,99,1.429,0.4252,0.0000,3,11.128,,,1.996,trame
hd06_000,living+kitchen+dining+bedroom+bedroom+bathroom+hallway,etoile,7,pavage,16,0.00,False,False,,,,99,1.429,0.4252,0.0000,3,11.128,,,1.767,trame
hd06_000,living+kitchen+dining+bedroom+bedroom+bathroom+hallway,etoile,7,pavage,16,0.25,False,False,,,,99,1.429,0.4252,0.0000,3,11.128,,,1.766,trame
hd06_000,living+kitchen+dining+bedroom+bedroom+bathroom+hallway,etoile,7,pavage,16,1.00,False,False,,,,99,1.429,0.4252,0.0000,3,11.128,,,2.088,trame
hd06_000,living+kitchen+dining+bedroom+bedroom+bathroom+hallway,etoile,7,pavage,16,1.80,False,False,,,,99,1.429,0.4252,0.0000,3,11.128,,,1.749,trame
hd06_001,living+kitchen+dining+bedroom+bedroom+bathroom+hallway,etoile,7,base,,0.50,False,False,,,,81,0.000,0.2244,0.0000,7,10.568,,,3.024,invariant_viole
hd06_001,living+kitchen+dining+bedroom+bedroom+bathroom+hallway,etoile,7,pavage,0,0.50,False,False,,,,81,0.000,0.2244,0.0000,7,10.568,,,0.817,trame
hd06_001,living+kitchen+dining+bedroom+bedroom+bathroom+hallway,etoile,7,pavage,4,0.50,False,False,,,,81,0.000,0.2244,0.0000,7,10.568,,,1.152,trame
hd06_001,living+kitchen+dining+bedroom+bedroom+bathroom+hallway,etoile,7,pavage,8,0.50,False,False,,,,81,0.000,0.2244,0.0000,7,10.568,,,7.934,infaisable
hd06_001,living+kitchen+dining+bedroom+bedroom+bathroom+hallway,etoile,7,pavage,16,0.50,False,False,,,,81,0.000,0.2244,0.0000,7,10.568,,,8.363,infaisable
hd06_001,living+kitchen+dining+bedroom+bedroom+bathroom+hallway,etoile,7,pavage,16,0.00,False,True,7,0.0000,False,81,0.000,0.2244,0.0000,7,10.568,2.991795,0.2831,5.608,ok
hd06_001,living+kitchen+dining+bedroom+bedroom+bathroom+hallway,etoile,7,pavage,16,0.25,False,False,,,,81,0.000,0.2244,0.0000,7,10.568,,,7.026,infaisable
hd06_001,living+kitchen+dining+bedroom+bedroom+bathroom+hallway,etoile,7,pavage,16,1.00,False,False,,,,81,0.000,0.2244,0.0000,7,10.568,,,4.861,infaisable
hd06_001,living+kitchen+dining+bedroom+bedroom+bathroom+hallway,etoile,7,pavage,16,1.80,False,False,,,,81,0.000,0.2244,0.0000,7,10.568,,,6.627,infaisable
hd06_002,living+kitchen+dining+bedroom+bedroom+bathroom+hallway,etoile,7,base,,0.50,False,False,,,,70,0.286,0.4012,0.0000,6,9.363,,,4.959,invariant_viole
hd06_002,living+kitchen+dining+bedroom+bedroom+bathroom+hallway,etoile,7,pavage,0,0.50,False,False,,,,70,0.286,0.4012,0.0000,6,9.363,,,1.103,trame
hd06_002,living+kitchen+dining+bedroom+bedroom+bathroom+hallway,etoile,7,pavage,4,0.50,False,False,,,,70,0.286,0.4012,0.0000,6,9.363,,,1.260,trame
hd06_002,living+kitchen+dining+bedroom+bedroom+bathroom+hallway,etoile,7,pavage,8,0.50,False,False,,,,70,0.286,0.4012,0.0000,6,9.363,,,2.437,trame
hd06_002,living+kitchen+dining+bedroom+bedroom+bathroom+hallway,etoile,7,pavage,16,0.50,False,False,,,,70,0.286,0.4012,0.0000,6,9.363,,,2.608,trame
hd06_002,living+kitchen+dining+bedroom+bedroom+bathroom+hallway,etoile,7,pavage,16,0.00,False,False,,,,70,0.286,0.4012,0.0000,6,9.363,,,1.720,trame
hd06_002,living+kitchen+dining+bedroom+bedroom+bathroom+hallway,etoile,7,pavage,16,0.25,False,False,,,,70,0.286,0.4012,0.0000,6,9.363,,,1.581,trame
hd06_002,living+kitchen+dining+bedroom+bedroom+bathroom+hallway,etoile,7,pavage,16,1.00,False,False,,,,70,0.286,0.4012,0.0000,6,9.363,,,2.652,trame
hd06_002,living+kitchen+dining+bedroom+bedroom+bathroom+hallway,etoile,7,pavage,16,1.80,False,False,,,,70,0.286,0.4012,0.0000,6,9.363,,,2.533,trame
hd06_003,living+kitchen+dining+bedroom+bedroom+bathroom+hallway,etoile,7,base,,0.50,False,False,,,,90,0.571,0.2640,0.0000,5,10.848,,,3.833,invariant_viole
hd06_003,living+kitchen+dining+bedroom+bedroom+bathroom+hallway,etoile,7,pavage,0,0.50,False,False,,,,90,0.571,0.2640,0.0000,5,10.848,,,0.906,trame
hd06_003,living+kitchen+dining+bedroom+bedroom+bathroom+hallway,etoile,7,pavage,4,0.50,False,False,,,,90,0.571,0.2640,0.0000,5,10.848,,,1.360,trame
hd06_003,living+kitchen+dining+bedroom+bedroom+bathroom+hallway,etoile,7,pavage,8,0.50,False,False,,,,90,0.571,0.2640,0.0000,5,10.848,,,4.803,infaisable
hd06_003,living+kitchen+dining+bedroom+bedroom+bathroom+hallway,etoile,7,pavage,16,0.50,False,False,,,,90,0.571,0.2640,0.0000,5,10.848,,,5.840,infaisable
hd06_003,living+kitchen+dining+bedroom+bedroom+bathroom+hallway,etoile,7,pavage,16,0.00,False,True,7,0.0000,False,90,0.571,0.2640,0.0000,5,10.848,3.807740,0.3510,5.550,ok
hd06_003,living+kitchen+dining+bedroom+bedroom+bathroom+hallway,etoile,7,pavage,16,0.25,False,False,,,,90,0.571,0.2640,0.0000,5,10.848,,,4.711,infaisable
hd06_003,living+kitchen+dining+bedroom+bedroom+bathroom+hallway,etoile,7,pavage,16,1.00,False,False,,,,90,0.571,0.2640,0.0000,5,10.848,,,5.407,infaisable
hd06_003,living+kitchen+dining+bedroom+bedroom+bathroom+hallway,etoile,7,pavage,16,1.80,False,False,,,,90,0.571,0.2640,0.0000,5,10.848,,,4.524,infaisable
hd06_004,living+kitchen+dining+bedroom+bedroom+bathroom+hallway,etoile,7,base,,0.50,False,False,,,,100,0.286,0.3000,0.0000,6,10.446,,,2.648,invariant_viole
hd06_004,living+kitchen+dining+bedroom+bedroom+bathroom+hallway,etoile,7,pavage,0,0.50,False,False,,,,100,0.286,0.3000,0.0000,6,10.446,,,0.889,trame
hd06_004,living+kitchen+dining+bedroom+bedroom+bathroom+hallway,etoile,7,pavage,4,0.50,False,True,7,1.1786,True,100,0.286,0.3000,0.0000,6,10.446,3.354437,0.3211,4.920,ok
hd06_004,living+kitchen+dining+bedroom+bedroom+bathroom+hallway,etoile,7,pavage,8,0.50,False,True,7,1.1786,True,100,0.286,0.3000,0.0000,6,10.446,3.354437,0.3211,4.765,ok
hd06_004,living+kitchen+dining+bedroom+bedroom+bathroom+hallway,etoile,7,pavage,16,0.50,False,True,7,1.1786,True,100,0.286,0.3000,0.0000,6,10.446,3.354437,0.3211,4.405,ok
hd06_004,living+kitchen+dining+bedroom+bedroom+bathroom+hallway,etoile,7,pavage,16,0.00,False,True,7,1.1786,True,100,0.286,0.3000,0.0000,6,10.446,3.354437,0.3211,4.813,ok
hd06_004,living+kitchen+dining+bedroom+bedroom+bathroom+hallway,etoile,7,pavage,16,0.25,False,True,7,1.1786,True,100,0.286,0.3000,0.0000,6,10.446,3.354437,0.3211,4.551,ok
hd06_004,living+kitchen+dining+bedroom+bedroom+bathroom+hallway,etoile,7,pavage,16,1.00,False,True,7,1.1786,True,100,0.286,0.3000,0.0000,6,10.446,3.354437,0.3211,3.925,ok
hd06_004,living+kitchen+dining+bedroom+bedroom+bathroom+hallway,etoile,7,pavage,16,1.80,False,True,7,1.8000,True,100,0.286,0.3000,0.0000,6,10.446,3.354437,0.3211,4.489,ok
hd06_005,living+kitchen+dining+bedroom+bedroom+bathroom+hallway,etoile,7,base,,0.50,False,False,,,,120,0.857,0.5252,0.0000,4,11.309,,,3.662,invariant_viole
hd06_005,living+kitchen+dining+bedroom+bedroom+bathroom+hallway,etoile,7,pavage,0,0.50,False,False,,,,120,0.857,0.5252,0.0000,4,11.309,,,1.092,trame
hd06_005,living+kitchen+dining+bedroom+bedroom+bathroom+hallway,etoile,7,pavage,4,0.50,False,False,,,,120,0.857,0.5252,0.0000,4,11.309,,,2.529,trame
hd06_005,living+kitchen+dining+bedroom+bedroom+bathroom+hallway,etoile,7,pavage,8,0.50,False,False,,,,120,0.857,0.5252,0.0000,4,11.309,,,5.873,infaisable
hd06_005,living+kitchen+dining+bedroom+bedroom+bathroom+hallway,etoile,7,pavage,16,0.50,False,False,,,,120,0.857,0.5252,0.0000,4,11.309,,,5.892,infaisable
hd06_005,living+kitchen+dining+bedroom+bedroom+bathroom+hallway,etoile,7,pavage,16,0.00,False,True,7,0.0000,False,120,0.857,0.5252,0.0000,4,11.309,13.327089,1.1784,4.553,ok
hd06_005,living+kitchen+dining+bedroom+bedroom+bathroom+hallway,etoile,7,pavage,16,0.25,False,False,,,,120,0.857,0.5252,0.0000,4,11.309,,,6.107,infaisable
hd06_005,living+kitchen+dining+bedroom+bedroom+bathroom+hallway,etoile,7,pavage,16,1.00,False,False,,,,120,0.857,0.5252,0.0000,4,11.309,,,5.743,infaisable
hd06_005,living+kitchen+dining+bedroom+bedroom+bathroom+hallway,etoile,7,pavage,16,1.80,False,False,,,,120,0.857,0.5252,0.0000,4,11.309,,,5.060,infaisable
hd06_006,living+kitchen+dining+bedroom+bedroom+bathroom+hallway,etoile,7,base,,0.50,False,False,,,,110,1.143,0.4499,0.0000,4,11.508,,,3.290,invariant_viole
hd06_006,living+kitchen+dining+bedroom+bedroom+bathroom+hallway,etoile,7,pavage,0,0.50,False,False,,,,110,1.143,0.4499,0.0000,4,11.508,,,0.861,trame
hd06_006,living+kitchen+dining+bedroom+bedroom+bathroom+hallway,etoile,7,pavage,4,0.50,False,False,,,,110,1.143,0.4499,0.0000,4,11.508,,,1.095,trame
hd06_006,living+kitchen+dining+bedroom+bedroom+bathroom+hallway,etoile,7,pavage,8,0.50,False,False,,,,110,1.143,0.4499,0.0000,4,11.508,,,1.386,trame
hd06_006,living+kitchen+dining+bedroom+bedroom+bathroom+hallway,etoile,7,pavage,16,0.50,False,False,,,,110,1.143,0.4499,0.0000,4,11.508,,,5.234,infaisable
hd06_006,living+kitchen+dining+bedroom+bedroom+bathroom+hallway,etoile,7,pavage,16,0.00,False,True,7,0.0000,False,110,1.143,0.4499,0.0000,4,11.508,10.879256,0.9454,6.029,ok
hd06_006,living+kitchen+dining+bedroom+bedroom+bathroom+hallway,etoile,7,pavage,16,0.25,False,False,,,,110,1.143,0.4499,0.0000,4,11.508,,,5.790,infaisable
hd06_006,living+kitchen+dining+bedroom+bedroom+bathroom+hallway,etoile,7,pavage,16,1.00,False,False,,,,110,1.143,0.4499,0.0000,4,11.508,,,4.874,infaisable
hd06_006,living+kitchen+dining+bedroom+bedroom+bathroom+hallway,etoile,7,pavage,16,1.80,False,False,,,,110,1.143,0.4499,0.0000,4,11.508,,,5.894,infaisable
hd06_007,living+kitchen+dining+bedroom+bedroom+bathroom+hallway,etoile,7,base,,0.50,False,False,,,,110,0.571,0.3573,0.0000,5,11.145,,,3.247,invariant_viole
hd06_007,living+kitchen+dining+bedroom+bedroom+bathroom+hallway,etoile,7,pavage,0,0.50,False,False,,,,110,0.571,0.3573,0.0000,5,11.145,,,1.012,trame
hd06_007,living+kitchen+dining+bedroom+bedroom+bathroom+hallway,etoile,7,pavage,4,0.50,False,False,,,,110,0.571,0.3573,0.0000,5,11.145,,,1.138,trame
hd06_007,living+kitchen+dining+bedroom+bedroom+bathroom+hallway,etoile,7,pavage,8,0.50,False,False,,,,110,0.571,0.3573,0.0000,5,11.145,,,1.429,trame
hd06_007,living+kitchen+dining+bedroom+bedroom+bathroom+hallway,etoile,7,pavage,16,0.50,False,False,,,,110,0.571,0.3573,0.0000,5,11.145,,,1.423,trame
hd06_007,living+kitchen+dining+bedroom+bedroom+bathroom+hallway,etoile,7,pavage,16,0.00,False,False,,,,110,0.571,0.3573,0.0000,5,11.145,,,2.008,trame
hd06_007,living+kitchen+dining+bedroom+bedroom+bathroom+hallway,etoile,7,pavage,16,0.25,False,False,,,,110,0.571,0.3573,0.0000,5,11.145,,,2.292,trame
hd06_007,living+kitchen+dining+bedroom+bedroom+bathroom+hallway,etoile,7,pavage,16,1.00,False,False,,,,110,0.571,0.3573,0.0000,5,11.145,,,2.258,trame
hd06_007,living+kitchen+dining+bedroom+bedroom+bathroom+hallway,etoile,7,pavage,16,1.80,False,False,,,,110,0.571,0.3573,0.0000,5,11.145,,,2.235,trame
hd06_008,living+kitchen+dining+bedroom+bedroom+bathroom+hallway,etoile,7,base,,0.50,False,False,,,,121,0.857,0.1527,0.0000,4,9.636,,,3.026,invariant_viole
hd06_008,living+kitchen+dining+bedroom+bedroom+bathroom+hallway,etoile,7,pavage,0,0.50,False,False,,,,121,0.857,0.1527,0.0000,4,9.636,,,0.861,trame
hd06_008,living+kitchen+dining+bedroom+bedroom+bathroom+hallway,etoile,7,pavage,4,0.50,False,False,,,,121,0.857,0.1527,0.0000,4,9.636,,,1.372,trame
hd06_008,living+kitchen+dining+bedroom+bedroom+bathroom+hallway,etoile,7,pavage,8,0.50,False,False,,,,121,0.857,0.1527,0.0000,4,9.636,,,1.767,trame
hd06_008,living+kitchen+dining+bedroom+bedroom+bathroom+hallway,etoile,7,pavage,16,0.50,False,False,,,,121,0.857,0.1527,0.0000,4,9.636,,,1.398,trame
hd06_008,living+kitchen+dining+bedroom+bedroom+bathroom+hallway,etoile,7,pavage,16,0.00,False,False,,,,121,0.857,0.1527,0.0000,4,9.636,,,1.347,trame
hd06_008,living+kitchen+dining+bedroom+bedroom+bathroom+hallway,etoile,7,pavage,16,0.25,False,False,,,,121,0.857,0.1527,0.0000,4,9.636,,,1.338,trame
hd06_008,living+kitchen+dining+bedroom+bedroom+bathroom+hallway,etoile,7,pavage,16,1.00,False,False,,,,121,0.857,0.1527,0.0000,4,9.636,,,1.370,trame
hd06_008,living+kitchen+dining+bedroom+bedroom+bathroom+hallway,etoile,7,pavage,16,1.80,False,False,,,,121,0.857,0.1527,0.0000,4,9.636,,,1.359,trame
hd06_009,living+kitchen+dining+bedroom+bedroom+bathroom+hallway,etoile,7,base,,0.50,False,False,,,,77,0.571,0.2360,0.0000,5,11.042,,,2.890,invariant_viole
hd06_009,living+kitchen+dining+bedroom+bedroom+bathroom+hallway,etoile,7,pavage,0,0.50,False,False,,,,77,0.571,0.2360,0.0000,5,11.042,,,0.766,trame
hd06_009,living+kitchen+dining+bedroom+bedroom+bathroom+hallway,etoile,7,pavage,4,0.50,False,False,,,,77,0.571,0.2360,0.0000,5,11.042,,,1.595,trame
hd06_009,living+kitchen+dining+bedroom+bedroom+bathroom+hallway,etoile,7,pavage,8,0.50,False,False,,,,77,0.571,0.2360,0.0000,5,11.042,,,2.165,trame
hd06_009,living+kitchen+dining+bedroom+bedroom+bathroom+hallway,etoile,7,pavage,16,0.50,False,False,,,,77,0.571,0.2360,0.0000,5,11.042,,,6.336,infaisable
hd06_009,living+kitchen+dining+bedroom+bedroom+bathroom+hallway,etoile,7,pavage,16,0.00,False,True,7,0.0000,False,77,0.571,0.2360,0.0000,5,11.042,2.629154,0.2381,4.890,ok
hd06_009,living+kitchen+dining+bedroom+bedroom+bathroom+hallway,etoile,7,pavage,16,0.25,False,False,,,,77,0.571,0.2360,0.0000,5,11.042,,,6.614,infaisable
hd06_009,living+kitchen+dining+bedroom+bedroom+bathroom+hallway,etoile,7,pavage,16,1.00,False,False,,,,77,0.571,0.2360,0.0000,5,11.042,,,5.551,infaisable
hd06_009,living+kitchen+dining+bedroom+bedroom+bathroom+hallway,etoile,7,pavage,16,1.80,False,False,,,,77,0.571,0.2360,0.0000,5,11.042,,,5.740,infaisable
hd06_010,living+kitchen+dining+bedroom+bedroom+bathroom+hallway,etoile,7,base,,0.50,False,False,,,,132,0.857,0.3754,0.0000,4,10.481,,,3.782,invariant_viole
hd06_010,living+kitchen+dining+bedroom+bedroom+bathroom+hallway,etoile,7,pavage,0,0.50,False,False,,,,132,0.857,0.3754,0.0000,4,10.481,,,0.962,trame
hd06_010,living+kitchen+dining+bedroom+bedroom+bathroom+hallway,etoile,7,pavage,4,0.50,False,False,,,,132,0.857,0.3754,0.0000,4,10.481,,,1.099,trame
hd06_010,living+kitchen+dining+bedroom+bedroom+bathroom+hallway,etoile,7,pavage,8,0.50,False,False,,,,132,0.857,0.3754,0.0000,4,10.481,,,1.381,trame
hd06_010,living+kitchen+dining+bedroom+bedroom+bathroom+hallway,etoile,7,pavage,16,0.50,False,False,,,,132,0.857,0.3754,0.0000,4,10.481,,,5.918,infaisable
hd06_010,living+kitchen+dining+bedroom+bedroom+bathroom+hallway,etoile,7,pavage,16,0.00,False,True,7,0.0000,False,132,0.857,0.3754,0.0000,4,10.481,7.978121,0.7612,4.984,ok
hd06_010,living+kitchen+dining+bedroom+bedroom+bathroom+hallway,etoile,7,pavage,16,0.25,False,False,,,,132,0.857,0.3754,0.0000,4,10.481,,,4.954,infaisable
hd06_010,living+kitchen+dining+bedroom+bedroom+bathroom+hallway,etoile,7,pavage,16,1.00,False,False,,,,132,0.857,0.3754,0.0000,4,10.481,,,5.569,infaisable
hd06_010,living+kitchen+dining+bedroom+bedroom+bathroom+hallway,etoile,7,pavage,16,1.80,False,False,,,,132,0.857,0.3754,0.0000,4,10.481,,,7.852,infaisable
hd06_011,living+kitchen+dining+bedroom+bedroom+bathroom+hallway,etoile,7,base,,0.50,False,False,,,,117,1.143,0.6288,0.0000,3,12.636,,,3.776,invariant_viole
hd06_011,living+kitchen+dining+bedroom+bedroom+bathroom+hallway,etoile,7,pavage,0,0.50,False,False,,,,117,1.143,0.6288,0.0000,3,12.636,,,1.296,trame
hd06_011,living+kitchen+dining+bedroom+bedroom+bathroom+hallway,etoile,7,pavage,4,0.50,False,False,,,,117,1.143,0.6288,0.0000,3,12.636,,,1.506,trame
hd06_011,living+kitchen+dining+bedroom+bedroom+bathroom+hallway,etoile,7,pavage,8,0.50,False,False,,,,117,1.143,0.6288,0.0000,3,12.636,,,1.857,trame
hd06_011,living+kitchen+dining+bedroom+bedroom+bathroom+hallway,etoile,7,pavage,16,0.50,False,False,,,,117,1.143,0.6288,0.0000,3,12.636,,,2.496,trame
hd06_011,living+kitchen+dining+bedroom+bedroom+bathroom+hallway,etoile,7,pavage,16,0.00,False,False,,,,117,1.143,0.6288,0.0000,3,12.636,,,2.494,trame
hd06_011,living+kitchen+dining+bedroom+bedroom+bathroom+hallway,etoile,7,pavage,16,0.25,False,False,,,,117,1.143,0.6288,0.0000,3,12.636,,,1.817,trame
hd06_011,living+kitchen+dining+bedroom+bedroom+bathroom+hallway,etoile,7,pavage,16,1.00,False,False,,,,117,1.143,0.6288,0.0000,3,12.636,,,2.589,trame
hd06_011,living+kitchen+dining+bedroom+bedroom+bathroom+hallway,etoile,7,pavage,16,1.80,False,False,,,,117,1.143,0.6288,0.0000,3,12.636,,,3.071,trame
hd06_012,living+kitchen+dining+bedroom+bedroom+bathroom+hallway,etoile,7,base,,0.50,False,False,,,,144,1.714,0.3990,0.0000,2,10.253,,,3.037,invariant_viole
hd06_012,living+kitchen+dining+bedroom+bedroom+bathroom+hallway,etoile,7,pavage,0,0.50,False,False,,,,144,1.714,0.3990,0.0000,2,10.253,,,0.847,trame
hd06_012,living+kitchen+dining+bedroom+bedroom+bathroom+hallway,etoile,7,pavage,4,0.50,False,False,,,,144,1.714,0.3990,0.0000,2,10.253,,,1.379,trame
hd06_012,living+kitchen+dining+bedroom+bedroom+bathroom+hallway,etoile,7,pavage,8,0.50,False,False,,,,144,1.714,0.3990,0.0000,2,10.253,,,1.426,trame
hd06_012,living+kitchen+dining+bedroom+bedroom+bathroom+hallway,etoile,7,pavage,16,0.50,False,False,,,,144,1.714,0.3990,0.0000,2,10.253,,,1.698,trame
hd06_012,living+kitchen+dining+bedroom+bedroom+bathroom+hallway,etoile,7,pavage,16,0.00,False,False,,,,144,1.714,0.3990,0.0000,2,10.253,,,1.611,trame
hd06_012,living+kitchen+dining+bedroom+bedroom+bathroom+hallway,etoile,7,pavage,16,0.25,False,False,,,,144,1.714,0.3990,0.0000,2,10.253,,,1.988,trame
hd06_012,living+kitchen+dining+bedroom+bedroom+bathroom+hallway,etoile,7,pavage,16,1.00,False,False,,,,144,1.714,0.3990,0.0000,2,10.253,,,2.068,trame
hd06_012,living+kitchen+dining+bedroom+bedroom+bathroom+hallway,etoile,7,pavage,16,1.80,False,False,,,,144,1.714,0.3990,0.0000,2,10.253,,,1.727,trame
hd06_013,living+kitchen+dining+bedroom+bedroom+bathroom+hallway,etoile,7,base,,0.50,False,False,,,,90,0.571,0.2742,0.0000,5,10.956,,,2.749,invariant_viole
hd06_013,living+kitchen+dining+bedroom+bedroom+bathroom+hallway,etoile,7,pavage,0,0.50,False,False,,,,90,0.571,0.2742,0.0000,5,10.956,,,0.850,trame
hd06_013,living+kitchen+dining+bedroom+bedroom+bathroom+hallway,etoile,7,pavage,4,0.50,False,False,,,,90,0.571,0.2742,0.0000,5,10.956,,,1.118,trame
hd06_013,living+kitchen+dining+bedroom+bedroom+bathroom+hallway,etoile,7,pavage,8,0.50,False,False,,,,90,0.571,0.2742,0.0000,5,10.956,,,1.502,trame
hd06_013,living+kitchen+dining+bedroom+bedroom+bathroom+hallway,etoile,7,pavage,16,0.50,False,False,,,,90,0.571,0.2742,0.0000,5,10.956,,,3.505,trame
hd06_013,living+kitchen+dining+bedroom+bedroom+bathroom+hallway,etoile,7,pavage,16,0.00,False,False,,,,90,0.571,0.2742,0.0000,5,10.956,,,3.340,trame
hd06_013,living+kitchen+dining+bedroom+bedroom+bathroom+hallway,etoile,7,pavage,16,0.25,False,False,,,,90,0.571,0.2742,0.0000,5,10.956,,,4.383,trame
hd06_013,living+kitchen+dining+bedroom+bedroom+bathroom+hallway,etoile,7,pavage,16,1.00,False,False,,,,90,0.571,0.2742,0.0000,5,10.956,,,2.258,trame
hd06_013,living+kitchen+dining+bedroom+bedroom+bathroom+hallway,etoile,7,pavage,16,1.80,False,False,,,,90,0.571,0.2742,0.0000,5,10.956,,,1.948,trame
hd06_014,living+kitchen+dining+bedroom+bedroom+bathroom+hallway,etoile,7,base,,0.50,False,False,,,,100,0.286,0.2787,0.0000,6,12.387,,,4.594,invariant_viole
hd06_014,living+kitchen+dining+bedroom+bedroom+bathroom+hallway,etoile,7,pavage,0,0.50,False,False,,,,100,0.286,0.2787,0.0000,6,12.387,,,1.257,trame
hd06_014,living+kitchen+dining+bedroom+bedroom+bathroom+hallway,etoile,7,pavage,4,0.50,False,False,,,,100,0.286,0.2787,0.0000,6,12.387,,,1.278,trame
hd06_014,living+kitchen+dining+bedroom+bedroom+bathroom+hallway,etoile,7,pavage,8,0.50,False,False,,,,100,0.286,0.2787,0.0000,6,12.387,,,1.349,trame
hd06_014,living+kitchen+dining+bedroom+bedroom+bathroom+hallway,etoile,7,pavage,16,0.50,False,False,,,,100,0.286,0.2787,0.0000,6,12.387,,,6.674,infaisable
hd06_014,living+kitchen+dining+bedroom+bedroom+bathroom+hallway,etoile,7,pavage,16,0.00,False,True,7,0.0000,False,100,0.286,0.2787,0.0000,6,12.387,12.692466,1.0246,5.456,ok
hd06_014,living+kitchen+dining+bedroom+bedroom+bathroom+hallway,etoile,7,pavage,16,0.25,False,False,,,,100,0.286,0.2787,0.0000,6,12.387,,,4.537,infaisable
hd06_014,living+kitchen+dining+bedroom+bedroom+bathroom+hallway,etoile,7,pavage,16,1.00,False,False,,,,100,0.286,0.2787,0.0000,6,12.387,,,5.516,infaisable
hd06_014,living+kitchen+dining+bedroom+bedroom+bathroom+hallway,etoile,7,pavage,16,1.80,False,False,,,,100,0.286,0.2787,0.0000,6,12.387,,,4.516,infaisable
hd06_015,living+kitchen+dining+bedroom+bedroom+bathroom+hallway,etoile,7,base,,0.50,False,False,,,,70,1.143,0.4871,0.0000,4,11.370,,,3.902,invariant_viole
hd06_015,living+kitchen+dining+bedroom+bedroom+bathroom+hallway,etoile,7,pavage,0,0.50,False,False,,,,70,1.143,0.4871,0.0000,4,11.370,,,0.818,trame
hd06_015,living+kitchen+dining+bedroom+bedroom+bathroom+hallway,etoile,7,pavage,4,0.50,False,False,,,,70,1.143,0.4871,0.0000,4,11.370,,,1.928,trame
hd06_015,living+kitchen+dining+bedroom+bedroom+bathroom+hallway,etoile,7,pavage,8,0.50,False,False,,,,70,1.143,0.4871,0.0000,4,11.370,,,2.946,trame
hd06_015,living+kitchen+dining+bedroom+bedroom+bathroom+hallway,etoile,7,pavage,16,0.50,False,False,,,,70,1.143,0.4871,0.0000,4,11.370,,,1.984,trame
hd06_015,living+kitchen+dining+bedroom+bedroom+bathroom+hallway,etoile,7,pavage,16,0.00,False,False,,,,70,1.143,0.4871,0.0000,4,11.370,,,1.464,trame
hd06_015,living+kitchen+dining+bedroom+bedroom+bathroom+hallway,etoile,7,pavage,16,0.25,False,False,,,,70,1.143,0.4871,0.0000,4,11.370,,,1.391,trame
hd06_015,living+kitchen+dining+bedroom+bedroom+bathroom+hallway,etoile,7,pavage,16,1.00,False,False,,,,70,1.143,0.4871,0.0000,4,11.370,,,1.373,trame
hd06_015,living+kitchen+dining+bedroom+bedroom+bathroom+hallway,etoile,7,pavage,16,1.80,False,False,,,,70,1.143,0.4871,0.0000,4,11.370,,,1.359,trame
hd06_016,living+kitchen+dining+bedroom+bedroom+bathroom+hallway,etoile,7,base,,0.50,False,False,,,,90,0.857,0.4754,0.0000,4,11.524,,,3.572,invariant_viole
hd06_016,living+kitchen+dining+bedroom+bedroom+bathroom+hallway,etoile,7,pavage,0,0.50,False,False,,,,90,0.857,0.4754,0.0000,4,11.524,,,0.951,trame
hd06_016,living+kitchen+dining+bedroom+bedroom+bathroom+hallway,etoile,7,pavage,4,0.50,False,False,,,,90,0.857,0.4754,0.0000,4,11.524,,,1.549,trame
hd06_016,living+kitchen+dining+bedroom+bedroom+bathroom+hallway,etoile,7,pavage,8,0.50,False,True,7,0.9973,True,90,0.857,0.4754,0.0000,4,11.524,7.796800,0.6766,4.385,ok
hd06_016,living+kitchen+dining+bedroom+bedroom+bathroom+hallway,etoile,7,pavage,16,0.50,False,True,7,0.9973,True,90,0.857,0.4754,0.0000,4,11.524,7.796800,0.6766,4.074,ok
hd06_016,living+kitchen+dining+bedroom+bedroom+bathroom+hallway,etoile,7,pavage,16,0.00,False,True,7,0.9973,True,90,0.857,0.4754,0.0000,4,11.524,8.068782,0.7002,7.631,ok
hd06_016,living+kitchen+dining+bedroom+bedroom+bathroom+hallway,etoile,7,pavage,16,0.25,False,True,7,0.9973,True,90,0.857,0.4754,0.0000,4,11.524,7.796800,0.6766,6.110,ok
hd06_016,living+kitchen+dining+bedroom+bedroom+bathroom+hallway,etoile,7,pavage,16,1.00,False,True,7,1.0000,True,90,0.857,0.4754,0.0000,4,11.524,7.796800,0.6766,4.327,ok
hd06_016,living+kitchen+dining+bedroom+bedroom+bathroom+hallway,etoile,7,pavage,16,1.80,False,True,7,1.8000,True,90,0.857,0.4754,0.0000,4,11.524,7.719349,0.6699,4.222,ok
hd06_017,living+kitchen+dining+bedroom+bedroom+bathroom+hallway,etoile,7,base,,0.50,False,False,,,,110,0.571,0.3374,0.0000,5,11.098,,,2.765,invariant_viole
hd06_017,living+kitchen+dining+bedroom+bedroom+bathroom+hallway,etoile,7,pavage,0,0.50,False,False,,,,110,0.571,0.3374,0.0000,5,11.098,,,0.845,trame
hd06_017,living+kitchen+dining+bedroom+bedroom+bathroom+hallway,etoile,7,pavage,4,0.50,False,False,,,,110,0.571,0.3374,0.0000,5,11.098,,,1.162,trame
hd06_017,living+kitchen+dining+bedroom+bedroom+bathroom+hallway,etoile,7,pavage,8,0.50,False,False,,,,110,0.571,0.3374,0.0000,5,11.098,,,1.348,trame
hd06_017,living+kitchen+dining+bedroom+bedroom+bathroom+hallway,etoile,7,pavage,16,0.50,False,False,,,,110,0.571,0.3374,0.0000,5,11.098,,,1.378,trame
hd06_017,living+kitchen+dining+bedroom+bedroom+bathroom+hallway,etoile,7,pavage,16,0.00,False,False,,,,110,0.571,0.3374,0.0000,5,11.098,,,2.337,trame
hd06_017,living+kitchen+dining+bedroom+bedroom+bathroom+hallway,etoile,7,pavage,16,0.25,False,False,,,,110,0.571,0.3374,0.0000,5,11.098,,,2.102,trame
hd06_017,living+kitchen+dining+bedroom+bedroom+bathroom+hallway,etoile,7,pavage,16,1.00,False,False,,,,110,0.571,0.3374,0.0000,5,11.098,,,2.143,trame
hd06_017,living+kitchen+dining+bedroom+bedroom+bathroom+hallway,etoile,7,pavage,16,1.80,False,False,,,,110,0.571,0.3374,0.0000,5,11.098,,,1.597,trame
hd06_018,living+kitchen+dining+bedroom+bedroom+bathroom+hallway,etoile,7,base,,0.50,False,False,,,,90,1.143,0.2651,0.0000,3,10.691,,,4.579,invariant_viole
hd06_018,living+kitchen+dining+bedroom+bedroom+bathroom+hallway,etoile,7,pavage,0,0.50,False,False,,,,90,1.143,0.2651,0.0000,3,10.691,,,1.392,trame
hd06_018,living+kitchen+dining+bedroom+bedroom+bathroom+hallway,etoile,7,pavage,4,0.50,False,False,,,,90,1.143,0.2651,0.0000,3,10.691,,,1.728,trame
hd06_018,living+kitchen+dining+bedroom+bedroom+bathroom+hallway,etoile,7,pavage,8,0.50,False,False,,,,90,1.143,0.2651,0.0000,3,10.691,,,5.687,infaisable
hd06_018,living+kitchen+dining+bedroom+bedroom+bathroom+hallway,etoile,7,pavage,16,0.50,False,False,,,,90,1.143,0.2651,0.0000,3,10.691,,,5.892,infaisable
hd06_018,living+kitchen+dining+bedroom+bedroom+bathroom+hallway,etoile,7,pavage,16,0.00,False,True,7,0.0000,False,90,1.143,0.2651,0.0000,3,10.691,4.714344,0.4410,6.371,ok
hd06_018,living+kitchen+dining+bedroom+bedroom+bathroom+hallway,etoile,7,pavage,16,0.25,False,False,,,,90,1.143,0.2651,0.0000,3,10.691,,,4.847,infaisable
hd06_018,living+kitchen+dining+bedroom+bedroom+bathroom+hallway,etoile,7,pavage,16,1.00,False,False,,,,90,1.143,0.2651,0.0000,3,10.691,,,5.431,infaisable
hd06_018,living+kitchen+dining+bedroom+bedroom+bathroom+hallway,etoile,7,pavage,16,1.80,False,False,,,,90,1.143,0.2651,0.0000,3,10.691,,,4.954,infaisable
hd06_019,living+kitchen+dining+bedroom+bedroom+bathroom+hallway,etoile,7,base,,0.50,False,False,,,,90,0.571,0.1803,0.0000,5,10.928,,,2.811,invariant_viole
hd06_019,living+kitchen+dining+bedroom+bedroom+bathroom+hallway,etoile,7,pavage,0,0.50,False,False,,,,90,0.571,0.1803,0.0000,5,10.928,,,0.844,trame
hd06_019,living+kitchen+dining+bedroom+bedroom+bathroom+hallway,etoile,7,pavage,4,0.50,False,False,,,,90,0.571,0.1803,0.0000,5,10.928,,,1.134,trame
hd06_019,living+kitchen+dining+bedroom+bedroom+bathroom+hallway,etoile,7,pavage,8,0.50,False,False,,,,90,0.571,0.1803,0.0000,5,10.928,,,1.843,trame
hd06_019,living+kitchen+dining+bedroom+bedroom+bathroom+hallway,etoile,7,pavage,16,0.50,False,False,,,,90,0.571,0.1803,0.0000,5,10.928,,,1.517,trame
hd06_019,living+kitchen+dining+bedroom+bedroom+bathroom+hallway,etoile,7,pavage,16,0.00,False,False,,,,90,0.571,0.1803,0.0000,5,10.928,,,1.447,trame
hd06_019,living+kitchen+dining+bedroom+bedroom+bathroom+hallway,etoile,7,pavage,16,0.25,False,False,,,,90,0.571,0.1803,0.0000,5,10.928,,,1.408,trame
hd06_019,living+kitchen+dining+bedroom+bedroom+bathroom+hallway,etoile,7,pavage,16,1.00,False,False,,,,90,0.571,0.1803,0.0000,5,10.928,,,1.391,trame
hd06_019,living+kitchen+dining+bedroom+bedroom+bathroom+hallway,etoile,7,pavage,16,1.80,False,False,,,,90,0.571,0.1803,0.0000,5,10.928,,,1.471,trame
hd06_020,living+kitchen+dining+bedroom+bedroom+bathroom+hallway,etoile,7,base,,0.50,False,False,,,,99,0.286,0.4231,0.0000,6,11.657,,,2.752,invariant_viole
hd06_020,living+kitchen+dining+bedroom+bedroom+bathroom+hallway,etoile,7,pavage,0,0.50,False,False,,,,99,0.286,0.4231,0.0000,6,11.657,,,0.797,trame
hd06_020,living+kitchen+dining+bedroom+bedroom+bathroom+hallway,etoile,7,pavage,4,0.50,False,False,,,,99,0.286,0.4231,0.0000,6,11.657,,,1.378,trame
hd06_020,living+kitchen+dining+bedroom+bedroom+bathroom+hallway,etoile,7,pavage,8,0.50,False,False,,,,99,0.286,0.4231,0.0000,6,11.657,,,2.696,trame
hd06_020,living+kitchen+dining+bedroom+bedroom+bathroom+hallway,etoile,7,pavage,16,0.50,False,False,,,,99,0.286,0.4231,0.0000,6,11.657,,,3.563,trame
hd06_020,living+kitchen+dining+bedroom+bedroom+bathroom+hallway,etoile,7,pavage,16,0.00,False,False,,,,99,0.286,0.4231,0.0000,6,11.657,,,2.410,trame
hd06_020,living+kitchen+dining+bedroom+bedroom+bathroom+hallway,etoile,7,pavage,16,0.25,False,False,,,,99,0.286,0.4231,0.0000,6,11.657,,,2.382,trame
hd06_020,living+kitchen+dining+bedroom+bedroom+bathroom+hallway,etoile,7,pavage,16,1.00,False,False,,,,99,0.286,0.4231,0.0000,6,11.657,,,2.453,trame
hd06_020,living+kitchen+dining+bedroom+bedroom+bathroom+hallway,etoile,7,pavage,16,1.80,False,False,,,,99,0.286,0.4231,0.0000,6,11.657,,,2.477,trame
hd06_021,living+kitchen+dining+bedroom+bedroom+bathroom+hallway,etoile,7,base,,0.50,False,False,,,,132,0.857,0.3498,0.0000,4,10.796,,,3.071,invariant_viole
hd06_021,living+kitchen+dining+bedroom+bedroom+bathroom+hallway,etoile,7,pavage,0,0.50,False,False,,,,132,0.857,0.3498,0.0000,4,10.796,,,0.921,trame
hd06_021,living+kitchen+dining+bedroom+bedroom+bathroom+hallway,etoile,7,pavage,4,0.50,False,False,,,,132,0.857,0.3498,0.0000,4,10.796,,,1.196,trame
hd06_021,living+kitchen+dining+bedroom+bedroom+bathroom+hallway,etoile,7,pavage,8,0.50,False,True,7,1.7225,True,132,0.857,0.3498,0.0000,4,10.796,5.076986,0.4703,4.713,ok
hd06_021,living+kitchen+dining+bedroom+bedroom+bathroom+hallway,etoile,7,pavage,16,0.50,False,True,7,1.7225,True,132,0.857,0.3498,0.0000,4,10.796,5.076986,0.4703,5.445,ok
hd06_021,living+kitchen+dining+bedroom+bedroom+bathroom+hallway,etoile,7,pavage,16,0.00,False,True,7,1.7225,True,132,0.857,0.3498,0.0000,4,10.796,5.076986,0.4703,5.037,ok
hd06_021,living+kitchen+dining+bedroom+bedroom+bathroom+hallway,etoile,7,pavage,16,0.25,False,True,7,1.7225,True,132,0.857,0.3498,0.0000,4,10.796,5.076986,0.4703,4.449,ok
hd06_021,living+kitchen+dining+bedroom+bedroom+bathroom+hallway,etoile,7,pavage,16,1.00,False,True,7,1.7225,True,132,0.857,0.3498,0.0000,4,10.796,5.076986,0.4703,6.207,ok
hd06_021,living+kitchen+dining+bedroom+bedroom+bathroom+hallway,etoile,7,pavage,16,1.80,False,True,7,1.8000,True,132,0.857,0.3498,0.0000,4,10.796,5.076986,0.4703,7.877,ok
hd06_022,living+kitchen+dining+bedroom+bedroom+bathroom+hallway,etoile,7,base,,0.50,False,False,,,,132,1.714,0.2675,0.0000,2,10.037,,,4.839,invariant_viole
hd06_022,living+kitchen+dining+bedroom+bedroom+bathroom+hallway,etoile,7,pavage,0,0.50,False,False,,,,132,1.714,0.2675,0.0000,2,10.037,,,1.437,trame
hd06_022,living+kitchen+dining+bedroom+bedroom+bathroom+hallway,etoile,7,pavage,4,0.50,False,False,,,,132,1.714,0.2675,0.0000,2,10.037,,,2.154,trame
hd06_022,living+kitchen+dining+bedroom+bedroom+bathroom+hallway,etoile,7,pavage,8,0.50,False,False,,,,132,1.714,0.2675,0.0000,2,10.037,,,1.462,trame
hd06_022,living+kitchen+dining+bedroom+bedroom+bathroom+hallway,etoile,7,pavage,16,0.50,False,False,,,,132,1.714,0.2675,0.0000,2,10.037,,,1.278,trame
hd06_022,living+kitchen+dining+bedroom+bedroom+bathroom+hallway,etoile,7,pavage,16,0.00,False,False,,,,132,1.714,0.2675,0.0000,2,10.037,,,1.261,trame
hd06_022,living+kitchen+dining+bedroom+bedroom+bathroom+hallway,etoile,7,pavage,16,0.25,False,False,,,,132,1.714,0.2675,0.0000,2,10.037,,,1.263,trame
hd06_022,living+kitchen+dining+bedroom+bedroom+bathroom+hallway,etoile,7,pavage,16,1.00,False,False,,,,132,1.714,0.2675,0.0000,2,10.037,,,1.401,trame
hd06_022,living+kitchen+dining+bedroom+bedroom+bathroom+hallway,etoile,7,pavage,16,1.80,False,False,,,,132,1.714,0.2675,0.0000,2,10.037,,,1.261,trame
hd06_023,living+kitchen+dining+bedroom+bedroom+bathroom+hallway,etoile,7,base,,0.50,False,False,,,,100,0.571,0.3609,0.0000,5,11.683,,,4.910,invariant_viole
hd06_023,living+kitchen+dining+bedroom+bedroom+bathroom+hallway,etoile,7,pavage,0,0.50,False,False,,,,100,0.571,0.3609,0.0000,5,11.683,,,1.028,trame
hd06_023,living+kitchen+dining+bedroom+bedroom+bathroom+hallway,etoile,7,pavage,4,0.50,False,False,,,,100,0.571,0.3609,0.0000,5,11.683,,,1.118,trame
hd06_023,living+kitchen+dining+bedroom+bedroom+bathroom+hallway,etoile,7,pavage,8,0.50,False,False,,,,100,0.571,0.3609,0.0000,5,11.683,,,6.080,infaisable
hd06_023,living+kitchen+dining+bedroom+bedroom+bathroom+hallway,etoile,7,pavage,16,0.50,False,False,,,,100,0.571,0.3609,0.0000,5,11.683,,,6.570,infaisable
hd06_023,living+kitchen+dining+bedroom+bedroom+bathroom+hallway,etoile,7,pavage,16,0.00,False,True,7,0.0000,False,100,0.571,0.3609,0.0000,5,11.683,5.258307,0.4501,5.544,ok
hd06_023,living+kitchen+dining+bedroom+bedroom+bathroom+hallway,etoile,7,pavage,16,0.25,False,False,,,,100,0.571,0.3609,0.0000,5,11.683,,,5.680,infaisable
hd06_023,living+kitchen+dining+bedroom+bedroom+bathroom+hallway,etoile,7,pavage,16,1.00,False,False,,,,100,0.571,0.3609,0.0000,5,11.683,,,4.704,infaisable
hd06_023,living+kitchen+dining+bedroom+bedroom+bathroom+hallway,etoile,7,pavage,16,1.80,False,False,,,,100,0.571,0.3609,0.0000,5,11.683,,,4.400,infaisable
hd06_024,living+kitchen+dining+bedroom+bedroom+bathroom+hallway,etoile,7,base,,0.50,False,False,,,,66,1.143,0.1552,0.0000,3,10.161,,,2.890,invariant_viole
hd06_024,living+kitchen+dining+bedroom+bedroom+bathroom+hallway,etoile,7,pavage,0,0.50,False,False,,,,66,1.143,0.1552,0.0000,3,10.161,,,1.009,trame
hd06_024,living+kitchen+dining+bedroom+bedroom+bathroom+hallway,etoile,7,pavage,4,0.50,False,False,,,,66,1.143,0.1552,0.0000,3,10.161,,,1.204,trame
hd06_024,living+kitchen+dining+bedroom+bedroom+bathroom+hallway,etoile,7,pavage,8,0.50,False,False,,,,66,1.143,0.1552,0.0000,3,10.161,,,4.942,infaisable
hd06_024,living+kitchen+dining+bedroom+bedroom+bathroom+hallway,etoile,7,pavage,16,0.50,False,False,,,,66,1.143,0.1552,0.0000,3,10.161,,,4.667,infaisable
hd06_024,living+kitchen+dining+bedroom+bedroom+bathroom+hallway,etoile,7,pavage,16,0.00,False,True,7,0.0000,False,66,1.143,0.1552,0.0000,3,10.161,3.173116,0.3123,4.775,ok
hd06_024,living+kitchen+dining+bedroom+bedroom+bathroom+hallway,etoile,7,pavage,16,0.25,False,False,,,,66,1.143,0.1552,0.0000,3,10.161,,,4.621,infaisable
hd06_024,living+kitchen+dining+bedroom+bedroom+bathroom+hallway,etoile,7,pavage,16,1.00,False,False,,,,66,1.143,0.1552,0.0000,3,10.161,,,4.621,infaisable
hd06_024,living+kitchen+dining+bedroom+bedroom+bathroom+hallway,etoile,7,pavage,16,1.80,False,False,,,,66,1.143,0.1552,0.0000,3,10.161,,,6.844,infaisable
hd06_025,living+kitchen+dining+bedroom+bedroom+bathroom+hallway,etoile,7,base,,0.50,False,False,,,,88,0.286,0.1638,0.0000,6,10.369,,,3.238,invariant_viole
hd06_025,living+kitchen+dining+bedroom+bedroom+bathroom+hallway,etoile,7,pavage,0,0.50,False,False,,,,88,0.286,0.1638,0.0000,6,10.369,,,0.987,trame
hd06_025,living+kitchen+dining+bedroom+bedroom+bathroom+hallway,etoile,7,pavage,4,0.50,False,True,7,1.4506,True,88,0.286,0.1638,0.0000,6,10.369,1.813209,0.1749,6.413,ok
hd06_025,living+kitchen+dining+bedroom+bedroom+bathroom+hallway,etoile,7,pavage,8,0.50,False,True,7,1.4506,True,88,0.286,0.1638,0.0000,6,10.369,1.813209,0.1749,5.669,ok
hd06_025,living+kitchen+dining+bedroom+bedroom+bathroom+hallway,etoile,7,pavage,16,0.50,False,True,7,1.4506,True,88,0.286,0.1638,0.0000,6,10.369,1.813209,0.1749,5.219,ok
hd06_025,living+kitchen+dining+bedroom+bedroom+bathroom+hallway,etoile,7,pavage,16,0.00,False,True,7,1.4506,True,88,0.286,0.1638,0.0000,6,10.369,1.813209,0.1749,7.509,ok
hd06_025,living+kitchen+dining+bedroom+bedroom+bathroom+hallway,etoile,7,pavage,16,0.25,False,True,7,1.4506,True,88,0.286,0.1638,0.0000,6,10.369,1.813209,0.1749,5.657,ok
hd06_025,living+kitchen+dining+bedroom+bedroom+bathroom+hallway,etoile,7,pavage,16,1.00,False,True,7,1.4506,True,88,0.286,0.1638,0.0000,6,10.369,1.813209,0.1749,5.605,ok
hd06_025,living+kitchen+dining+bedroom+bedroom+bathroom+hallway,etoile,7,pavage,16,1.80,False,True,7,1.8000,True,88,0.286,0.1638,0.0000,6,10.369,1.813209,0.1749,4.618,ok
hd06_026,living+kitchen+dining+bedroom+bedroom+bathroom+hallway,etoile,7,base,,0.50,False,False,,,,88,0.857,0.1357,0.0000,4,10.789,,,3.015,invariant_viole
hd06_026,living+kitchen+dining+bedroom+bedroom+bathroom+hallway,etoile,7,pavage,0,0.50,False,False,,,,88,0.857,0.1357,0.0000,4,10.789,,,0.807,trame
hd06_026,living+kitchen+dining+bedroom+bedroom+bathroom+hallway,etoile,7,pavage,4,0.50,False,False,,,,88,0.857,0.1357,0.0000,4,10.789,,,4.880,infaisable
hd06_026,living+kitchen+dining+bedroom+bedroom+bathroom+hallway,etoile,7,pavage,8,0.50,False,False,,,,88,0.857,0.1357,0.0000,4,10.789,,,6.445,infaisable
hd06_026,living+kitchen+dining+bedroom+bedroom+bathroom+hallway,etoile,7,pavage,16,0.50,False,False,,,,88,0.857,0.1357,0.0000,4,10.789,,,5.151,infaisable
hd06_026,living+kitchen+dining+bedroom+bedroom+bathroom+hallway,etoile,7,pavage,16,0.00,False,True,7,0.0000,False,88,0.857,0.1357,0.0000,4,10.789,4.261042,0.3950,4.961,ok
hd06_026,living+kitchen+dining+bedroom+bedroom+bathroom+hallway,etoile,7,pavage,16,0.25,False,False,,,,88,0.857,0.1357,0.0000,4,10.789,,,4.646,infaisable
hd06_026,living+kitchen+dining+bedroom+bedroom+bathroom+hallway,etoile,7,pavage,16,1.00,False,False,,,,88,0.857,0.1357,0.0000,4,10.789,,,4.421,infaisable
hd06_026,living+kitchen+dining+bedroom+bedroom+bathroom+hallway,etoile,7,pavage,16,1.80,False,False,,,,88,0.857,0.1357,0.0000,4,10.789,,,5.282,infaisable
hd06_027,living+kitchen+dining+bedroom+bedroom+bathroom+hallway,etoile,7,base,,0.50,False,False,,,,99,0.857,0.3977,0.0000,4,9.970,,,3.041,invariant_viole
hd06_027,living+kitchen+dining+bedroom+bedroom+bathroom+hallway,etoile,7,pavage,0,0.50,False,False,,,,99,0.857,0.3977,0.0000,4,9.970,,,0.820,trame
hd06_027,living+kitchen+dining+bedroom+bedroom+bathroom+hallway,etoile,7,pavage,4,0.50,False,False,,,,99,0.857,0.3977,0.0000,4,9.970,,,1.165,trame
hd06_027,living+kitchen+dining+bedroom+bedroom+bathroom+hallway,etoile,7,pavage,8,0.50,False,False,,,,99,0.857,0.3977,0.0000,4,9.970,,,1.425,trame
hd06_027,living+kitchen+dining+bedroom+bedroom+bathroom+hallway,etoile,7,pavage,16,0.50,False,False,,,,99,0.857,0.3977,0.0000,4,9.970,,,5.063,infaisable
hd06_027,living+kitchen+dining+bedroom+bedroom+bathroom+hallway,etoile,7,pavage,16,0.00,False,True,7,0.0000,False,99,0.857,0.3977,0.0000,4,9.970,9.156707,0.9184,4.742,ok
hd06_027,living+kitchen+dining+bedroom+bedroom+bathroom+hallway,etoile,7,pavage,16,0.25,False,False,,,,99,0.857,0.3977,0.0000,4,9.970,,,4.931,infaisable
hd06_027,living+kitchen+dining+bedroom+bedroom+bathroom+hallway,etoile,7,pavage,16,1.00,False,False,,,,99,0.857,0.3977,0.0000,4,9.970,,,7.572,infaisable
hd06_027,living+kitchen+dining+bedroom+bedroom+bathroom+hallway,etoile,7,pavage,16,1.80,False,False,,,,99,0.857,0.3977,0.0000,4,9.970,,,10.426,infaisable
hd06_028,living+kitchen+dining+bedroom+bedroom+bathroom+hallway,etoile,7,base,,0.50,False,False,,,,100,1.143,0.4792,0.0000,3,11.145,,,6.143,invariant_viole
hd06_028,living+kitchen+dining+bedroom+bedroom+bathroom+hallway,etoile,7,pavage,0,0.50,False,False,,,,100,1.143,0.4792,0.0000,3,11.145,,,1.521,trame
hd06_028,living+kitchen+dining+bedroom+bedroom+bathroom+hallway,etoile,7,pavage,4,0.50,False,False,,,,100,1.143,0.4792,0.0000,3,11.145,,,1.609,trame
hd06_028,living+kitchen+dining+bedroom+bedroom+bathroom+hallway,etoile,7,pavage,8,0.50,False,False,,,,100,1.143,0.4792,0.0000,3,11.145,,,2.052,trame
hd06_028,living+kitchen+dining+bedroom+bedroom+bathroom+hallway,etoile,7,pavage,16,0.50,False,False,,,,100,1.143,0.4792,0.0000,3,11.145,,,6.170,infaisable
hd06_028,living+kitchen+dining+bedroom+bedroom+bathroom+hallway,etoile,7,pavage,16,0.00,False,True,7,0.0000,False,100,1.143,0.4792,0.0000,3,11.145,9.791331,0.8785,7.362,ok
hd06_028,living+kitchen+dining+bedroom+bedroom+bathroom+hallway,etoile,7,pavage,16,0.25,False,False,,,,100,1.143,0.4792,0.0000,3,11.145,,,4.999,infaisable
hd06_028,living+kitchen+dining+bedroom+bedroom+bathroom+hallway,etoile,7,pavage,16,1.00,False,False,,,,100,1.143,0.4792,0.0000,3,11.145,,,6.235,infaisable
hd06_028,living+kitchen+dining+bedroom+bedroom+bathroom+hallway,etoile,7,pavage,16,1.80,False,False,,,,100,1.143,0.4792,0.0000,3,11.145,,,4.927,infaisable
hd06_029,living+kitchen+dining+bedroom+bedroom+bathroom+hallway,etoile,7,base,,0.50,False,False,,,,110,1.143,0.5045,0.0000,4,11.694,,,2.818,invariant_viole
hd06_029,living+kitchen+dining+bedroom+bedroom+bathroom+hallway,etoile,7,pavage,0,0.50,False,False,,,,110,1.143,0.5045,0.0000,4,11.694,,,1.636,trame
hd06_029,living+kitchen+dining+bedroom+bedroom+bathroom+hallway,etoile,7,pavage,4,0.50,False,False,,,,110,1.143,0.5045,0.0000,4,11.694,,,1.593,trame
hd06_029,living+kitchen+dining+bedroom+bedroom+bathroom+hallway,etoile,7,pavage,8,0.50,False,False,,,,110,1.143,0.5045,0.0000,4,11.694,,,5.147,infaisable
hd06_029,living+kitchen+dining+bedroom+bedroom+bathroom+hallway,etoile,7,pavage,16,0.50,False,False,,,,110,1.143,0.5045,0.0000,4,11.694,,,4.748,infaisable
hd06_029,living+kitchen+dining+bedroom+bedroom+bathroom+hallway,etoile,7,pavage,16,0.00,False,True,7,0.0000,False,110,1.143,0.5045,0.0000,4,11.694,7.978121,0.6823,5.522,ok
hd06_029,living+kitchen+dining+bedroom+bedroom+bathroom+hallway,etoile,7,pavage,16,0.25,False,False,,,,110,1.143,0.5045,0.0000,4,11.694,,,4.629,infaisable
hd06_029,living+kitchen+dining+bedroom+bedroom+bathroom+hallway,etoile,7,pavage,16,1.00,False,False,,,,110,1.143,0.5045,0.0000,4,11.694,,,4.518,infaisable
hd06_029,living+kitchen+dining+bedroom+bedroom+bathroom+hallway,etoile,7,pavage,16,1.80,False,False,,,,110,1.143,0.5045,0.0000,4,11.694,,,6.142,infaisable
hd06_030,living+kitchen+dining+bedroom+bedroom+bathroom+hallway,etoile,7,base,,0.50,False,False,,,,99,0.571,0.2108,0.0000,5,9.770,,,3.423,invariant_viole
hd06_030,living+kitchen+dining+bedroom+bedroom+bathroom+hallway,etoile,7,pavage,0,0.50,False,False,,,,99,0.571,0.2108,0.0000,5,9.770,,,1.232,trame
hd06_030,living+kitchen+dining+bedroom+bedroom+bathroom+hallway,etoile,7,pavage,4,0.50,False,False,,,,99,0.571,0.2108,0.0000,5,9.770,,,1.640,trame
hd06_030,living+kitchen+dining+bedroom+bedroom+bathroom+hallway,etoile,7,pavage,8,0.50,False,False,,,,99,0.571,0.2108,0.0000,5,9.770,,,7.163,infaisable
hd06_030,living+kitchen+dining+bedroom+bedroom+bathroom+hallway,etoile,7,pavage,16,0.50,False,False,,,,99,0.571,0.2108,0.0000,5,9.770,,,4.469,infaisable
hd06_030,living+kitchen+dining+bedroom+bedroom+bathroom+hallway,etoile,7,pavage,16,0.00,False,True,7,0.0000,False,99,0.571,0.2108,0.0000,5,9.770,7.343498,0.7516,3.987,ok
hd06_030,living+kitchen+dining+bedroom+bedroom+bathroom+hallway,etoile,7,pavage,16,0.25,False,False,,,,99,0.571,0.2108,0.0000,5,9.770,,,5.152,infaisable
hd06_030,living+kitchen+dining+bedroom+bedroom+bathroom+hallway,etoile,7,pavage,16,1.00,False,False,,,,99,0.571,0.2108,0.0000,5,9.770,,,5.213,infaisable
hd06_030,living+kitchen+dining+bedroom+bedroom+bathroom+hallway,etoile,7,pavage,16,1.80,False,False,,,,99,0.571,0.2108,0.0000,5,9.770,,,4.642,infaisable
hd06_031,living+kitchen+dining+bedroom+bedroom+bathroom+hallway,etoile,7,base,,0.50,False,False,,,,80,0.857,0.5585,0.0000,4,10.391,,,3.713,invariant_viole
hd06_031,living+kitchen+dining+bedroom+bedroom+bathroom+hallway,etoile,7,pavage,0,0.50,False,False,,,,80,0.857,0.5585,0.0000,4,10.391,,,0.864,trame
hd06_031,living+kitchen+dining+bedroom+bedroom+bathroom+hallway,etoile,7,pavage,4,0.50,False,False,,,,80,0.857,0.5585,0.0000,4,10.391,,,1.190,trame
hd06_031,living+kitchen+dining+bedroom+bedroom+bathroom+hallway,etoile,7,pavage,8,0.50,False,False,,,,80,0.857,0.5585,0.0000,4,10.391,,,1.479,trame
hd06_031,living+kitchen+dining+bedroom+bedroom+bathroom+hallway,etoile,7,pavage,16,0.50,False,False,,,,80,0.857,0.5585,0.0000,4,10.391,,,1.895,trame
hd06_031,living+kitchen+dining+bedroom+bedroom+bathroom+hallway,etoile,7,pavage,16,0.00,False,False,,,,80,0.857,0.5585,0.0000,4,10.391,,,1.889,trame
hd06_031,living+kitchen+dining+bedroom+bedroom+bathroom+hallway,etoile,7,pavage,16,0.25,False,False,,,,80,0.857,0.5585,0.0000,4,10.391,,,1.918,trame
hd06_031,living+kitchen+dining+bedroom+bedroom+bathroom+hallway,etoile,7,pavage,16,1.00,False,False,,,,80,0.857,0.5585,0.0000,4,10.391,,,1.887,trame
hd06_031,living+kitchen+dining+bedroom+bedroom+bathroom+hallway,etoile,7,pavage,16,1.80,False,False,,,,80,0.857,0.5585,0.0000,4,10.391,,,2.481,trame
hd06_032,living+kitchen+dining+bedroom+bedroom+bathroom+hallway,etoile,7,base,,0.50,False,False,,,,100,0.857,0.2757,0.0000,4,9.800,,,3.284,invariant_viole
hd06_032,living+kitchen+dining+bedroom+bedroom+bathroom+hallway,etoile,7,pavage,0,0.50,False,False,,,,100,0.857,0.2757,0.0000,4,9.800,,,0.899,trame
hd06_032,living+kitchen+dining+bedroom+bedroom+bathroom+hallway,etoile,7,pavage,4,0.50,False,False,,,,100,0.857,0.2757,0.0000,4,9.800,,,1.394,trame
hd06_032,living+kitchen+dining+bedroom+bedroom+bathroom+hallway,etoile,7,pavage,8,0.50,False,False,,,,100,0.857,0.2757,0.0000,4,9.800,,,1.169,trame
hd06_032,living+kitchen+dining+bedroom+bedroom+bathroom+hallway,etoile,7,pavage,16,0.50,False,False,,,,100,0.857,0.2757,0.0000,4,9.800,,,1.152,trame
hd06_032,living+kitchen+dining+bedroom+bedroom+bathroom+hallway,etoile,7,pavage,16,0.00,False,False,,,,100,0.857,0.2757,0.0000,4,9.800,,,1.135,trame
hd06_032,living+kitchen+dining+bedroom+bedroom+bathroom+hallway,etoile,7,pavage,16,0.25,False,False,,,,100,0.857,0.2757,0.0000,4,9.800,,,1.143,trame
hd06_032,living+kitchen+dining+bedroom+bedroom+bathroom+hallway,etoile,7,pavage,16,1.00,False,False,,,,100,0.857,0.2757,0.0000,4,9.800,,,1.141,trame
hd06_032,living+kitchen+dining+bedroom+bedroom+bathroom+hallway,etoile,7,pavage,16,1.80,False,False,,,,100,0.857,0.2757,0.0000,4,9.800,,,1.647,trame
hd06_033,living+kitchen+dining+bedroom+bedroom+bathroom+hallway,etoile,7,base,,0.50,False,False,,,,108,1.429,0.3401,0.0000,3,11.187,,,3.258,invariant_viole
hd06_033,living+kitchen+dining+bedroom+bedroom+bathroom+hallway,etoile,7,pavage,0,0.50,False,False,,,,108,1.429,0.3401,0.0000,3,11.187,,,0.980,trame
hd06_033,living+kitchen+dining+bedroom+bedroom+bathroom+hallway,etoile,7,pavage,4,0.50,False,False,,,,108,1.429,0.3401,0.0000,3,11.187,,,1.161,trame
hd06_033,living+kitchen+dining+bedroom+bedroom+bathroom+hallway,etoile,7,pavage,8,0.50,False,False,,,,108,1.429,0.3401,0.0000,3,11.187,,,1.556,trame
hd06_033,living+kitchen+dining+bedroom+bedroom+bathroom+hallway,etoile,7,pavage,16,0.50,False,False,,,,108,1.429,0.3401,0.0000,3,11.187,,,1.513,trame
hd06_033,living+kitchen+dining+bedroom+bedroom+bathroom+hallway,etoile,7,pavage,16,0.00,False,False,,,,108,1.429,0.3401,0.0000,3,11.187,,,1.713,trame
hd06_033,living+kitchen+dining+bedroom+bedroom+bathroom+hallway,etoile,7,pavage,16,0.25,False,False,,,,108,1.429,0.3401,0.0000,3,11.187,,,1.939,trame
hd06_033,living+kitchen+dining+bedroom+bedroom+bathroom+hallway,etoile,7,pavage,16,1.00,False,False,,,,108,1.429,0.3401,0.0000,3,11.187,,,1.961,trame
hd06_033,living+kitchen+dining+bedroom+bedroom+bathroom+hallway,etoile,7,pavage,16,1.80,False,False,,,,108,1.429,0.3401,0.0000,3,11.187,,,1.914,trame
hd06_034,living+kitchen+dining+bedroom+bedroom+bathroom+hallway,etoile,7,base,,0.50,False,False,,,,88,0.571,0.1784,0.0000,5,10.114,,,2.951,invariant_viole
hd06_034,living+kitchen+dining+bedroom+bedroom+bathroom+hallway,etoile,7,pavage,0,0.50,False,False,,,,88,0.571,0.1784,0.0000,5,10.114,,,0.779,trame
hd06_034,living+kitchen+dining+bedroom+bedroom+bathroom+hallway,etoile,7,pavage,4,0.50,False,False,,,,88,0.571,0.1784,0.0000,5,10.114,,,1.046,trame
hd06_034,living+kitchen+dining+bedroom+bedroom+bathroom+hallway,etoile,7,pavage,8,0.50,False,False,,,,88,0.571,0.1784,0.0000,5,10.114,,,1.270,trame
hd06_034,living+kitchen+dining+bedroom+bedroom+bathroom+hallway,etoile,7,pavage,16,0.50,False,False,,,,88,0.571,0.1784,0.0000,5,10.114,,,1.343,trame
hd06_034,living+kitchen+dining+bedroom+bedroom+bathroom+hallway,etoile,7,pavage,16,0.00,False,False,,,,88,0.571,0.1784,0.0000,5,10.114,,,1.999,trame
hd06_034,living+kitchen+dining+bedroom+bedroom+bathroom+hallway,etoile,7,pavage,16,0.25,False,False,,,,88,0.571,0.1784,0.0000,5,10.114,,,1.703,trame
hd06_034,living+kitchen+dining+bedroom+bedroom+bathroom+hallway,etoile,7,pavage,16,1.00,False,False,,,,88,0.571,0.1784,0.0000,5,10.114,,,1.508,trame
hd06_034,living+kitchen+dining+bedroom+bedroom+bathroom+hallway,etoile,7,pavage,16,1.80,False,False,,,,88,0.571,0.1784,0.0000,5,10.114,,,1.408,trame
hd06_035,living+kitchen+dining+bedroom+bedroom+bathroom+hallway,etoile,7,base,,0.50,False,False,,,,110,1.143,0.3731,0.0000,3,10.901,,,4.222,invariant_viole
hd06_035,living+kitchen+dining+bedroom+bedroom+bathroom+hallway,etoile,7,pavage,0,0.50,False,False,,,,110,1.143,0.3731,0.0000,3,10.901,,,1.240,trame
hd06_035,living+kitchen+dining+bedroom+bedroom+bathroom+hallway,etoile,7,pavage,4,0.50,False,False,,,,110,1.143,0.3731,0.0000,3,10.901,,,7.210,infaisable
hd06_035,living+kitchen+dining+bedroom+bedroom+bathroom+hallway,etoile,7,pavage,8,0.50,False,False,,,,110,1.143,0.3731,0.0000,3,10.901,,,6.772,infaisable
hd06_035,living+kitchen+dining+bedroom+bedroom+bathroom+hallway,etoile,7,pavage,16,0.50,False,False,,,,110,1.143,0.3731,0.0000,3,10.901,,,8.108,infaisable
hd06_035,living+kitchen+dining+bedroom+bedroom+bathroom+hallway,etoile,7,pavage,16,0.00,False,True,7,0.0000,False,110,1.143,0.3731,0.0000,3,10.901,10.879256,0.9980,4.534,ok
hd06_035,living+kitchen+dining+bedroom+bedroom+bathroom+hallway,etoile,7,pavage,16,0.25,False,False,,,,110,1.143,0.3731,0.0000,3,10.901,,,4.193,infaisable
hd06_035,living+kitchen+dining+bedroom+bedroom+bathroom+hallway,etoile,7,pavage,16,1.00,False,False,,,,110,1.143,0.3731,0.0000,3,10.901,,,5.320,infaisable
hd06_035,living+kitchen+dining+bedroom+bedroom+bathroom+hallway,etoile,7,pavage,16,1.80,False,False,,,,110,1.143,0.3731,0.0000,3,10.901,,,6.822,infaisable
hd06_036,living+kitchen+dining+bedroom+bedroom+bathroom+hallway,etoile,7,base,,0.50,False,False,,,,100,0.286,0.3421,0.0000,6,10.937,,,4.443,invariant_viole
hd06_036,living+kitchen+dining+bedroom+bedroom+bathroom+hallway,etoile,7,pavage,0,0.50,False,False,,,,100,0.286,0.3421,0.0000,6,10.937,,,1.535,trame
hd06_036,living+kitchen+dining+bedroom+bedroom+bathroom+hallway,etoile,7,pavage,4,0.50,False,False,,,,100,0.286,0.3421,0.0000,6,10.937,,,1.481,trame
hd06_036,living+kitchen+dining+bedroom+bedroom+bathroom+hallway,etoile,7,pavage,8,0.50,False,False,,,,100,0.286,0.3421,0.0000,6,10.937,,,2.301,trame
hd06_036,living+kitchen+dining+bedroom+bedroom+bathroom+hallway,etoile,7,pavage,16,0.50,False,False,,,,100,0.286,0.3421,0.0000,6,10.937,,,5.230,infaisable
hd06_036,living+kitchen+dining+bedroom+bedroom+bathroom+hallway,etoile,7,pavage,16,0.00,False,True,7,0.0000,False,100,0.286,0.3421,0.0000,6,10.937,7.887461,0.7212,6.965,ok
hd06_036,living+kitchen+dining+bedroom+bedroom+bathroom+hallway,etoile,7,pavage,16,0.25,False,False,,,,100,0.286,0.3421,0.0000,6,10.937,,,6.892,infaisable
hd06_036,living+kitchen+dining+bedroom+bedroom+bathroom+hallway,etoile,7,pavage,16,1.00,False,False,,,,100,0.286,0.3421,0.0000,6,10.937,,,4.968,infaisable
hd06_036,living+kitchen+dining+bedroom+bedroom+bathroom+hallway,etoile,7,pavage,16,1.80,False,False,,,,100,0.286,0.3421,0.0000,6,10.937,,,7.221,infaisable
hd06_037,living+kitchen+dining+bedroom+bedroom+bathroom+hallway,etoile,7,base,,0.50,False,False,,,,120,0.571,0.4717,0.0000,5,11.173,,,2.783,invariant_viole
hd06_037,living+kitchen+dining+bedroom+bedroom+bathroom+hallway,etoile,7,pavage,0,0.50,False,False,,,,120,0.571,0.4717,0.0000,5,11.173,,,0.818,trame
hd06_037,living+kitchen+dining+bedroom+bedroom+bathroom+hallway,etoile,7,pavage,4,0.50,False,False,,,,120,0.571,0.4717,0.0000,5,11.173,,,1.086,trame
hd06_037,living+kitchen+dining+bedroom+bedroom+bathroom+hallway,etoile,7,pavage,8,0.50,False,False,,,,120,0.571,0.4717,0.0000,5,11.173,,,4.949,infaisable
hd06_037,living+kitchen+dining+bedroom+bedroom+bathroom+hallway,etoile,7,pavage,16,0.50,False,False,,,,120,0.571,0.4717,0.0000,5,11.173,,,4.423,infaisable
hd06_037,living+kitchen+dining+bedroom+bedroom+bathroom+hallway,etoile,7,pavage,16,0.00,False,True,7,0.0000,False,120,0.571,0.4717,0.0000,5,11.173,6.527554,0.5842,4.268,ok
hd06_037,living+kitchen+dining+bedroom+bedroom+bathroom+hallway,etoile,7,pavage,16,0.25,False,False,,,,120,0.571,0.4717,0.0000,5,11.173,,,8.048,infaisable
hd06_037,living+kitchen+dining+bedroom+bedroom+bathroom+hallway,etoile,7,pavage,16,1.00,False,False,,,,120,0.571,0.4717,0.0000,5,11.173,,,5.864,infaisable
hd06_037,living+kitchen+dining+bedroom+bedroom+bathroom+hallway,etoile,7,pavage,16,1.80,False,False,,,,120,0.571,0.4717,0.0000,5,11.173,,,4.725,infaisable
hd06_038,living+kitchen+dining+bedroom+bedroom+bathroom+hallway,etoile,7,base,,0.50,False,False,,,,120,0.857,0.4913,0.0000,4,10.896,,,2.723,invariant_viole
hd06_038,living+kitchen+dining+bedroom+bedroom+bathroom+hallway,etoile,7,pavage,0,0.50,False,False,,,,120,0.857,0.4913,0.0000,4,10.896,,,0.832,trame
hd06_038,living+kitchen+dining+bedroom+bedroom+bathroom+hallway,etoile,7,pavage,4,0.50,False,False,,,,120,0.857,0.4913,0.0000,4,10.896,,,1.176,trame
hd06_038,living+kitchen+dining+bedroom+bedroom+bathroom+hallway,etoile,7,pavage,8,0.50,False,False,,,,120,0.857,0.4913,0.0000,4,10.896,,,1.555,trame
hd06_038,living+kitchen+dining+bedroom+bedroom+bathroom+hallway,etoile,7,pavage,16,0.50,False,False,,,,120,0.857,0.4913,0.0000,4,10.896,,,2.069,trame
hd06_038,living+kitchen+dining+bedroom+bedroom+bathroom+hallway,etoile,7,pavage,16,0.00,False,False,,,,120,0.857,0.4913,0.0000,4,10.896,,,2.023,trame
hd06_038,living+kitchen+dining+bedroom+bedroom+bathroom+hallway,etoile,7,pavage,16,0.25,False,False,,,,120,0.857,0.4913,0.0000,4,10.896,,,2.035,trame
hd06_038,living+kitchen+dining+bedroom+bedroom+bathroom+hallway,etoile,7,pavage,16,1.00,False,False,,,,120,0.857,0.4913,0.0000,4,10.896,,,3.056,trame
hd06_038,living+kitchen+dining+bedroom+bedroom+bathroom+hallway,etoile,7,pavage,16,1.80,False,False,,,,120,0.857,0.4913,0.0000,4,10.896,,,4.263,trame
hd06_039,living+kitchen+dining+bedroom+bedroom+bathroom+hallway,etoile,7,base,,0.50,False,False,,,,110,1.143,0.2960,0.0000,3,11.581,,,5.829,invariant_viole
hd06_039,living+kitchen+dining+bedroom+bedroom+bathroom+hallway,etoile,7,pavage,0,0.50,False,False,,,,110,1.143,0.2960,0.0000,3,11.581,,,1.664,trame
hd06_039,living+kitchen+dining+bedroom+bedroom+bathroom+hallway,etoile,7,pavage,4,0.50,False,False,,,,110,1.143,0.2960,0.0000,3,11.581,,,1.509,trame
hd06_039,living+kitchen+dining+bedroom+bedroom+bathroom+hallway,etoile,7,pavage,8,0.50,False,False,,,,110,1.143,0.2960,0.0000,3,11.581,,,1.512,trame
hd06_039,living+kitchen+dining+bedroom+bedroom+bathroom+hallway,etoile,7,pavage,16,0.50,False,False,,,,110,1.143,0.2960,0.0000,3,11.581,,,1.321,trame
hd06_039,living+kitchen+dining+bedroom+bedroom+bathroom+hallway,etoile,7,pavage,16,0.00,False,False,,,,110,1.143,0.2960,0.0000,3,11.581,,,1.311,trame
hd06_039,living+kitchen+dining+bedroom+bedroom+bathroom+hallway,etoile,7,pavage,16,0.25,False,False,,,,110,1.143,0.2960,0.0000,3,11.581,,,1.429,trame
hd06_039,living+kitchen+dining+bedroom+bedroom+bathroom+hallway,etoile,7,pavage,16,1.00,False,False,,,,110,1.143,0.2960,0.0000,3,11.581,,,1.400,trame
hd06_039,living+kitchen+dining+bedroom+bedroom+bathroom+hallway,etoile,7,pavage,16,1.80,False,False,,,,110,1.143,0.2960,0.0000,3,11.581,,,1.273,trame
hd07_000,living+kitchen+bedroom+bedroom+bedroom+bathroom+bathroom+hallway,etoile,8,base,,0.50,False,False,,,,120,1.000,0.3734,0.0000,4,11.581,,,3.414,invariant_viole
hd07_000,living+kitchen+bedroom+bedroom+bedroom+bathroom+bathroom+hallway,etoile,8,pavage,0,0.50,False,False,,,,120,1.000,0.3734,0.0000,4,11.581,,,0.892,trame
hd07_000,living+kitchen+bedroom+bedroom+bedroom+bathroom+bathroom+hallway,etoile,8,pavage,4,0.50,False,False,,,,120,1.000,0.3734,0.0000,4,11.581,,,1.290,trame
hd07_000,living+kitchen+bedroom+bedroom+bedroom+bathroom+bathroom+hallway,etoile,8,pavage,8,0.50,False,False,,,,120,1.000,0.3734,0.0000,4,11.581,,,2.626,trame
hd07_000,living+kitchen+bedroom+bedroom+bedroom+bathroom+bathroom+hallway,etoile,8,pavage,16,0.50,False,True,8,1.4506,True,120,1.000,0.3734,0.0000,4,11.581,6.255572,0.5402,6.049,ok
hd07_000,living+kitchen+bedroom+bedroom+bedroom+bathroom+bathroom+hallway,etoile,8,pavage,16,0.00,False,True,8,1.4506,True,120,1.000,0.3734,0.0000,4,11.581,6.255572,0.5402,6.899,ok
hd07_000,living+kitchen+bedroom+bedroom+bedroom+bathroom+bathroom+hallway,etoile,8,pavage,16,0.25,False,True,8,1.4506,True,120,1.000,0.3734,0.0000,4,11.581,6.255572,0.5402,6.040,ok
hd07_000,living+kitchen+bedroom+bedroom+bedroom+bathroom+bathroom+hallway,etoile,8,pavage,16,1.00,False,True,8,1.4506,True,120,1.000,0.3734,0.0000,4,11.581,6.255572,0.5402,6.943,ok
hd07_000,living+kitchen+bedroom+bedroom+bedroom+bathroom+bathroom+hallway,etoile,8,pavage,16,1.80,False,True,8,1.8000,True,120,1.000,0.3734,0.0000,4,11.581,6.255572,0.5402,6.622,ok
hd07_001,living+kitchen+bedroom+bedroom+bedroom+bathroom+bathroom+hallway,etoile,8,base,,0.50,False,False,,,,104,0.500,0.3136,0.0000,6,12.409,,,4.439,invariant_viole
hd07_001,living+kitchen+bedroom+bedroom+bedroom+bathroom+bathroom+hallway,etoile,8,pavage,0,0.50,False,False,,,,104,0.500,0.3136,0.0000,6,12.409,,,1.235,trame
hd07_001,living+kitchen+bedroom+bedroom+bedroom+bathroom+bathroom+hallway,etoile,8,pavage,4,0.50,False,False,,,,104,0.500,0.3136,0.0000,6,12.409,,,1.444,trame
hd07_001,living+kitchen+bedroom+bedroom+bedroom+bathroom+bathroom+hallway,etoile,8,pavage,8,0.50,False,False,,,,104,0.500,0.3136,0.0000,6,12.409,,,5.339,infaisable
hd07_001,living+kitchen+bedroom+bedroom+bedroom+bathroom+bathroom+hallway,etoile,8,pavage,16,0.50,False,False,,,,104,0.500,0.3136,0.0000,6,12.409,,,5.061,infaisable
hd07_001,living+kitchen+bedroom+bedroom+bedroom+bathroom+bathroom+hallway,etoile,8,pavage,16,0.00,False,True,8,0.0000,False,104,0.500,0.3136,0.0000,6,12.409,3.989061,0.3215,6.981,ok
hd07_001,living+kitchen+bedroom+bedroom+bedroom+bathroom+bathroom+hallway,etoile,8,pavage,16,0.25,False,False,,,,104,0.500,0.3136,0.0000,6,12.409,,,5.446,infaisable
hd07_001,living+kitchen+bedroom+bedroom+bedroom+bathroom+bathroom+hallway,etoile,8,pavage,16,1.00,False,False,,,,104,0.500,0.3136,0.0000,6,12.409,,,5.070,infaisable
hd07_001,living+kitchen+bedroom+bedroom+bedroom+bathroom+bathroom+hallway,etoile,8,pavage,16,1.80,False,False,,,,104,0.500,0.3136,0.0000,6,12.409,,,6.190,infaisable
hd07_002,living+kitchen+bedroom+bedroom+bedroom+bathroom+bathroom+hallway,etoile,8,base,,0.50,False,False,,,,104,1.500,0.2603,0.0015,3,9.738,,,2.862,invariant_viole
hd07_002,living+kitchen+bedroom+bedroom+bedroom+bathroom+bathroom+hallway,etoile,8,pavage,0,0.50,False,False,,,,104,1.500,0.2603,0.0015,3,9.738,,,0.833,trame
hd07_002,living+kitchen+bedroom+bedroom+bedroom+bathroom+bathroom+hallway,etoile,8,pavage,4,0.50,False,False,,,,104,1.500,0.2603,0.0015,3,9.738,,,1.228,trame
hd07_002,living+kitchen+bedroom+bedroom+bedroom+bathroom+bathroom+hallway,etoile,8,pavage,8,0.50,False,False,,,,104,1.500,0.2603,0.0015,3,9.738,,,1.842,trame
hd07_002,living+kitchen+bedroom+bedroom+bedroom+bathroom+bathroom+hallway,etoile,8,pavage,16,0.50,False,False,,,,104,1.500,0.2603,0.0015,3,9.738,,,8.590,infaisable
hd07_002,living+kitchen+bedroom+bedroom+bedroom+bathroom+bathroom+hallway,etoile,8,pavage,16,0.00,False,True,8,0.0000,False,104,1.500,0.2603,0.0015,3,9.738,6.527554,0.6703,6.242,ok
hd07_002,living+kitchen+bedroom+bedroom+bedroom+bathroom+bathroom+hallway,etoile,8,pavage,16,0.25,False,False,,,,104,1.500,0.2603,0.0015,3,9.738,,,8.335,infaisable
hd07_002,living+kitchen+bedroom+bedroom+bedroom+bathroom+bathroom+hallway,etoile,8,pavage,16,1.00,False,False,,,,104,1.500,0.2603,0.0015,3,9.738,,,6.961,infaisable
hd07_002,living+kitchen+bedroom+bedroom+bedroom+bathroom+bathroom+hallway,etoile,8,pavage,16,1.80,False,False,,,,104,1.500,0.2603,0.0015,3,9.738,,,8.390,infaisable
hd07_003,living+kitchen+bedroom+bedroom+bedroom+bathroom+bathroom+hallway,etoile,8,base,,0.50,False,False,,,,132,0.750,0.1392,0.0000,5,11.419,,,2.997,invariant_viole
hd07_003,living+kitchen+bedroom+bedroom+bedroom+bathroom+bathroom+hallway,etoile,8,pavage,0,0.50,False,False,,,,132,0.750,0.1392,0.0000,5,11.419,,,0.856,trame
hd07_003,living+kitchen+bedroom+bedroom+bedroom+bathroom+bathroom+hallway,etoile,8,pavage,4,0.50,False,False,,,,132,0.750,0.1392,0.0000,5,11.419,,,1.412,trame
hd07_003,living+kitchen+bedroom+bedroom+bedroom+bathroom+bathroom+hallway,etoile,8,pavage,8,0.50,False,True,8,0.5000,True,132,0.750,0.1392,0.0000,5,11.419,1.813209,0.1588,5.620,ok
hd07_003,living+kitchen+bedroom+bedroom+bedroom+bathroom+bathroom+hallway,etoile,8,pavage,16,0.50,False,True,8,0.5000,True,132,0.750,0.1392,0.0000,5,11.419,1.813209,0.1588,4.704,ok
hd07_003,living+kitchen+bedroom+bedroom+bedroom+bathroom+bathroom+hallway,etoile,8,pavage,16,0.00,False,True,8,0.3626,False,132,0.750,0.1392,0.0000,5,11.419,1.813209,0.1588,6.097,ok
hd07_003,living+kitchen+bedroom+bedroom+bedroom+bathroom+bathroom+hallway,etoile,8,pavage,16,0.25,False,True,8,0.3626,False,132,0.750,0.1392,0.0000,5,11.419,1.813209,0.1588,5.649,ok
hd07_003,living+kitchen+bedroom+bedroom+bedroom+bathroom+bathroom+hallway,etoile,8,pavage,16,1.00,False,True,8,1.0000,True,132,0.750,0.1392,0.0000,5,11.419,1.813209,0.1588,4.474,ok
hd07_003,living+kitchen+bedroom+bedroom+bedroom+bathroom+bathroom+hallway,etoile,8,pavage,16,1.80,False,True,8,1.8000,True,132,0.750,0.1392,0.0000,5,11.419,2.240093,0.1962,4.852,ok
hd07_004,living+kitchen+bedroom+bedroom+bedroom+bathroom+bathroom+hallway,etoile,8,base,,0.50,False,False,,,,120,1.000,0.2163,0.0000,4,11.145,,,3.364,invariant_viole
hd07_004,living+kitchen+bedroom+bedroom+bedroom+bathroom+bathroom+hallway,etoile,8,pavage,0,0.50,False,False,,,,120,1.000,0.2163,0.0000,4,11.145,,,0.967,trame
hd07_004,living+kitchen+bedroom+bedroom+bedroom+bathroom+bathroom+hallway,etoile,8,pavage,4,0.50,False,False,,,,120,1.000,0.2163,0.0000,4,11.145,,,1.211,trame
hd07_004,living+kitchen+bedroom+bedroom+bedroom+bathroom+bathroom+hallway,etoile,8,pavage,8,0.50,False,True,8,1.0879,True,120,1.000,0.2163,0.0000,4,11.145,2.357172,0.2115,5.456,ok
hd07_004,living+kitchen+bedroom+bedroom+bedroom+bathroom+bathroom+hallway,etoile,8,pavage,16,0.50,False,True,8,1.0879,True,120,1.000,0.2163,0.0000,4,11.145,2.357172,0.2115,6.715,ok
hd07_004,living+kitchen+bedroom+bedroom+bedroom+bathroom+bathroom+hallway,etoile,8,pavage,16,0.00,False,True,8,1.0879,True,120,1.000,0.2163,0.0000,4,11.145,2.357172,0.2115,5.155,ok
hd07_004,living+kitchen+bedroom+bedroom+bedroom+bathroom+bathroom+hallway,etoile,8,pavage,16,0.25,False,True,8,1.0879,True,120,1.000,0.2163,0.0000,4,11.145,2.357172,0.2115,6.072,ok
hd07_004,living+kitchen+bedroom+bedroom+bedroom+bathroom+bathroom+hallway,etoile,8,pavage,16,1.00,False,True,8,1.0879,True,120,1.000,0.2163,0.0000,4,11.145,2.266512,0.2034,6.666,ok
hd07_004,living+kitchen+bedroom+bedroom+bedroom+bathroom+bathroom+hallway,etoile,8,pavage,16,1.80,False,True,8,1.8000,True,120,1.000,0.2163,0.0000,4,11.145,2.266512,0.2034,5.145,ok
hd07_005,living+kitchen+bedroom+bedroom+bedroom+bathroom+bathroom+hallway,etoile,8,base,,0.50,False,False,,,,126,0.750,0.3773,0.0000,5,10.734,,,4.483,invariant_viole
hd07_005,living+kitchen+bedroom+bedroom+bedroom+bathroom+bathroom+hallway,etoile,8,pavage,0,0.50,False,False,,,,126,0.750,0.3773,0.0000,5,10.734,,,1.404,trame
hd07_005,living+kitchen+bedroom+bedroom+bedroom+bathroom+bathroom+hallway,etoile,8,pavage,4,0.50,False,False,,,,126,0.750,0.3773,0.0000,5,10.734,,,1.347,trame
hd07_005,living+kitchen+bedroom+bedroom+bedroom+bathroom+bathroom+hallway,etoile,8,pavage,8,0.50,False,False,,,,126,0.750,0.3773,0.0000,5,10.734,,,3.260,trame
hd07_005,living+kitchen+bedroom+bedroom+bedroom+bathroom+bathroom+hallway,etoile,8,pavage,16,0.50,False,True,8,2.0852,True,126,0.750,0.3773,0.0000,5,10.734,6.980856,0.6504,6.870,ok
hd07_005,living+kitchen+bedroom+bedroom+bedroom+bathroom+bathroom+hallway,etoile,8,pavage,16,0.00,False,True,8,2.0852,True,126,0.750,0.3773,0.0000,5,10.734,6.980856,0.6504,6.948,ok
hd07_005,living+kitchen+bedroom+bedroom+bedroom+bathroom+bathroom+hallway,etoile,8,pavage,16,0.25,False,True,8,2.0852,True,126,0.750,0.3773,0.0000,5,10.734,6.980856,0.6504,5.302,ok
hd07_005,living+kitchen+bedroom+bedroom+bedroom+bathroom+bathroom+hallway,etoile,8,pavage,16,1.00,False,True,8,2.0852,True,126,0.750,0.3773,0.0000,5,10.734,6.980856,0.6504,5.589,ok
hd07_005,living+kitchen+bedroom+bedroom+bedroom+bathroom+bathroom+hallway,etoile,8,pavage,16,1.80,False,True,8,2.0852,True,126,0.750,0.3773,0.0000,5,10.734,6.980856,0.6504,5.475,ok
hd07_006,living+kitchen+bedroom+bedroom+bedroom+bathroom+bathroom+hallway,etoile,8,base,,0.50,False,False,,,,120,1.000,0.3469,0.0000,5,11.827,,,2.987,invariant_viole
hd07_006,living+kitchen+bedroom+bedroom+bedroom+bathroom+bathroom+hallway,etoile,8,pavage,0,0.50,False,False,,,,120,1.000,0.3469,0.0000,5,11.827,,,1.810,trame
hd07_006,living+kitchen+bedroom+bedroom+bedroom+bathroom+bathroom+hallway,etoile,8,pavage,4,0.50,False,False,,,,120,1.000,0.3469,0.0000,5,11.827,,,1.262,trame
hd07_006,living+kitchen+bedroom+bedroom+bedroom+bathroom+bathroom+hallway,etoile,8,pavage,8,0.50,False,False,,,,120,1.000,0.3469,0.0000,5,11.827,,,1.683,trame
hd07_006,living+kitchen+bedroom+bedroom+bedroom+bathroom+bathroom+hallway,etoile,8,pavage,16,0.50,False,False,,,,120,1.000,0.3469,0.0000,5,11.827,,,1.914,trame
hd07_006,living+kitchen+bedroom+bedroom+bedroom+bathroom+bathroom+hallway,etoile,8,pavage,16,0.00,False,False,,,,120,1.000,0.3469,0.0000,5,11.827,,,1.955,trame
hd07_006,living+kitchen+bedroom+bedroom+bedroom+bathroom+bathroom+hallway,etoile,8,pavage,16,0.25,False,False,,,,120,1.000,0.3469,0.0000,5,11.827,,,1.884,trame
hd07_006,living+kitchen+bedroom+bedroom+bedroom+bathroom+bathroom+hallway,etoile,8,pavage,16,1.00,False,False,,,,120,1.000,0.3469,0.0000,5,11.827,,,1.888,trame
hd07_006,living+kitchen+bedroom+bedroom+bedroom+bathroom+bathroom+hallway,etoile,8,pavage,16,1.80,False,False,,,,120,1.000,0.3469,0.0000,5,11.827,,,1.928,trame
hd07_007,living+kitchen+bedroom+bedroom+bedroom+bathroom+bathroom+hallway,etoile,8,base,,0.50,False,False,,,,126,1.250,0.3899,0.0000,3,11.822,,,3.150,invariant_viole
hd07_007,living+kitchen+bedroom+bedroom+bedroom+bathroom+bathroom+hallway,etoile,8,pavage,0,0.50,False,False,,,,126,1.250,0.3899,0.0000,3,11.822,,,0.827,trame
hd07_007,living+kitchen+bedroom+bedroom+bedroom+bathroom+bathroom+hallway,etoile,8,pavage,4,0.50,False,False,,,,126,1.250,0.3899,0.0000,3,11.822,,,1.267,trame
hd07_007,living+kitchen+bedroom+bedroom+bedroom+bathroom+bathroom+hallway,etoile,8,pavage,8,0.50,False,False,,,,126,1.250,0.3899,0.0000,3,11.822,,,1.653,trame
hd07_007,living+kitchen+bedroom+bedroom+bedroom+bathroom+bathroom+hallway,etoile,8,pavage,16,0.50,False,False,,,,126,1.250,0.3899,0.0000,3,11.822,,,2.461,trame
hd07_007,living+kitchen+bedroom+bedroom+bedroom+bathroom+bathroom+hallway,etoile,8,pavage,16,0.00,False,False,,,,126,1.250,0.3899,0.0000,3,11.822,,,2.450,trame
hd07_007,living+kitchen+bedroom+bedroom+bedroom+bathroom+bathroom+hallway,etoile,8,pavage,16,0.25,False,False,,,,126,1.250,0.3899,0.0000,3,11.822,,,3.346,trame
hd07_007,living+kitchen+bedroom+bedroom+bedroom+bathroom+bathroom+hallway,etoile,8,pavage,16,1.00,False,False,,,,126,1.250,0.3899,0.0000,3,11.822,,,2.889,trame
hd07_007,living+kitchen+bedroom+bedroom+bedroom+bathroom+bathroom+hallway,etoile,8,pavage,16,1.80,False,False,,,,126,1.250,0.3899,0.0000,3,11.822,,,3.176,trame
hd07_008,living+kitchen+bedroom+bedroom+bedroom+bathroom+bathroom+hallway,etoile,8,base,,0.50,False,False,,,,144,1.500,0.3327,0.0000,2,10.593,,,3.909,invariant_viole
hd07_008,living+kitchen+bedroom+bedroom+bedroom+bathroom+bathroom+hallway,etoile,8,pavage,0,0.50,False,False,,,,144,1.500,0.3327,0.0000,2,10.593,,,1.123,trame
hd07_008,living+kitchen+bedroom+bedroom+bedroom+bathroom+bathroom+hallway,etoile,8,pavage,4,0.50,False,False,,,,144,1.500,0.3327,0.0000,2,10.593,,,2.307,trame
hd07_008,living+kitchen+bedroom+bedroom+bedroom+bathroom+bathroom+hallway,etoile,8,pavage,8,0.50,False,False,,,,144,1.500,0.3327,0.0000,2,10.593,,,1.606,trame
hd07_008,living+kitchen+bedroom+bedroom+bedroom+bathroom+bathroom+hallway,etoile,8,pavage,16,0.50,False,False,,,,144,1.500,0.3327,0.0000,2,10.593,,,5.130,infaisable
hd07_008,living+kitchen+bedroom+bedroom+bedroom+bathroom+bathroom+hallway,etoile,8,pavage,16,0.00,False,False,,,,144,1.500,0.3327,0.0000,2,10.593,,,5.429,infaisable
hd07_008,living+kitchen+bedroom+bedroom+bedroom+bathroom+bathroom+hallway,etoile,8,pavage,16,0.25,False,False,,,,144,1.500,0.3327,0.0000,2,10.593,,,5.941,infaisable
hd07_008,living+kitchen+bedroom+bedroom+bedroom+bathroom+bathroom+hallway,etoile,8,pavage,16,1.00,False,False,,,,144,1.500,0.3327,0.0000,2,10.593,,,5.372,infaisable
hd07_008,living+kitchen+bedroom+bedroom+bedroom+bathroom+bathroom+hallway,etoile,8,pavage,16,1.80,False,False,,,,144,1.500,0.3327,0.0000,2,10.593,,,5.277,infaisable
hd07_009,living+kitchen+bedroom+bedroom+bedroom+bathroom+bathroom+hallway,etoile,8,base,,0.50,False,False,,,,143,0.250,0.2469,0.0000,7,10.150,,,5.900,invariant_viole
hd07_009,living+kitchen+bedroom+bedroom+bedroom+bathroom+bathroom+hallway,etoile,8,pavage,0,0.50,False,False,,,,143,0.250,0.2469,0.0000,7,10.150,,,1.246,trame
hd07_009,living+kitchen+bedroom+bedroom+bedroom+bathroom+bathroom+hallway,etoile,8,pavage,4,0.50,False,False,,,,143,0.250,0.2469,0.0000,7,10.150,,,1.547,trame
hd07_009,living+kitchen+bedroom+bedroom+bedroom+bathroom+bathroom+hallway,etoile,8,pavage,8,0.50,False,False,,,,143,0.250,0.2469,0.0000,7,10.150,,,1.814,trame
hd07_009,living+kitchen+bedroom+bedroom+bedroom+bathroom+bathroom+hallway,etoile,8,pavage,16,0.50,False,True,8,1.0879,True,143,0.250,0.2469,0.0000,7,10.150,5.802270,0.5717,7.079,ok
hd07_009,living+kitchen+bedroom+bedroom+bedroom+bathroom+bathroom+hallway,etoile,8,pavage,16,0.00,False,True,8,1.0879,True,143,0.250,0.2469,0.0000,7,10.150,5.802270,0.5717,5.989,ok
hd07_009,living+kitchen+bedroom+bedroom+bedroom+bathroom+bathroom+hallway,etoile,8,pavage,16,0.25,False,True,8,1.0879,True,143,0.250,0.2469,0.0000,7,10.150,5.802270,0.5717,10.573,ok
hd07_009,living+kitchen+bedroom+bedroom+bedroom+bathroom+bathroom+hallway,etoile,8,pavage,16,1.00,False,True,8,1.3599,True,143,0.250,0.2469,0.0000,7,10.150,5.530289,0.5449,7.405,ok
hd07_009,living+kitchen+bedroom+bedroom+bedroom+bathroom+bathroom+hallway,etoile,8,pavage,16,1.80,False,True,8,1.8000,True,143,0.250,0.2469,0.0000,7,10.150,5.090196,0.5015,7.861,ok
hd07_010,living+kitchen+bedroom+bedroom+bedroom+bathroom+bathroom+hallway,etoile,8,base,,0.50,False,False,,,,99,1.250,0.3549,0.0000,5,11.827,,,3.766,invariant_viole
hd07_010,living+kitchen+bedroom+bedroom+bedroom+bathroom+bathroom+hallway,etoile,8,pavage,0,0.50,False,False,,,,99,1.250,0.3549,0.0000,5,11.827,,,1.065,trame
hd07_010,living+kitchen+bedroom+bedroom+bedroom+bathroom+bathroom+hallway,etoile,8,pavage,4,0.50,False,False,,,,99,1.250,0.3549,0.0000,5,11.827,,,1.203,trame
hd07_010,living+kitchen+bedroom+bedroom+bedroom+bathroom+bathroom+hallway,etoile,8,pavage,8,0.50,False,False,,,,99,1.250,0.3549,0.0000,5,11.827,,,2.042,trame
hd07_010,living+kitchen+bedroom+bedroom+bedroom+bathroom+bathroom+hallway,etoile,8,pavage,16,0.50,False,False,,,,99,1.250,0.3549,0.0000,5,11.827,,,1.357,trame
hd07_010,living+kitchen+bedroom+bedroom+bedroom+bathroom+bathroom+hallway,etoile,8,pavage,16,0.00,False,False,,,,99,1.250,0.3549,0.0000,5,11.827,,,1.348,trame
hd07_010,living+kitchen+bedroom+bedroom+bedroom+bathroom+bathroom+hallway,etoile,8,pavage,16,0.25,False,False,,,,99,1.250,0.3549,0.0000,5,11.827,,,2.284,trame
hd07_010,living+kitchen+bedroom+bedroom+bedroom+bathroom+bathroom+hallway,etoile,8,pavage,16,1.00,False,False,,,,99,1.250,0.3549,0.0000,5,11.827,,,2.014,trame
hd07_010,living+kitchen+bedroom+bedroom+bedroom+bathroom+bathroom+hallway,etoile,8,pavage,16,1.80,False,False,,,,99,1.250,0.3549,0.0000,5,11.827,,,1.579,trame
hd07_011,living+kitchen+bedroom+bedroom+bedroom+bathroom+bathroom+hallway,etoile,8,base,,0.50,False,False,,,,88,1.500,0.2610,0.0000,3,10.734,,,3.794,invariant_viole
hd07_011,living+kitchen+bedroom+bedroom+bedroom+bathroom+bathroom+hallway,etoile,8,pavage,0,0.50,False,False,,,,88,1.500,0.2610,0.0000,3,10.734,,,1.388,trame
hd07_011,living+kitchen+bedroom+bedroom+bedroom+bathroom+bathroom+hallway,etoile,8,pavage,4,0.50,False,False,,,,88,1.500,0.2610,0.0000,3,10.734,,,1.784,trame
hd07_011,living+kitchen+bedroom+bedroom+bedroom+bathroom+bathroom+hallway,etoile,8,pavage,8,0.50,False,False,,,,88,1.500,0.2610,0.0000,3,10.734,,,1.529,trame
hd07_011,living+kitchen+bedroom+bedroom+bedroom+bathroom+bathroom+hallway,etoile,8,pavage,16,0.50,False,False,,,,88,1.500,0.2610,0.0000,3,10.734,,,1.435,trame
hd07_011,living+kitchen+bedroom+bedroom+bedroom+bathroom+bathroom+hallway,etoile,8,pavage,16,0.00,False,False,,,,88,1.500,0.2610,0.0000,3,10.734,,,1.427,trame
hd07_011,living+kitchen+bedroom+bedroom+bedroom+bathroom+bathroom+hallway,etoile,8,pavage,16,0.25,False,False,,,,88,1.500,0.2610,0.0000,3,10.734,,,1.411,trame
hd07_011,living+kitchen+bedroom+bedroom+bedroom+bathroom+bathroom+hallway,etoile,8,pavage,16,1.00,False,False,,,,88,1.500,0.2610,0.0000,3,10.734,,,1.392,trame
hd07_011,living+kitchen+bedroom+bedroom+bedroom+bathroom+bathroom+hallway,etoile,8,pavage,16,1.80,False,False,,,,88,1.500,0.2610,0.0000,3,10.734,,,1.614,trame
hd07_012,living+kitchen+bedroom+bedroom+bedroom+bathroom+bathroom+hallway,etoile,8,base,,0.50,False,False,,,,140,0.750,0.5488,0.0000,5,12.581,,,3.143,invariant_viole
hd07_012,living+kitchen+bedroom+bedroom+bedroom+bathroom+bathroom+hallway,etoile,8,pavage,0,0.50,False,False,,,,140,0.750,0.5488,0.0000,5,12.581,,,0.904,trame
hd07_012,living+kitchen+bedroom+bedroom+bedroom+bathroom+bathroom+hallway,etoile,8,pavage,4,0.50,False,False,,,,140,0.750,0.5488,0.0000,5,12.581,,,1.286,trame
hd07_012,living+kitchen+bedroom+bedroom+bedroom+bathroom+bathroom+hallway,etoile,8,pavage,8,0.50,False,False,,,,140,0.750,0.5488,0.0000,5,12.581,,,1.578,trame
hd07_012,living+kitchen+bedroom+bedroom+bedroom+bathroom+bathroom+hallway,etoile,8,pavage,16,0.50,False,False,,,,140,0.750,0.5488,0.0000,5,12.581,,,5.231,infaisable
hd07_012,living+kitchen+bedroom+bedroom+bedroom+bathroom+bathroom+hallway,etoile,8,pavage,16,0.00,False,True,8,0.0000,False,140,0.750,0.5488,0.0000,5,12.581,5.076986,0.4035,6.662,ok
hd07_012,living+kitchen+bedroom+bedroom+bedroom+bathroom+bathroom+hallway,etoile,8,pavage,16,0.25,False,False,,,,140,0.750,0.5488,0.0000,5,12.581,,,5.571,infaisable
hd07_012,living+kitchen+bedroom+bedroom+bedroom+bathroom+bathroom+hallway,etoile,8,pavage,16,1.00,False,False,,,,140,0.750,0.5488,0.0000,5,12.581,,,5.473,infaisable
hd07_012,living+kitchen+bedroom+bedroom+bedroom+bathroom+bathroom+hallway,etoile,8,pavage,16,1.80,False,False,,,,140,0.750,0.5488,0.0000,5,12.581,,,6.191,infaisable
hd07_013,living+kitchen+bedroom+bedroom+bedroom+bathroom+bathroom+hallway,etoile,8,base,,0.50,False,False,,,,117,1.500,0.2949,0.0000,3,11.555,,,3.475,invariant_viole
hd07_013,living+kitchen+bedroom+bedroom+bedroom+bathroom+bathroom+hallway,etoile,8,pavage,0,0.50,False,False,,,,117,1.500,0.2949,0.0000,3,11.555,,,0.919,trame
hd07_013,living+kitchen+bedroom+bedroom+bedroom+bathroom+bathroom+hallway,etoile,8,pavage,4,0.50,False,False,,,,117,1.500,0.2949,0.0000,3,11.555,,,1.835,trame
hd07_013,living+kitchen+bedroom+bedroom+bedroom+bathroom+bathroom+hallway,etoile,8,pavage,8,0.50,False,False,,,,117,1.500,0.2949,0.0000,3,11.555,,,1.754,trame
hd07_013,living+kitchen+bedroom+bedroom+bedroom+bathroom+bathroom+hallway,etoile,8,pavage,16,0.50,False,False,,,,117,1.500,0.2949,0.0000,3,11.555,,,6.105,infaisable
hd07_013,living+kitchen+bedroom+bedroom+bedroom+bathroom+bathroom+hallway,etoile,8,pavage,16,0.00,False,True,8,0.0000,False,117,1.500,0.2949,0.0000,3,11.555,6.527554,0.5649,5.630,ok
hd07_013,living+kitchen+bedroom+bedroom+bedroom+bathroom+bathroom+hallway,etoile,8,pavage,16,0.25,False,False,,,,117,1.500,0.2949,0.0000,3,11.555,,,9.603,infaisable
hd07_013,living+kitchen+bedroom+bedroom+bedroom+bathroom+bathroom+hallway,etoile,8,pavage,16,1.00,False,False,,,,117,1.500,0.2949,0.0000,3,11.555,,,7.970,infaisable
hd07_013,living+kitchen+bedroom+bedroom+bedroom+bathroom+bathroom+hallway,etoile,8,pavage,16,1.80,False,False,,,,117,1.500,0.2949,0.0000,3,11.555,,,7.540,infaisable
hd07_014,living+kitchen+bedroom+bedroom+bedroom+bathroom+bathroom+hallway,etoile,8,base,,0.50,False,False,,,,132,1.500,0.3617,0.0000,3,11.145,,,5.183,invariant_viole
hd07_014,living+kitchen+bedroom+bedroom+bedroom+bathroom+bathroom+hallway,etoile,8,pavage,0,0.50,False,False,,,,132,1.500,0.3617,0.0000,3,11.145,,,1.487,trame
hd07_014,living+kitchen+bedroom+bedroom+bedroom+bathroom+bathroom+hallway,etoile,8,pavage,4,0.50,False,False,,,,132,1.500,0.3617,0.0000,3,11.145,,,2.624,trame
hd07_014,living+kitchen+bedroom+bedroom+bedroom+bathroom+bathroom+hallway,etoile,8,pavage,8,0.50,False,False,,,,132,1.500,0.3617,0.0000,3,11.145,,,2.184,trame
hd07_014,living+kitchen+bedroom+bedroom+bedroom+bathroom+bathroom+hallway,etoile,8,pavage,16,0.50,False,False,,,,132,1.500,0.3617,0.0000,3,11.145,,,2.450,trame
hd07_014,living+kitchen+bedroom+bedroom+bedroom+bathroom+bathroom+hallway,etoile,8,pavage,16,0.00,False,False,,,,132,1.500,0.3617,0.0000,3,11.145,,,2.348,trame
hd07_014,living+kitchen+bedroom+bedroom+bedroom+bathroom+bathroom+hallway,etoile,8,pavage,16,0.25,False,False,,,,132,1.500,0.3617,0.0000,3,11.145,,,2.423,trame
hd07_014,living+kitchen+bedroom+bedroom+bedroom+bathroom+bathroom+hallway,etoile,8,pavage,16,1.00,False,False,,,,132,1.500,0.3617,0.0000,3,11.145,,,2.622,trame
hd07_014,living+kitchen+bedroom+bedroom+bedroom+bathroom+bathroom+hallway,etoile,8,pavage,16,1.80,False,False,,,,132,1.500,0.3617,0.0000,3,11.145,,,2.436,trame
hd07_015,living+kitchen+bedroom+bedroom+bedroom+bathroom+bathroom+hallway,etoile,8,base,,0.50,False,False,,,,144,0.750,0.3180,0.0000,5,11.796,,,4.073,invariant_viole
hd07_015,living+kitchen+bedroom+bedroom+bedroom+bathroom+bathroom+hallway,etoile,8,pavage,0,0.50,False,False,,,,144,0.750,0.3180,0.0000,5,11.796,,,1.105,trame
hd07_015,living+kitchen+bedroom+bedroom+bedroom+bathroom+bathroom+hallway,etoile,8,pavage,4,0.50,False,False,,,,144,0.750,0.3180,0.0000,5,11.796,,,2.146,trame
hd07_015,living+kitchen+bedroom+bedroom+bedroom+bathroom+bathroom+hallway,etoile,8,pavage,8,0.50,False,False,,,,144,0.750,0.3180,0.0000,5,11.796,,,2.015,trame
hd07_015,living+kitchen+bedroom+bedroom+bedroom+bathroom+bathroom+hallway,etoile,8,pavage,16,0.50,False,False,,,,144,0.750,0.3180,0.0000,5,11.796,,,4.145,trame
hd07_015,living+kitchen+bedroom+bedroom+bedroom+bathroom+bathroom+hallway,etoile,8,pavage,16,0.00,False,False,,,,144,0.750,0.3180,0.0000,5,11.796,,,2.588,trame
hd07_015,living+kitchen+bedroom+bedroom+bedroom+bathroom+bathroom+hallway,etoile,8,pavage,16,0.25,False,False,,,,144,0.750,0.3180,0.0000,5,11.796,,,2.105,trame
hd07_015,living+kitchen+bedroom+bedroom+bedroom+bathroom+bathroom+hallway,etoile,8,pavage,16,1.00,False,False,,,,144,0.750,0.3180,0.0000,5,11.796,,,2.523,trame
hd07_015,living+kitchen+bedroom+bedroom+bedroom+bathroom+bathroom+hallway,etoile,8,pavage,16,1.80,False,False,,,,144,0.750,0.3180,0.0000,5,11.796,,,6.531,trame
hd07_016,living+kitchen+bedroom+bedroom+bedroom+bathroom+bathroom+hallway,etoile,8,base,,0.50,False,False,,,,121,1.500,0.2861,0.0000,2,12.518,,,5.346,invariant_viole
hd07_016,living+kitchen+bedroom+bedroom+bedroom+bathroom+bathroom+hallway,etoile,8,pavage,0,0.50,False,False,,,,121,1.500,0.2861,0.0000,2,12.518,,,2.766,trame
hd07_016,living+kitchen+bedroom+bedroom+bedroom+bathroom+bathroom+hallway,etoile,8,pavage,4,0.50,False,False,,,,121,1.500,0.2861,0.0000,2,12.518,,,2.236,trame
hd07_016,living+kitchen+bedroom+bedroom+bedroom+bathroom+bathroom+hallway,etoile,8,pavage,8,0.50,False,False,,,,121,1.500,0.2861,0.0000,2,12.518,,,8.507,infaisable
hd07_016,living+kitchen+bedroom+bedroom+bedroom+bathroom+bathroom+hallway,etoile,8,pavage,16,0.50,False,False,,,,121,1.500,0.2861,0.0000,2,12.518,,,6.491,infaisable
hd07_016,living+kitchen+bedroom+bedroom+bedroom+bathroom+bathroom+hallway,etoile,8,pavage,16,0.00,False,True,8,0.0000,False,121,1.500,0.2861,0.0000,2,12.518,3.626419,0.2897,7.032,ok
hd07_016,living+kitchen+bedroom+bedroom+bedroom+bathroom+bathroom+hallway,etoile,8,pavage,16,0.25,False,False,,,,121,1.500,0.2861,0.0000,2,12.518,,,6.303,infaisable
hd07_016,living+kitchen+bedroom+bedroom+bedroom+bathroom+bathroom+hallway,etoile,8,pavage,16,1.00,False,False,,,,121,1.500,0.2861,0.0000,2,12.518,,,5.837,infaisable
hd07_016,living+kitchen+bedroom+bedroom+bedroom+bathroom+bathroom+hallway,etoile,8,pavage,16,1.80,False,False,,,,121,1.500,0.2861,0.0000,2,12.518,,,5.332,infaisable
hd07_017,living+kitchen+bedroom+bedroom+bedroom+bathroom+bathroom+hallway,etoile,8,base,,0.50,False,False,,,,143,1.500,0.3449,0.0000,2,11.296,,,3.375,invariant_viole
hd07_017,living+kitchen+bedroom+bedroom+bedroom+bathroom+bathroom+hallway,etoile,8,pavage,0,0.50,False,False,,,,143,1.500,0.3449,0.0000,2,11.296,,,1.000,trame
hd07_017,living+kitchen+bedroom+bedroom+bedroom+bathroom+bathroom+hallway,etoile,8,pavage,4,0.50,False,False,,,,143,1.500,0.3449,0.0000,2,11.296,,,1.240,trame
hd07_017,living+kitchen+bedroom+bedroom+bedroom+bathroom+bathroom+hallway,etoile,8,pavage,8,0.50,False,False,,,,143,1.500,0.3449,0.0000,2,11.296,,,5.198,infaisable
hd07_017,living+kitchen+bedroom+bedroom+bedroom+bathroom+bathroom+hallway,etoile,8,pavage,16,0.50,False,False,,,,143,1.500,0.3449,0.0000,2,11.296,,,5.855,infaisable
hd07_017,living+kitchen+bedroom+bedroom+bedroom+bathroom+bathroom+hallway,etoile,8,pavage,16,0.00,False,True,8,0.0000,False,143,1.500,0.3449,0.0000,2,11.296,8.431424,0.7464,5.281,ok
hd07_017,living+kitchen+bedroom+bedroom+bedroom+bathroom+bathroom+hallway,etoile,8,pavage,16,0.25,False,False,,,,143,1.500,0.3449,0.0000,2,11.296,,,6.081,infaisable
hd07_017,living+kitchen+bedroom+bedroom+bedroom+bathroom+bathroom+hallway,etoile,8,pavage,16,1.00,False,False,,,,143,1.500,0.3449,0.0000,2,11.296,,,6.616,infaisable
hd07_017,living+kitchen+bedroom+bedroom+bedroom+bathroom+bathroom+hallway,etoile,8,pavage,16,1.80,False,False,,,,143,1.500,0.3449,0.0000,2,11.296,,,5.459,infaisable
hd07_018,living+kitchen+bedroom+bedroom+bedroom+bathroom+bathroom+hallway,etoile,8,base,,0.50,False,False,,,,132,0.500,0.4057,0.0000,6,11.973,,,3.061,invariant_viole
hd07_018,living+kitchen+bedroom+bedroom+bedroom+bathroom+bathroom+hallway,etoile,8,pavage,0,0.50,False,False,,,,132,0.500,0.4057,0.0000,6,11.973,,,0.895,trame
hd07_018,living+kitchen+bedroom+bedroom+bedroom+bathroom+bathroom+hallway,etoile,8,pavage,4,0.50,False,False,,,,132,0.500,0.4057,0.0000,6,11.973,,,1.238,trame
hd07_018,living+kitchen+bedroom+bedroom+bedroom+bathroom+bathroom+hallway,etoile,8,pavage,8,0.50,False,False,,,,132,0.500,0.4057,0.0000,6,11.973,,,2.015,trame
hd07_018,living+kitchen+bedroom+bedroom+bedroom+bathroom+bathroom+hallway,etoile,8,pavage,16,0.50,False,False,,,,132,0.500,0.4057,0.0000,6,11.973,,,2.676,trame
hd07_018,living+kitchen+bedroom+bedroom+bedroom+bathroom+bathroom+hallway,etoile,8,pavage,16,0.00,False,False,,,,132,0.500,0.4057,0.0000,6,11.973,,,2.358,trame
hd07_018,living+kitchen+bedroom+bedroom+bedroom+bathroom+bathroom+hallway,etoile,8,pavage,16,0.25,False,False,,,,132,0.500,0.4057,0.0000,6,11.973,,,2.951,trame
hd07_018,living+kitchen+bedroom+bedroom+bedroom+bathroom+bathroom+hallway,etoile,8,pavage,16,1.00,False,False,,,,132,0.500,0.4057,0.0000,6,11.973,,,2.378,trame
hd07_018,living+kitchen+bedroom+bedroom+bedroom+bathroom+bathroom+hallway,etoile,8,pavage,16,1.80,False,False,,,,132,0.500,0.4057,0.0000,6,11.973,,,2.842,trame
hd07_019,living+kitchen+bedroom+bedroom+bedroom+bathroom+bathroom+hallway,etoile,8,base,,0.50,False,False,,,,150,1.000,0.3571,0.0000,4,11.422,,,3.911,invariant_viole
hd07_019,living+kitchen+bedroom+bedroom+bedroom+bathroom+bathroom+hallway,etoile,8,pavage,0,0.50,False,False,,,,150,1.000,0.3571,0.0000,4,11.422,,,1.772,trame
hd07_019,living+kitchen+bedroom+bedroom+bedroom+bathroom+bathroom+hallway,etoile,8,pavage,4,0.50,False,False,,,,150,1.000,0.3571,0.0000,4,11.422,,,1.356,trame
hd07_019,living+kitchen+bedroom+bedroom+bedroom+bathroom+bathroom+hallway,etoile,8,pavage,8,0.50,False,False,,,,150,1.000,0.3571,0.0000,4,11.422,,,1.667,trame
hd07_019,living+kitchen+bedroom+bedroom+bedroom+bathroom+bathroom+hallway,etoile,8,pavage,16,0.50,False,False,,,,150,1.000,0.3571,0.0000,4,11.422,,,6.167,infaisable
hd07_019,living+kitchen+bedroom+bedroom+bedroom+bathroom+bathroom+hallway,etoile,8,pavage,16,0.00,False,True,8,0.0000,False,150,1.000,0.3571,0.0000,4,11.422,4.079721,0.3572,5.634,ok
hd07_019,living+kitchen+bedroom+bedroom+bedroom+bathroom+bathroom+hallway,etoile,8,pavage,16,0.25,False,False,,,,150,1.000,0.3571,0.0000,4,11.422,,,6.003,infaisable
hd07_019,living+kitchen+bedroom+bedroom+bedroom+bathroom+bathroom+hallway,etoile,8,pavage,16,1.00,False,False,,,,150,1.000,0.3571,0.0000,4,11.422,,,5.376,infaisable
hd07_019,living+kitchen+bedroom+bedroom+bedroom+bathroom+bathroom+hallway,etoile,8,pavage,16,1.80,False,False,,,,150,1.000,0.3571,0.0000,4,11.422,,,6.955,infaisable
hd07_020,living+kitchen+bedroom+bedroom+bedroom+bathroom+bathroom+hallway,etoile,8,base,,0.50,False,False,,,,110,0.500,0.2991,0.0000,6,10.691,,,3.379,invariant_viole
hd07_020,living+kitchen+bedroom+bedroom+bedroom+bathroom+bathroom+hallway,etoile,8,pavage,0,0.50,False,False,,,,110,0.500,0.2991,0.0000,6,10.691,,,0.849,trame
hd07_020,living+kitchen+bedroom+bedroom+bedroom+bathroom+bathroom+hallway,etoile,8,pavage,4,0.50,False,False,,,,110,0.500,0.2991,0.0000,6,10.691,,,1.193,trame
hd07_020,living+kitchen+bedroom+bedroom+bedroom+bathroom+bathroom+hallway,etoile,8,pavage,8,0.50,False,False,,,,110,0.500,0.2991,0.0000,6,10.691,,,5.660,infaisable
hd07_020,living+kitchen+bedroom+bedroom+bedroom+bathroom+bathroom+hallway,etoile,8,pavage,16,0.50,False,False,,,,110,0.500,0.2991,0.0000,6,10.691,,,5.293,infaisable
hd07_020,living+kitchen+bedroom+bedroom+bedroom+bathroom+bathroom+hallway,etoile,8,pavage,16,0.00,False,True,8,0.0000,False,110,0.500,0.2991,0.0000,6,10.691,3.807740,0.3562,5.311,ok
hd07_020,living+kitchen+bedroom+bedroom+bedroom+bathroom+bathroom+hallway,etoile,8,pavage,16,0.25,False,False,,,,110,0.500,0.2991,0.0000,6,10.691,,,5.870,infaisable
hd07_020,living+kitchen+bedroom+bedroom+bedroom+bathroom+bathroom+hallway,etoile,8,pavage,16,1.00,False,False,,,,110,0.500,0.2991,0.0000,6,10.691,,,5.225,infaisable
hd07_020,living+kitchen+bedroom+bedroom+bedroom+bathroom+bathroom+hallway,etoile,8,pavage,16,1.80,False,False,,,,110,0.500,0.2991,0.0000,6,10.691,,,5.034,infaisable
hd07_021,living+kitchen+bedroom+bedroom+bedroom+bathroom+bathroom+hallway,etoile,8,base,,0.50,False,False,,,,130,0.750,0.4457,0.0000,5,10.342,,,4.340,invariant_viole
hd07_021,living+kitchen+bedroom+bedroom+bedroom+bathroom+bathroom+hallway,etoile,8,pavage,0,0.50,False,False,,,,130,0.750,0.4457,0.0000,5,10.342,,,1.359,trame
hd07_021,living+kitchen+bedroom+bedroom+bedroom+bathroom+bathroom+hallway,etoile,8,pavage,4,0.50,False,False,,,,130,0.750,0.4457,0.0000,5,10.342,,,2.208,trame
hd07_021,living+kitchen+bedroom+bedroom+bedroom+bathroom+bathroom+hallway,etoile,8,pavage,8,0.50,False,False,,,,130,0.750,0.4457,0.0000,5,10.342,,,2.143,trame
hd07_021,living+kitchen+bedroom+bedroom+bedroom+bathroom+bathroom+hallway,etoile,8,pavage,16,0.50,False,True,8,1.7225,True,130,0.750,0.4457,0.0000,5,10.342,5.892930,0.5698,6.144,ok
hd07_021,living+kitchen+bedroom+bedroom+bedroom+bathroom+bathroom+hallway,etoile,8,pavage,16,0.00,False,True,8,1.7225,True,130,0.750,0.4457,0.0000,5,10.342,5.892930,0.5698,5.419,ok
hd07_021,living+kitchen+bedroom+bedroom+bedroom+bathroom+bathroom+hallway,etoile,8,pavage,16,0.25,False,True,8,1.7225,True,130,0.750,0.4457,0.0000,5,10.342,5.892930,0.5698,4.988,ok
hd07_021,living+kitchen+bedroom+bedroom+bedroom+bathroom+bathroom+hallway,etoile,8,pavage,16,1.00,False,True,8,1.7225,True,130,0.750,0.4457,0.0000,5,10.342,5.892930,0.5698,5.046,ok
hd07_021,living+kitchen+bedroom+bedroom+bedroom+bathroom+bathroom+hallway,etoile,8,pavage,16,1.80,False,True,8,1.8000,True,130,0.750,0.4457,0.0000,5,10.342,5.892930,0.5698,9.471,ok
hd07_022,living+kitchen+bedroom+bedroom+bedroom+bathroom+bathroom+hallway,etoile,8,base,,0.50,False,False,,,,108,1.000,0.2683,0.0000,4,11.747,,,4.742,invariant_viole
hd07_022,living+kitchen+bedroom+bedroom+bedroom+bathroom+bathroom+hallway,etoile,8,pavage,0,0.50,False,False,,,,108,1.000,0.2683,0.0000,4,11.747,,,1.202,trame
hd07_022,living+kitchen+bedroom+bedroom+bedroom+bathroom+bathroom+hallway,etoile,8,pavage,4,0.50,False,False,,,,108,1.000,0.2683,0.0000,4,11.747,,,1.417,trame
hd07_022,living+kitchen+bedroom+bedroom+bedroom+bathroom+bathroom+hallway,etoile,8,pavage,8,0.50,False,False,,,,108,1.000,0.2683,0.0000,4,11.747,,,1.704,trame
hd07_022,living+kitchen+bedroom+bedroom+bedroom+bathroom+bathroom+hallway,etoile,8,pavage,16,0.50,False,True,8,1.0879,True,108,1.000,0.2683,0.0000,4,11.747,3.263777,0.2778,6.501,ok
hd07_022,living+kitchen+bedroom+bedroom+bedroom+bathroom+bathroom+hallway,etoile,8,pavage,16,0.00,False,True,8,1.0879,True,108,1.000,0.2683,0.0000,4,11.747,3.263777,0.2778,7.636,ok
hd07_022,living+kitchen+bedroom+bedroom+bedroom+bathroom+bathroom+hallway,etoile,8,pavage,16,0.25,False,True,8,1.0879,True,108,1.000,0.2683,0.0000,4,11.747,3.263777,0.2778,5.925,ok
hd07_022,living+kitchen+bedroom+bedroom+bedroom+bathroom+bathroom+hallway,etoile,8,pavage,16,1.00,False,True,8,1.0879,True,108,1.000,0.2683,0.0000,4,11.747,3.263777,0.2778,6.060,ok
hd07_022,living+kitchen+bedroom+bedroom+bedroom+bathroom+bathroom+hallway,etoile,8,pavage,16,1.80,False,True,8,1.8000,True,108,1.000,0.2683,0.0000,4,11.747,3.263777,0.2778,5.226,ok
hd07_023,living+kitchen+bedroom+bedroom+bedroom+bathroom+bathroom+hallway,etoile,8,base,,0.50,False,False,,,,156,1.500,0.3612,0.0000,3,11.687,,,2.945,invariant_viole
hd07_023,living+kitchen+bedroom+bedroom+bedroom+bathroom+bathroom+hallway,etoile,8,pavage,0,0.50,False,False,,,,156,1.500,0.3612,0.0000,3,11.687,,,0.947,trame
hd07_023,living+kitchen+bedroom+bedroom+bedroom+bathroom+bathroom+hallway,etoile,8,pavage,4,0.50,False,False,,,,156,1.500,0.3612,0.0000,3,11.687,,,1.275,trame
hd07_023,living+kitchen+bedroom+bedroom+bedroom+bathroom+bathroom+hallway,etoile,8,pavage,8,0.50,False,False,,,,156,1.500,0.3612,0.0000,3,11.687,,,2.642,trame
hd07_023,living+kitchen+bedroom+bedroom+bedroom+bathroom+bathroom+hallway,etoile,8,pavage,16,0.50,False,False,,,,156,1.500,0.3612,0.0000,3,11.687,,,3.101,trame
hd07_023,living+kitchen+bedroom+bedroom+bedroom+bathroom+bathroom+hallway,etoile,8,pavage,16,0.00,False,False,,,,156,1.500,0.3612,0.0000,3,11.687,,,1.820,trame
hd07_023,living+kitchen+bedroom+bedroom+bedroom+bathroom+bathroom+hallway,etoile,8,pavage,16,0.25,False,False,,,,156,1.500,0.3612,0.0000,3,11.687,,,2.035,trame
hd07_023,living+kitchen+bedroom+bedroom+bedroom+bathroom+bathroom+hallway,etoile,8,pavage,16,1.00,False,False,,,,156,1.500,0.3612,0.0000,3,11.687,,,1.738,trame
hd07_023,living+kitchen+bedroom+bedroom+bedroom+bathroom+bathroom+hallway,etoile,8,pavage,16,1.80,False,False,,,,156,1.500,0.3612,0.0000,3,11.687,,,1.669,trame
hd07_024,living+kitchen+bedroom+bedroom+bedroom+bathroom+bathroom+hallway,etoile,8,base,,0.50,False,False,,,,90,0.750,0.1950,0.0000,6,10.204,,,3.632,invariant_viole
hd07_024,living+kitchen+bedroom+bedroom+bedroom+bathroom+bathroom+hallway,etoile,8,pavage,0,0.50,False,False,,,,90,0.750,0.1950,0.0000,6,10.204,,,0.851,trame
hd07_024,living+kitchen+bedroom+bedroom+bedroom+bathroom+bathroom+hallway,etoile,8,pavage,4,0.50,False,False,,,,90,0.750,0.1950,0.0000,6,10.204,,,1.164,trame
hd07_024,living+kitchen+bedroom+bedroom+bedroom+bathroom+bathroom+hallway,etoile,8,pavage,8,0.50,False,False,,,,90,0.750,0.1950,0.0000,6,10.204,,,1.260,trame
hd07_024,living+kitchen+bedroom+bedroom+bedroom+bathroom+bathroom+hallway,etoile,8,pavage,16,0.50,False,False,,,,90,0.750,0.1950,0.0000,6,10.204,,,1.345,trame
hd07_024,living+kitchen+bedroom+bedroom+bedroom+bathroom+bathroom+hallway,etoile,8,pavage,16,0.00,False,False,,,,90,0.750,0.1950,0.0000,6,10.204,,,1.315,trame
hd07_024,living+kitchen+bedroom+bedroom+bedroom+bathroom+bathroom+hallway,etoile,8,pavage,16,0.25,False,False,,,,90,0.750,0.1950,0.0000,6,10.204,,,1.285,trame
hd07_024,living+kitchen+bedroom+bedroom+bedroom+bathroom+bathroom+hallway,etoile,8,pavage,16,1.00,False,False,,,,90,0.750,0.1950,0.0000,6,10.204,,,1.274,trame
hd07_024,living+kitchen+bedroom+bedroom+bedroom+bathroom+bathroom+hallway,etoile,8,pavage,16,1.80,False,False,,,,90,0.750,0.1950,0.0000,6,10.204,,,1.453,trame
hd07_025,living+kitchen+bedroom+bedroom+bedroom+bathroom+bathroom+hallway,etoile,8,base,,0.50,False,False,,,,132,0.750,0.2710,0.0000,5,10.593,,,5.538,invariant_viole
hd07_025,living+kitchen+bedroom+bedroom+bedroom+bathroom+bathroom+hallway,etoile,8,pavage,0,0.50,False,False,,,,132,0.750,0.2710,0.0000,5,10.593,,,1.026,trame
hd07_025,living+kitchen+bedroom+bedroom+bedroom+bathroom+bathroom+hallway,etoile,8,pavage,4,0.50,False,False,,,,132,0.750,0.2710,0.0000,5,10.593,,,1.663,trame
hd07_025,living+kitchen+bedroom+bedroom+bedroom+bathroom+bathroom+hallway,etoile,8,pavage,8,0.50,False,False,,,,132,0.750,0.2710,0.0000,5,10.593,,,1.613,trame
hd07_025,living+kitchen+bedroom+bedroom+bedroom+bathroom+bathroom+hallway,etoile,8,pavage,16,0.50,False,False,,,,132,0.750,0.2710,0.0000,5,10.593,,,1.741,trame
hd07_025,living+kitchen+bedroom+bedroom+bedroom+bathroom+bathroom+hallway,etoile,8,pavage,16,0.00,False,False,,,,132,0.750,0.2710,0.0000,5,10.593,,,1.892,trame
hd07_025,living+kitchen+bedroom+bedroom+bedroom+bathroom+bathroom+hallway,etoile,8,pavage,16,0.25,False,False,,,,132,0.750,0.2710,0.0000,5,10.593,,,1.933,trame
hd07_025,living+kitchen+bedroom+bedroom+bedroom+bathroom+bathroom+hallway,etoile,8,pavage,16,1.00,False,False,,,,132,0.750,0.2710,0.0000,5,10.593,,,3.030,trame
hd07_025,living+kitchen+bedroom+bedroom+bedroom+bathroom+bathroom+hallway,etoile,8,pavage,16,1.80,False,False,,,,132,0.750,0.2710,0.0000,5,10.593,,,1.793,trame
hd07_026,living+kitchen+bedroom+bedroom+bedroom+bathroom+bathroom+hallway,etoile,8,base,,0.50,False,False,,,,168,1.250,0.2712,0.0000,3,13.307,,,3.745,invariant_viole
hd07_026,living+kitchen+bedroom+bedroom+bedroom+bathroom+bathroom+hallway,etoile,8,pavage,0,0.50,False,False,,,,168,1.250,0.2712,0.0000,3,13.307,,,0.897,trame
hd07_026,living+kitchen+bedroom+bedroom+bedroom+bathroom+bathroom+hallway,etoile,8,pavage,4,0.50,False,False,,,,168,1.250,0.2712,0.0000,3,13.307,,,1.296,trame
hd07_026,living+kitchen+bedroom+bedroom+bedroom+bathroom+bathroom+hallway,etoile,8,pavage,8,0.50,False,False,,,,168,1.250,0.2712,0.0000,3,13.307,,,7.474,infaisable
hd07_026,living+kitchen+bedroom+bedroom+bedroom+bathroom+bathroom+hallway,etoile,8,pavage,16,0.50,False,False,,,,168,1.250,0.2712,0.0000,3,13.307,,,6.607,infaisable
hd07_026,living+kitchen+bedroom+bedroom+bedroom+bathroom+bathroom+hallway,etoile,8,pavage,16,0.00,False,True,8,0.0000,False,168,1.250,0.2712,0.0000,3,13.307,7.706140,0.5791,6.750,ok
hd07_026,living+kitchen+bedroom+bedroom+bedroom+bathroom+bathroom+hallway,etoile,8,pavage,16,0.25,False,False,,,,168,1.250,0.2712,0.0000,3,13.307,,,5.681,infaisable
hd07_026,living+kitchen+bedroom+bedroom+bedroom+bathroom+bathroom+hallway,etoile,8,pavage,16,1.00,False,False,,,,168,1.250,0.2712,0.0000,3,13.307,,,5.375,infaisable
hd07_026,living+kitchen+bedroom+bedroom+bedroom+bathroom+bathroom+hallway,etoile,8,pavage,16,1.80,False,False,,,,168,1.250,0.2712,0.0000,3,13.307,,,7.992,infaisable
hd07_027,living+kitchen+bedroom+bedroom+bedroom+bathroom+bathroom+hallway,etoile,8,base,,0.50,False,False,,,,126,0.500,0.1655,0.0000,6,9.378,,,3.407,invariant_viole
hd07_027,living+kitchen+bedroom+bedroom+bedroom+bathroom+bathroom+hallway,etoile,8,pavage,0,0.50,False,False,,,,126,0.500,0.1655,0.0000,6,9.378,,,0.978,trame
hd07_027,living+kitchen+bedroom+bedroom+bedroom+bathroom+bathroom+hallway,etoile,8,pavage,4,0.50,False,False,,,,126,0.500,0.1655,0.0000,6,9.378,,,1.933,trame
hd07_027,living+kitchen+bedroom+bedroom+bedroom+bathroom+bathroom+hallway,etoile,8,pavage,8,0.50,False,False,,,,126,0.500,0.1655,0.0000,6,9.378,,,1.300,trame
hd07_027,living+kitchen+bedroom+bedroom+bedroom+bathroom+bathroom+hallway,etoile,8,pavage,16,0.50,False,False,,,,126,0.500,0.1655,0.0000,6,9.378,,,1.193,trame
hd07_027,living+kitchen+bedroom+bedroom+bedroom+bathroom+bathroom+hallway,etoile,8,pavage,16,0.00,False,False,,,,126,0.500,0.1655,0.0000,6,9.378,,,1.216,trame
hd07_027,living+kitchen+bedroom+bedroom+bedroom+bathroom+bathroom+hallway,etoile,8,pavage,16,0.25,False,False,,,,126,0.500,0.1655,0.0000,6,9.378,,,1.120,trame
hd07_027,living+kitchen+bedroom+bedroom+bedroom+bathroom+bathroom+hallway,etoile,8,pavage,16,1.00,False,False,,,,126,0.500,0.1655,0.0000,6,9.378,,,1.112,trame
hd07_027,living+kitchen+bedroom+bedroom+bedroom+bathroom+bathroom+hallway,etoile,8,pavage,16,1.80,False,False,,,,126,0.500,0.1655,0.0000,6,9.378,,,1.102,trame
hd07_028,living+kitchen+bedroom+bedroom+bedroom+bathroom+bathroom+hallway,etoile,8,base,,0.50,False,False,,,,126,0.500,0.3552,0.0000,6,10.896,,,3.799,invariant_viole
hd07_028,living+kitchen+bedroom+bedroom+bedroom+bathroom+bathroom+hallway,etoile,8,pavage,0,0.50,False,False,,,,126,0.500,0.3552,0.0000,6,10.896,,,0.983,trame
hd07_028,living+kitchen+bedroom+bedroom+bedroom+bathroom+bathroom+hallway,etoile,8,pavage,4,0.50,False,False,,,,126,0.500,0.3552,0.0000,6,10.896,,,3.069,trame
hd07_028,living+kitchen+bedroom+bedroom+bedroom+bathroom+bathroom+hallway,etoile,8,pavage,8,0.50,False,False,,,,126,0.500,0.3552,0.0000,6,10.896,,,2.537,trame
hd07_028,living+kitchen+bedroom+bedroom+bedroom+bathroom+bathroom+hallway,etoile,8,pavage,16,0.50,False,False,,,,126,0.500,0.3552,0.0000,6,10.896,,,1.943,trame
hd07_028,living+kitchen+bedroom+bedroom+bedroom+bathroom+bathroom+hallway,etoile,8,pavage,16,0.00,False,False,,,,126,0.500,0.3552,0.0000,6,10.896,,,1.823,trame
hd07_028,living+kitchen+bedroom+bedroom+bedroom+bathroom+bathroom+hallway,etoile,8,pavage,16,0.25,False,False,,,,126,0.500,0.3552,0.0000,6,10.896,,,1.813,trame
hd07_028,living+kitchen+bedroom+bedroom+bedroom+bathroom+bathroom+hallway,etoile,8,pavage,16,1.00,False,False,,,,126,0.500,0.3552,0.0000,6,10.896,,,1.921,trame
hd07_028,living+kitchen+bedroom+bedroom+bedroom+bathroom+bathroom+hallway,etoile,8,pavage,16,1.80,False,False,,,,126,0.500,0.3552,0.0000,6,10.896,,,2.721,trame
hd07_029,living+kitchen+bedroom+bedroom+bedroom+bathroom+bathroom+hallway,etoile,8,base,,0.50,False,False,,,,156,1.250,0.2853,0.0000,4,10.858,,,4.165,invariant_viole
hd07_029,living+kitchen+bedroom+bedroom+bedroom+bathroom+bathroom+hallway,etoile,8,pavage,0,0.50,False,False,,,,156,1.250,0.2853,0.0000,4,10.858,,,0.974,trame
hd07_029,living+kitchen+bedroom+bedroom+bedroom+bathroom+bathroom+hallway,etoile,8,pavage,4,0.50,False,False,,,,156,1.250,0.2853,0.0000,4,10.858,,,1.352,trame
hd07_029,living+kitchen+bedroom+bedroom+bedroom+bathroom+bathroom+hallway,etoile,8,pavage,8,0.50,False,False,,,,156,1.250,0.2853,0.0000,4,10.858,,,1.514,trame
hd07_029,living+kitchen+bedroom+bedroom+bedroom+bathroom+bathroom+hallway,etoile,8,pavage,16,0.50,False,False,,,,156,1.250,0.2853,0.0000,4,10.858,,,2.067,trame
hd07_029,living+kitchen+bedroom+bedroom+bedroom+bathroom+bathroom+hallway,etoile,8,pavage,16,0.00,False,False,,,,156,1.250,0.2853,0.0000,4,10.858,,,3.173,trame
hd07_029,living+kitchen+bedroom+bedroom+bedroom+bathroom+bathroom+hallway,etoile,8,pavage,16,0.25,False,False,,,,156,1.250,0.2853,0.0000,4,10.858,,,2.944,trame
hd07_029,living+kitchen+bedroom+bedroom+bedroom+bathroom+bathroom+hallway,etoile,8,pavage,16,1.00,False,False,,,,156,1.250,0.2853,0.0000,4,10.858,,,1.643,trame
hd07_029,living+kitchen+bedroom+bedroom+bedroom+bathroom+bathroom+hallway,etoile,8,pavage,16,1.80,False,False,,,,156,1.250,0.2853,0.0000,4,10.858,,,1.551,trame
hd07_030,living+kitchen+bedroom+bedroom+bedroom+bathroom+bathroom+hallway,etoile,8,base,,0.50,False,False,,,,143,1.500,0.2391,0.0000,2,10.545,,,3.053,invariant_viole
hd07_030,living+kitchen+bedroom+bedroom+bedroom+bathroom+bathroom+hallway,etoile,8,pavage,0,0.50,False,False,,,,143,1.500,0.2391,0.0000,2,10.545,,,0.864,trame
hd07_030,living+kitchen+bedroom+bedroom+bedroom+bathroom+bathroom+hallway,etoile,8,pavage,4,0.50,False,False,,,,143,1.500,0.2391,0.0000,2,10.545,,,1.820,trame
hd07_030,living+kitchen+bedroom+bedroom+bedroom+bathroom+bathroom+hallway,etoile,8,pavage,8,0.50,False,False,,,,143,1.500,0.2391,0.0000,2,10.545,,,2.033,trame
hd07_030,living+kitchen+bedroom+bedroom+bedroom+bathroom+bathroom+hallway,etoile,8,pavage,16,0.50,False,False,,,,143,1.500,0.2391,0.0000,2,10.545,,,2.247,trame
hd07_030,living+kitchen+bedroom+bedroom+bedroom+bathroom+bathroom+hallway,etoile,8,pavage,16,0.00,False,False,,,,143,1.500,0.2391,0.0000,2,10.545,,,1.464,trame
hd07_030,living+kitchen+bedroom+bedroom+bedroom+bathroom+bathroom+hallway,etoile,8,pavage,16,0.25,False,False,,,,143,1.500,0.2391,0.0000,2,10.545,,,3.463,trame
hd07_030,living+kitchen+bedroom+bedroom+bedroom+bathroom+bathroom+hallway,etoile,8,pavage,16,1.00,False,False,,,,143,1.500,0.2391,0.0000,2,10.545,,,1.626,trame
hd07_030,living+kitchen+bedroom+bedroom+bedroom+bathroom+bathroom+hallway,etoile,8,pavage,16,1.80,False,False,,,,143,1.500,0.2391,0.0000,2,10.545,,,1.653,trame
hd07_031,living+kitchen+bedroom+bedroom+bedroom+bathroom+bathroom+hallway,etoile,8,base,,0.50,False,False,,,,112,1.000,0.4444,0.0000,5,11.439,,,4.144,invariant_viole
hd07_031,living+kitchen+bedroom+bedroom+bedroom+bathroom+bathroom+hallway,etoile,8,pavage,0,0.50,False,False,,,,112,1.000,0.4444,0.0000,5,11.439,,,1.004,trame
hd07_031,living+kitchen+bedroom+bedroom+bedroom+bathroom+bathroom+hallway,etoile,8,pavage,4,0.50,False,False,,,,112,1.000,0.4444,0.0000,5,11.439,,,1.327,trame
hd07_031,living+kitchen+bedroom+bedroom+bedroom+bathroom+bathroom+hallway,etoile,8,pavage,8,0.50,False,False,,,,112,1.000,0.4444,0.0000,5,11.439,,,5.330,infaisable
hd07_031,living+kitchen+bedroom+bedroom+bedroom+bathroom+bathroom+hallway,etoile,8,pavage,16,0.50,False,False,,,,112,1.000,0.4444,0.0000,5,11.439,,,5.701,infaisable
hd07_031,living+kitchen+bedroom+bedroom+bedroom+bathroom+bathroom+hallway,etoile,8,pavage,16,0.00,False,True,8,0.0000,False,112,1.000,0.4444,0.0000,5,11.439,7.706140,0.6736,4.598,ok
hd07_031,living+kitchen+bedroom+bedroom+bedroom+bathroom+bathroom+hallway,etoile,8,pavage,16,0.25,False,False,,,,112,1.000,0.4444,0.0000,5,11.439,,,5.419,infaisable
hd07_031,living+kitchen+bedroom+bedroom+bedroom+bathroom+bathroom+hallway,etoile,8,pavage,16,1.00,False,False,,,,112,1.000,0.4444,0.0000,5,11.439,,,5.709,infaisable
hd07_031,living+kitchen+bedroom+bedroom+bedroom+bathroom+bathroom+hallway,etoile,8,pavage,16,1.80,False,False,,,,112,1.000,0.4444,0.0000,5,11.439,,,5.236,infaisable
hd07_032,living+kitchen+bedroom+bedroom+bedroom+bathroom+bathroom+hallway,etoile,8,base,,0.50,False,False,,,,121,0.250,0.4006,0.0000,7,10.567,,,3.166,invariant_viole
hd07_032,living+kitchen+bedroom+bedroom+bedroom+bathroom+bathroom+hallway,etoile,8,pavage,0,0.50,False,False,,,,121,0.250,0.4006,0.0000,7,10.567,,,1.236,trame
hd07_032,living+kitchen+bedroom+bedroom+bedroom+bathroom+bathroom+hallway,etoile,8,pavage,4,0.50,False,False,,,,121,0.250,0.4006,0.0000,7,10.567,,,1.221,trame
hd07_032,living+kitchen+bedroom+bedroom+bedroom+bathroom+bathroom+hallway,etoile,8,pavage,8,0.50,False,False,,,,121,0.250,0.4006,0.0000,7,10.567,,,4.970,infaisable
hd07_032,living+kitchen+bedroom+bedroom+bedroom+bathroom+bathroom+hallway,etoile,8,pavage,16,0.50,False,False,,,,121,0.250,0.4006,0.0000,7,10.567,,,5.287,infaisable
hd07_032,living+kitchen+bedroom+bedroom+bedroom+bathroom+bathroom+hallway,etoile,8,pavage,16,0.00,False,True,8,0.0000,False,121,0.250,0.4006,0.0000,7,10.567,7.343498,0.6950,6.174,ok
hd07_032,living+kitchen+bedroom+bedroom+bedroom+bathroom+bathroom+hallway,etoile,8,pavage,16,0.25,False,False,,,,121,0.250,0.4006,0.0000,7,10.567,,,5.567,infaisable
hd07_032,living+kitchen+bedroom+bedroom+bedroom+bathroom+bathroom+hallway,etoile,8,pavage,16,1.00,False,False,,,,121,0.250,0.4006,0.0000,7,10.567,,,5.003,infaisable
hd07_032,living+kitchen+bedroom+bedroom+bedroom+bathroom+bathroom+hallway,etoile,8,pavage,16,1.80,False,False,,,,121,0.250,0.4006,0.0000,7,10.567,,,5.683,infaisable
hd07_033,living+kitchen+bedroom+bedroom+bedroom+bathroom+bathroom+hallway,etoile,8,base,,0.50,False,False,,,,130,0.500,0.3571,0.0000,6,10.253,,,3.007,invariant_viole
hd07_033,living+kitchen+bedroom+bedroom+bedroom+bathroom+bathroom+hallway,etoile,8,pavage,0,0.50,False,False,,,,130,0.500,0.3571,0.0000,6,10.253,,,0.995,trame
hd07_033,living+kitchen+bedroom+bedroom+bedroom+bathroom+bathroom+hallway,etoile,8,pavage,4,0.50,False,False,,,,130,0.500,0.3571,0.0000,6,10.253,,,1.873,trame
hd07_033,living+kitchen+bedroom+bedroom+bedroom+bathroom+bathroom+hallway,etoile,8,pavage,8,0.50,False,False,,,,130,0.500,0.3571,0.0000,6,10.253,,,1.650,trame
hd07_033,living+kitchen+bedroom+bedroom+bedroom+bathroom+bathroom+hallway,etoile,8,pavage,16,0.50,False,False,,,,130,0.500,0.3571,0.0000,6,10.253,,,3.141,trame
hd07_033,living+kitchen+bedroom+bedroom+bedroom+bathroom+bathroom+hallway,etoile,8,pavage,16,0.00,False,False,,,,130,0.500,0.3571,0.0000,6,10.253,,,4.232,trame
hd07_033,living+kitchen+bedroom+bedroom+bedroom+bathroom+bathroom+hallway,etoile,8,pavage,16,0.25,False,False,,,,130,0.500,0.3571,0.0000,6,10.253,,,3.587,trame
hd07_033,living+kitchen+bedroom+bedroom+bedroom+bathroom+bathroom+hallway,etoile,8,pavage,16,1.00,False,False,,,,130,0.500,0.3571,0.0000,6,10.253,,,3.461,trame
hd07_033,living+kitchen+bedroom+bedroom+bedroom+bathroom+bathroom+hallway,etoile,8,pavage,16,1.80,False,False,,,,130,0.500,0.3571,0.0000,6,10.253,,,2.426,trame
hd07_034,living+kitchen+bedroom+bedroom+bedroom+bathroom+bathroom+hallway,etoile,8,base,,0.50,False,False,,,,130,1.500,0.2435,0.0004,3,10.049,,,4.091,invariant_viole
hd07_034,living+kitchen+bedroom+bedroom+bedroom+bathroom+bathroom+hallway,etoile,8,pavage,0,0.50,False,False,,,,130,1.500,0.2435,0.0004,3,10.049,,,1.385,trame
hd07_034,living+kitchen+bedroom+bedroom+bedroom+bathroom+bathroom+hallway,etoile,8,pavage,4,0.50,False,False,,,,130,1.500,0.2435,0.0004,3,10.049,,,1.850,trame
hd07_034,living+kitchen+bedroom+bedroom+bedroom+bathroom+bathroom+hallway,etoile,8,pavage,8,0.50,False,False,,,,130,1.500,0.2435,0.0004,3,10.049,,,1.908,trame
hd07_034,living+kitchen+bedroom+bedroom+bedroom+bathroom+bathroom+hallway,etoile,8,pavage,16,0.50,False,False,,,,130,1.500,0.2435,0.0004,3,10.049,,,2.145,trame
hd07_034,living+kitchen+bedroom+bedroom+bedroom+bathroom+bathroom+hallway,etoile,8,pavage,16,0.00,False,False,,,,130,1.500,0.2435,0.0004,3,10.049,,,3.598,trame
hd07_034,living+kitchen+bedroom+bedroom+bedroom+bathroom+bathroom+hallway,etoile,8,pavage,16,0.25,False,False,,,,130,1.500,0.2435,0.0004,3,10.049,,,1.958,trame
hd07_034,living+kitchen+bedroom+bedroom+bedroom+bathroom+bathroom+hallway,etoile,8,pavage,16,1.00,False,False,,,,130,1.500,0.2435,0.0004,3,10.049,,,1.855,trame
hd07_034,living+kitchen+bedroom+bedroom+bedroom+bathroom+bathroom+hallway,etoile,8,pavage,16,1.80,False,False,,,,130,1.500,0.2435,0.0004,3,10.049,,,2.090,trame
hd07_035,living+kitchen+bedroom+bedroom+bedroom+bathroom+bathroom+hallway,etoile,8,base,,0.50,False,False,,,,77,0.750,0.2029,0.0000,6,10.230,,,4.932,invariant_viole
hd07_035,living+kitchen+bedroom+bedroom+bedroom+bathroom+bathroom+hallway,etoile,8,pavage,0,0.50,False,False,,,,77,0.750,0.2029,0.0000,6,10.230,,,0.944,trame
hd07_035,living+kitchen+bedroom+bedroom+bedroom+bathroom+bathroom+hallway,etoile,8,pavage,4,0.50,False,False,,,,77,0.750,0.2029,0.0000,6,10.230,,,1.412,trame
hd07_035,living+kitchen+bedroom+bedroom+bedroom+bathroom+bathroom+hallway,etoile,8,pavage,8,0.50,False,False,,,,77,0.750,0.2029,0.0000,6,10.230,,,1.355,trame
hd07_035,living+kitchen+bedroom+bedroom+bedroom+bathroom+bathroom+hallway,etoile,8,pavage,16,0.50,False,False,,,,77,0.750,0.2029,0.0000,6,10.230,,,1.352,trame
hd07_035,living+kitchen+bedroom+bedroom+bedroom+bathroom+bathroom+hallway,etoile,8,pavage,16,0.00,False,False,,,,77,0.750,0.2029,0.0000,6,10.230,,,1.585,trame
hd07_035,living+kitchen+bedroom+bedroom+bedroom+bathroom+bathroom+hallway,etoile,8,pavage,16,0.25,False,False,,,,77,0.750,0.2029,0.0000,6,10.230,,,1.547,trame
hd07_035,living+kitchen+bedroom+bedroom+bedroom+bathroom+bathroom+hallway,etoile,8,pavage,16,1.00,False,False,,,,77,0.750,0.2029,0.0000,6,10.230,,,1.334,trame
hd07_035,living+kitchen+bedroom+bedroom+bedroom+bathroom+bathroom+hallway,etoile,8,pavage,16,1.80,False,False,,,,77,0.750,0.2029,0.0000,6,10.230,,,1.310,trame
hd07_036,living+kitchen+bedroom+bedroom+bedroom+bathroom+bathroom+hallway,etoile,8,base,,0.50,False,False,,,,154,1.500,0.2856,0.0000,3,11.331,,,3.542,invariant_viole
hd07_036,living+kitchen+bedroom+bedroom+bedroom+bathroom+bathroom+hallway,etoile,8,pavage,0,0.50,False,False,,,,154,1.500,0.2856,0.0000,3,11.331,,,0.916,trame
hd07_036,living+kitchen+bedroom+bedroom+bedroom+bathroom+bathroom+hallway,etoile,8,pavage,4,0.50,False,False,,,,154,1.500,0.2856,0.0000,3,11.331,,,1.543,trame
hd07_036,living+kitchen+bedroom+bedroom+bedroom+bathroom+bathroom+hallway,etoile,8,pavage,8,0.50,False,False,,,,154,1.500,0.2856,0.0000,3,11.331,,,2.316,trame
hd07_036,living+kitchen+bedroom+bedroom+bedroom+bathroom+bathroom+hallway,etoile,8,pavage,16,0.50,False,False,,,,154,1.500,0.2856,0.0000,3,11.331,,,2.254,trame
hd07_036,living+kitchen+bedroom+bedroom+bedroom+bathroom+bathroom+hallway,etoile,8,pavage,16,0.00,False,False,,,,154,1.500,0.2856,0.0000,3,11.331,,,2.296,trame
hd07_036,living+kitchen+bedroom+bedroom+bedroom+bathroom+bathroom+hallway,etoile,8,pavage,16,0.25,False,False,,,,154,1.500,0.2856,0.0000,3,11.331,,,3.373,trame
hd07_036,living+kitchen+bedroom+bedroom+bedroom+bathroom+bathroom+hallway,etoile,8,pavage,16,1.00,False,False,,,,154,1.500,0.2856,0.0000,3,11.331,,,2.436,trame
hd07_036,living+kitchen+bedroom+bedroom+bedroom+bathroom+bathroom+hallway,etoile,8,pavage,16,1.80,False,False,,,,154,1.500,0.2856,0.0000,3,11.331,,,2.455,trame
hd07_037,living+kitchen+bedroom+bedroom+bedroom+bathroom+bathroom+hallway,etoile,8,base,,0.50,False,False,,,,100,2.000,0.2466,0.0000,2,11.056,,,4.371,invariant_viole
hd07_037,living+kitchen+bedroom+bedroom+bedroom+bathroom+bathroom+hallway,etoile,8,pavage,0,0.50,False,False,,,,100,2.000,0.2466,0.0000,2,11.056,,,1.508,trame
hd07_037,living+kitchen+bedroom+bedroom+bedroom+bathroom+bathroom+hallway,etoile,8,pavage,4,0.50,False,False,,,,100,2.000,0.2466,0.0000,2,11.056,,,1.287,trame
hd07_037,living+kitchen+bedroom+bedroom+bedroom+bathroom+bathroom+hallway,etoile,8,pavage,8,0.50,False,False,,,,100,2.000,0.2466,0.0000,2,11.056,,,1.862,trame
hd07_037,living+kitchen+bedroom+bedroom+bedroom+bathroom+bathroom+hallway,etoile,8,pavage,16,0.50,False,False,,,,100,2.000,0.2466,0.0000,2,11.056,,,1.740,trame
hd07_037,living+kitchen+bedroom+bedroom+bedroom+bathroom+bathroom+hallway,etoile,8,pavage,16,0.00,False,False,,,,100,2.000,0.2466,0.0000,2,11.056,,,1.725,trame
hd07_037,living+kitchen+bedroom+bedroom+bedroom+bathroom+bathroom+hallway,etoile,8,pavage,16,0.25,False,False,,,,100,2.000,0.2466,0.0000,2,11.056,,,2.185,trame
hd07_037,living+kitchen+bedroom+bedroom+bedroom+bathroom+bathroom+hallway,etoile,8,pavage,16,1.00,False,False,,,,100,2.000,0.2466,0.0000,2,11.056,,,2.199,trame
hd07_037,living+kitchen+bedroom+bedroom+bedroom+bathroom+bathroom+hallway,etoile,8,pavage,16,1.80,False,False,,,,100,2.000,0.2466,0.0000,2,11.056,,,2.868,trame
hd07_038,living+kitchen+bedroom+bedroom+bedroom+bathroom+bathroom+hallway,etoile,8,base,,0.50,False,False,,,,120,1.000,0.2437,0.0000,4,10.325,,,3.526,invariant_viole
hd07_038,living+kitchen+bedroom+bedroom+bedroom+bathroom+bathroom+hallway,etoile,8,pavage,0,0.50,False,False,,,,120,1.000,0.2437,0.0000,4,10.325,,,0.833,trame
hd07_038,living+kitchen+bedroom+bedroom+bedroom+bathroom+bathroom+hallway,etoile,8,pavage,4,0.50,False,False,,,,120,1.000,0.2437,0.0000,4,10.325,,,1.269,trame
hd07_038,living+kitchen+bedroom+bedroom+bedroom+bathroom+bathroom+hallway,etoile,8,pavage,8,0.50,False,False,,,,120,1.000,0.2437,0.0000,4,10.325,,,1.655,trame
hd07_038,living+kitchen+bedroom+bedroom+bedroom+bathroom+bathroom+hallway,etoile,8,pavage,16,0.50,False,False,,,,120,1.000,0.2437,0.0000,4,10.325,,,1.920,trame
hd07_038,living+kitchen+bedroom+bedroom+bedroom+bathroom+bathroom+hallway,etoile,8,pavage,16,0.00,False,False,,,,120,1.000,0.2437,0.0000,4,10.325,,,1.835,trame
hd07_038,living+kitchen+bedroom+bedroom+bedroom+bathroom+bathroom+hallway,etoile,8,pavage,16,0.25,False,False,,,,120,1.000,0.2437,0.0000,4,10.325,,,2.144,trame
hd07_038,living+kitchen+bedroom+bedroom+bedroom+bathroom+bathroom+hallway,etoile,8,pavage,16,1.00,False,False,,,,120,1.000,0.2437,0.0000,4,10.325,,,2.047,trame
hd07_038,living+kitchen+bedroom+bedroom+bedroom+bathroom+bathroom+hallway,etoile,8,pavage,16,1.80,False,False,,,,120,1.000,0.2437,0.0000,4,10.325,,,1.866,trame
hd07_039,living+kitchen+bedroom+bedroom+bedroom+bathroom+bathroom+hallway,etoile,8,base,,0.50,False,False,,,,169,2.000,0.3901,0.0000,2,11.145,,,3.372,invariant_viole
hd07_039,living+kitchen+bedroom+bedroom+bedroom+bathroom+bathroom+hallway,etoile,8,pavage,0,0.50,False,False,,,,169,2.000,0.3901,0.0000,2,11.145,,,0.933,trame
hd07_039,living+kitchen+bedroom+bedroom+bedroom+bathroom+bathroom+hallway,etoile,8,pavage,4,0.50,False,False,,,,169,2.000,0.3901,0.0000,2,11.145,,,1.529,trame
hd07_039,living+kitchen+bedroom+bedroom+bedroom+bathroom+bathroom+hallway,etoile,8,pavage,8,0.50,False,False,,,,169,2.000,0.3901,0.0000,2,11.145,,,1.688,trame
hd07_039,living+kitchen+bedroom+bedroom+bedroom+bathroom+bathroom+hallway,etoile,8,pavage,16,0.50,False,False,,,,169,2.000,0.3901,0.0000,2,11.145,,,11.155,infaisable
hd07_039,living+kitchen+bedroom+bedroom+bedroom+bathroom+bathroom+hallway,etoile,8,pavage,16,0.00,False,True,8,0.0000,False,169,2.000,0.3901,0.0000,2,11.145,9.428689,0.8460,8.965,ok
hd07_039,living+kitchen+bedroom+bedroom+bedroom+bathroom+bathroom+hallway,etoile,8,pavage,16,0.25,False,False,,,,169,2.000,0.3901,0.0000,2,11.145,,,8.138,infaisable
hd07_039,living+kitchen+bedroom+bedroom+bedroom+bathroom+bathroom+hallway,etoile,8,pavage,16,1.00,False,False,,,,169,2.000,0.3901,0.0000,2,11.145,,,6.975,infaisable
hd07_039,living+kitchen+bedroom+bedroom+bedroom+bathroom+bathroom+hallway,etoile,8,pavage,16,1.80,False,False,,,,169,2.000,0.3901,0.0000,2,11.145,,,6.014,infaisable
