plan_id,programme,graphe,n_pieces,mode,budget,largeur_min,valide_avant,valide_apres,n_pieces_apres,cote_min_apres,intact,cellules,recouvrements_avant,part_jour_avant,part_trou_avant,morceaux_avant,cote_m,deplacement_max_m,deplacement_relatif,temps_ms,statut
hd00_000,living+kitchen+bedroom+bathroom,plausible,4,base,,0.50,False,False,,,,30,0.500,0.1759,0.0000,3,9.918,,,5.190,invariant_viole
hd00_000,living+kitchen+bedroom+bathroom,plausible,4,pavage,0,0.50,False,False,,,,30,0.500,0.1759,0.0000,3,9.918,,,0.768,trame
hd00_000,living+kitchen+bedroom+bathroom,plausible,4,pavage,4,0.50,False,False,,,,30,0.500,0.1759,0.0000,3,9.918,,,3.144,infaisable
hd00_000,living+kitchen+bedroom+bathroom,plausible,4,pavage,8,0.50,False,False,,,,30,0.500,0.1759,0.0000,3,9.918,,,2.982,infaisable
hd00_000,living+kitchen+bedroom+bathroom,plausible,4,pavage,16,0.50,False,False,,,,30,0.500,0.1759,0.0000,3,9.918,,,4.506,infaisable
hd00_000,living+kitchen+bedroom+bathroom,plausible,4,pavage,16,0.00,False,True,4,0.0000,False,30,0.500,0.1759,0.0000,3,9.918,3.290091,0.3317,3.856,ok
hd00_000,living+kitchen+bedroom+bathroom,plausible,4,pavage,16,0.25,False,False,,,,30,0.500,0.1759,0.0000,3,9.918,,,5.159,infaisable
hd00_000,living+kitchen+bedroom+bathroom,plausible,4,pavage,16,1.00,False,False,,,,30,0.500,0.1759,0.0000,3,9.918,,,5.354,infaisable
hd00_000,living+kitchen+bedroom+bathroom,plausible,4,pavage,16,1.80,False,False,,,,30,0.500,0.1759,0.0000,3,9.918,,,5.413,infaisable
hd00_001,living+kitchen+bedroom+bathroom,plausible,4,base,,0.50,False,False,,,,42,0.500,0.2309,0.0000,3,8.984,,,2.822,invariant_viole
hd00_001,living+kitchen+bedroom+bathroom,plausible,4,pavage,0,0.50,False,False,,,,42,0.500,0.2309,0.0000,3,8.984,,,0.944,trame
hd00_001,living+kitchen+bedroom+bathroom,plausible,4,pavage,4,0.50,False,True,4,0.9048,True,42,0.500,0.2309,0.0000,3,8.984,7.320452,0.8149,4.504,ok
hd00_001,living+kitchen+bedroom+bathroom,plausible,4,pavage,8,0.50,False,True,4,0.9048,True,42,0.500,0.2309,0.0000,3,8.984,7.320452,0.8149,3.534,ok
hd00_001,living+kitchen+bedroom+bathroom,plausible,4,pavage,16,0.50,False,True,4,0.9048,True,42,0.500,0.2309,0.0000,3,8.984,7.320452,0.8149,2.672,ok
hd00_001,living+kitchen+bedroom+bathroom,plausible,4,pavage,16,0.00,False,True,4,0.9048,True,42,0.500,0.2309,0.0000,3,8.984,7.320452,0.8149,2.629,ok
hd00_001,living+kitchen+bedroom+bathroom,plausible,4,pavage,16,0.25,False,True,4,0.9048,True,42,0.500,0.2309,0.0000,3,8.984,7.320452,0.8149,2.516,ok
hd00_001,living+kitchen+bedroom+bathroom,plausible,4,pavage,16,1.00,False,True,4,1.0000,True,42,0.500,0.2309,0.0000,3,8.984,7.320452,0.8149,3.918,ok
hd00_001,living+kitchen+bedroom+bathroom,plausible,4,pavage,16,1.80,False,True,4,1.8000,True,42,0.500,0.2309,0.0000,3,8.984,7.320452,0.8149,3.836,ok
hd00_002,living+kitchen+bedroom+bathroom,plausible,4,base,,0.50,False,False,,,,42,0.000,0.3499,0.0000,4,8.368,,,1.903,invariant_viole
hd00_002,living+kitchen+bedroom+bathroom,plausible,4,pavage,0,0.50,False,False,,,,42,0.000,0.3499,0.0000,4,8.368,,,0.636,trame
hd00_002,living+kitchen+bedroom+bathroom,plausible,4,pavage,4,0.50,False,True,4,0.9048,True,42,0.000,0.3499,0.0000,4,8.368,6.004416,0.7176,2.669,ok
hd00_002,living+kitchen+bedroom+bathroom,plausible,4,pavage,8,0.50,False,True,4,0.9048,True,42,0.000,0.3499,0.0000,4,8.368,6.004416,0.7176,5.174,ok
hd00_002,living+kitchen+bedroom+bathroom,plausible,4,pavage,16,0.50,False,True,4,0.9048,True,42,0.000,0.3499,0.0000,4,8.368,6.004416,0.7176,4.774,ok
hd00_002,living+kitchen+bedroom+bathroom,plausible,4,pavage,16,0.00,False,True,4,0.9048,True,42,0.000,0.3499,0.0000,4,8.368,6.004416,0.7176,2.980,ok
hd00_002,living+kitchen+bedroom+bathroom,plausible,4,pavage,16,0.25,False,True,4,0.9048,True,42,0.000,0.3499,0.0000,4,8.368,6.004416,0.7176,2.805,ok
hd00_002,living+kitchen+bedroom+bathroom,plausible,4,pavage,16,1.00,False,True,4,1.0000,True,42,0.000,0.3499,0.0000,4,8.368,6.004416,0.7176,3.486,ok
hd00_002,living+kitchen+bedroom+bathroom,plausible,4,pavage,16,1.80,False,True,4,1.8000,True,42,0.000,0.3499,0.0000,4,8.368,5.675407,0.6783,2.715,ok
hd00_003,living+kitchen+bedroom+bathroom,plausible,4,base,,0.50,False,False,,,,24,1.000,0.1957,0.0000,2,7.555,,,1.921,invariant_viole
hd00_003,living+kitchen+bedroom+bathroom,plausible,4,pavage,0,0.50,False,False,,,,24,1.000,0.1957,0.0000,2,7.555,,,0.581,trame
hd00_003,living+kitchen+bedroom+bathroom,plausible,4,pavage,4,0.50,False,False,,,,24,1.000,0.1957,0.0000,2,7.555,,,2.407,infaisable
hd00_003,living+kitchen+bedroom+bathroom,plausible,4,pavage,8,0.50,False,False,,,,24,1.000,0.1957,0.0000,2,7.555,,,2.463,infaisable
hd00_003,living+kitchen+bedroom+bathroom,plausible,4,pavage,16,0.50,False,False,,,,24,1.000,0.1957,0.0000,2,7.555,,,3.552,infaisable
hd00_003,living+kitchen+bedroom+bathroom,plausible,4,pavage,16,0.00,False,True,4,0.0000,False,24,1.000,0.1957,0.0000,2,7.555,2.303064,0.3048,3.584,ok
hd00_003,living+kitchen+bedroom+bathroom,plausible,4,pavage,16,0.25,False,False,,,,24,1.000,0.1957,0.0000,2,7.555,,,3.861,infaisable
hd00_003,living+kitchen+bedroom+bathroom,plausible,4,pavage,16,1.00,False,False,,,,24,1.000,0.1957,0.0000,2,7.555,,,2.511,infaisable
hd00_003,living+kitchen+bedroom+bathroom,plausible,4,pavage,16,1.80,False,False,,,,24,1.000,0.1957,0.0000,2,7.555,,,3.099,infaisable
hd00_004,living+kitchen+bedroom+bathroom,plausible,4,base,,0.50,False,False,,,,35,0.500,0.2085,0.0000,3,9.315,,,1.824,invariant_viole
hd00_004,living+kitchen+bedroom+bathroom,plausible,4,pavage,0,0.50,False,False,,,,35,0.500,0.2085,0.0000,3,9.315,,,0.585,trame
hd00_004,living+kitchen+bedroom+bathroom,plausible,4,pavage,4,0.50,False,False,,,,35,0.500,0.2085,0.0000,3,9.315,,,0.762,trame
hd00_004,living+kitchen+bedroom+bathroom,plausible,4,pavage,8,0.50,False,False,,,,35,0.500,0.2085,0.0000,3,9.315,,,2.601,infaisable
hd00_004,living+kitchen+bedroom+bathroom,plausible,4,pavage,16,0.50,False,False,,,,35,0.500,0.2085,0.0000,3,9.315,,,2.840,infaisable
hd00_004,living+kitchen+bedroom+bathroom,plausible,4,pavage,16,0.00,False,False,,,,35,0.500,0.2085,0.0000,3,9.315,,,2.873,infaisable
hd00_004,living+kitchen+bedroom+bathroom,plausible,4,pavage,16,0.25,False,False,,,,35,0.500,0.2085,0.0000,3,9.315,,,4.012,infaisable
hd00_004,living+kitchen+bedroom+bathroom,plausible,4,pavage,16,1.00,False,False,,,,35,0.500,0.2085,0.0000,3,9.315,,,6.079,infaisable
hd00_004,living+kitchen+bedroom+bathroom,plausible,4,pavage,16,1.80,False,False,,,,35,0.500,0.2085,0.0000,3,9.315,,,5.598,infaisable
hd00_005,living+kitchen+bedroom+bathroom,plausible,4,base,,0.50,False,False,,,,49,0.500,0.4625,0.0000,3,9.423,,,3.253,invariant_viole
hd00_005,living+kitchen+bedroom+bathroom,plausible,4,pavage,0,0.50,False,False,,,,49,0.500,0.4625,0.0000,3,9.423,,,1.273,trame
hd00_005,living+kitchen+bedroom+bathroom,plausible,4,pavage,4,0.50,False,True,4,1.3160,True,49,0.500,0.4625,0.0000,3,9.423,5.017389,0.5325,3.234,ok
hd00_005,living+kitchen+bedroom+bathroom,plausible,4,pavage,8,0.50,False,True,4,1.3160,True,49,0.500,0.4625,0.0000,3,9.423,5.017389,0.5325,3.406,ok
hd00_005,living+kitchen+bedroom+bathroom,plausible,4,pavage,16,0.50,False,True,4,1.3160,True,49,0.500,0.4625,0.0000,3,9.423,5.017389,0.5325,3.024,ok
hd00_005,living+kitchen+bedroom+bathroom,plausible,4,pavage,16,0.00,False,True,4,1.3160,True,49,0.500,0.4625,0.0000,3,9.423,5.017389,0.5325,4.446,ok
hd00_005,living+kitchen+bedroom+bathroom,plausible,4,pavage,16,0.25,False,True,4,1.3160,True,49,0.500,0.4625,0.0000,3,9.423,5.017389,0.5325,3.284,ok
hd00_005,living+kitchen+bedroom+bathroom,plausible,4,pavage,16,1.00,False,True,4,1.3160,True,49,0.500,0.4625,0.0000,3,9.423,5.017389,0.5325,3.228,ok
hd00_005,living+kitchen+bedroom+bathroom,plausible,4,pavage,16,1.80,False,True,4,1.8000,True,49,0.500,0.4625,0.0000,3,9.423,4.533425,0.4811,2.355,ok
hd00_006,living+kitchen+bedroom+bathroom,plausible,4,base,,0.50,False,False,,,,49,0.500,0.3126,0.0000,3,9.094,,,1.890,invariant_viole
hd00_006,living+kitchen+bedroom+bathroom,plausible,4,pavage,0,0.50,False,False,,,,49,0.500,0.3126,0.0000,3,9.094,,,0.765,trame
hd00_006,living+kitchen+bedroom+bathroom,plausible,4,pavage,4,0.50,False,True,4,0.9048,True,49,0.500,0.3126,0.0000,3,9.094,10.199282,1.1215,2.945,ok
hd00_006,living+kitchen+bedroom+bathroom,plausible,4,pavage,8,0.50,False,True,4,0.9048,True,49,0.500,0.3126,0.0000,3,9.094,10.199282,1.1215,2.533,ok
hd00_006,living+kitchen+bedroom+bathroom,plausible,4,pavage,16,0.50,False,True,4,0.9048,True,49,0.500,0.3126,0.0000,3,9.094,10.199282,1.1215,2.456,ok
hd00_006,living+kitchen+bedroom+bathroom,plausible,4,pavage,16,0.00,False,True,4,0.9048,True,49,0.500,0.3126,0.0000,3,9.094,10.199282,1.1215,2.634,ok
hd00_006,living+kitchen+bedroom+bathroom,plausible,4,pavage,16,0.25,False,True,4,0.9048,True,49,0.500,0.3126,0.0000,3,9.094,10.199282,1.1215,2.478,ok
hd00_006,living+kitchen+bedroom+bathroom,plausible,4,pavage,16,1.00,False,True,4,1.0000,True,49,0.500,0.3126,0.0000,3,9.094,10.199282,1.1215,3.673,ok
hd00_006,living+kitchen+bedroom+bathroom,plausible,4,pavage,16,1.80,False,True,4,1.8000,True,49,0.500,0.3126,0.0000,3,9.094,10.199282,1.1215,2.813,ok
hd00_007,living+kitchen+bedroom+bathroom,plausible,4,base,,0.50,False,False,,,,42,1.000,0.2861,0.0000,2,8.981,,,3.050,invariant_viole
hd00_007,living+kitchen+bedroom+bathroom,plausible,4,pavage,0,0.50,False,False,,,,42,1.000,0.2861,0.0000,2,8.981,,,0.686,trame
hd00_007,living+kitchen+bedroom+bathroom,plausible,4,pavage,4,0.50,False,False,,,,42,1.000,0.2861,0.0000,2,8.981,,,0.786,trame
hd00_007,living+kitchen+bedroom+bathroom,plausible,4,pavage,8,0.50,False,False,,,,42,1.000,0.2861,0.0000,2,8.981,,,0.887,trame
hd00_007,living+kitchen+bedroom+bathroom,plausible,4,pavage,16,0.50,False,False,,,,42,1.000,0.2861,0.0000,2,8.981,,,0.784,trame
hd00_007,living+kitchen+bedroom+bathroom,plausible,4,pavage,16,0.00,False,False,,,,42,1.000,0.2861,0.0000,2,8.981,,,0.762,trame
hd00_007,living+kitchen+bedroom+bathroom,plausible,4,pavage,16,0.25,False,False,,,,42,1.000,0.2861,0.0000,2,8.981,,,0.775,trame
hd00_007,living+kitchen+bedroom+bathroom,plausible,4,pavage,16,1.00,False,False,,,,42,1.000,0.2861,0.0000,2,8.981,,,1.028,trame
hd00_007,living+kitchen+bedroom+bathroom,plausible,4,pavage,16,1.80,False,False,,,,42,1.000,0.2861,0.0000,2,8.981,,,1.054,trame
hd00_008,living+kitchen+bedroom+bathroom,plausible,4,base,,0.50,False,False,,,,24,0.500,0.3696,0.0000,3,9.918,,,2.198,invariant_viole
hd00_008,living+kitchen+bedroom+bathroom,plausible,4,pavage,0,0.50,False,False,,,,24,0.500,0.3696,0.0000,3,9.918,,,0.572,trame
hd00_008,living+kitchen+bedroom+bathroom,plausible,4,pavage,4,0.50,False,False,,,,24,0.500,0.3696,0.0000,3,9.918,,,2.573,infaisable
hd00_008,living+kitchen+bedroom+bathroom,plausible,4,pavage,8,0.50,False,False,,,,24,0.500,0.3696,0.0000,3,9.918,,,2.531,infaisable
hd00_008,living+kitchen+bedroom+bathroom,plausible,4,pavage,16,0.50,False,False,,,,24,0.500,0.3696,0.0000,3,9.918,,,3.751,infaisable
hd00_008,living+kitchen+bedroom+bathroom,plausible,4,pavage,16,0.00,False,True,4,0.0000,False,24,0.500,0.3696,0.0000,3,9.918,5.264145,0.5307,2.876,ok
hd00_008,living+kitchen+bedroom+bathroom,plausible,4,pavage,16,0.25,False,False,,,,24,0.500,0.3696,0.0000,3,9.918,,,2.651,infaisable
hd00_008,living+kitchen+bedroom+bathroom,plausible,4,pavage,16,1.00,False,False,,,,24,0.500,0.3696,0.0000,3,9.918,,,2.872,infaisable
hd00_008,living+kitchen+bedroom+bathroom,plausible,4,pavage,16,1.80,False,False,,,,24,0.500,0.3696,0.0000,3,9.918,,,2.532,infaisable
hd00_009,living+kitchen+bedroom+bathroom,plausible,4,base,,0.50,False,False,,,,21,0.000,0.3322,0.0000,4,9.205,,,1.728,invariant_viole
hd00_009,living+kitchen+bedroom+bathroom,plausible,4,pavage,0,0.50,False,False,,,,21,0.000,0.3322,0.0000,4,9.205,,,0.557,trame
hd00_009,living+kitchen+bedroom+bathroom,plausible,4,pavage,4,0.50,False,True,4,2.8788,True,21,0.000,0.3322,0.0000,4,9.205,4.688380,0.5093,2.668,ok
hd00_009,living+kitchen+bedroom+bathroom,plausible,4,pavage,8,0.50,False,True,4,2.8788,True,21,0.000,0.3322,0.0000,4,9.205,4.688380,0.5093,2.865,ok
hd00_009,living+kitchen+bedroom+bathroom,plausible,4,pavage,16,0.50,False,True,4,2.8788,True,21,0.000,0.3322,0.0000,4,9.205,4.688380,0.5093,2.768,ok
hd00_009,living+kitchen+bedroom+bathroom,plausible,4,pavage,16,0.00,False,True,4,2.8788,True,21,0.000,0.3322,0.0000,4,9.205,4.688380,0.5093,2.800,ok
hd00_009,living+kitchen+bedroom+bathroom,plausible,4,pavage,16,0.25,False,True,4,2.8788,True,21,0.000,0.3322,0.0000,4,9.205,4.688380,0.5093,2.584,ok
hd00_009,living+kitchen+bedroom+bathroom,plausible,4,pavage,16,1.00,False,True,4,2.8788,True,21,0.000,0.3322,0.0000,4,9.205,4.688380,0.5093,2.730,ok
hd00_009,living+kitchen+bedroom+bathroom,plausible,4,pavage,16,1.80,False,True,4,2.8788,True,21,0.000,0.3322,0.0000,4,9.205,4.688380,0.5093,3.904,ok
hd00_010,living+kitchen+bedroom+bathroom,plausible,4,base,,0.50,False,False,,,,30,1.000,0.1741,0.0000,2,9.452,,,2.730,invariant_viole
hd00_010,living+kitchen+bedroom+bathroom,plausible,4,pavage,0,0.50,False,False,,,,30,1.000,0.1741,0.0000,2,9.452,,,0.792,trame
hd00_010,living+kitchen+bedroom+bathroom,plausible,4,pavage,4,0.50,False,False,,,,30,1.000,0.1741,0.0000,2,9.452,,,4.620,infaisable
hd00_010,living+kitchen+bedroom+bathroom,plausible,4,pavage,8,0.50,False,False,,,,30,1.000,0.1741,0.0000,2,9.452,,,3.646,infaisable
hd00_010,living+kitchen+bedroom+bathroom,plausible,4,pavage,16,0.50,False,False,,,,30,1.000,0.1741,0.0000,2,9.452,,,3.214,infaisable
hd00_010,living+kitchen+bedroom+bathroom,plausible,4,pavage,16,0.00,False,True,4,0.0000,False,30,1.000,0.1741,0.0000,2,9.452,6.251173,0.6614,2.812,ok
hd00_010,living+kitchen+bedroom+bathroom,plausible,4,pavage,16,0.25,False,False,,,,30,1.000,0.1741,0.0000,2,9.452,,,2.533,infaisable
hd00_010,living+kitchen+bedroom+bathroom,plausible,4,pavage,16,1.00,False,False,,,,30,1.000,0.1741,0.0000,2,9.452,,,2.582,infaisable
hd00_010,living+kitchen+bedroom+bathroom,plausible,4,pavage,16,1.80,False,False,,,,30,1.000,0.1741,0.0000,2,9.452,,,2.724,infaisable
hd00_011,living+kitchen+bedroom+bathroom,plausible,4,base,,0.50,False,False,,,,42,0.500,0.2587,0.0000,3,8.753,,,2.055,invariant_viole
hd00_011,living+kitchen+bedroom+bathroom,plausible,4,pavage,0,0.50,False,False,,,,42,0.500,0.2587,0.0000,3,8.753,,,0.718,trame
hd00_011,living+kitchen+bedroom+bathroom,plausible,4,pavage,4,0.50,False,False,,,,42,0.500,0.2587,0.0000,3,8.753,,,3.315,infaisable
hd00_011,living+kitchen+bedroom+bathroom,plausible,4,pavage,8,0.50,False,False,,,,42,0.500,0.2587,0.0000,3,8.753,,,2.681,infaisable
hd00_011,living+kitchen+bedroom+bathroom,plausible,4,pavage,16,0.50,False,False,,,,42,0.500,0.2587,0.0000,3,8.753,,,2.661,infaisable
hd00_011,living+kitchen+bedroom+bathroom,plausible,4,pavage,16,0.00,False,True,4,0.0000,False,42,0.500,0.2587,0.0000,3,8.753,5.346398,0.6108,2.979,ok
hd00_011,living+kitchen+bedroom+bathroom,plausible,4,pavage,16,0.25,False,False,,,,42,0.500,0.2587,0.0000,3,8.753,,,2.639,infaisable
hd00_011,living+kitchen+bedroom+bathroom,plausible,4,pavage,16,1.00,False,False,,,,42,0.500,0.2587,0.0000,3,8.753,,,2.554,infaisable
hd00_011,living+kitchen+bedroom+bathroom,plausible,4,pavage,16,1.80,False,False,,,,42,0.500,0.2587,0.0000,3,8.753,,,2.536,infaisable
hd00_012,living+kitchen+bedroom+bathroom,plausible,4,base,,0.50,False,False,,,,42,0.500,0.5490,0.0000,3,8.835,,,1.922,invariant_viole
hd00_012,living+kitchen+bedroom+bathroom,plausible,4,pavage,0,0.50,False,False,,,,42,0.500,0.5490,0.0000,3,8.835,,,0.605,trame
hd00_012,living+kitchen+bedroom+bathroom,plausible,4,pavage,4,0.50,False,False,,,,42,0.500,0.5490,0.0000,3,8.835,,,2.665,infaisable
hd00_012,living+kitchen+bedroom+bathroom,plausible,4,pavage,8,0.50,False,False,,,,42,0.500,0.5490,0.0000,3,8.835,,,2.963,infaisable
hd00_012,living+kitchen+bedroom+bathroom,plausible,4,pavage,16,0.50,False,False,,,,42,0.500,0.5490,0.0000,3,8.835,,,2.636,infaisable
hd00_012,living+kitchen+bedroom+bathroom,plausible,4,pavage,16,0.00,False,True,4,0.0000,False,42,0.500,0.5490,0.0000,3,8.835,4.935136,0.5586,2.533,ok
hd00_012,living+kitchen+bedroom+bathroom,plausible,4,pavage,16,0.25,False,False,,,,42,0.500,0.5490,0.0000,3,8.835,,,2.549,infaisable
hd00_012,living+kitchen+bedroom+bathroom,plausible,4,pavage,16,1.00,False,False,,,,42,0.500,0.5490,0.0000,3,8.835,,,2.531,infaisable
hd00_012,living+kitchen+bedroom+bathroom,plausible,4,pavage,16,1.80,False,False,,,,42,0.500,0.5490,0.0000,3,8.835,,,3.197,infaisable
hd00_013,living+kitchen+bedroom+bathroom,plausible,4,base,,0.50,False,False,,,,18,0.500,0.1214,0.0000,3,8.466,,,1.835,invariant_viole
hd00_013,living+kitchen+bedroom+bathroom,plausible,4,pavage,0,0.50,False,False,,,,18,0.500,0.1214,0.0000,3,8.466,,,0.583,trame
hd00_013,living+kitchen+bedroom+bathroom,plausible,4,pavage,4,0.50,False,False,,,,18,0.500,0.1214,0.0000,3,8.466,,,3.152,infaisable
hd00_013,living+kitchen+bedroom+bathroom,plausible,4,pavage,8,0.50,False,False,,,,18,0.500,0.1214,0.0000,3,8.466,,,2.968,infaisable
hd00_013,living+kitchen+bedroom+bathroom,plausible,4,pavage,16,0.50,False,False,,,,18,0.500,0.1214,0.0000,3,8.466,,,2.479,infaisable
hd00_013,living+kitchen+bedroom+bathroom,plausible,4,pavage,16,0.00,False,True,4,0.0000,False,18,0.500,0.1214,0.0000,3,8.466,2.632073,0.3109,5.165,ok
hd00_013,living+kitchen+bedroom+bathroom,plausible,4,pavage,16,0.25,False,False,,,,18,0.500,0.1214,0.0000,3,8.466,,,3.754,infaisable
hd00_013,living+kitchen+bedroom+bathroom,plausible,4,pavage,16,1.00,False,False,,,,18,0.500,0.1214,0.0000,3,8.466,,,3.011,infaisable
hd00_013,living+kitchen+bedroom+bathroom,plausible,4,pavage,16,1.80,False,False,,,,18,0.500,0.1214,0.0000,3,8.466,,,3.582,infaisable
hd00_014,living+kitchen+bedroom+bathroom,plausible,4,base,,0.50,False,False,,,,35,0.500,0.5611,0.0000,3,11.925,,,2.221,invariant_viole
hd00_014,living+kitchen+bedroom+bathroom,plausible,4,pavage,0,0.50,False,False,,,,35,0.500,0.5611,0.0000,3,11.925,,,0.645,trame
hd00_014,living+kitchen+bedroom+bathroom,plausible,4,pavage,4,0.50,False,False,,,,35,0.500,0.5611,0.0000,3,11.925,,,3.182,infaisable
hd00_014,living+kitchen+bedroom+bathroom,plausible,4,pavage,8,0.50,False,False,,,,35,0.500,0.5611,0.0000,3,11.925,,,2.756,infaisable
hd00_014,living+kitchen+bedroom+bathroom,plausible,4,pavage,16,0.50,False,False,,,,35,0.500,0.5611,0.0000,3,11.925,,,2.639,infaisable
hd00_014,living+kitchen+bedroom+bathroom,plausible,4,pavage,16,0.00,False,True,4,0.0000,False,35,0.500,0.5611,0.0000,3,11.925,6.909191,0.5794,2.566,ok
hd00_014,living+kitchen+bedroom+bathroom,plausible,4,pavage,16,0.25,False,False,,,,35,0.500,0.5611,0.0000,3,11.925,,,3.505,infaisable
hd00_014,living+kitchen+bedroom+bathroom,plausible,4,pavage,16,1.00,False,False,,,,35,0.500,0.5611,0.0000,3,11.925,,,2.801,infaisable
hd00_014,living+kitchen+bedroom+bathroom,plausible,4,pavage,16,1.80,False,False,,,,35,0.500,0.5611,0.0000,3,11.925,,,2.640,infaisable
hd00_015,living+kitchen+bedroom+bathroom,plausible,4,base,,0.50,False,False,,,,35,0.500,0.3809,0.0000,3,8.842,,,1.883,invariant_viole
hd00_015,living+kitchen+bedroom+bathroom,plausible,4,pavage,0,0.50,False,False,,,,35,0.500,0.3809,0.0000,3,8.842,,,0.616,trame
hd00_015,living+kitchen+bedroom+bathroom,plausible,4,pavage,4,0.50,False,False,,,,35,0.500,0.3809,0.0000,3,8.842,,,0.764,trame
hd00_015,living+kitchen+bedroom+bathroom,plausible,4,pavage,8,0.50,False,False,,,,35,0.500,0.3809,0.0000,3,8.842,,,0.724,trame
hd00_015,living+kitchen+bedroom+bathroom,plausible,4,pavage,16,0.50,False,False,,,,35,0.500,0.3809,0.0000,3,8.842,,,0.813,trame
hd00_015,living+kitchen+bedroom+bathroom,plausible,4,pavage,16,0.00,False,False,,,,35,0.500,0.3809,0.0000,3,8.842,,,0.737,trame
hd00_015,living+kitchen+bedroom+bathroom,plausible,4,pavage,16,0.25,False,False,,,,35,0.500,0.3809,0.0000,3,8.842,,,0.965,trame
hd00_015,living+kitchen+bedroom+bathroom,plausible,4,pavage,16,1.00,False,False,,,,35,0.500,0.3809,0.0000,3,8.842,,,0.890,trame
hd00_015,living+kitchen+bedroom+bathroom,plausible,4,pavage,16,1.80,False,False,,,,35,0.500,0.3809,0.0000,3,8.842,,,0.809,trame
hd00_016,living+kitchen+bedroom+bathroom,plausible,4,base,,0.50,False,False,,,,35,0.000,0.6571,0.0000,4,9.452,,,1.944,invariant_viole
hd00_016,living+kitchen+bedroom+bathroom,plausible,4,pavage,0,0.50,False,False,,,,35,0.000,0.6571,0.0000,4,9.452,,,0.567,trame
hd00_016,living+kitchen+bedroom+bathroom,plausible,4,pavage,4,0.50,False,False,,,,35,0.000,0.6571,0.0000,4,9.452,,,0.750,trame
hd00_016,living+kitchen+bedroom+bathroom,plausible,4,pavage,8,0.50,False,False,,,,35,0.000,0.6571,0.0000,4,9.452,,,2.664,infaisable
hd00_016,living+kitchen+bedroom+bathroom,plausible,4,pavage,16,0.50,False,False,,,,35,0.000,0.6571,0.0000,4,9.452,,,2.734,infaisable
hd00_016,living+kitchen+bedroom+bathroom,plausible,4,pavage,16,0.00,False,True,4,0.0000,False,35,0.000,0.6571,0.0000,4,9.452,10.528291,1.1139,2.581,ok
hd00_016,living+kitchen+bedroom+bathroom,plausible,4,pavage,16,0.25,False,False,,,,35,0.000,0.6571,0.0000,4,9.452,,,4.949,infaisable
hd00_016,living+kitchen+bedroom+bathroom,plausible,4,pavage,16,1.00,False,False,,,,35,0.000,0.6571,0.0000,4,9.452,,,3.644,infaisable
hd00_016,living+kitchen+bedroom+bathroom,plausible,4,pavage,16,1.80,False,False,,,,35,0.000,0.6571,0.0000,4,9.452,,,2.934,infaisable
hd00_017,living+kitchen+bedroom+bathroom,plausible,4,base,,0.50,False,False,,,,36,0.500,0.2064,0.0000,3,8.116,,,2.030,invariant_viole
hd00_017,living+kitchen+bedroom+bathroom,plausible,4,pavage,0,0.50,False,False,,,,36,0.500,0.2064,0.0000,3,8.116,,,0.621,trame
hd00_017,living+kitchen+bedroom+bathroom,plausible,4,pavage,4,0.50,False,True,4,0.6580,True,36,0.500,0.2064,0.0000,3,8.116,3.948109,0.4864,3.303,ok
hd00_017,living+kitchen+bedroom+bathroom,plausible,4,pavage,8,0.50,False,True,4,0.6580,True,36,0.500,0.2064,0.0000,3,8.116,3.948109,0.4864,2.663,ok
hd00_017,living+kitchen+bedroom+bathroom,plausible,4,pavage,16,0.50,False,True,4,0.6580,True,36,0.500,0.2064,0.0000,3,8.116,3.948109,0.4864,2.529,ok
hd00_017,living+kitchen+bedroom+bathroom,plausible,4,pavage,16,0.00,False,True,4,0.6580,True,36,0.500,0.2064,0.0000,3,8.116,3.948109,0.4864,2.484,ok
hd00_017,living+kitchen+bedroom+bathroom,plausible,4,pavage,16,0.25,False,True,4,0.6580,True,36,0.500,0.2064,0.0000,3,8.116,3.948109,0.4864,2.513,ok
hd00_017,living+kitchen+bedroom+bathroom,plausible,4,pavage,16,1.00,False,True,4,1.0000,True,36,0.500,0.2064,0.0000,3,8.116,3.948109,0.4864,2.556,ok
hd00_017,living+kitchen+bedroom+bathroom,plausible,4,pavage,16,1.80,False,True,4,1.8000,True,36,0.500,0.2064,0.0000,3,8.116,3.948109,0.4864,3.343,ok
hd00_018,living+kitchen+bedroom+bathroom,plausible,4,base,,0.50,False,False,,,,15,0.500,0.1266,0.0000,3,6.819,,,1.824,invariant_viole
hd00_018,living+kitchen+bedroom+bathroom,plausible,4,pavage,0,0.50,False,False,,,,15,0.500,0.1266,0.0000,3,6.819,,,0.560,trame
hd00_018,living+kitchen+bedroom+bathroom,plausible,4,pavage,4,0.50,False,False,,,,15,0.500,0.1266,0.0000,3,6.819,,,2.824,infaisable
hd00_018,living+kitchen+bedroom+bathroom,plausible,4,pavage,8,0.50,False,False,,,,15,0.500,0.1266,0.0000,3,6.819,,,2.594,infaisable
hd00_018,living+kitchen+bedroom+bathroom,plausible,4,pavage,16,0.50,False,False,,,,15,0.500,0.1266,0.0000,3,6.819,,,2.546,infaisable
hd00_018,living+kitchen+bedroom+bathroom,plausible,4,pavage,16,0.00,False,True,4,0.0000,False,15,0.500,0.1266,0.0000,3,6.819,2.303064,0.3377,2.936,ok
hd00_018,living+kitchen+bedroom+bathroom,plausible,4,pavage,16,0.25,False,False,,,,15,0.500,0.1266,0.0000,3,6.819,,,2.872,infaisable
hd00_018,living+kitchen+bedroom+bathroom,plausible,4,pavage,16,1.00,False,False,,,,15,0.500,0.1266,0.0000,3,6.819,,,2.851,infaisable
hd00_018,living+kitchen+bedroom+bathroom,plausible,4,pavage,16,1.80,False,False,,,,15,0.500,0.1266,0.0000,3,6.819,,,2.783,infaisable
hd00_019,living+kitchen+bedroom+bathroom,plausible,4,base,,0.50,False,False,,,,24,1.000,0.3774,0.0000,2,10.730,,,1.780,invariant_viole
hd00_019,living+kitchen+bedroom+bathroom,plausible,4,pavage,0,0.50,False,False,,,,24,1.000,0.3774,0.0000,2,10.730,,,0.587,trame
hd00_019,living+kitchen+bedroom+bathroom,plausible,4,pavage,4,0.50,False,False,,,,24,1.000,0.3774,0.0000,2,10.730,,,2.829,infaisable
hd00_019,living+kitchen+bedroom+bathroom,plausible,4,pavage,8,0.50,False,False,,,,24,1.000,0.3774,0.0000,2,10.730,,,2.853,infaisable
hd00_019,living+kitchen+bedroom+bathroom,plausible,4,pavage,16,0.50,False,False,,,,24,1.000,0.3774,0.0000,2,10.730,,,2.548,infaisable
hd00_019,living+kitchen+bedroom+bathroom,plausible,4,pavage,16,0.00,False,True,4,0.0000,False,24,1.000,0.3774,0.0000,2,10.730,7.896218,0.7359,2.416,ok
hd00_019,living+kitchen+bedroom+bathroom,plausible,4,pavage,16,0.25,False,False,,,,24,1.000,0.3774,0.0000,2,10.730,,,2.489,infaisable
hd00_019,living+kitchen+bedroom+bathroom,plausible,4,pavage,16,1.00,False,False,,,,24,1.000,0.3774,0.0000,2,10.730,,,2.546,infaisable
hd00_019,living+kitchen+bedroom+bathroom,plausible,4,pavage,16,1.80,False,False,,,,24,1.000,0.3774,0.0000,2,10.730,,,3.865,infaisable
hd00_020,living+kitchen+bedroom+bathroom,plausible,4,base,,0.50,False,False,,,,28,0.000,0.4050,0.0000,4,8.597,,,2.690,invariant_viole
hd00_020,living+kitchen+bedroom+bathroom,plausible,4,pavage,0,0.50,False,False,,,,28,0.000,0.4050,0.0000,4,8.597,,,0.712,trame
hd00_020,living+kitchen+bedroom+bathroom,plausible,4,pavage,4,0.50,False,True,4,2.8788,True,28,0.000,0.4050,0.0000,4,8.597,3.701352,0.4305,3.934,ok
hd00_020,living+kitchen+bedroom+bathroom,plausible,4,pavage,8,0.50,False,True,4,2.8788,True,28,0.000,0.4050,0.0000,4,8.597,3.701352,0.4305,3.130,ok
hd00_020,living+kitchen+bedroom+bathroom,plausible,4,pavage,16,0.50,False,True,4,2.8788,True,28,0.000,0.4050,0.0000,4,8.597,3.701352,0.4305,3.013,ok
hd00_020,living+kitchen+bedroom+bathroom,plausible,4,pavage,16,0.00,False,True,4,2.8788,True,28,0.000,0.4050,0.0000,4,8.597,3.701352,0.4305,2.625,ok
hd00_020,living+kitchen+bedroom+bathroom,plausible,4,pavage,16,0.25,False,True,4,2.8788,True,28,0.000,0.4050,0.0000,4,8.597,3.701352,0.4305,2.537,ok
hd00_020,living+kitchen+bedroom+bathroom,plausible,4,pavage,16,1.00,False,True,4,2.8788,True,28,0.000,0.4050,0.0000,4,8.597,3.701352,0.4305,2.582,ok
hd00_020,living+kitchen+bedroom+bathroom,plausible,4,pavage,16,1.80,False,True,4,2.8788,True,28,0.000,0.4050,0.0000,4,8.597,3.701352,0.4305,2.536,ok
hd00_021,living+kitchen+bedroom+bathroom,plausible,4,base,,0.50,False,False,,,,20,2.000,0.1573,0.0000,1,12.824,,,2.634,invariant_viole
hd00_021,living+kitchen+bedroom+bathroom,plausible,4,pavage,0,0.50,False,False,,,,20,2.000,0.1573,0.0000,1,12.824,,,0.604,trame
hd00_021,living+kitchen+bedroom+bathroom,plausible,4,pavage,4,0.50,False,False,,,,20,2.000,0.1573,0.0000,1,12.824,,,2.979,infaisable
hd00_021,living+kitchen+bedroom+bathroom,plausible,4,pavage,8,0.50,False,False,,,,20,2.000,0.1573,0.0000,1,12.824,,,2.896,infaisable
hd00_021,living+kitchen+bedroom+bathroom,plausible,4,pavage,16,0.50,False,False,,,,20,2.000,0.1573,0.0000,1,12.824,,,2.541,infaisable
hd00_021,living+kitchen+bedroom+bathroom,plausible,4,pavage,16,0.00,False,True,4,0.0000,False,20,2.000,0.1573,0.0000,1,12.824,6.004416,0.4682,2.991,ok
hd00_021,living+kitchen+bedroom+bathroom,plausible,4,pavage,16,0.25,False,False,,,,20,2.000,0.1573,0.0000,1,12.824,,,3.703,infaisable
hd00_021,living+kitchen+bedroom+bathroom,plausible,4,pavage,16,1.00,False,False,,,,20,2.000,0.1573,0.0000,1,12.824,,,3.291,infaisable
hd00_021,living+kitchen+bedroom+bathroom,plausible,4,pavage,16,1.80,False,False,,,,20,2.000,0.1573,0.0000,1,12.824,,,2.663,infaisable
hd00_022,living+kitchen+bedroom+bathroom,plausible,4,base,,0.50,False,False,,,,35,0.000,0.2101,0.0000,4,9.130,,,1.721,invariant_viole
hd00_022,living+kitchen+bedroom+bathroom,plausible,4,pavage,0,0.50,False,False,,,,35,0.000,0.2101,0.0000,4,9.130,,,0.576,trame
hd00_022,living+kitchen+bedroom+bathroom,plausible,4,pavage,4,0.50,False,False,,,,35,0.000,0.2101,0.0000,4,9.130,,,2.464,infaisable
hd00_022,living+kitchen+bedroom+bathroom,plausible,4,pavage,8,0.50,False,False,,,,35,0.000,0.2101,0.0000,4,9.130,,,3.084,infaisable
hd00_022,living+kitchen+bedroom+bathroom,plausible,4,pavage,16,0.50,False,False,,,,35,0.000,0.2101,0.0000,4,9.130,,,3.713,infaisable
hd00_022,living+kitchen+bedroom+bathroom,plausible,4,pavage,16,0.00,False,True,4,0.0000,False,35,0.000,0.2101,0.0000,4,9.130,4.606127,0.5045,3.264,ok
hd00_022,living+kitchen+bedroom+bathroom,plausible,4,pavage,16,0.25,False,False,,,,35,0.000,0.2101,0.0000,4,9.130,,,2.478,infaisable
hd00_022,living+kitchen+bedroom+bathroom,plausible,4,pavage,16,1.00,False,False,,,,35,0.000,0.2101,0.0000,4,9.130,,,2.501,infaisable
hd00_022,living+kitchen+bedroom+bathroom,plausible,4,pavage,16,1.80,False,False,,,,35,0.000,0.2101,0.0000,4,9.130,,,3.251,infaisable
hd00_023,living+kitchen+bedroom+bathroom,plausible,4,base,,0.50,False,False,,,,36,0.000,0.3765,0.0000,4,10.270,,,1.802,invariant_viole
hd00_023,living+kitchen+bedroom+bathroom,plausible,4,pavage,0,0.50,False,False,,,,36,0.000,0.3765,0.0000,4,10.270,,,0.593,trame
hd00_023,living+kitchen+bedroom+bathroom,plausible,4,pavage,4,0.50,False,False,,,,36,0.000,0.3765,0.0000,4,10.270,,,2.677,infaisable
hd00_023,living+kitchen+bedroom+bathroom,plausible,4,pavage,8,0.50,False,False,,,,36,0.000,0.3765,0.0000,4,10.270,,,4.148,infaisable
hd00_023,living+kitchen+bedroom+bathroom,plausible,4,pavage,16,0.50,False,False,,,,36,0.000,0.3765,0.0000,4,10.270,,,3.909,infaisable
hd00_023,living+kitchen+bedroom+bathroom,plausible,4,pavage,16,0.00,False,True,4,0.0000,False,36,0.000,0.3765,0.0000,4,10.270,9.212255,0.8970,3.838,ok
hd00_023,living+kitchen+bedroom+bathroom,plausible,4,pavage,16,0.25,False,False,,,,36,0.000,0.3765,0.0000,4,10.270,,,4.077,infaisable
hd00_023,living+kitchen+bedroom+bathroom,plausible,4,pavage,16,1.00,False,False,,,,36,0.000,0.3765,0.0000,4,10.270,,,2.813,infaisable
hd00_023,living+kitchen+bedroom+bathroom,plausible,4,pavage,16,1.80,False,False,,,,36,0.000,0.3765,0.0000,4,10.270,,,2.760,infaisable
hd00_024,living+kitchen+bedroom+bathroom,plausible,4,base,,0.50,False,False,,,,49,1.000,0.5687,0.0000,2,11.428,,,1.817,invariant_viole
hd00_024,living+kitchen+bedroom+bathroom,plausible,4,pavage,0,0.50,False,False,,,,49,1.000,0.5687,0.0000,2,11.428,,,0.603,trame
hd00_024,living+kitchen+bedroom+bathroom,plausible,4,pavage,4,0.50,False,False,,,,49,1.000,0.5687,0.0000,2,11.428,,,0.729,trame
hd00_024,living+kitchen+bedroom+bathroom,plausible,4,pavage,8,0.50,False,False,,,,49,1.000,0.5687,0.0000,2,11.428,,,2.614,infaisable
hd00_024,living+kitchen+bedroom+bathroom,plausible,4,pavage,16,0.50,False,False,,,,49,1.000,0.5687,0.0000,2,11.428,,,2.707,infaisable
hd00_024,living+kitchen+bedroom+bathroom,plausible,4,pavage,16,0.00,False,False,,,,49,1.000,0.5687,0.0000,2,11.428,,,3.097,infaisable
hd00_024,living+kitchen+bedroom+bathroom,plausible,4,pavage,16,0.25,False,False,,,,49,1.000,0.5687,0.0000,2,11.428,,,3.616,infaisable
hd00_024,living+kitchen+bedroom+bathroom,plausible,4,pavage,16,1.00,False,False,,,,49,1.000,0.5687,0.0000,2,11.428,,,4.002,infaisable
hd00_024,living+kitchen+bedroom+bathroom,plausible,4,pavage,16,1.80,False,False,,,,49,1.000,0.5687,0.0000,2,11.428,,,5.000,infaisable
hd00_025,living+kitchen+bedroom+bathroom,plausible,4,base,,0.50,False,False,,,,30,0.500,0.2638,0.0000,3,9.578,,,2.005,invariant_viole
hd00_025,living+kitchen+bedroom+bathroom,plausible,4,pavage,0,0.50,False,False,,,,30,0.500,0.2638,0.0000,3,9.578,,,0.735,trame
hd00_025,living+kitchen+bedroom+bathroom,plausible,4,pavage,4,0.50,False,False,,,,30,0.500,0.2638,0.0000,3,9.578,,,3.726,infaisable
hd00_025,living+kitchen+bedroom+bathroom,plausible,4,pavage,8,0.50,False,False,,,,30,0.500,0.2638,0.0000,3,9.578,,,3.003,infaisable
hd00_025,living+kitchen+bedroom+bathroom,plausible,4,pavage,16,0.50,False,False,,,,30,0.500,0.2638,0.0000,3,9.578,,,2.751,infaisable
hd00_025,living+kitchen+bedroom+bathroom,plausible,4,pavage,16,0.00,False,False,,,,30,0.500,0.2638,0.0000,3,9.578,,,2.824,infaisable
hd00_025,living+kitchen+bedroom+bathroom,plausible,4,pavage,16,0.25,False,False,,,,30,0.500,0.2638,0.0000,3,9.578,,,2.648,infaisable
hd00_025,living+kitchen+bedroom+bathroom,plausible,4,pavage,16,1.00,False,False,,,,30,0.500,0.2638,0.0000,3,9.578,,,3.313,infaisable
hd00_025,living+kitchen+bedroom+bathroom,plausible,4,pavage,16,1.80,False,False,,,,30,0.500,0.2638,0.0000,3,9.578,,,2.779,infaisable
hd00_026,living+kitchen+bedroom+bathroom,plausible,4,base,,0.50,False,False,,,,30,0.500,0.0891,0.0000,3,7.341,,,1.738,invariant_viole
hd00_026,living+kitchen+bedroom+bathroom,plausible,4,pavage,0,0.50,False,False,,,,30,0.500,0.0891,0.0000,3,7.341,,,0.566,trame
hd00_026,living+kitchen+bedroom+bathroom,plausible,4,pavage,4,0.50,False,False,,,,30,0.500,0.0891,0.0000,3,7.341,,,0.594,trame
hd00_026,living+kitchen+bedroom+bathroom,plausible,4,pavage,8,0.50,False,False,,,,30,0.500,0.0891,0.0000,3,7.341,,,0.578,trame
hd00_026,living+kitchen+bedroom+bathroom,plausible,4,pavage,16,0.50,False,False,,,,30,0.500,0.0891,0.0000,3,7.341,,,0.593,trame
hd00_026,living+kitchen+bedroom+bathroom,plausible,4,pavage,16,0.00,False,False,,,,30,0.500,0.0891,0.0000,3,7.341,,,0.638,trame
hd00_026,living+kitchen+bedroom+bathroom,plausible,4,pavage,16,0.25,False,False,,,,30,0.500,0.0891,0.0000,3,7.341,,,0.563,trame
hd00_026,living+kitchen+bedroom+bathroom,plausible,4,pavage,16,1.00,False,False,,,,30,0.500,0.0891,0.0000,3,7.341,,,0.758,trame
hd00_026,living+kitchen+bedroom+bathroom,plausible,4,pavage,16,1.80,False,False,,,,30,0.500,0.0891,0.0000,3,7.341,,,0.552,trame
hd00_027,living+kitchen+bedroom+bathroom,plausible,4,base,,0.50,False,False,,,,30,0.000,0.1756,0.0000,4,9.554,,,2.264,invariant_viole
hd00_027,living+kitchen+bedroom+bathroom,plausible,4,pavage,0,0.50,False,False,,,,30,0.000,0.1756,0.0000,4,9.554,,,0.672,trame
hd00_027,living+kitchen+bedroom+bathroom,plausible,4,pavage,4,0.50,False,False,,,,30,0.000,0.1756,0.0000,4,9.554,,,2.670,infaisable
hd00_027,living+kitchen+bedroom+bathroom,plausible,4,pavage,8,0.50,False,False,,,,30,0.000,0.1756,0.0000,4,9.554,,,2.598,infaisable
hd00_027,living+kitchen+bedroom+bathroom,plausible,4,pavage,16,0.50,False,False,,,,30,0.000,0.1756,0.0000,4,9.554,,,2.624,infaisable
hd00_027,living+kitchen+bedroom+bathroom,plausible,4,pavage,16,0.00,False,True,4,0.0000,False,30,0.000,0.1756,0.0000,4,9.554,2.056307,0.2152,2.422,ok
hd00_027,living+kitchen+bedroom+bathroom,plausible,4,pavage,16,0.25,False,False,,,,30,0.000,0.1756,0.0000,4,9.554,,,2.550,infaisable
hd00_027,living+kitchen+bedroom+bathroom,plausible,4,pavage,16,1.00,False,False,,,,30,0.000,0.1756,0.0000,4,9.554,,,3.691,infaisable
hd00_027,living+kitchen+bedroom+bathroom,plausible,4,pavage,16,1.80,False,False,,,,30,0.000,0.1756,0.0000,4,9.554,,,3.801,infaisable
hd00_028,living+kitchen+bedroom+bathroom,plausible,4,base,,0.50,False,False,,,,24,0.000,0.3212,0.0000,4,7.967,,,2.195,invariant_viole
hd00_028,living+kitchen+bedroom+bathroom,plausible,4,pavage,0,0.50,False,False,,,,24,0.000,0.3212,0.0000,4,7.967,,,0.612,trame
hd00_028,living+kitchen+bedroom+bathroom,plausible,4,pavage,4,0.50,False,True,4,1.8918,True,24,0.000,0.3212,0.0000,4,7.967,6.004416,0.7537,2.689,ok
hd00_028,living+kitchen+bedroom+bathroom,plausible,4,pavage,8,0.50,False,True,4,1.8918,True,24,0.000,0.3212,0.0000,4,7.967,6.004416,0.7537,3.228,ok
hd00_028,living+kitchen+bedroom+bathroom,plausible,4,pavage,16,0.50,False,True,4,1.8918,True,24,0.000,0.3212,0.0000,4,7.967,6.004416,0.7537,2.671,ok
hd00_028,living+kitchen+bedroom+bathroom,plausible,4,pavage,16,0.00,False,True,4,1.8918,True,24,0.000,0.3212,0.0000,4,7.967,6.004416,0.7537,2.696,ok
hd00_028,living+kitchen+bedroom+bathroom,plausible,4,pavage,16,0.25,False,True,4,1.8918,True,24,0.000,0.3212,0.0000,4,7.967,6.004416,0.7537,2.803,ok
hd00_028,living+kitchen+bedroom+bathroom,plausible,4,pavage,16,1.00,False,True,4,1.8918,True,24,0.000,0.3212,0.0000,4,7.967,6.004416,0.7537,2.713,ok
hd00_028,living+kitchen+bedroom+bathroom,plausible,4,pavage,16,1.80,False,True,4,1.8918,True,24,0.000,0.3212,0.0000,4,7.967,6.004416,0.7537,4.287,ok
hd00_029,living+kitchen+bedroom+bathroom,plausible,4,base,,0.50,False,False,,,,30,0.000,0.1835,0.0000,4,7.135,,,1.928,invariant_viole
hd00_029,living+kitchen+bedroom+bathroom,plausible,4,pavage,0,0.50,False,False,,,,30,0.000,0.1835,0.0000,4,7.135,,,0.791,trame
hd00_029,living+kitchen+bedroom+bathroom,plausible,4,pavage,4,0.50,False,False,,,,30,0.000,0.1835,0.0000,4,7.135,,,3.063,infaisable
hd00_029,living+kitchen+bedroom+bathroom,plausible,4,pavage,8,0.50,False,False,,,,30,0.000,0.1835,0.0000,4,7.135,,,2.528,infaisable
hd00_029,living+kitchen+bedroom+bathroom,plausible,4,pavage,16,0.50,False,False,,,,30,0.000,0.1835,0.0000,4,7.135,,,2.592,infaisable
hd00_029,living+kitchen+bedroom+bathroom,plausible,4,pavage,16,0.00,False,True,4,0.0000,False,30,0.000,0.1835,0.0000,4,7.135,6.251173,0.8761,2.750,ok
hd00_029,living+kitchen+bedroom+bathroom,plausible,4,pavage,16,0.25,False,False,,,,30,0.000,0.1835,0.0000,4,7.135,,,2.725,infaisable
hd00_029,living+kitchen+bedroom+bathroom,plausible,4,pavage,16,1.00,False,False,,,,30,0.000,0.1835,0.0000,4,7.135,,,2.665,infaisable
hd00_029,living+kitchen+bedroom+bathroom,plausible,4,pavage,16,1.80,False,False,,,,30,0.000,0.1835,0.0000,4,7.135,,,2.560,infaisable
hd00_030,living+kitchen+bedroom+bathroom,plausible,4,base,,0.50,False,False,,,,35,0.500,0.4824,0.0000,3,8.952,,,1.913,invariant_viole
hd00_030,living+kitchen+bedroom+bathroom,plausible,4,pavage,0,0.50,False,False,,,,35,0.500,0.4824,0.0000,3,8.952,,,0.656,trame
hd00_030,living+kitchen+bedroom+bathroom,plausible,4,pavage,4,0.50,False,False,,,,35,0.500,0.4824,0.0000,3,8.952,,,2.855,infaisable
hd00_030,living+kitchen+bedroom+bathroom,plausible,4,pavage,8,0.50,False,False,,,,35,0.500,0.4824,0.0000,3,8.952,,,5.148,infaisable
hd00_030,living+kitchen+bedroom+bathroom,plausible,4,pavage,16,0.50,False,False,,,,35,0.500,0.4824,0.0000,3,8.952,,,3.547,infaisable
hd00_030,living+kitchen+bedroom+bathroom,plausible,4,pavage,16,0.00,False,True,4,0.0000,False,35,0.500,0.4824,0.0000,3,8.952,6.909191,0.7718,5.038,ok
hd00_030,living+kitchen+bedroom+bathroom,plausible,4,pavage,16,0.25,False,False,,,,35,0.500,0.4824,0.0000,3,8.952,,,5.868,infaisable
hd00_030,living+kitchen+bedroom+bathroom,plausible,4,pavage,16,1.00,False,False,,,,35,0.500,0.4824,0.0000,3,8.952,,,3.036,infaisable
hd00_030,living+kitchen+bedroom+bathroom,plausible,4,pavage,16,1.80,False,False,,,,35,0.500,0.4824,0.0000,3,8.952,,,3.122,infaisable
hd00_031,living+kitchen+bedroom+bathroom,plausible,4,base,,0.50,False,False,,,,49,0.500,0.5063,0.0000,3,9.258,,,2.139,invariant_viole
hd00_031,living+kitchen+bedroom+bathroom,plausible,4,pavage,0,0.50,False,False,,,,49,0.500,0.5063,0.0000,3,9.258,,,0.610,trame
hd00_031,living+kitchen+bedroom+bathroom,plausible,4,pavage,4,0.50,False,False,,,,49,0.500,0.5063,0.0000,3,9.258,,,0.744,trame
hd00_031,living+kitchen+bedroom+bathroom,plausible,4,pavage,8,0.50,False,False,,,,49,0.500,0.5063,0.0000,3,9.258,,,0.762,trame
hd00_031,living+kitchen+bedroom+bathroom,plausible,4,pavage,16,0.50,False,False,,,,49,0.500,0.5063,0.0000,3,9.258,,,0.878,trame
hd00_031,living+kitchen+bedroom+bathroom,plausible,4,pavage,16,0.00,False,False,,,,49,0.500,0.5063,0.0000,3,9.258,,,1.169,trame
hd00_031,living+kitchen+bedroom+bathroom,plausible,4,pavage,16,0.25,False,False,,,,49,0.500,0.5063,0.0000,3,9.258,,,0.892,trame
hd00_031,living+kitchen+bedroom+bathroom,plausible,4,pavage,16,1.00,False,False,,,,49,0.500,0.5063,0.0000,3,9.258,,,0.936,trame
hd00_031,living+kitchen+bedroom+bathroom,plausible,4,pavage,16,1.80,False,False,,,,49,0.500,0.5063,0.0000,3,9.258,,,0.782,trame
hd00_032,living+kitchen+bedroom+bathroom,plausible,4,base,,0.50,False,False,,,,28,0.000,0.3632,0.0000,4,8.537,,,2.071,invariant_viole
hd00_032,living+kitchen+bedroom+bathroom,plausible,4,pavage,0,0.50,False,False,,,,28,0.000,0.3632,0.0000,4,8.537,,,0.603,trame
hd00_032,living+kitchen+bedroom+bathroom,plausible,4,pavage,4,0.50,False,False,,,,28,0.000,0.3632,0.0000,4,8.537,,,2.662,infaisable
hd00_032,living+kitchen+bedroom+bathroom,plausible,4,pavage,8,0.50,False,False,,,,28,0.000,0.3632,0.0000,4,8.537,,,2.649,infaisable
hd00_032,living+kitchen+bedroom+bathroom,plausible,4,pavage,16,0.50,False,False,,,,28,0.000,0.3632,0.0000,4,8.537,,,3.441,infaisable
hd00_032,living+kitchen+bedroom+bathroom,plausible,4,pavage,16,0.00,False,True,4,0.0000,False,28,0.000,0.3632,0.0000,4,8.537,6.580182,0.7708,3.028,ok
hd00_032,living+kitchen+bedroom+bathroom,plausible,4,pavage,16,0.25,False,False,,,,28,0.000,0.3632,0.0000,4,8.537,,,3.420,infaisable
hd00_032,living+kitchen+bedroom+bathroom,plausible,4,pavage,16,1.00,False,False,,,,28,0.000,0.3632,0.0000,4,8.537,,,2.595,infaisable
hd00_032,living+kitchen+bedroom+bathroom,plausible,4,pavage,16,1.80,False,False,,,,28,0.000,0.3632,0.0000,4,8.537,,,2.508,infaisable
hd00_033,living+kitchen+bedroom+bathroom,plausible,4,base,,0.50,False,False,,,,28,0.500,0.4666,0.0000,3,8.517,,,2.388,invariant_viole
hd00_033,living+kitchen+bedroom+bathroom,plausible,4,pavage,0,0.50,False,False,,,,28,0.500,0.4666,0.0000,3,8.517,,,0.709,trame
hd00_033,living+kitchen+bedroom+bathroom,plausible,4,pavage,4,0.50,False,False,,,,28,0.500,0.4666,0.0000,3,8.517,,,3.292,infaisable
hd00_033,living+kitchen+bedroom+bathroom,plausible,4,pavage,8,0.50,False,False,,,,28,0.500,0.4666,0.0000,3,8.517,,,2.586,infaisable
hd00_033,living+kitchen+bedroom+bathroom,plausible,4,pavage,16,0.50,False,False,,,,28,0.500,0.4666,0.0000,3,8.517,,,2.540,infaisable
hd00_033,living+kitchen+bedroom+bathroom,plausible,4,pavage,16,0.00,False,False,,,,28,0.500,0.4666,0.0000,3,8.517,,,2.579,infaisable
hd00_033,living+kitchen+bedroom+bathroom,plausible,4,pavage,16,0.25,False,False,,,,28,0.500,0.4666,0.0000,3,8.517,,,3.002,infaisable
hd00_033,living+kitchen+bedroom+bathroom,plausible,4,pavage,16,1.00,False,False,,,,28,0.500,0.4666,0.0000,3,8.517,,,2.737,infaisable
hd00_033,living+kitchen+bedroom+bathroom,plausible,4,pavage,16,1.80,False,False,,,,28,0.500,0.4666,0.0000,3,8.517,,,2.564,infaisable
hd00_034,living+kitchen+bedroom+bathroom,plausible,4,base,,0.50,False,False,,,,28,0.500,0.1464,0.0000,3,8.636,,,1.744,invariant_viole
hd00_034,living+kitchen+bedroom+bathroom,plausible,4,pavage,0,0.50,False,False,,,,28,0.500,0.1464,0.0000,3,8.636,,,0.582,trame
hd00_034,living+kitchen+bedroom+bathroom,plausible,4,pavage,4,0.50,False,True,4,1.2338,True,28,0.500,0.1464,0.0000,3,8.636,5.593155,0.6476,2.431,ok
hd00_034,living+kitchen+bedroom+bathroom,plausible,4,pavage,8,0.50,False,True,4,1.2338,True,28,0.500,0.1464,0.0000,3,8.636,5.593155,0.6476,2.429,ok
hd00_034,living+kitchen+bedroom+bathroom,plausible,4,pavage,16,0.50,False,True,4,1.2338,True,28,0.500,0.1464,0.0000,3,8.636,5.593155,0.6476,2.853,ok
hd00_034,living+kitchen+bedroom+bathroom,plausible,4,pavage,16,0.00,False,True,4,1.2338,True,28,0.500,0.1464,0.0000,3,8.636,5.593155,0.6476,3.033,ok
hd00_034,living+kitchen+bedroom+bathroom,plausible,4,pavage,16,0.25,False,True,4,1.2338,True,28,0.500,0.1464,0.0000,3,8.636,5.593155,0.6476,2.982,ok
hd00_034,living+kitchen+bedroom+bathroom,plausible,4,pavage,16,1.00,False,True,4,1.2338,True,28,0.500,0.1464,0.0000,3,8.636,5.593155,0.6476,2.892,ok
hd00_034,living+kitchen+bedroom+bathroom,plausible,4,pavage,16,1.80,False,True,4,1.8000,True,28,0.500,0.1464,0.0000,3,8.636,5.593155,0.6476,2.748,ok
hd00_035,living+kitchen+bedroom+bathroom,plausible,4,base,,0.50,False,False,,,,28,0.000,0.3772,0.0000,4,10.260,,,2.358,invariant_viole
hd00_035,living+kitchen+bedroom+bathroom,plausible,4,pavage,0,0.50,False,False,,,,28,0.000,0.3772,0.0000,4,10.260,,,0.754,trame
hd00_035,living+kitchen+bedroom+bathroom,plausible,4,pavage,4,0.50,False,True,4,2.8788,True,28,0.000,0.3772,0.0000,4,10.260,3.948109,0.3848,3.108,ok
hd00_035,living+kitchen+bedroom+bathroom,plausible,4,pavage,8,0.50,False,True,4,2.8788,True,28,0.000,0.3772,0.0000,4,10.260,3.948109,0.3848,3.239,ok
hd00_035,living+kitchen+bedroom+bathroom,plausible,4,pavage,16,0.50,False,True,4,2.8788,True,28,0.000,0.3772,0.0000,4,10.260,3.948109,0.3848,2.813,ok
hd00_035,living+kitchen+bedroom+bathroom,plausible,4,pavage,16,0.00,False,True,4,2.8788,True,28,0.000,0.3772,0.0000,4,10.260,3.948109,0.3848,2.626,ok
hd00_035,living+kitchen+bedroom+bathroom,plausible,4,pavage,16,0.25,False,True,4,2.8788,True,28,0.000,0.3772,0.0000,4,10.260,3.948109,0.3848,6.864,ok
hd00_035,living+kitchen+bedroom+bathroom,plausible,4,pavage,16,1.00,False,True,4,2.8788,True,28,0.000,0.3772,0.0000,4,10.260,3.948109,0.3848,4.193,ok
hd00_035,living+kitchen+bedroom+bathroom,plausible,4,pavage,16,1.80,False,True,4,2.8788,True,28,0.000,0.3772,0.0000,4,10.260,3.948109,0.3848,7.290,ok
hd00_036,living+kitchen+bedroom+bathroom,plausible,4,base,,0.50,False,False,,,,18,0.000,0.1162,0.0000,4,9.787,,,3.099,invariant_viole
hd00_036,living+kitchen+bedroom+bathroom,plausible,4,pavage,0,0.50,False,False,,,,18,0.000,0.1162,0.0000,4,9.787,,,0.811,trame
hd00_036,living+kitchen+bedroom+bathroom,plausible,4,pavage,4,0.50,False,False,,,,18,0.000,0.1162,0.0000,4,9.787,,,3.590,infaisable
hd00_036,living+kitchen+bedroom+bathroom,plausible,4,pavage,8,0.50,False,False,,,,18,0.000,0.1162,0.0000,4,9.787,,,3.082,infaisable
hd00_036,living+kitchen+bedroom+bathroom,plausible,4,pavage,16,0.50,False,False,,,,18,0.000,0.1162,0.0000,4,9.787,,,3.774,infaisable
hd00_036,living+kitchen+bedroom+bathroom,plausible,4,pavage,16,0.00,False,True,4,0.0000,False,18,0.000,0.1162,0.0000,4,9.787,2.303064,0.2353,3.004,ok
hd00_036,living+kitchen+bedroom+bathroom,plausible,4,pavage,16,0.25,False,False,,,,18,0.000,0.1162,0.0000,4,9.787,,,3.069,infaisable
hd00_036,living+kitchen+bedroom+bathroom,plausible,4,pavage,16,1.00,False,False,,,,18,0.000,0.1162,0.0000,4,9.787,,,3.508,infaisable
hd00_036,living+kitchen+bedroom+bathroom,plausible,4,pavage,16,1.80,False,False,,,,18,0.000,0.1162,0.0000,4,9.787,,,3.460,infaisable
hd00_037,living+kitchen+bedroom+bathroom,plausible,4,base,,0.50,False,False,,,,24,0.000,0.2344,0.0000,4,9.588,,,1.858,invariant_viole
hd00_037,living+kitchen+bedroom+bathroom,plausible,4,pavage,0,0.50,False,False,,,,24,0.000,0.2344,0.0000,4,9.588,,,0.643,trame
hd00_037,living+kitchen+bedroom+bathroom,plausible,4,pavage,4,0.50,False,False,,,,24,0.000,0.2344,0.0000,4,9.588,,,2.526,infaisable
hd00_037,living+kitchen+bedroom+bathroom,plausible,4,pavage,8,0.50,False,False,,,,24,0.000,0.2344,0.0000,4,9.588,,,2.513,infaisable
hd00_037,living+kitchen+bedroom+bathroom,plausible,4,pavage,16,0.50,False,False,,,,24,0.000,0.2344,0.0000,4,9.588,,,2.777,infaisable
hd00_037,living+kitchen+bedroom+bathroom,plausible,4,pavage,16,0.00,False,True,4,0.0000,False,24,0.000,0.2344,0.0000,4,9.588,3.619100,0.3774,4.652,ok
hd00_037,living+kitchen+bedroom+bathroom,plausible,4,pavage,16,0.25,False,False,,,,24,0.000,0.2344,0.0000,4,9.588,,,3.106,infaisable
hd00_037,living+kitchen+bedroom+bathroom,plausible,4,pavage,16,1.00,False,False,,,,24,0.000,0.2344,0.0000,4,9.588,,,2.730,infaisable
hd00_037,living+kitchen+bedroom+bathroom,plausible,4,pavage,16,1.80,False,False,,,,24,0.000,0.2344,0.0000,4,9.588,,,2.844,infaisable
hd00_038,living+kitchen+bedroom+bathroom,plausible,4,base,,0.50,False,False,,,,42,1.000,0.4872,0.0000,2,8.646,,,2.210,invariant_viole
hd00_038,living+kitchen+bedroom+bathroom,plausible,4,pavage,0,0.50,False,False,,,,42,1.000,0.4872,0.0000,2,8.646,,,1.465,trame
hd00_038,living+kitchen+bedroom+bathroom,plausible,4,pavage,4,0.50,False,False,,,,42,1.000,0.4872,0.0000,2,8.646,,,2.059,trame
hd00_038,living+kitchen+bedroom+bathroom,plausible,4,pavage,8,0.50,False,False,,,,42,1.000,0.4872,0.0000,2,8.646,,,7.794,infaisable
hd00_038,living+kitchen+bedroom+bathroom,plausible,4,pavage,16,0.50,False,False,,,,42,1.000,0.4872,0.0000,2,8.646,,,3.253,infaisable
hd00_038,living+kitchen+bedroom+bathroom,plausible,4,pavage,16,0.00,False,False,,,,42,1.000,0.4872,0.0000,2,8.646,,,3.600,infaisable
hd00_038,living+kitchen+bedroom+bathroom,plausible,4,pavage,16,0.25,False,False,,,,42,1.000,0.4872,0.0000,2,8.646,,,2.968,infaisable
hd00_038,living+kitchen+bedroom+bathroom,plausible,4,pavage,16,1.00,False,False,,,,42,1.000,0.4872,0.0000,2,8.646,,,2.795,infaisable
hd00_038,living+kitchen+bedroom+bathroom,plausible,4,pavage,16,1.80,False,False,,,,42,1.000,0.4872,0.0000,2,8.646,,,3.417,infaisable
hd00_039,living+kitchen+bedroom+bathroom,plausible,4,base,,0.50,False,False,,,,36,0.500,0.4233,0.0000,3,9.329,,,2.451,invariant_viole
hd00_039,living+kitchen+bedroom+bathroom,plausible,4,pavage,0,0.50,False,False,,,,36,0.500,0.4233,0.0000,3,9.329,,,0.717,trame
hd00_039,living+kitchen+bedroom+bathroom,plausible,4,pavage,4,0.50,False,False,,,,36,0.500,0.4233,0.0000,3,9.329,,,2.887,infaisable
hd00_039,living+kitchen+bedroom+bathroom,plausible,4,pavage,8,0.50,False,False,,,,36,0.500,0.4233,0.0000,3,9.329,,,2.850,infaisable
hd00_039,living+kitchen+bedroom+bathroom,plausible,4,pavage,16,0.50,False,False,,,,36,0.500,0.4233,0.0000,3,9.329,,,3.495,infaisable
hd00_039,living+kitchen+bedroom+bathroom,plausible,4,pavage,16,0.00,False,False,,,,36,0.500,0.4233,0.0000,3,9.329,,,3.137,infaisable
hd00_039,living+kitchen+bedroom+bathroom,plausible,4,pavage,16,0.25,False,False,,,,36,0.500,0.4233,0.0000,3,9.329,,,4.615,infaisable
hd00_039,living+kitchen+bedroom+bathroom,plausible,4,pavage,16,1.00,False,False,,,,36,0.500,0.4233,0.0000,3,9.329,,,3.109,infaisable
hd00_039,living+kitchen+bedroom+bathroom,plausible,4,pavage,16,1.80,False,False,,,,36,0.500,0.4233,0.0000,3,9.329,,,3.822,infaisable
hd01_000,living+kitchen+bedroom+bedroom+bathroom,plausible,5,base,,0.50,False,False,,,,48,0.800,0.3884,0.0000,3,10.649,,,2.583,invariant_viole
hd01_000,living+kitchen+bedroom+bedroom+bathroom,plausible,5,pavage,0,0.50,False,False,,,,48,0.800,0.3884,0.0000,3,10.649,,,1.053,trame
hd01_000,living+kitchen+bedroom+bedroom+bathroom,plausible,5,pavage,4,0.50,False,False,,,,48,0.800,0.3884,0.0000,3,10.649,,,1.054,trame
hd01_000,living+kitchen+bedroom+bedroom+bathroom,plausible,5,pavage,8,0.50,False,False,,,,48,0.800,0.3884,0.0000,3,10.649,,,0.970,trame
hd01_000,living+kitchen+bedroom+bedroom+bathroom,plausible,5,pavage,16,0.50,False,False,,,,48,0.800,0.3884,0.0000,3,10.649,,,0.921,trame
hd01_000,living+kitchen+bedroom+bedroom+bathroom,plausible,5,pavage,16,0.00,False,False,,,,48,0.800,0.3884,0.0000,3,10.649,,,1.356,trame
hd01_000,living+kitchen+bedroom+bedroom+bathroom,plausible,5,pavage,16,0.25,False,False,,,,48,0.800,0.3884,0.0000,3,10.649,,,1.235,trame
hd01_000,living+kitchen+bedroom+bedroom+bathroom,plausible,5,pavage,16,1.00,False,False,,,,48,0.800,0.3884,0.0000,3,10.649,,,1.052,trame
hd01_000,living+kitchen+bedroom+bedroom+bathroom,plausible,5,pavage,16,1.80,False,False,,,,48,0.800,0.3884,0.0000,3,10.649,,,1.139,trame
hd01_001,living+kitchen+bedroom+bedroom+bathroom,plausible,5,base,,0.50,False,False,,,,56,0.800,0.2479,0.0000,3,10.730,,,2.603,invariant_viole
hd01_001,living+kitchen+bedroom+bedroom+bathroom,plausible,5,pavage,0,0.50,False,False,,,,56,0.800,0.2479,0.0000,3,10.730,,,0.680,trame
hd01_001,living+kitchen+bedroom+bedroom+bathroom,plausible,5,pavage,4,0.50,False,False,,,,56,0.800,0.2479,0.0000,3,10.730,,,5.229,infaisable
hd01_001,living+kitchen+bedroom+bedroom+bathroom,plausible,5,pavage,8,0.50,False,False,,,,56,0.800,0.2479,0.0000,3,10.730,,,3.480,infaisable
hd01_001,living+kitchen+bedroom+bedroom+bathroom,plausible,5,pavage,16,0.50,False,False,,,,56,0.800,0.2479,0.0000,3,10.730,,,2.972,infaisable
hd01_001,living+kitchen+bedroom+bedroom+bathroom,plausible,5,pavage,16,0.00,False,True,5,0.0000,False,56,0.800,0.2479,0.0000,3,10.730,6.251173,0.5826,2.792,ok
hd01_001,living+kitchen+bedroom+bedroom+bathroom,plausible,5,pavage,16,0.25,False,False,,,,56,0.800,0.2479,0.0000,3,10.730,,,3.859,infaisable
hd01_001,living+kitchen+bedroom+bedroom+bathroom,plausible,5,pavage,16,1.00,False,False,,,,56,0.800,0.2479,0.0000,3,10.730,,,3.059,infaisable
hd01_001,living+kitchen+bedroom+bedroom+bathroom,plausible,5,pavage,16,1.80,False,False,,,,56,0.800,0.2479,0.0000,3,10.730,,,3.103,infaisable
hd01_002,living+kitchen+bedroom+bedroom+bathroom,plausible,5,base,,0.50,False,False,,,,56,0.400,0.2785,0.0000,4,7.751,,,1.994,invariant_viole
hd01_002,living+kitchen+bedroom+bedroom+bathroom,plausible,5,pavage,0,0.50,False,False,,,,56,0.400,0.2785,0.0000,4,7.751,,,0.637,trame
hd01_002,living+kitchen+bedroom+bedroom+bathroom,plausible,5,pavage,4,0.50,False,False,,,,56,0.400,0.2785,0.0000,4,7.751,,,2.983,infaisable
hd01_002,living+kitchen+bedroom+bedroom+bathroom,plausible,5,pavage,8,0.50,False,False,,,,56,0.400,0.2785,0.0000,4,7.751,,,3.554,infaisable
hd01_002,living+kitchen+bedroom+bedroom+bathroom,plausible,5,pavage,16,0.50,False,False,,,,56,0.400,0.2785,0.0000,4,7.751,,,3.035,infaisable
hd01_002,living+kitchen+bedroom+bedroom+bathroom,plausible,5,pavage,16,0.00,False,True,5,0.0000,False,56,0.400,0.2785,0.0000,4,7.751,5.264145,0.6791,3.657,ok
hd01_002,living+kitchen+bedroom+bedroom+bathroom,plausible,5,pavage,16,0.25,False,False,,,,56,0.400,0.2785,0.0000,4,7.751,,,3.055,infaisable
hd01_002,living+kitchen+bedroom+bedroom+bathroom,plausible,5,pavage,16,1.00,False,False,,,,56,0.400,0.2785,0.0000,4,7.751,,,3.867,infaisable
hd01_002,living+kitchen+bedroom+bedroom+bathroom,plausible,5,pavage,16,1.80,False,False,,,,56,0.400,0.2785,0.0000,4,7.751,,,4.632,infaisable
hd01_003,living+kitchen+bedroom+bedroom+bathroom,plausible,5,base,,0.50,False,False,,,,56,0.400,0.2994,0.0000,4,10.112,,,2.333,invariant_viole
hd01_003,living+kitchen+bedroom+bedroom+bathroom,plausible,5,pavage,0,0.50,False,False,,,,56,0.400,0.2994,0.0000,4,10.112,,,0.725,trame
hd01_003,living+kitchen+bedroom+bedroom+bathroom,plausible,5,pavage,4,0.50,False,False,,,,56,0.400,0.2994,0.0000,4,10.112,,,0.904,trame
hd01_003,living+kitchen+bedroom+bedroom+bathroom,plausible,5,pavage,8,0.50,False,False,,,,56,0.400,0.2994,0.0000,4,10.112,,,0.844,trame
hd01_003,living+kitchen+bedroom+bedroom+bathroom,plausible,5,pavage,16,0.50,False,False,,,,56,0.400,0.2994,0.0000,4,10.112,,,0.927,trame
hd01_003,living+kitchen+bedroom+bedroom+bathroom,plausible,5,pavage,16,0.00,False,False,,,,56,0.400,0.2994,0.0000,4,10.112,,,3.977,trame
hd01_003,living+kitchen+bedroom+bedroom+bathroom,plausible,5,pavage,16,0.25,False,False,,,,56,0.400,0.2994,0.0000,4,10.112,,,1.459,trame
hd01_003,living+kitchen+bedroom+bedroom+bathroom,plausible,5,pavage,16,1.00,False,False,,,,56,0.400,0.2994,0.0000,4,10.112,,,0.889,trame
hd01_003,living+kitchen+bedroom+bedroom+bathroom,plausible,5,pavage,16,1.80,False,False,,,,56,0.400,0.2994,0.0000,4,10.112,,,0.843,trame
hd01_004,living+kitchen+bedroom+bedroom+bathroom,plausible,5,base,,0.50,False,False,,,,54,0.000,0.3920,0.0000,5,8.445,,,2.045,invariant_viole
hd01_004,living+kitchen+bedroom+bedroom+bathroom,plausible,5,pavage,0,0.50,False,False,,,,54,0.000,0.3920,0.0000,5,8.445,,,0.629,trame
hd01_004,living+kitchen+bedroom+bedroom+bathroom,plausible,5,pavage,4,0.50,False,False,,,,54,0.000,0.3920,0.0000,5,8.445,,,0.895,trame
hd01_004,living+kitchen+bedroom+bedroom+bathroom,plausible,5,pavage,8,0.50,False,True,5,0.9870,True,54,0.000,0.3920,0.0000,5,8.445,5.593155,0.6623,3.094,ok
hd01_004,living+kitchen+bedroom+bedroom+bathroom,plausible,5,pavage,16,0.50,False,True,5,0.9870,True,54,0.000,0.3920,0.0000,5,8.445,5.593155,0.6623,3.834,ok
hd01_004,living+kitchen+bedroom+bedroom+bathroom,plausible,5,pavage,16,0.00,False,True,5,0.9870,True,54,0.000,0.3920,0.0000,5,8.445,5.593155,0.6623,3.396,ok
hd01_004,living+kitchen+bedroom+bedroom+bathroom,plausible,5,pavage,16,0.25,False,True,5,0.9870,True,54,0.000,0.3920,0.0000,5,8.445,5.593155,0.6623,3.432,ok
hd01_004,living+kitchen+bedroom+bedroom+bathroom,plausible,5,pavage,16,1.00,False,True,5,1.0000,True,54,0.000,0.3920,0.0000,5,8.445,5.593155,0.6623,3.263,ok
hd01_004,living+kitchen+bedroom+bedroom+bathroom,plausible,5,pavage,16,1.80,False,True,5,1.8000,True,54,0.000,0.3920,0.0000,5,8.445,5.593155,0.6623,4.262,ok
hd01_005,living+kitchen+bedroom+bedroom+bathroom,plausible,5,base,,0.50,False,False,,,,72,0.400,0.2811,0.0000,4,8.622,,,2.154,invariant_viole
hd01_005,living+kitchen+bedroom+bedroom+bathroom,plausible,5,pavage,0,0.50,False,False,,,,72,0.400,0.2811,0.0000,4,8.622,,,0.772,trame
hd01_005,living+kitchen+bedroom+bedroom+bathroom,plausible,5,pavage,4,0.50,False,False,,,,72,0.400,0.2811,0.0000,4,8.622,,,0.914,trame
hd01_005,living+kitchen+bedroom+bedroom+bathroom,plausible,5,pavage,8,0.50,False,False,,,,72,0.400,0.2811,0.0000,4,8.622,,,3.783,infaisable
hd01_005,living+kitchen+bedroom+bedroom+bathroom,plausible,5,pavage,16,0.50,False,False,,,,72,0.400,0.2811,0.0000,4,8.622,,,3.956,infaisable
hd01_005,living+kitchen+bedroom+bedroom+bathroom,plausible,5,pavage,16,0.00,False,True,5,0.0000,False,72,0.400,0.2811,0.0000,4,8.622,7.238200,0.8395,3.268,ok
hd01_005,living+kitchen+bedroom+bedroom+bathroom,plausible,5,pavage,16,0.25,False,False,,,,72,0.400,0.2811,0.0000,4,8.622,,,3.453,infaisable
hd01_005,living+kitchen+bedroom+bedroom+bathroom,plausible,5,pavage,16,1.00,False,False,,,,72,0.400,0.2811,0.0000,4,8.622,,,3.295,infaisable
hd01_005,living+kitchen+bedroom+bedroom+bathroom,plausible,5,pavage,16,1.80,False,False,,,,72,0.400,0.2811,0.0000,4,8.622,,,3.215,infaisable
hd01_006,living+kitchen+bedroom+bedroom+bathroom,plausible,5,base,,0.50,False,False,,,,64,0.400,0.1724,0.0000,4,9.302,,,2.650,invariant_viole
hd01_006,living+kitchen+bedroom+bedroom+bathroom,plausible,5,pavage,0,0.50,False,False,,,,64,0.400,0.1724,0.0000,4,9.302,,,0.673,trame
hd01_006,living+kitchen+bedroom+bedroom+bathroom,plausible,5,pavage,4,0.50,False,False,,,,64,0.400,0.1724,0.0000,4,9.302,,,3.124,infaisable
hd01_006,living+kitchen+bedroom+bedroom+bathroom,plausible,5,pavage,8,0.50,False,False,,,,64,0.400,0.1724,0.0000,4,9.302,,,3.138,infaisable
hd01_006,living+kitchen+bedroom+bedroom+bathroom,plausible,5,pavage,16,0.50,False,False,,,,64,0.400,0.1724,0.0000,4,9.302,,,3.376,infaisable
hd01_006,living+kitchen+bedroom+bedroom+bathroom,plausible,5,pavage,16,0.00,False,True,5,0.0000,False,64,0.400,0.1724,0.0000,4,9.302,3.948109,0.4244,4.572,ok
hd01_006,living+kitchen+bedroom+bedroom+bathroom,plausible,5,pavage,16,0.25,False,False,,,,64,0.400,0.1724,0.0000,4,9.302,,,3.930,infaisable
hd01_006,living+kitchen+bedroom+bedroom+bathroom,plausible,5,pavage,16,1.00,False,False,,,,64,0.400,0.1724,0.0000,4,9.302,,,3.284,infaisable
hd01_006,living+kitchen+bedroom+bedroom+bathroom,plausible,5,pavage,16,1.80,False,False,,,,64,0.400,0.1724,0.0000,4,9.302,,,3.216,infaisable
hd01_007,living+kitchen+bedroom+bedroom+bathroom,plausible,5,base,,0.50,False,False,,,,32,0.800,0.2281,0.0000,3,9.045,,,2.383,invariant_viole
hd01_007,living+kitchen+bedroom+bedroom+bathroom,plausible,5,pavage,0,0.50,False,False,,,,32,0.800,0.2281,0.0000,3,9.045,,,0.654,trame
hd01_007,living+kitchen+bedroom+bedroom+bathroom,plausible,5,pavage,4,0.50,False,False,,,,32,0.800,0.2281,0.0000,3,9.045,,,3.058,infaisable
hd01_007,living+kitchen+bedroom+bedroom+bathroom,plausible,5,pavage,8,0.50,False,False,,,,32,0.800,0.2281,0.0000,3,9.045,,,2.933,infaisable
hd01_007,living+kitchen+bedroom+bedroom+bathroom,plausible,5,pavage,16,0.50,False,False,,,,32,0.800,0.2281,0.0000,3,9.045,,,2.986,infaisable
hd01_007,living+kitchen+bedroom+bedroom+bathroom,plausible,5,pavage,16,0.00,False,True,5,0.0000,False,32,0.800,0.2281,0.0000,3,9.045,3.207839,0.3546,2.783,ok
hd01_007,living+kitchen+bedroom+bedroom+bathroom,plausible,5,pavage,16,0.25,False,False,,,,32,0.800,0.2281,0.0000,3,9.045,,,5.147,infaisable
hd01_007,living+kitchen+bedroom+bedroom+bathroom,plausible,5,pavage,16,1.00,False,False,,,,32,0.800,0.2281,0.0000,3,9.045,,,3.418,infaisable
hd01_007,living+kitchen+bedroom+bedroom+bathroom,plausible,5,pavage,16,1.80,False,False,,,,32,0.800,0.2281,0.0000,3,9.045,,,3.291,infaisable
hd01_008,living+kitchen+bedroom+bedroom+bathroom,plausible,5,base,,0.50,False,False,,,,64,0.800,0.1997,0.0000,3,8.646,,,2.103,invariant_viole
hd01_008,living+kitchen+bedroom+bedroom+bathroom,plausible,5,pavage,0,0.50,False,False,,,,64,0.800,0.1997,0.0000,3,8.646,,,1.105,trame
hd01_008,living+kitchen+bedroom+bedroom+bathroom,plausible,5,pavage,4,0.50,False,True,5,0.7403,True,64,0.800,0.1997,0.0000,3,8.646,2.961082,0.3425,3.943,ok
hd01_008,living+kitchen+bedroom+bedroom+bathroom,plausible,5,pavage,8,0.50,False,True,5,0.7403,True,64,0.800,0.1997,0.0000,3,8.646,2.961082,0.3425,3.625,ok
hd01_008,living+kitchen+bedroom+bedroom+bathroom,plausible,5,pavage,16,0.50,False,True,5,0.7403,True,64,0.800,0.1997,0.0000,3,8.646,2.961082,0.3425,3.965,ok
hd01_008,living+kitchen+bedroom+bedroom+bathroom,plausible,5,pavage,16,0.00,False,True,5,0.7403,True,64,0.800,0.1997,0.0000,3,8.646,2.961082,0.3425,4.993,ok
hd01_008,living+kitchen+bedroom+bedroom+bathroom,plausible,5,pavage,16,0.25,False,True,5,0.7403,True,64,0.800,0.1997,0.0000,3,8.646,2.961082,0.3425,5.541,ok
hd01_008,living+kitchen+bedroom+bedroom+bathroom,plausible,5,pavage,16,1.00,False,True,5,1.0000,True,64,0.800,0.1997,0.0000,3,8.646,2.961082,0.3425,3.923,ok
hd01_008,living+kitchen+bedroom+bedroom+bathroom,plausible,5,pavage,16,1.80,False,True,5,1.8000,True,64,0.800,0.1997,0.0000,3,8.646,2.961082,0.3425,5.679,ok
hd01_009,living+kitchen+bedroom+bedroom+bathroom,plausible,5,base,,0.50,False,False,,,,56,0.000,0.1831,0.0000,5,9.281,,,2.851,invariant_viole
hd01_009,living+kitchen+bedroom+bedroom+bathroom,plausible,5,pavage,0,0.50,False,False,,,,56,0.000,0.1831,0.0000,5,9.281,,,0.777,trame
hd01_009,living+kitchen+bedroom+bedroom+bathroom,plausible,5,pavage,4,0.50,False,True,5,0.9048,True,56,0.000,0.1831,0.0000,5,9.281,6.580182,0.7090,4.005,ok
hd01_009,living+kitchen+bedroom+bedroom+bathroom,plausible,5,pavage,8,0.50,False,True,5,0.9048,True,56,0.000,0.1831,0.0000,5,9.281,6.580182,0.7090,3.879,ok
hd01_009,living+kitchen+bedroom+bedroom+bathroom,plausible,5,pavage,16,0.50,False,True,5,0.9048,True,56,0.000,0.1831,0.0000,5,9.281,6.580182,0.7090,4.091,ok
hd01_009,living+kitchen+bedroom+bedroom+bathroom,plausible,5,pavage,16,0.00,False,True,5,0.9048,True,56,0.000,0.1831,0.0000,5,9.281,6.580182,0.7090,3.824,ok
hd01_009,living+kitchen+bedroom+bedroom+bathroom,plausible,5,pavage,16,0.25,False,True,5,0.9048,True,56,0.000,0.1831,0.0000,5,9.281,6.580182,0.7090,3.852,ok
hd01_009,living+kitchen+bedroom+bedroom+bathroom,plausible,5,pavage,16,1.00,False,True,5,1.0000,True,56,0.000,0.1831,0.0000,5,9.281,6.580182,0.7090,3.621,ok
hd01_009,living+kitchen+bedroom+bedroom+bathroom,plausible,5,pavage,16,1.80,False,True,5,1.8000,True,56,0.000,0.1831,0.0000,5,9.281,6.580182,0.7090,4.462,ok
hd01_010,living+kitchen+bedroom+bedroom+bathroom,plausible,5,base,,0.50,False,False,,,,63,0.400,0.4611,0.0000,4,11.762,,,2.535,invariant_viole
hd01_010,living+kitchen+bedroom+bedroom+bathroom,plausible,5,pavage,0,0.50,False,False,,,,63,0.400,0.4611,0.0000,4,11.762,,,0.792,trame
hd01_010,living+kitchen+bedroom+bedroom+bathroom,plausible,5,pavage,4,0.50,False,False,,,,63,0.400,0.4611,0.0000,4,11.762,,,0.873,trame
hd01_010,living+kitchen+bedroom+bedroom+bathroom,plausible,5,pavage,8,0.50,False,False,,,,63,0.400,0.4611,0.0000,4,11.762,,,0.954,trame
hd01_010,living+kitchen+bedroom+bedroom+bathroom,plausible,5,pavage,16,0.50,False,False,,,,63,0.400,0.4611,0.0000,4,11.762,,,0.923,trame
hd01_010,living+kitchen+bedroom+bedroom+bathroom,plausible,5,pavage,16,0.00,False,False,,,,63,0.400,0.4611,0.0000,4,11.762,,,0.971,trame
hd01_010,living+kitchen+bedroom+bedroom+bathroom,plausible,5,pavage,16,0.25,False,False,,,,63,0.400,0.4611,0.0000,4,11.762,,,0.935,trame
hd01_010,living+kitchen+bedroom+bedroom+bathroom,plausible,5,pavage,16,1.00,False,False,,,,63,0.400,0.4611,0.0000,4,11.762,,,1.097,trame
hd01_010,living+kitchen+bedroom+bedroom+bathroom,plausible,5,pavage,16,1.80,False,False,,,,63,0.400,0.4611,0.0000,4,11.762,,,1.615,trame
hd01_011,living+kitchen+bedroom+bedroom+bathroom,plausible,5,base,,0.50,False,False,,,,56,0.400,0.1879,0.0000,4,8.239,,,2.478,invariant_viole
hd01_011,living+kitchen+bedroom+bedroom+bathroom,plausible,5,pavage,0,0.50,False,False,,,,56,0.400,0.1879,0.0000,4,8.239,,,0.649,trame
hd01_011,living+kitchen+bedroom+bedroom+bathroom,plausible,5,pavage,4,0.50,False,False,,,,56,0.400,0.1879,0.0000,4,8.239,,,3.755,infaisable
hd01_011,living+kitchen+bedroom+bedroom+bathroom,plausible,5,pavage,8,0.50,False,False,,,,56,0.400,0.1879,0.0000,4,8.239,,,3.079,infaisable
hd01_011,living+kitchen+bedroom+bedroom+bathroom,plausible,5,pavage,16,0.50,False,False,,,,56,0.400,0.1879,0.0000,4,8.239,,,4.543,infaisable
hd01_011,living+kitchen+bedroom+bedroom+bathroom,plausible,5,pavage,16,0.00,False,True,5,0.0000,False,56,0.400,0.1879,0.0000,4,8.239,3.290091,0.3993,3.361,ok
hd01_011,living+kitchen+bedroom+bedroom+bathroom,plausible,5,pavage,16,0.25,False,False,,,,56,0.400,0.1879,0.0000,4,8.239,,,3.143,infaisable
hd01_011,living+kitchen+bedroom+bedroom+bathroom,plausible,5,pavage,16,1.00,False,False,,,,56,0.400,0.1879,0.0000,4,8.239,,,3.271,infaisable
hd01_011,living+kitchen+bedroom+bedroom+bathroom,plausible,5,pavage,16,1.80,False,False,,,,56,0.400,0.1879,0.0000,4,8.239,,,3.084,infaisable
hd01_012,living+kitchen+bedroom+bedroom+bathroom,plausible,5,base,,0.50,False,False,,,,64,0.000,0.3595,0.0000,5,8.835,,,2.082,invariant_viole
hd01_012,living+kitchen+bedroom+bedroom+bathroom,plausible,5,pavage,0,0.50,False,False,,,,64,0.000,0.3595,0.0000,5,8.835,,,0.664,trame
hd01_012,living+kitchen+bedroom+bedroom+bathroom,plausible,5,pavage,4,0.50,False,False,,,,64,0.000,0.3595,0.0000,5,8.835,,,0.874,trame
hd01_012,living+kitchen+bedroom+bedroom+bathroom,plausible,5,pavage,8,0.50,False,False,,,,64,0.000,0.3595,0.0000,5,8.835,,,3.155,infaisable
hd01_012,living+kitchen+bedroom+bedroom+bathroom,plausible,5,pavage,16,0.50,False,False,,,,64,0.000,0.3595,0.0000,5,8.835,,,3.200,infaisable
hd01_012,living+kitchen+bedroom+bedroom+bathroom,plausible,5,pavage,16,0.00,False,True,5,0.0000,False,64,0.000,0.3595,0.0000,5,8.835,4.277118,0.4841,2.991,ok
hd01_012,living+kitchen+bedroom+bedroom+bathroom,plausible,5,pavage,16,0.25,False,False,,,,64,0.000,0.3595,0.0000,5,8.835,,,3.570,infaisable
hd01_012,living+kitchen+bedroom+bedroom+bathroom,plausible,5,pavage,16,1.00,False,False,,,,64,0.000,0.3595,0.0000,5,8.835,,,3.179,infaisable
hd01_012,living+kitchen+bedroom+bedroom+bathroom,plausible,5,pavage,16,1.80,False,False,,,,64,0.000,0.3595,0.0000,5,8.835,,,3.219,infaisable
hd01_013,living+kitchen+bedroom+bedroom+bathroom,plausible,5,base,,0.50,False,False,,,,42,0.400,0.0791,0.0000,4,8.398,,,2.003,invariant_viole
hd01_013,living+kitchen+bedroom+bedroom+bathroom,plausible,5,pavage,0,0.50,False,True,5,2.2208,True,42,0.400,0.0791,0.0000,4,8.398,1.069280,0.1273,4.192,ok
hd01_013,living+kitchen+bedroom+bedroom+bathroom,plausible,5,pavage,4,0.50,False,True,5,2.2208,True,42,0.400,0.0791,0.0000,4,8.398,1.069280,0.1273,3.951,ok
hd01_013,living+kitchen+bedroom+bedroom+bathroom,plausible,5,pavage,8,0.50,False,True,5,2.2208,True,42,0.400,0.0791,0.0000,4,8.398,1.069280,0.1273,5.932,ok
hd01_013,living+kitchen+bedroom+bedroom+bathroom,plausible,5,pavage,16,0.50,False,True,5,2.2208,True,42,0.400,0.0791,0.0000,4,8.398,1.069280,0.1273,4.823,ok
hd01_013,living+kitchen+bedroom+bedroom+bathroom,plausible,5,pavage,16,0.00,False,True,5,2.2208,True,42,0.400,0.0791,0.0000,4,8.398,1.069280,0.1273,3.817,ok
hd01_013,living+kitchen+bedroom+bedroom+bathroom,plausible,5,pavage,16,0.25,False,True,5,2.2208,True,42,0.400,0.0791,0.0000,4,8.398,1.069280,0.1273,4.081,ok
hd01_013,living+kitchen+bedroom+bedroom+bathroom,plausible,5,pavage,16,1.00,False,True,5,2.2208,True,42,0.400,0.0791,0.0000,4,8.398,1.069280,0.1273,3.669,ok
hd01_013,living+kitchen+bedroom+bedroom+bathroom,plausible,5,pavage,16,1.80,False,True,5,2.2208,True,42,0.400,0.0791,0.0000,4,8.398,1.069280,0.1273,3.780,ok
hd01_014,living+kitchen+bedroom+bedroom+bathroom,plausible,5,base,,0.50,False,False,,,,48,1.200,0.2274,0.0000,2,9.720,,,2.438,invariant_viole
hd01_014,living+kitchen+bedroom+bedroom+bathroom,plausible,5,pavage,0,0.50,False,False,,,,48,1.200,0.2274,0.0000,2,9.720,,,0.727,trame
hd01_014,living+kitchen+bedroom+bedroom+bathroom,plausible,5,pavage,4,0.50,False,False,,,,48,1.200,0.2274,0.0000,2,9.720,,,4.082,infaisable
hd01_014,living+kitchen+bedroom+bedroom+bathroom,plausible,5,pavage,8,0.50,False,False,,,,48,1.200,0.2274,0.0000,2,9.720,,,4.050,infaisable
hd01_014,living+kitchen+bedroom+bedroom+bathroom,plausible,5,pavage,16,0.50,False,False,,,,48,1.200,0.2274,0.0000,2,9.720,,,4.695,infaisable
hd01_014,living+kitchen+bedroom+bedroom+bathroom,plausible,5,pavage,16,0.00,False,True,5,0.0000,False,48,1.200,0.2274,0.0000,2,9.720,4.852884,0.4993,3.832,ok
hd01_014,living+kitchen+bedroom+bedroom+bathroom,plausible,5,pavage,16,0.25,False,False,,,,48,1.200,0.2274,0.0000,2,9.720,,,4.406,infaisable
hd01_014,living+kitchen+bedroom+bedroom+bathroom,plausible,5,pavage,16,1.00,False,False,,,,48,1.200,0.2274,0.0000,2,9.720,,,5.181,infaisable
hd01_014,living+kitchen+bedroom+bedroom+bathroom,plausible,5,pavage,16,1.80,False,False,,,,48,1.200,0.2274,0.0000,2,9.720,,,4.620,infaisable
hd01_015,living+kitchen+bedroom+bedroom+bathroom,plausible,5,base,,0.50,False,False,,,,64,0.400,0.3277,0.0000,4,13.192,,,2.760,invariant_viole
hd01_015,living+kitchen+bedroom+bedroom+bathroom,plausible,5,pavage,0,0.50,False,False,,,,64,0.400,0.3277,0.0000,4,13.192,,,0.799,trame
hd01_015,living+kitchen+bedroom+bedroom+bathroom,plausible,5,pavage,4,0.50,False,False,,,,64,0.400,0.3277,0.0000,4,13.192,,,4.640,infaisable
hd01_015,living+kitchen+bedroom+bedroom+bathroom,plausible,5,pavage,8,0.50,False,False,,,,64,0.400,0.3277,0.0000,4,13.192,,,5.329,infaisable
hd01_015,living+kitchen+bedroom+bedroom+bathroom,plausible,5,pavage,16,0.50,False,False,,,,64,0.400,0.3277,0.0000,4,13.192,,,3.233,infaisable
hd01_015,living+kitchen+bedroom+bedroom+bathroom,plausible,5,pavage,16,0.00,False,True,5,0.0000,False,64,0.400,0.3277,0.0000,4,13.192,9.870273,0.7482,3.564,ok
hd01_015,living+kitchen+bedroom+bedroom+bathroom,plausible,5,pavage,16,0.25,False,False,,,,64,0.400,0.3277,0.0000,4,13.192,,,4.290,infaisable
hd01_015,living+kitchen+bedroom+bedroom+bathroom,plausible,5,pavage,16,1.00,False,False,,,,64,0.400,0.3277,0.0000,4,13.192,,,3.284,infaisable
hd01_015,living+kitchen+bedroom+bedroom+bathroom,plausible,5,pavage,16,1.80,False,False,,,,64,0.400,0.3277,0.0000,4,13.192,,,4.424,infaisable
hd01_016,living+kitchen+bedroom+bedroom+bathroom,plausible,5,base,,0.50,False,False,,,,54,0.800,0.4405,0.0000,3,8.437,,,3.066,invariant_viole
hd01_016,living+kitchen+bedroom+bedroom+bathroom,plausible,5,pavage,0,0.50,False,False,,,,54,0.800,0.4405,0.0000,3,8.437,,,0.962,trame
hd01_016,living+kitchen+bedroom+bedroom+bathroom,plausible,5,pavage,4,0.50,False,False,,,,54,0.800,0.4405,0.0000,3,8.437,,,1.403,trame
hd01_016,living+kitchen+bedroom+bedroom+bathroom,plausible,5,pavage,8,0.50,False,False,,,,54,0.800,0.4405,0.0000,3,8.437,,,4.957,infaisable
hd01_016,living+kitchen+bedroom+bedroom+bathroom,plausible,5,pavage,16,0.50,False,False,,,,54,0.800,0.4405,0.0000,3,8.437,,,4.217,infaisable
hd01_016,living+kitchen+bedroom+bedroom+bathroom,plausible,5,pavage,16,0.00,False,True,5,0.0000,False,54,0.800,0.4405,0.0000,3,8.437,9.541264,1.1309,4.604,ok
hd01_016,living+kitchen+bedroom+bedroom+bathroom,plausible,5,pavage,16,0.25,False,False,,,,54,0.800,0.4405,0.0000,3,8.437,,,5.177,infaisable
hd01_016,living+kitchen+bedroom+bedroom+bathroom,plausible,5,pavage,16,1.00,False,False,,,,54,0.800,0.4405,0.0000,3,8.437,,,6.279,infaisable
hd01_016,living+kitchen+bedroom+bedroom+bathroom,plausible,5,pavage,16,1.80,False,False,,,,54,0.800,0.4405,0.0000,3,8.437,,,6.400,infaisable
hd01_017,living+kitchen+bedroom+bedroom+bathroom,plausible,5,base,,0.50,False,False,,,,56,0.800,0.3322,0.0000,3,10.149,,,2.514,invariant_viole
hd01_017,living+kitchen+bedroom+bedroom+bathroom,plausible,5,pavage,0,0.50,False,False,,,,56,0.800,0.3322,0.0000,3,10.149,,,0.799,trame
hd01_017,living+kitchen+bedroom+bedroom+bathroom,plausible,5,pavage,4,0.50,False,False,,,,56,0.800,0.3322,0.0000,3,10.149,,,54.673,trame
hd01_017,living+kitchen+bedroom+bedroom+bathroom,plausible,5,pavage,8,0.50,False,False,,,,56,0.800,0.3322,0.0000,3,10.149,,,3.699,infaisable
hd01_017,living+kitchen+bedroom+bedroom+bathroom,plausible,5,pavage,16,0.50,False,False,,,,56,0.800,0.3322,0.0000,3,10.149,,,3.302,infaisable
hd01_017,living+kitchen+bedroom+bedroom+bathroom,plausible,5,pavage,16,0.00,False,True,5,0.0000,False,56,0.800,0.3322,0.0000,3,10.149,5.593155,0.5511,3.161,ok
hd01_017,living+kitchen+bedroom+bedroom+bathroom,plausible,5,pavage,16,0.25,False,False,,,,56,0.800,0.3322,0.0000,3,10.149,,,3.765,infaisable
hd01_017,living+kitchen+bedroom+bedroom+bathroom,plausible,5,pavage,16,1.00,False,False,,,,56,0.800,0.3322,0.0000,3,10.149,,,3.380,infaisable
hd01_017,living+kitchen+bedroom+bedroom+bathroom,plausible,5,pavage,16,1.80,False,False,,,,56,0.800,0.3322,0.0000,3,10.149,,,3.339,infaisable
hd01_018,living+kitchen+bedroom+bedroom+bathroom,plausible,5,base,,0.50,False,False,,,,40,0.800,0.2817,0.0000,3,9.611,,,2.098,invariant_viole
hd01_018,living+kitchen+bedroom+bedroom+bathroom,plausible,5,pavage,0,0.50,False,False,,,,40,0.800,0.2817,0.0000,3,9.611,,,0.665,trame
hd01_018,living+kitchen+bedroom+bedroom+bathroom,plausible,5,pavage,4,0.50,False,False,,,,40,0.800,0.2817,0.0000,3,9.611,,,3.050,infaisable
hd01_018,living+kitchen+bedroom+bedroom+bathroom,plausible,5,pavage,8,0.50,False,False,,,,40,0.800,0.2817,0.0000,3,9.611,,,3.416,infaisable
hd01_018,living+kitchen+bedroom+bedroom+bathroom,plausible,5,pavage,16,0.50,False,False,,,,40,0.800,0.2817,0.0000,3,9.611,,,2.993,infaisable
hd01_018,living+kitchen+bedroom+bedroom+bathroom,plausible,5,pavage,16,0.00,False,True,5,0.0000,False,40,0.800,0.2817,0.0000,3,9.611,3.619100,0.3766,3.092,ok
hd01_018,living+kitchen+bedroom+bedroom+bathroom,plausible,5,pavage,16,0.25,False,False,,,,40,0.800,0.2817,0.0000,3,9.611,,,2.871,infaisable
hd01_018,living+kitchen+bedroom+bedroom+bathroom,plausible,5,pavage,16,1.00,False,False,,,,40,0.800,0.2817,0.0000,3,9.611,,,4.911,infaisable
hd01_018,living+kitchen+bedroom+bedroom+bathroom,plausible,5,pavage,16,1.80,False,False,,,,40,0.800,0.2817,0.0000,3,9.611,,,3.437,infaisable
hd01_019,living+kitchen+bedroom+bedroom+bathroom,plausible,5,base,,0.50,False,False,,,,32,1.600,0.3494,0.0000,2,8.742,,,4.086,invariant_viole
hd01_019,living+kitchen+bedroom+bedroom+bathroom,plausible,5,pavage,0,0.50,False,False,,,,32,1.600,0.3494,0.0000,2,8.742,,,0.921,trame
hd01_019,living+kitchen+bedroom+bedroom+bathroom,plausible,5,pavage,4,0.50,False,False,,,,32,1.600,0.3494,0.0000,2,8.742,,,3.816,infaisable
hd01_019,living+kitchen+bedroom+bedroom+bathroom,plausible,5,pavage,8,0.50,False,False,,,,32,1.600,0.3494,0.0000,2,8.742,,,3.959,infaisable
hd01_019,living+kitchen+bedroom+bedroom+bathroom,plausible,5,pavage,16,0.50,False,False,,,,32,1.600,0.3494,0.0000,2,8.742,,,3.439,infaisable
hd01_019,living+kitchen+bedroom+bedroom+bathroom,plausible,5,pavage,16,0.00,False,True,5,0.0000,False,32,1.600,0.3494,0.0000,2,8.742,6.004416,0.6868,2.880,ok
hd01_019,living+kitchen+bedroom+bedroom+bathroom,plausible,5,pavage,16,0.25,False,False,,,,32,1.600,0.3494,0.0000,2,8.742,,,4.439,infaisable
hd01_019,living+kitchen+bedroom+bedroom+bathroom,plausible,5,pavage,16,1.00,False,False,,,,32,1.600,0.3494,0.0000,2,8.742,,,4.429,infaisable
hd01_019,living+kitchen+bedroom+bedroom+bathroom,plausible,5,pavage,16,1.80,False,False,,,,32,1.600,0.3494,0.0000,2,8.742,,,3.134,infaisable
hd01_020,living+kitchen+bedroom+bedroom+bathroom,plausible,5,base,,0.50,False,False,,,,56,0.400,0.2072,0.0000,4,9.329,,,2.042,invariant_viole
hd01_020,living+kitchen+bedroom+bedroom+bathroom,plausible,5,pavage,0,0.50,False,False,,,,56,0.400,0.2072,0.0000,4,9.329,,,0.630,trame
hd01_020,living+kitchen+bedroom+bedroom+bathroom,plausible,5,pavage,4,0.50,False,False,,,,56,0.400,0.2072,0.0000,4,9.329,,,3.777,infaisable
hd01_020,living+kitchen+bedroom+bedroom+bathroom,plausible,5,pavage,8,0.50,False,False,,,,56,0.400,0.2072,0.0000,4,9.329,,,3.551,infaisable
hd01_020,living+kitchen+bedroom+bedroom+bathroom,plausible,5,pavage,16,0.50,False,False,,,,56,0.400,0.2072,0.0000,4,9.329,,,3.319,infaisable
hd01_020,living+kitchen+bedroom+bedroom+bathroom,plausible,5,pavage,16,0.00,False,True,5,0.0000,False,56,0.400,0.2072,0.0000,4,9.329,4.606127,0.4937,2.823,ok
hd01_020,living+kitchen+bedroom+bedroom+bathroom,plausible,5,pavage,16,0.25,False,False,,,,56,0.400,0.2072,0.0000,4,9.329,,,3.097,infaisable
hd01_020,living+kitchen+bedroom+bedroom+bathroom,plausible,5,pavage,16,1.00,False,False,,,,56,0.400,0.2072,0.0000,4,9.329,,,6.001,infaisable
hd01_020,living+kitchen+bedroom+bedroom+bathroom,plausible,5,pavage,16,1.80,False,False,,,,56,0.400,0.2072,0.0000,4,9.329,,,3.183,infaisable
hd01_021,living+kitchen+bedroom+bedroom+bathroom,plausible,5,base,,0.50,False,False,,,,48,0.800,0.0735,0.0000,3,8.842,,,2.022,invariant_viole
hd01_021,living+kitchen+bedroom+bedroom+bathroom,plausible,5,pavage,0,0.50,False,False,,,,48,0.800,0.0735,0.0000,3,8.842,,,0.636,trame
hd01_021,living+kitchen+bedroom+bedroom+bathroom,plausible,5,pavage,4,0.50,False,True,5,2.3031,True,48,0.800,0.0735,0.0000,3,8.842,0.411261,0.0465,2.745,ok
hd01_021,living+kitchen+bedroom+bedroom+bathroom,plausible,5,pavage,8,0.50,False,True,5,2.3031,True,48,0.800,0.0735,0.0000,3,8.842,0.411261,0.0465,3.211,ok
hd01_021,living+kitchen+bedroom+bedroom+bathroom,plausible,5,pavage,16,0.50,False,True,5,2.3031,True,48,0.800,0.0735,0.0000,3,8.842,0.411261,0.0465,3.199,ok
hd01_021,living+kitchen+bedroom+bedroom+bathroom,plausible,5,pavage,16,0.00,False,True,5,2.3031,True,48,0.800,0.0735,0.0000,3,8.842,0.411261,0.0465,3.191,ok
hd01_021,living+kitchen+bedroom+bedroom+bathroom,plausible,5,pavage,16,0.25,False,True,5,2.3031,True,48,0.800,0.0735,0.0000,3,8.842,0.411261,0.0465,3.068,ok
hd01_021,living+kitchen+bedroom+bedroom+bathroom,plausible,5,pavage,16,1.00,False,True,5,2.3031,True,48,0.800,0.0735,0.0000,3,8.842,0.411261,0.0465,2.829,ok
hd01_021,living+kitchen+bedroom+bedroom+bathroom,plausible,5,pavage,16,1.80,False,True,5,2.3031,True,48,0.800,0.0735,0.0000,3,8.842,0.411261,0.0465,3.083,ok
hd01_022,living+kitchen+bedroom+bedroom+bathroom,plausible,5,base,,0.50,False,False,,,,63,0.400,0.2617,0.0000,4,9.130,,,1.969,invariant_viole
hd01_022,living+kitchen+bedroom+bedroom+bathroom,plausible,5,pavage,0,0.50,False,False,,,,63,0.400,0.2617,0.0000,4,9.130,,,0.657,trame
hd01_022,living+kitchen+bedroom+bedroom+bathroom,plausible,5,pavage,4,0.50,False,False,,,,63,0.400,0.2617,0.0000,4,9.130,,,0.800,trame
hd01_022,living+kitchen+bedroom+bedroom+bathroom,plausible,5,pavage,8,0.50,False,False,,,,63,0.400,0.2617,0.0000,4,9.130,,,0.768,trame
hd01_022,living+kitchen+bedroom+bedroom+bathroom,plausible,5,pavage,16,0.50,False,False,,,,63,0.400,0.2617,0.0000,4,9.130,,,0.750,trame
hd01_022,living+kitchen+bedroom+bedroom+bathroom,plausible,5,pavage,16,0.00,False,False,,,,63,0.400,0.2617,0.0000,4,9.130,,,0.773,trame
hd01_022,living+kitchen+bedroom+bedroom+bathroom,plausible,5,pavage,16,0.25,False,False,,,,63,0.400,0.2617,0.0000,4,9.130,,,0.742,trame
hd01_022,living+kitchen+bedroom+bedroom+bathroom,plausible,5,pavage,16,1.00,False,False,,,,63,0.400,0.2617,0.0000,4,9.130,,,0.758,trame
hd01_022,living+kitchen+bedroom+bedroom+bathroom,plausible,5,pavage,16,1.80,False,False,,,,63,0.400,0.2617,0.0000,4,9.130,,,0.737,trame
hd01_023,living+kitchen+bedroom+bedroom+bathroom,plausible,5,base,,0.50,False,False,,,,30,0.800,0.1626,0.0000,3,8.083,,,2.081,invariant_viole
hd01_023,living+kitchen+bedroom+bedroom+bathroom,plausible,5,pavage,0,0.50,False,False,,,,30,0.800,0.1626,0.0000,3,8.083,,,0.590,trame
hd01_023,living+kitchen+bedroom+bedroom+bathroom,plausible,5,pavage,4,0.50,False,False,,,,30,0.800,0.1626,0.0000,3,8.083,,,1.455,trame
hd01_023,living+kitchen+bedroom+bedroom+bathroom,plausible,5,pavage,8,0.50,False,False,,,,30,0.800,0.1626,0.0000,3,8.083,,,4.696,infaisable
hd01_023,living+kitchen+bedroom+bedroom+bathroom,plausible,5,pavage,16,0.50,False,False,,,,30,0.800,0.1626,0.0000,3,8.083,,,3.120,infaisable
hd01_023,living+kitchen+bedroom+bedroom+bathroom,plausible,5,pavage,16,0.00,False,True,5,0.0000,False,30,0.800,0.1626,0.0000,3,8.083,7.320452,0.9057,3.180,ok
hd01_023,living+kitchen+bedroom+bedroom+bathroom,plausible,5,pavage,16,0.25,False,False,,,,30,0.800,0.1626,0.0000,3,8.083,,,3.322,infaisable
hd01_023,living+kitchen+bedroom+bedroom+bathroom,plausible,5,pavage,16,1.00,False,False,,,,30,0.800,0.1626,0.0000,3,8.083,,,4.400,infaisable
hd01_023,living+kitchen+bedroom+bedroom+bathroom,plausible,5,pavage,16,1.80,False,False,,,,30,0.800,0.1626,0.0000,3,8.083,,,3.390,infaisable
hd01_024,living+kitchen+bedroom+bedroom+bathroom,plausible,5,base,,0.50,False,False,,,,64,1.200,0.3594,0.0000,2,9.174,,,4.401,invariant_viole
hd01_024,living+kitchen+bedroom+bedroom+bathroom,plausible,5,pavage,0,0.50,False,False,,,,64,1.200,0.3594,0.0000,2,9.174,,,2.276,trame
hd01_024,living+kitchen+bedroom+bedroom+bathroom,plausible,5,pavage,4,0.50,False,False,,,,64,1.200,0.3594,0.0000,2,9.174,,,6.187,infaisable
hd01_024,living+kitchen+bedroom+bedroom+bathroom,plausible,5,pavage,8,0.50,False,False,,,,64,1.200,0.3594,0.0000,2,9.174,,,4.912,infaisable
hd01_024,living+kitchen+bedroom+bedroom+bathroom,plausible,5,pavage,16,0.50,False,False,,,,64,1.200,0.3594,0.0000,2,9.174,,,3.782,infaisable
hd01_024,living+kitchen+bedroom+bedroom+bathroom,plausible,5,pavage,16,0.00,False,True,5,0.0000,False,64,1.200,0.3594,0.0000,2,9.174,3.701352,0.4034,3.441,ok
hd01_024,living+kitchen+bedroom+bedroom+bathroom,plausible,5,pavage,16,0.25,False,False,,,,64,1.200,0.3594,0.0000,2,9.174,,,3.366,infaisable
hd01_024,living+kitchen+bedroom+bedroom+bathroom,plausible,5,pavage,16,1.00,False,False,,,,64,1.200,0.3594,0.0000,2,9.174,,,3.378,infaisable
hd01_024,living+kitchen+bedroom+bedroom+bathroom,plausible,5,pavage,16,1.80,False,False,,,,64,1.200,0.3594,0.0000,2,9.174,,,3.227,infaisable
hd01_025,living+kitchen+bedroom+bedroom+bathroom,plausible,5,base,,0.50,False,False,,,,63,0.000,0.3528,0.0000,5,10.593,,,2.963,invariant_viole
hd01_025,living+kitchen+bedroom+bedroom+bathroom,plausible,5,pavage,0,0.50,False,False,,,,63,0.000,0.3528,0.0000,5,10.593,,,0.684,trame
hd01_025,living+kitchen+bedroom+bedroom+bathroom,plausible,5,pavage,4,0.50,False,False,,,,63,0.000,0.3528,0.0000,5,10.593,,,0.862,trame
hd01_025,living+kitchen+bedroom+bedroom+bathroom,plausible,5,pavage,8,0.50,False,False,,,,63,0.000,0.3528,0.0000,5,10.593,,,3.197,infaisable
hd01_025,living+kitchen+bedroom+bedroom+bathroom,plausible,5,pavage,16,0.50,False,False,,,,63,0.000,0.3528,0.0000,5,10.593,,,3.339,infaisable
hd01_025,living+kitchen+bedroom+bedroom+bathroom,plausible,5,pavage,16,0.00,False,True,5,0.0000,False,63,0.000,0.3528,0.0000,5,10.593,6.251173,0.5901,4.305,ok
hd01_025,living+kitchen+bedroom+bedroom+bathroom,plausible,5,pavage,16,0.25,False,False,,,,63,0.000,0.3528,0.0000,5,10.593,,,3.361,infaisable
hd01_025,living+kitchen+bedroom+bedroom+bathroom,plausible,5,pavage,16,1.00,False,False,,,,63,0.000,0.3528,0.0000,5,10.593,,,3.802,infaisable
hd01_025,living+kitchen+bedroom+bedroom+bathroom,plausible,5,pavage,16,1.80,False,False,,,,63,0.000,0.3528,0.0000,5,10.593,,,3.266,infaisable
hd01_026,living+kitchen+bedroom+bedroom+bathroom,plausible,5,base,,0.50,False,False,,,,49,0.400,0.4622,0.0000,4,9.622,,,1.919,invariant_viole
hd01_026,living+kitchen+bedroom+bedroom+bathroom,plausible,5,pavage,0,0.50,False,False,,,,49,0.400,0.4622,0.0000,4,9.622,,,1.341,trame
hd01_026,living+kitchen+bedroom+bedroom+bathroom,plausible,5,pavage,4,0.50,False,False,,,,49,0.400,0.4622,0.0000,4,9.622,,,3.053,infaisable
hd01_026,living+kitchen+bedroom+bedroom+bathroom,plausible,5,pavage,8,0.50,False,False,,,,49,0.400,0.4622,0.0000,4,9.622,,,3.256,infaisable
hd01_026,living+kitchen+bedroom+bedroom+bathroom,plausible,5,pavage,16,0.50,False,False,,,,49,0.400,0.4622,0.0000,4,9.622,,,2.999,infaisable
hd01_026,living+kitchen+bedroom+bedroom+bathroom,plausible,5,pavage,16,0.00,False,True,5,0.0000,False,49,0.400,0.4622,0.0000,4,9.622,6.580182,0.6839,2.798,ok
hd01_026,living+kitchen+bedroom+bedroom+bathroom,plausible,5,pavage,16,0.25,False,False,,,,49,0.400,0.4622,0.0000,4,9.622,,,3.688,infaisable
hd01_026,living+kitchen+bedroom+bedroom+bathroom,plausible,5,pavage,16,1.00,False,False,,,,49,0.400,0.4622,0.0000,4,9.622,,,3.291,infaisable
hd01_026,living+kitchen+bedroom+bedroom+bathroom,plausible,5,pavage,16,1.80,False,False,,,,49,0.400,0.4622,0.0000,4,9.622,,,3.005,infaisable
hd01_027,living+kitchen+bedroom+bedroom+bathroom,plausible,5,base,,0.50,False,False,,,,56,0.400,0.3404,0.0000,4,9.642,,,2.057,invariant_viole
hd01_027,living+kitchen+bedroom+bedroom+bathroom,plausible,5,pavage,0,0.50,False,False,,,,56,0.400,0.3404,0.0000,4,9.642,,,0.651,trame
hd01_027,living+kitchen+bedroom+bedroom+bathroom,plausible,5,pavage,4,0.50,False,False,,,,56,0.400,0.3404,0.0000,4,9.642,,,0.854,trame
hd01_027,living+kitchen+bedroom+bedroom+bathroom,plausible,5,pavage,8,0.50,False,False,,,,56,0.400,0.3404,0.0000,4,9.642,,,3.724,infaisable
hd01_027,living+kitchen+bedroom+bedroom+bathroom,plausible,5,pavage,16,0.50,False,False,,,,56,0.400,0.3404,0.0000,4,9.642,,,4.043,infaisable
hd01_027,living+kitchen+bedroom+bedroom+bathroom,plausible,5,pavage,16,0.00,False,True,5,0.0000,False,56,0.400,0.3404,0.0000,4,9.642,11.186309,1.1602,3.003,ok
hd01_027,living+kitchen+bedroom+bedroom+bathroom,plausible,5,pavage,16,0.25,False,False,,,,56,0.400,0.3404,0.0000,4,9.642,,,3.425,infaisable
hd01_027,living+kitchen+bedroom+bedroom+bathroom,plausible,5,pavage,16,1.00,False,False,,,,56,0.400,0.3404,0.0000,4,9.642,,,3.780,infaisable
hd01_027,living+kitchen+bedroom+bedroom+bathroom,plausible,5,pavage,16,1.80,False,False,,,,56,0.400,0.3404,0.0000,4,9.642,,,4.862,infaisable
hd01_028,living+kitchen+bedroom+bedroom+bathroom,plausible,5,base,,0.50,False,False,,,,42,0.000,0.3937,0.0000,5,11.043,,,2.048,invariant_viole
hd01_028,living+kitchen+bedroom+bedroom+bathroom,plausible,5,pavage,0,0.50,False,False,,,,42,0.000,0.3937,0.0000,5,11.043,,,0.772,trame
hd01_028,living+kitchen+bedroom+bedroom+bathroom,plausible,5,pavage,4,0.50,False,True,5,2.5498,True,42,0.000,0.3937,0.0000,5,11.043,8.965498,0.8119,2.966,ok
hd01_028,living+kitchen+bedroom+bedroom+bathroom,plausible,5,pavage,8,0.50,False,True,5,2.5498,True,42,0.000,0.3937,0.0000,5,11.043,8.965498,0.8119,2.927,ok
hd01_028,living+kitchen+bedroom+bedroom+bathroom,plausible,5,pavage,16,0.50,False,True,5,2.5498,True,42,0.000,0.3937,0.0000,5,11.043,8.965498,0.8119,3.482,ok
hd01_028,living+kitchen+bedroom+bedroom+bathroom,plausible,5,pavage,16,0.00,False,True,5,2.5498,True,42,0.000,0.3937,0.0000,5,11.043,8.965498,0.8119,2.724,ok
hd01_028,living+kitchen+bedroom+bedroom+bathroom,plausible,5,pavage,16,0.25,False,True,5,2.5498,True,42,0.000,0.3937,0.0000,5,11.043,8.965498,0.8119,2.834,ok
hd01_028,living+kitchen+bedroom+bedroom+bathroom,plausible,5,pavage,16,1.00,False,True,5,2.5498,True,42,0.000,0.3937,0.0000,5,11.043,8.965498,0.8119,2.835,ok
hd01_028,living+kitchen+bedroom+bedroom+bathroom,plausible,5,pavage,16,1.80,False,True,5,2.5498,True,42,0.000,0.3937,0.0000,5,11.043,8.965498,0.8119,2.744,ok
hd01_029,living+kitchen+bedroom+bedroom+bathroom,plausible,5,base,,0.50,False,False,,,,56,1.200,0.5121,0.0000,2,10.579,,,2.223,invariant_viole
hd01_029,living+kitchen+bedroom+bedroom+bathroom,plausible,5,pavage,0,0.50,False,False,,,,56,1.200,0.5121,0.0000,2,10.579,,,0.675,trame
hd01_029,living+kitchen+bedroom+bedroom+bathroom,plausible,5,pavage,4,0.50,False,False,,,,56,1.200,0.5121,0.0000,2,10.579,,,0.871,trame
hd01_029,living+kitchen+bedroom+bedroom+bathroom,plausible,5,pavage,8,0.50,False,True,5,0.9048,True,56,1.200,0.5121,0.0000,2,10.579,7.896218,0.7464,2.962,ok
hd01_029,living+kitchen+bedroom+bedroom+bathroom,plausible,5,pavage,16,0.50,False,True,5,0.9048,True,56,1.200,0.5121,0.0000,2,10.579,7.896218,0.7464,3.094,ok
hd01_029,living+kitchen+bedroom+bedroom+bathroom,plausible,5,pavage,16,0.00,False,True,5,0.9048,True,56,1.200,0.5121,0.0000,2,10.579,7.896218,0.7464,2.944,ok
hd01_029,living+kitchen+bedroom+bedroom+bathroom,plausible,5,pavage,16,0.25,False,True,5,0.9048,True,56,1.200,0.5121,0.0000,2,10.579,7.896218,0.7464,4.053,ok
hd01_029,living+kitchen+bedroom+bedroom+bathroom,plausible,5,pavage,16,1.00,False,True,5,1.0000,True,56,1.200,0.5121,0.0000,2,10.579,7.896218,0.7464,5.031,ok
hd01_029,living+kitchen+bedroom+bedroom+bathroom,plausible,5,pavage,16,1.80,False,True,5,1.8000,True,56,1.200,0.5121,0.0000,2,10.579,7.896218,0.7464,3.049,ok
hd01_030,living+kitchen+bedroom+bedroom+bathroom,plausible,5,base,,0.50,False,False,,,,72,0.400,0.2636,0.0000,4,11.733,,,2.001,invariant_viole
hd01_030,living+kitchen+bedroom+bedroom+bathroom,plausible,5,pavage,0,0.50,False,False,,,,72,0.400,0.2636,0.0000,4,11.733,,,0.673,trame
hd01_030,living+kitchen+bedroom+bedroom+bathroom,plausible,5,pavage,4,0.50,False,False,,,,72,0.400,0.2636,0.0000,4,11.733,,,0.826,trame
hd01_030,living+kitchen+bedroom+bedroom+bathroom,plausible,5,pavage,8,0.50,False,False,,,,72,0.400,0.2636,0.0000,4,11.733,,,1.089,trame
hd01_030,living+kitchen+bedroom+bedroom+bathroom,plausible,5,pavage,16,0.50,False,False,,,,72,0.400,0.2636,0.0000,4,11.733,,,1.066,trame
hd01_030,living+kitchen+bedroom+bedroom+bathroom,plausible,5,pavage,16,0.00,False,False,,,,72,0.400,0.2636,0.0000,4,11.733,,,0.825,trame
hd01_030,living+kitchen+bedroom+bedroom+bathroom,plausible,5,pavage,16,0.25,False,False,,,,72,0.400,0.2636,0.0000,4,11.733,,,0.812,trame
hd01_030,living+kitchen+bedroom+bedroom+bathroom,plausible,5,pavage,16,1.00,False,False,,,,72,0.400,0.2636,0.0000,4,11.733,,,0.798,trame
hd01_030,living+kitchen+bedroom+bedroom+bathroom,plausible,5,pavage,16,1.80,False,False,,,,72,0.400,0.2636,0.0000,4,11.733,,,0.787,trame
hd01_031,living+kitchen+bedroom+bedroom+bathroom,plausible,5,base,,0.50,False,False,,,,42,0.800,0.1863,0.0000,3,8.053,,,2.073,invariant_viole
hd01_031,living+kitchen+bedroom+bedroom+bathroom,plausible,5,pavage,0,0.50,False,False,,,,42,0.800,0.1863,0.0000,3,8.053,,,0.636,trame
hd01_031,living+kitchen+bedroom+bedroom+bathroom,plausible,5,pavage,4,0.50,False,True,5,0.9870,True,42,0.800,0.1863,0.0000,3,8.053,2.303064,0.2860,3.124,ok
hd01_031,living+kitchen+bedroom+bedroom+bathroom,plausible,5,pavage,8,0.50,False,True,5,0.9870,True,42,0.800,0.1863,0.0000,3,8.053,2.303064,0.2860,3.186,ok
hd01_031,living+kitchen+bedroom+bedroom+bathroom,plausible,5,pavage,16,0.50,False,True,5,0.9870,True,42,0.800,0.1863,0.0000,3,8.053,2.303064,0.2860,3.435,ok
hd01_031,living+kitchen+bedroom+bedroom+bathroom,plausible,5,pavage,16,0.00,False,True,5,0.9870,True,42,0.800,0.1863,0.0000,3,8.053,2.303064,0.2860,4.631,ok
hd01_031,living+kitchen+bedroom+bedroom+bathroom,plausible,5,pavage,16,0.25,False,True,5,0.9870,True,42,0.800,0.1863,0.0000,3,8.053,2.303064,0.2860,3.046,ok
hd01_031,living+kitchen+bedroom+bedroom+bathroom,plausible,5,pavage,16,1.00,False,True,5,1.0000,True,42,0.800,0.1863,0.0000,3,8.053,2.290091,0.2844,3.043,ok
hd01_031,living+kitchen+bedroom+bedroom+bathroom,plausible,5,pavage,16,1.80,False,True,5,1.8000,True,42,0.800,0.1863,0.0000,3,8.053,1.490091,0.1850,4.675,ok
hd01_032,living+kitchen+bedroom+bedroom+bathroom,plausible,5,base,,0.50,False,False,,,,56,0.400,0.2031,0.0000,4,9.302,,,2.150,invariant_viole
hd01_032,living+kitchen+bedroom+bedroom+bathroom,plausible,5,pavage,0,0.50,False,False,,,,56,0.400,0.2031,0.0000,4,9.302,,,0.668,trame
hd01_032,living+kitchen+bedroom+bedroom+bathroom,plausible,5,pavage,4,0.50,False,False,,,,56,0.400,0.2031,0.0000,4,9.302,,,3.094,infaisable
hd01_032,living+kitchen+bedroom+bedroom+bathroom,plausible,5,pavage,8,0.50,False,False,,,,56,0.400,0.2031,0.0000,4,9.302,,,3.115,infaisable
hd01_032,living+kitchen+bedroom+bedroom+bathroom,plausible,5,pavage,16,0.50,False,False,,,,56,0.400,0.2031,0.0000,4,9.302,,,5.121,infaisable
hd01_032,living+kitchen+bedroom+bedroom+bathroom,plausible,5,pavage,16,0.00,False,True,5,0.0000,False,56,0.400,0.2031,0.0000,4,9.302,2.961082,0.3183,6.480,ok
hd01_032,living+kitchen+bedroom+bedroom+bathroom,plausible,5,pavage,16,0.25,False,False,,,,56,0.400,0.2031,0.0000,4,9.302,,,4.070,infaisable
hd01_032,living+kitchen+bedroom+bedroom+bathroom,plausible,5,pavage,16,1.00,False,False,,,,56,0.400,0.2031,0.0000,4,9.302,,,3.831,infaisable
hd01_032,living+kitchen+bedroom+bedroom+bathroom,plausible,5,pavage,16,1.80,False,False,,,,56,0.400,0.2031,0.0000,4,9.302,,,4.029,infaisable
hd01_033,living+kitchen+bedroom+bedroom+bathroom,plausible,5,base,,0.50,False,False,,,,56,0.000,0.3901,0.0000,5,10.363,,,2.728,invariant_viole
hd01_033,living+kitchen+bedroom+bedroom+bathroom,plausible,5,pavage,0,0.50,False,False,,,,56,0.000,0.3901,0.0000,5,10.363,,,0.724,trame
hd01_033,living+kitchen+bedroom+bedroom+bathroom,plausible,5,pavage,4,0.50,False,True,5,1.8918,True,56,0.000,0.3901,0.0000,5,10.363,7.238200,0.6985,3.845,ok
hd01_033,living+kitchen+bedroom+bedroom+bathroom,plausible,5,pavage,8,0.50,False,True,5,1.8918,True,56,0.000,0.3901,0.0000,5,10.363,7.238200,0.6985,5.337,ok
hd01_033,living+kitchen+bedroom+bedroom+bathroom,plausible,5,pavage,16,0.50,False,True,5,1.8918,True,56,0.000,0.3901,0.0000,5,10.363,7.238200,0.6985,3.299,ok
hd01_033,living+kitchen+bedroom+bedroom+bathroom,plausible,5,pavage,16,0.00,False,True,5,1.8918,True,56,0.000,0.3901,0.0000,5,10.363,7.238200,0.6985,3.245,ok
hd01_033,living+kitchen+bedroom+bedroom+bathroom,plausible,5,pavage,16,0.25,False,True,5,1.8918,True,56,0.000,0.3901,0.0000,5,10.363,7.238200,0.6985,3.947,ok
hd01_033,living+kitchen+bedroom+bedroom+bathroom,plausible,5,pavage,16,1.00,False,True,5,1.8918,True,56,0.000,0.3901,0.0000,5,10.363,7.238200,0.6985,2.943,ok
hd01_033,living+kitchen+bedroom+bedroom+bathroom,plausible,5,pavage,16,1.80,False,True,5,1.8918,True,56,0.000,0.3901,0.0000,5,10.363,7.238200,0.6985,3.108,ok
hd01_034,living+kitchen+bedroom+bedroom+bathroom,plausible,5,base,,0.50,False,False,,,,72,0.400,0.2496,0.0000,4,9.174,,,2.182,invariant_viole
hd01_034,living+kitchen+bedroom+bedroom+bathroom,plausible,5,pavage,0,0.50,False,False,,,,72,0.400,0.2496,0.0000,4,9.174,,,0.663,trame
hd01_034,living+kitchen+bedroom+bedroom+bathroom,plausible,5,pavage,4,0.50,False,False,,,,72,0.400,0.2496,0.0000,4,9.174,,,0.913,trame
hd01_034,living+kitchen+bedroom+bedroom+bathroom,plausible,5,pavage,8,0.50,False,False,,,,72,0.400,0.2496,0.0000,4,9.174,,,3.581,infaisable
hd01_034,living+kitchen+bedroom+bedroom+bathroom,plausible,5,pavage,16,0.50,False,False,,,,72,0.400,0.2496,0.0000,4,9.174,,,3.425,infaisable
hd01_034,living+kitchen+bedroom+bedroom+bathroom,plausible,5,pavage,16,0.00,False,True,5,0.0000,False,72,0.400,0.2496,0.0000,4,9.174,10.199282,1.1117,3.191,ok
hd01_034,living+kitchen+bedroom+bedroom+bathroom,plausible,5,pavage,16,0.25,False,False,,,,72,0.400,0.2496,0.0000,4,9.174,,,3.297,infaisable
hd01_034,living+kitchen+bedroom+bedroom+bathroom,plausible,5,pavage,16,1.00,False,False,,,,72,0.400,0.2496,0.0000,4,9.174,,,4.130,infaisable
hd01_034,living+kitchen+bedroom+bedroom+bathroom,plausible,5,pavage,16,1.80,False,False,,,,72,0.400,0.2496,0.0000,4,9.174,,,5.899,infaisable
hd01_035,living+kitchen+bedroom+bedroom+bathroom,plausible,5,base,,0.50,False,False,,,,48,0.400,0.1456,0.0000,4,8.795,,,2.215,invariant_viole
hd01_035,living+kitchen+bedroom+bedroom+bathroom,plausible,5,pavage,0,0.50,False,True,5,2.2208,True,48,0.400,0.1456,0.0000,4,8.795,1.974055,0.2245,3.302,ok
hd01_035,living+kitchen+bedroom+bedroom+bathroom,plausible,5,pavage,4,0.50,False,True,5,2.2208,True,48,0.400,0.1456,0.0000,4,8.795,1.974055,0.2245,4.222,ok
hd01_035,living+kitchen+bedroom+bedroom+bathroom,plausible,5,pavage,8,0.50,False,True,5,2.2208,True,48,0.400,0.1456,0.0000,4,8.795,1.974055,0.2245,3.384,ok
hd01_035,living+kitchen+bedroom+bedroom+bathroom,plausible,5,pavage,16,0.50,False,True,5,2.2208,True,48,0.400,0.1456,0.0000,4,8.795,1.974055,0.2245,3.034,ok
hd01_035,living+kitchen+bedroom+bedroom+bathroom,plausible,5,pavage,16,0.00,False,True,5,2.2208,True,48,0.400,0.1456,0.0000,4,8.795,1.974055,0.2245,3.306,ok
hd01_035,living+kitchen+bedroom+bedroom+bathroom,plausible,5,pavage,16,0.25,False,True,5,2.2208,True,48,0.400,0.1456,0.0000,4,8.795,1.974055,0.2245,4.814,ok
hd01_035,living+kitchen+bedroom+bedroom+bathroom,plausible,5,pavage,16,1.00,False,True,5,2.2208,True,48,0.400,0.1456,0.0000,4,8.795,1.974055,0.2245,3.157,ok
hd01_035,living+kitchen+bedroom+bedroom+bathroom,plausible,5,pavage,16,1.80,False,True,5,2.2208,True,48,0.400,0.1456,0.0000,4,8.795,1.974055,0.2245,2.582,ok
hd01_036,living+kitchen+bedroom+bedroom+bathroom,plausible,5,base,,0.50,False,False,,,,48,0.000,0.4089,0.0000,5,10.957,,,2.023,invariant_viole
hd01_036,living+kitchen+bedroom+bedroom+bathroom,plausible,5,pavage,0,0.50,False,False,,,,48,0.000,0.4089,0.0000,5,10.957,,,0.639,trame
hd01_036,living+kitchen+bedroom+bedroom+bathroom,plausible,5,pavage,4,0.50,False,False,,,,48,0.000,0.4089,0.0000,5,10.957,,,0.830,trame
hd01_036,living+kitchen+bedroom+bedroom+bathroom,plausible,5,pavage,8,0.50,False,True,5,1.2338,True,48,0.000,0.4089,0.0000,5,10.957,7.567209,0.6906,4.508,ok
hd01_036,living+kitchen+bedroom+bedroom+bathroom,plausible,5,pavage,16,0.50,False,True,5,1.2338,True,48,0.000,0.4089,0.0000,5,10.957,7.567209,0.6906,5.551,ok
hd01_036,living+kitchen+bedroom+bedroom+bathroom,plausible,5,pavage,16,0.00,False,True,5,1.2338,True,48,0.000,0.4089,0.0000,5,10.957,7.567209,0.6906,4.799,ok
hd01_036,living+kitchen+bedroom+bedroom+bathroom,plausible,5,pavage,16,0.25,False,True,5,1.2338,True,48,0.000,0.4089,0.0000,5,10.957,7.567209,0.6906,3.818,ok
hd01_036,living+kitchen+bedroom+bedroom+bathroom,plausible,5,pavage,16,1.00,False,True,5,1.2338,True,48,0.000,0.4089,0.0000,5,10.957,7.567209,0.6906,3.303,ok
hd01_036,living+kitchen+bedroom+bedroom+bathroom,plausible,5,pavage,16,1.80,False,True,5,1.8000,True,48,0.000,0.4089,0.0000,5,10.957,7.567209,0.6906,3.221,ok
hd01_037,living+kitchen+bedroom+bedroom+bathroom,plausible,5,base,,0.50,False,False,,,,42,0.400,0.2266,0.0000,4,7.706,,,2.166,invariant_viole
hd01_037,living+kitchen+bedroom+bedroom+bathroom,plausible,5,pavage,0,0.50,False,False,,,,42,0.400,0.2266,0.0000,4,7.706,,,0.639,trame
hd01_037,living+kitchen+bedroom+bedroom+bathroom,plausible,5,pavage,4,0.50,False,False,,,,42,0.400,0.2266,0.0000,4,7.706,,,0.822,trame
hd01_037,living+kitchen+bedroom+bedroom+bathroom,plausible,5,pavage,8,0.50,False,False,,,,42,0.400,0.2266,0.0000,4,7.706,,,4.597,infaisable
hd01_037,living+kitchen+bedroom+bedroom+bathroom,plausible,5,pavage,16,0.50,False,False,,,,42,0.400,0.2266,0.0000,4,7.706,,,3.450,infaisable
hd01_037,living+kitchen+bedroom+bedroom+bathroom,plausible,5,pavage,16,0.00,False,True,5,0.0000,False,42,0.400,0.2266,0.0000,4,7.706,3.290091,0.4270,3.210,ok
hd01_037,living+kitchen+bedroom+bedroom+bathroom,plausible,5,pavage,16,0.25,False,False,,,,42,0.400,0.2266,0.0000,4,7.706,,,3.232,infaisable
hd01_037,living+kitchen+bedroom+bedroom+bathroom,plausible,5,pavage,16,1.00,False,False,,,,42,0.400,0.2266,0.0000,4,7.706,,,4.201,infaisable
hd01_037,living+kitchen+bedroom+bedroom+bathroom,plausible,5,pavage,16,1.80,False,False,,,,42,0.400,0.2266,0.0000,4,7.706,,,3.466,infaisable
hd01_038,living+kitchen+bedroom+bedroom+bathroom,plausible,5,base,,0.50,False,False,,,,56,0.000,0.3027,0.0000,5,8.981,,,1.994,invariant_viole
hd01_038,living+kitchen+bedroom+bedroom+bathroom,plausible,5,pavage,0,0.50,False,False,,,,56,0.000,0.3027,0.0000,5,8.981,,,0.638,trame
hd01_038,living+kitchen+bedroom+bedroom+bathroom,plausible,5,pavage,4,0.50,False,True,5,1.2338,True,56,0.000,0.3027,0.0000,5,8.981,3.372343,0.3755,3.151,ok
hd01_038,living+kitchen+bedroom+bedroom+bathroom,plausible,5,pavage,8,0.50,False,True,5,1.2338,True,56,0.000,0.3027,0.0000,5,8.981,3.372343,0.3755,4.013,ok
hd01_038,living+kitchen+bedroom+bedroom+bathroom,plausible,5,pavage,16,0.50,False,True,5,1.2338,True,56,0.000,0.3027,0.0000,5,8.981,3.372343,0.3755,2.951,ok
hd01_038,living+kitchen+bedroom+bedroom+bathroom,plausible,5,pavage,16,0.00,False,True,5,1.2338,True,56,0.000,0.3027,0.0000,5,8.981,3.372343,0.3755,3.764,ok
hd01_038,living+kitchen+bedroom+bedroom+bathroom,plausible,5,pavage,16,0.25,False,True,5,1.2338,True,56,0.000,0.3027,0.0000,5,8.981,3.372343,0.3755,2.948,ok
hd01_038,living+kitchen+bedroom+bedroom+bathroom,plausible,5,pavage,16,1.00,False,True,5,1.2338,True,56,0.000,0.3027,0.0000,5,8.981,3.372343,0.3755,2.847,ok
hd01_038,living+kitchen+bedroom+bedroom+bathroom,plausible,5,pavage,16,1.80,False,True,5,1.8000,True,56,0.000,0.3027,0.0000,5,8.981,3.372343,0.3755,4.119,ok
hd01_039,living+kitchen+bedroom+bedroom+bathroom,plausible,5,base,,0.50,False,False,,,,56,1.200,0.2445,0.0000,2,9.085,,,2.048,invariant_viole
hd01_039,living+kitchen+bedroom+bedroom+bathroom,plausible,5,pavage,0,0.50,False,False,,,,56,1.200,0.2445,0.0000,2,9.085,,,0.649,trame
hd01_039,living+kitchen+bedroom+bedroom+bathroom,plausible,5,pavage,4,0.50,False,False,,,,56,1.200,0.2445,0.0000,2,9.085,,,3.169,infaisable
hd01_039,living+kitchen+bedroom+bedroom+bathroom,plausible,5,pavage,8,0.50,False,False,,,,56,1.200,0.2445,0.0000,2,9.085,,,3.390,infaisable
hd01_039,living+kitchen+bedroom+bedroom+bathroom,plausible,5,pavage,16,0.50,False,False,,,,56,1.200,0.2445,0.0000,2,9.085,,,4.378,infaisable
hd01_039,living+kitchen+bedroom+bedroom+bathroom,plausible,5,pavage,16,0.00,False,True,5,0.0000,False,56,1.200,0.2445,0.0000,2,9.085,6.251173,0.6880,3.831,ok
hd01_039,living+kitchen+bedroom+bedroom+bathroom,plausible,5,pavage,16,0.25,False,False,,,,56,1.200,0.2445,0.0000,2,9.085,,,3.311,infaisable
hd01_039,living+kitchen+bedroom+bedroom+bathroom,plausible,5,pavage,16,1.00,False,False,,,,56,1.200,0.2445,0.0000,2,9.085,,,3.081,infaisable
hd01_039,living+kitchen+bedroom+bedroom+bathroom,plausible,5,pavage,16,1.80,False,False,,,,56,1.200,0.2445,0.0000,2,9.085,,,3.812,infaisable
hd02_000,living+kitchen+bedroom+bathroom+hallway,plausible,5,base,,0.50,False,False,,,,30,2.000,0.1837,0.0000,2,10.189,,,2.008,invariant_viole
hd02_000,living+kitchen+bedroom+bathroom+hallway,plausible,5,pavage,0,0.50,False,False,,,,30,2.000,0.1837,0.0000,2,10.189,,,0.626,trame
hd02_000,living+kitchen+bedroom+bathroom+hallway,plausible,5,pavage,4,0.50,False,True,5,0.6580,True,30,2.000,0.1837,0.0000,2,10.189,5.675407,0.5570,3.077,ok
hd02_000,living+kitchen+bedroom+bathroom+hallway,plausible,5,pavage,8,0.50,False,True,5,0.6580,True,30,2.000,0.1837,0.0000,2,10.189,5.675407,0.5570,2.825,ok
hd02_000,living+kitchen+bedroom+bathroom+hallway,plausible,5,pavage,16,0.50,False,True,5,0.6580,True,30,2.000,0.1837,0.0000,2,10.189,5.675407,0.5570,3.340,ok
hd02_000,living+kitchen+bedroom+bathroom+hallway,plausible,5,pavage,16,0.00,False,True,5,0.6580,True,30,2.000,0.1837,0.0000,2,10.189,5.675407,0.5570,5.099,ok
hd02_000,living+kitchen+bedroom+bathroom+hallway,plausible,5,pavage,16,0.25,False,True,5,0.6580,True,30,2.000,0.1837,0.0000,2,10.189,5.675407,0.5570,4.796,ok
hd02_000,living+kitchen+bedroom+bathroom+hallway,plausible,5,pavage,16,1.00,False,True,5,1.0000,True,30,2.000,0.1837,0.0000,2,10.189,5.675407,0.5570,5.856,ok
hd02_000,living+kitchen+bedroom+bathroom+hallway,plausible,5,pavage,16,1.80,False,True,5,1.8000,True,30,2.000,0.1837,0.0000,2,10.189,5.830361,0.5722,3.874,ok
hd02_001,living+kitchen+bedroom+bathroom+hallway,plausible,5,base,,0.50,False,False,,,,56,0.800,0.3170,0.0000,3,10.174,,,2.392,invariant_viole
hd02_001,living+kitchen+bedroom+bathroom+hallway,plausible,5,pavage,0,0.50,False,False,,,,56,0.800,0.3170,0.0000,3,10.174,,,0.675,trame
hd02_001,living+kitchen+bedroom+bathroom+hallway,plausible,5,pavage,4,0.50,False,False,,,,56,0.800,0.3170,0.0000,3,10.174,,,0.849,trame
hd02_001,living+kitchen+bedroom+bathroom+hallway,plausible,5,pavage,8,0.50,False,False,,,,56,0.800,0.3170,0.0000,3,10.174,,,0.902,trame
hd02_001,living+kitchen+bedroom+bathroom+hallway,plausible,5,pavage,16,0.50,False,False,,,,56,0.800,0.3170,0.0000,3,10.174,,,0.902,trame
hd02_001,living+kitchen+bedroom+bathroom+hallway,plausible,5,pavage,16,0.00,False,False,,,,56,0.800,0.3170,0.0000,3,10.174,,,0.864,trame
hd02_001,living+kitchen+bedroom+bathroom+hallway,plausible,5,pavage,16,0.25,False,False,,,,56,0.800,0.3170,0.0000,3,10.174,,,0.861,trame
hd02_001,living+kitchen+bedroom+bathroom+hallway,plausible,5,pavage,16,1.00,False,False,,,,56,0.800,0.3170,0.0000,3,10.174,,,1.104,trame
hd02_001,living+kitchen+bedroom+bathroom+hallway,plausible,5,pavage,16,1.80,False,False,,,,56,0.800,0.3170,0.0000,3,10.174,,,1.389,trame
hd02_002,living+kitchen+bedroom+bathroom+hallway,plausible,5,base,,0.50,False,False,,,,40,2.000,0.2250,0.0000,2,9.671,,,3.492,invariant_viole
hd02_002,living+kitchen+bedroom+bathroom+hallway,plausible,5,pavage,0,0.50,False,False,,,,40,2.000,0.2250,0.0000,2,9.671,,,0.808,trame
hd02_002,living+kitchen+bedroom+bathroom+hallway,plausible,5,pavage,4,0.50,False,True,5,0.6580,True,40,2.000,0.2250,0.0000,2,9.671,2.961082,0.3062,3.210,ok
hd02_002,living+kitchen+bedroom+bathroom+hallway,plausible,5,pavage,8,0.50,False,True,5,0.6580,True,40,2.000,0.2250,0.0000,2,9.671,2.961082,0.3062,3.009,ok
hd02_002,living+kitchen+bedroom+bathroom+hallway,plausible,5,pavage,16,0.50,False,True,5,0.6580,True,40,2.000,0.2250,0.0000,2,9.671,2.961082,0.3062,3.699,ok
hd02_002,living+kitchen+bedroom+bathroom+hallway,plausible,5,pavage,16,0.00,False,True,5,0.6580,True,40,2.000,0.2250,0.0000,2,9.671,2.961082,0.3062,3.339,ok
hd02_002,living+kitchen+bedroom+bathroom+hallway,plausible,5,pavage,16,0.25,False,True,5,0.6580,True,40,2.000,0.2250,0.0000,2,9.671,2.961082,0.3062,3.120,ok
hd02_002,living+kitchen+bedroom+bathroom+hallway,plausible,5,pavage,16,1.00,False,True,5,1.0000,True,40,2.000,0.2250,0.0000,2,9.671,2.961082,0.3062,3.162,ok
hd02_002,living+kitchen+bedroom+bathroom+hallway,plausible,5,pavage,16,1.80,False,True,5,1.8000,True,40,2.000,0.2250,0.0000,2,9.671,2.961082,0.3062,2.895,ok
hd02_003,living+kitchen+bedroom+bathroom+hallway,plausible,5,base,,0.50,False,False,,,,36,0.000,0.3694,0.0000,5,9.781,,,2.038,invariant_viole
hd02_003,living+kitchen+bedroom+bathroom+hallway,plausible,5,pavage,0,0.50,False,False,,,,36,0.000,0.3694,0.0000,5,9.781,,,0.620,trame
hd02_003,living+kitchen+bedroom+bathroom+hallway,plausible,5,pavage,4,0.50,False,False,,,,36,0.000,0.3694,0.0000,5,9.781,,,2.978,infaisable
hd02_003,living+kitchen+bedroom+bathroom+hallway,plausible,5,pavage,8,0.50,False,False,,,,36,0.000,0.3694,0.0000,5,9.781,,,2.999,infaisable
hd02_003,living+kitchen+bedroom+bathroom+hallway,plausible,5,pavage,16,0.50,False,False,,,,36,0.000,0.3694,0.0000,5,9.781,,,2.978,infaisable
hd02_003,living+kitchen+bedroom+bathroom+hallway,plausible,5,pavage,16,0.00,False,True,5,0.0000,False,36,0.000,0.3694,0.0000,5,9.781,4.277118,0.4373,3.194,ok
hd02_003,living+kitchen+bedroom+bathroom+hallway,plausible,5,pavage,16,0.25,False,False,,,,36,0.000,0.3694,0.0000,5,9.781,,,3.061,infaisable
hd02_003,living+kitchen+bedroom+bathroom+hallway,plausible,5,pavage,16,1.00,False,False,,,,36,0.000,0.3694,0.0000,5,9.781,,,3.380,infaisable
hd02_003,living+kitchen+bedroom+bathroom+hallway,plausible,5,pavage,16,1.80,False,False,,,,36,0.000,0.3694,0.0000,5,9.781,,,3.039,infaisable
hd02_004,living+kitchen+bedroom+bathroom+hallway,plausible,5,base,,0.50,False,False,,,,49,0.800,0.1967,0.0000,3,9.788,,,2.037,invariant_viole
hd02_004,living+kitchen+bedroom+bathroom+hallway,plausible,5,pavage,0,0.50,False,False,,,,49,0.800,0.1967,0.0000,3,9.788,,,0.683,trame
hd02_004,living+kitchen+bedroom+bathroom+hallway,plausible,5,pavage,4,0.50,False,False,,,,49,0.800,0.1967,0.0000,3,9.788,,,3.313,infaisable
hd02_004,living+kitchen+bedroom+bathroom+hallway,plausible,5,pavage,8,0.50,False,False,,,,49,0.800,0.1967,0.0000,3,9.788,,,3.045,infaisable
hd02_004,living+kitchen+bedroom+bathroom+hallway,plausible,5,pavage,16,0.50,False,False,,,,49,0.800,0.1967,0.0000,3,9.788,,,2.971,infaisable
hd02_004,living+kitchen+bedroom+bathroom+hallway,plausible,5,pavage,16,0.00,False,True,5,0.0000,False,49,0.800,0.1967,0.0000,3,9.788,3.207839,0.3277,2.738,ok
hd02_004,living+kitchen+bedroom+bathroom+hallway,plausible,5,pavage,16,0.25,False,False,,,,49,0.800,0.1967,0.0000,3,9.788,,,2.971,infaisable
hd02_004,living+kitchen+bedroom+bathroom+hallway,plausible,5,pavage,16,1.00,False,False,,,,49,0.800,0.1967,0.0000,3,9.788,,,3.577,infaisable
hd02_004,living+kitchen+bedroom+bathroom+hallway,plausible,5,pavage,16,1.80,False,False,,,,49,0.800,0.1967,0.0000,3,9.788,,,3.337,infaisable
hd02_005,living+kitchen+bedroom+bathroom+hallway,plausible,5,base,,0.50,False,False,,,,64,1.600,0.1985,0.0000,2,10.363,,,2.142,invariant_viole
hd02_005,living+kitchen+bedroom+bathroom+hallway,plausible,5,pavage,0,0.50,False,False,,,,64,1.600,0.1985,0.0000,2,10.363,,,0.697,trame
hd02_005,living+kitchen+bedroom+bathroom+hallway,plausible,5,pavage,4,0.50,False,False,,,,64,1.600,0.1985,0.0000,2,10.363,,,0.803,trame
hd02_005,living+kitchen+bedroom+bathroom+hallway,plausible,5,pavage,8,0.50,False,False,,,,64,1.600,0.1985,0.0000,2,10.363,,,0.961,trame
hd02_005,living+kitchen+bedroom+bathroom+hallway,plausible,5,pavage,16,0.50,False,False,,,,64,1.600,0.1985,0.0000,2,10.363,,,0.806,trame
hd02_005,living+kitchen+bedroom+bathroom+hallway,plausible,5,pavage,16,0.00,False,False,,,,64,1.600,0.1985,0.0000,2,10.363,,,1.011,trame
hd02_005,living+kitchen+bedroom+bathroom+hallway,plausible,5,pavage,16,0.25,False,False,,,,64,1.600,0.1985,0.0000,2,10.363,,,1.409,trame
hd02_005,living+kitchen+bedroom+bathroom+hallway,plausible,5,pavage,16,1.00,False,False,,,,64,1.600,0.1985,0.0000,2,10.363,,,0.941,trame
hd02_005,living+kitchen+bedroom+bathroom+hallway,plausible,5,pavage,16,1.80,False,False,,,,64,1.600,0.1985,0.0000,2,10.363,,,0.997,trame
hd02_006,living+kitchen+bedroom+bathroom+hallway,plausible,5,base,,0.50,False,False,,,,49,1.200,0.2176,0.0000,2,8.636,,,4.528,invariant_viole
hd02_006,living+kitchen+bedroom+bathroom+hallway,plausible,5,pavage,0,0.50,False,False,,,,49,1.200,0.2176,0.0000,2,8.636,,,0.930,trame
hd02_006,living+kitchen+bedroom+bathroom+hallway,plausible,5,pavage,4,0.50,False,True,5,0.5000,True,49,1.200,0.2176,0.0000,2,8.636,6.004416,0.6952,3.318,ok
hd02_006,living+kitchen+bedroom+bathroom+hallway,plausible,5,pavage,8,0.50,False,True,5,0.5000,True,49,1.200,0.2176,0.0000,2,8.636,6.004416,0.6952,5.499,ok
hd02_006,living+kitchen+bedroom+bathroom+hallway,plausible,5,pavage,16,0.50,False,True,5,0.5000,True,49,1.200,0.2176,0.0000,2,8.636,6.004416,0.6952,3.137,ok
hd02_006,living+kitchen+bedroom+bathroom+hallway,plausible,5,pavage,16,0.00,False,True,5,0.3290,False,49,1.200,0.2176,0.0000,2,8.636,6.004416,0.6952,3.406,ok
hd02_006,living+kitchen+bedroom+bathroom+hallway,plausible,5,pavage,16,0.25,False,True,5,0.3290,False,49,1.200,0.2176,0.0000,2,8.636,6.004416,0.6952,3.076,ok
hd02_006,living+kitchen+bedroom+bathroom+hallway,plausible,5,pavage,16,1.00,False,True,5,1.0000,True,49,1.200,0.2176,0.0000,2,8.636,6.004416,0.6952,4.252,ok
hd02_006,living+kitchen+bedroom+bathroom+hallway,plausible,5,pavage,16,1.80,False,True,5,1.8000,True,49,1.200,0.2176,0.0000,2,8.636,6.406127,0.7418,3.779,ok
hd02_007,living+kitchen+bedroom+bathroom+hallway,plausible,5,base,,0.50,False,False,,,,56,0.800,0.4393,0.0000,3,10.677,,,2.901,invariant_viole
hd02_007,living+kitchen+bedroom+bathroom+hallway,plausible,5,pavage,0,0.50,False,False,,,,56,0.800,0.4393,0.0000,3,10.677,,,0.840,trame
hd02_007,living+kitchen+bedroom+bathroom+hallway,plausible,5,pavage,4,0.50,False,False,,,,56,0.800,0.4393,0.0000,3,10.677,,,1.105,trame
hd02_007,living+kitchen+bedroom+bathroom+hallway,plausible,5,pavage,8,0.50,False,False,,,,56,0.800,0.4393,0.0000,3,10.677,,,5.411,infaisable
hd02_007,living+kitchen+bedroom+bathroom+hallway,plausible,5,pavage,16,0.50,False,False,,,,56,0.800,0.4393,0.0000,3,10.677,,,4.600,infaisable
hd02_007,living+kitchen+bedroom+bathroom+hallway,plausible,5,pavage,16,0.00,False,True,5,0.0000,False,56,0.800,0.4393,0.0000,3,10.677,7.567209,0.7088,3.334,ok
hd02_007,living+kitchen+bedroom+bathroom+hallway,plausible,5,pavage,16,0.25,False,False,,,,56,0.800,0.4393,0.0000,3,10.677,,,4.426,infaisable
hd02_007,living+kitchen+bedroom+bathroom+hallway,plausible,5,pavage,16,1.00,False,False,,,,56,0.800,0.4393,0.0000,3,10.677,,,4.044,infaisable
hd02_007,living+kitchen+bedroom+bathroom+hallway,plausible,5,pavage,16,1.80,False,False,,,,56,0.800,0.4393,0.0000,3,10.677,,,3.550,infaisable
hd02_008,living+kitchen+bedroom+bathroom+hallway,plausible,5,base,,0.50,False,False,,,,30,1.600,0.0147,0.0000,1,9.674,,,2.015,invariant_viole
hd02_008,living+kitchen+bedroom+bathroom+hallway,plausible,5,pavage,0,0.50,False,False,,,,30,1.600,0.0147,0.0000,1,9.674,,,0.614,trame
hd02_008,living+kitchen+bedroom+bathroom+hallway,plausible,5,pavage,4,0.50,False,True,5,0.6580,True,30,1.600,0.0147,0.0000,1,9.674,0.575766,0.0595,3.306,ok
hd02_008,living+kitchen+bedroom+bathroom+hallway,plausible,5,pavage,8,0.50,False,True,5,0.6580,True,30,1.600,0.0147,0.0000,1,9.674,0.575766,0.0595,3.395,ok
hd02_008,living+kitchen+bedroom+bathroom+hallway,plausible,5,pavage,16,0.50,False,True,5,0.6580,True,30,1.600,0.0147,0.0000,1,9.674,0.575766,0.0595,2.829,ok
hd02_008,living+kitchen+bedroom+bathroom+hallway,plausible,5,pavage,16,0.00,False,True,5,0.6580,True,30,1.600,0.0147,0.0000,1,9.674,0.575766,0.0595,3.448,ok
hd02_008,living+kitchen+bedroom+bathroom+hallway,plausible,5,pavage,16,0.25,False,True,5,0.6580,True,30,1.600,0.0147,0.0000,1,9.674,0.575766,0.0595,2.694,ok
hd02_008,living+kitchen+bedroom+bathroom+hallway,plausible,5,pavage,16,1.00,False,True,5,1.0000,True,30,1.600,0.0147,0.0000,1,9.674,0.917748,0.0949,3.128,ok
hd02_008,living+kitchen+bedroom+bathroom+hallway,plausible,5,pavage,16,1.80,False,True,5,1.8000,True,30,1.600,0.0147,0.0000,1,9.674,1.717748,0.1776,3.666,ok
hd02_009,living+kitchen+bedroom+bathroom+hallway,plausible,5,base,,0.50,False,False,,,,40,1.200,0.3822,0.0000,2,10.728,,,2.360,invariant_viole
hd02_009,living+kitchen+bedroom+bathroom+hallway,plausible,5,pavage,0,0.50,False,False,,,,40,1.200,0.3822,0.0000,2,10.728,,,0.660,trame
hd02_009,living+kitchen+bedroom+bathroom+hallway,plausible,5,pavage,4,0.50,False,False,,,,40,1.200,0.3822,0.0000,2,10.728,,,3.241,infaisable
hd02_009,living+kitchen+bedroom+bathroom+hallway,plausible,5,pavage,8,0.50,False,False,,,,40,1.200,0.3822,0.0000,2,10.728,,,3.478,infaisable
hd02_009,living+kitchen+bedroom+bathroom+hallway,plausible,5,pavage,16,0.50,False,False,,,,40,1.200,0.3822,0.0000,2,10.728,,,3.932,infaisable
hd02_009,living+kitchen+bedroom+bathroom+hallway,plausible,5,pavage,16,0.00,False,True,5,0.0000,False,40,1.200,0.3822,0.0000,2,10.728,11.186309,1.0427,2.968,ok
hd02_009,living+kitchen+bedroom+bathroom+hallway,plausible,5,pavage,16,0.25,False,False,,,,40,1.200,0.3822,0.0000,2,10.728,,,3.069,infaisable
hd02_009,living+kitchen+bedroom+bathroom+hallway,plausible,5,pavage,16,1.00,False,False,,,,40,1.200,0.3822,0.0000,2,10.728,,,3.071,infaisable
hd02_009,living+kitchen+bedroom+bathroom+hallway,plausible,5,pavage,16,1.80,False,False,,,,40,1.200,0.3822,0.0000,2,10.728,,,4.220,infaisable
hd02_010,living+kitchen+bedroom+bathroom+hallway,plausible,5,base,,0.50,False,False,,,,56,1.600,0.1797,0.0000,1,9.258,,,3.092,invariant_viole
hd02_010,living+kitchen+bedroom+bathroom+hallway,plausible,5,pavage,0,0.50,False,False,,,,56,1.600,0.1797,0.0000,1,9.258,,,1.963,trame
hd02_010,living+kitchen+bedroom+bathroom+hallway,plausible,5,pavage,4,0.50,False,False,,,,56,1.600,0.1797,0.0000,1,9.258,,,4.089,infaisable
hd02_010,living+kitchen+bedroom+bathroom+hallway,plausible,5,pavage,8,0.50,False,False,,,,56,1.600,0.1797,0.0000,1,9.258,,,5.392,infaisable
hd02_010,living+kitchen+bedroom+bathroom+hallway,plausible,5,pavage,16,0.50,False,False,,,,56,1.600,0.1797,0.0000,1,9.258,,,3.621,infaisable
hd02_010,living+kitchen+bedroom+bathroom+hallway,plausible,5,pavage,16,0.00,False,True,5,0.0000,False,56,1.600,0.1797,0.0000,1,9.258,5.181893,0.5597,3.866,ok
hd02_010,living+kitchen+bedroom+bathroom+hallway,plausible,5,pavage,16,0.25,False,False,,,,56,1.600,0.1797,0.0000,1,9.258,,,3.726,infaisable
hd02_010,living+kitchen+bedroom+bathroom+hallway,plausible,5,pavage,16,1.00,False,False,,,,56,1.600,0.1797,0.0000,1,9.258,,,3.754,infaisable
hd02_010,living+kitchen+bedroom+bathroom+hallway,plausible,5,pavage,16,1.80,False,False,,,,56,1.600,0.1797,0.0000,1,9.258,,,3.450,infaisable
hd02_011,living+kitchen+bedroom+bathroom+hallway,plausible,5,base,,0.50,False,False,,,,36,1.200,0.3827,0.0000,2,11.688,,,2.172,invariant_viole
hd02_011,living+kitchen+bedroom+bathroom+hallway,plausible,5,pavage,0,0.50,False,False,,,,36,1.200,0.3827,0.0000,2,11.688,,,0.623,trame
hd02_011,living+kitchen+bedroom+bathroom+hallway,plausible,5,pavage,4,0.50,False,False,,,,36,1.200,0.3827,0.0000,2,11.688,,,0.820,trame
hd02_011,living+kitchen+bedroom+bathroom+hallway,plausible,5,pavage,8,0.50,False,False,,,,36,1.200,0.3827,0.0000,2,11.688,,,3.674,infaisable
hd02_011,living+kitchen+bedroom+bathroom+hallway,plausible,5,pavage,16,0.50,False,False,,,,36,1.200,0.3827,0.0000,2,11.688,,,4.624,infaisable
hd02_011,living+kitchen+bedroom+bathroom+hallway,plausible,5,pavage,16,0.00,False,True,5,0.0000,False,36,1.200,0.3827,0.0000,2,11.688,6.168920,0.5278,2.975,ok
hd02_011,living+kitchen+bedroom+bathroom+hallway,plausible,5,pavage,16,0.25,False,False,,,,36,1.200,0.3827,0.0000,2,11.688,,,3.183,infaisable
hd02_011,living+kitchen+bedroom+bathroom+hallway,plausible,5,pavage,16,1.00,False,False,,,,36,1.200,0.3827,0.0000,2,11.688,,,3.385,infaisable
hd02_011,living+kitchen+bedroom+bathroom+hallway,plausible,5,pavage,16,1.80,False,False,,,,36,1.200,0.3827,0.0000,2,11.688,,,3.554,infaisable
hd02_012,living+kitchen+bedroom+bathroom+hallway,plausible,5,base,,0.50,False,False,,,,35,1.600,0.0872,0.0000,2,10.235,,,2.088,invariant_viole
hd02_012,living+kitchen+bedroom+bathroom+hallway,plausible,5,pavage,0,0.50,False,False,,,,35,1.600,0.0872,0.0000,2,10.235,,,0.618,trame
hd02_012,living+kitchen+bedroom+bathroom+hallway,plausible,5,pavage,4,0.50,False,False,,,,35,1.600,0.0872,0.0000,2,10.235,,,0.861,trame
hd02_012,living+kitchen+bedroom+bathroom+hallway,plausible,5,pavage,8,0.50,False,False,,,,35,1.600,0.0872,0.0000,2,10.235,,,1.080,trame
hd02_012,living+kitchen+bedroom+bathroom+hallway,plausible,5,pavage,16,0.50,False,False,,,,35,1.600,0.0872,0.0000,2,10.235,,,1.132,trame
hd02_012,living+kitchen+bedroom+bathroom+hallway,plausible,5,pavage,16,0.00,False,False,,,,35,1.600,0.0872,0.0000,2,10.235,,,1.116,trame
hd02_012,living+kitchen+bedroom+bathroom+hallway,plausible,5,pavage,16,0.25,False,False,,,,35,1.600,0.0872,0.0000,2,10.235,,,1.092,trame
hd02_012,living+kitchen+bedroom+bathroom+hallway,plausible,5,pavage,16,1.00,False,False,,,,35,1.600,0.0872,0.0000,2,10.235,,,1.341,trame
hd02_012,living+kitchen+bedroom+bathroom+hallway,plausible,5,pavage,16,1.80,False,False,,,,35,1.600,0.0872,0.0000,2,10.235,,,1.462,trame
hd02_013,living+kitchen+bedroom+bathroom+hallway,plausible,5,base,,0.50,False,False,,,,48,1.600,0.2715,0.0000,1,10.599,,,2.363,invariant_viole
hd02_013,living+kitchen+bedroom+bathroom+hallway,plausible,5,pavage,0,0.50,False,False,,,,48,1.600,0.2715,0.0000,1,10.599,,,0.672,trame
hd02_013,living+kitchen+bedroom+bathroom+hallway,plausible,5,pavage,4,0.50,False,False,,,,48,1.600,0.2715,0.0000,1,10.599,,,3.375,infaisable
hd02_013,living+kitchen+bedroom+bathroom+hallway,plausible,5,pavage,8,0.50,False,False,,,,48,1.600,0.2715,0.0000,1,10.599,,,3.337,infaisable
hd02_013,living+kitchen+bedroom+bathroom+hallway,plausible,5,pavage,16,0.50,False,False,,,,48,1.600,0.2715,0.0000,1,10.599,,,4.233,infaisable
hd02_013,living+kitchen+bedroom+bathroom+hallway,plausible,5,pavage,16,0.00,False,True,5,0.0000,False,48,1.600,0.2715,0.0000,1,10.599,3.619100,0.3415,3.039,ok
hd02_013,living+kitchen+bedroom+bathroom+hallway,plausible,5,pavage,16,0.25,False,False,,,,48,1.600,0.2715,0.0000,1,10.599,,,3.267,infaisable
hd02_013,living+kitchen+bedroom+bathroom+hallway,plausible,5,pavage,16,1.00,False,False,,,,48,1.600,0.2715,0.0000,1,10.599,,,3.276,infaisable
hd02_013,living+kitchen+bedroom+bathroom+hallway,plausible,5,pavage,16,1.80,False,False,,,,48,1.600,0.2715,0.0000,1,10.599,,,3.360,infaisable
hd02_014,living+kitchen+bedroom+bathroom+hallway,plausible,5,base,,0.50,False,False,,,,49,0.800,0.1952,0.0000,3,9.918,,,2.495,invariant_viole
hd02_014,living+kitchen+bedroom+bathroom+hallway,plausible,5,pavage,0,0.50,False,False,,,,49,0.800,0.1952,0.0000,3,9.918,,,0.660,trame
hd02_014,living+kitchen+bedroom+bathroom+hallway,plausible,5,pavage,4,0.50,False,False,,,,49,0.800,0.1952,0.0000,3,9.918,,,0.712,trame
hd02_014,living+kitchen+bedroom+bathroom+hallway,plausible,5,pavage,8,0.50,False,False,,,,49,0.800,0.1952,0.0000,3,9.918,,,0.697,trame
hd02_014,living+kitchen+bedroom+bathroom+hallway,plausible,5,pavage,16,0.50,False,False,,,,49,0.800,0.1952,0.0000,3,9.918,,,0.675,trame
hd02_014,living+kitchen+bedroom+bathroom+hallway,plausible,5,pavage,16,0.00,False,False,,,,49,0.800,0.1952,0.0000,3,9.918,,,0.664,trame
hd02_014,living+kitchen+bedroom+bathroom+hallway,plausible,5,pavage,16,0.25,False,False,,,,49,0.800,0.1952,0.0000,3,9.918,,,0.910,trame
hd02_014,living+kitchen+bedroom+bathroom+hallway,plausible,5,pavage,16,1.00,False,False,,,,49,0.800,0.1952,0.0000,3,9.918,,,0.678,trame
hd02_014,living+kitchen+bedroom+bathroom+hallway,plausible,5,pavage,16,1.80,False,False,,,,49,0.800,0.1952,0.0000,3,9.918,,,0.694,trame
hd02_015,living+kitchen+bedroom+bathroom+hallway,plausible,5,base,,0.50,False,False,,,,40,0.400,0.2010,0.0000,4,10.863,,,1.993,invariant_viole
hd02_015,living+kitchen+bedroom+bathroom+hallway,plausible,5,pavage,0,0.50,False,False,,,,40,0.400,0.2010,0.0000,4,10.863,,,0.638,trame
hd02_015,living+kitchen+bedroom+bathroom+hallway,plausible,5,pavage,4,0.50,False,True,5,0.5758,True,40,0.400,0.2010,0.0000,4,10.863,5.593155,0.5149,3.445,ok
hd02_015,living+kitchen+bedroom+bathroom+hallway,plausible,5,pavage,8,0.50,False,True,5,0.5758,True,40,0.400,0.2010,0.0000,4,10.863,5.593155,0.5149,4.929,ok
hd02_015,living+kitchen+bedroom+bathroom+hallway,plausible,5,pavage,16,0.50,False,True,5,0.5758,True,40,0.400,0.2010,0.0000,4,10.863,5.593155,0.5149,3.218,ok
hd02_015,living+kitchen+bedroom+bathroom+hallway,plausible,5,pavage,16,0.00,False,True,5,0.5758,True,40,0.400,0.2010,0.0000,4,10.863,5.593155,0.5149,3.158,ok
hd02_015,living+kitchen+bedroom+bathroom+hallway,plausible,5,pavage,16,0.25,False,True,5,0.5758,True,40,0.400,0.2010,0.0000,4,10.863,5.593155,0.5149,4.006,ok
hd02_015,living+kitchen+bedroom+bathroom+hallway,plausible,5,pavage,16,1.00,False,True,5,1.0000,True,40,0.400,0.2010,0.0000,4,10.863,5.593155,0.5149,4.023,ok
hd02_015,living+kitchen+bedroom+bathroom+hallway,plausible,5,pavage,16,1.80,False,True,5,1.8000,True,40,0.400,0.2010,0.0000,4,10.863,5.593155,0.5149,3.326,ok
hd02_016,living+kitchen+bedroom+bathroom+hallway,plausible,5,base,,0.50,False,False,,,,35,2.400,0.3031,0.0000,1,9.329,,,2.153,invariant_viole
hd02_016,living+kitchen+bedroom+bathroom+hallway,plausible,5,pavage,0,0.50,False,False,,,,35,2.400,0.3031,0.0000,1,9.329,,,0.628,trame
hd02_016,living+kitchen+bedroom+bathroom+hallway,plausible,5,pavage,4,0.50,False,False,,,,35,2.400,0.3031,0.0000,1,9.329,,,1.448,trame
hd02_016,living+kitchen+bedroom+bathroom+hallway,plausible,5,pavage,8,0.50,False,False,,,,35,2.400,0.3031,0.0000,1,9.329,,,1.008,trame
hd02_016,living+kitchen+bedroom+bathroom+hallway,plausible,5,pavage,16,0.50,False,False,,,,35,2.400,0.3031,0.0000,1,9.329,,,1.181,trame
hd02_016,living+kitchen+bedroom+bathroom+hallway,plausible,5,pavage,16,0.00,False,False,,,,35,2.400,0.3031,0.0000,1,9.329,,,0.936,trame
hd02_016,living+kitchen+bedroom+bathroom+hallway,plausible,5,pavage,16,0.25,False,False,,,,35,2.400,0.3031,0.0000,1,9.329,,,0.912,trame
hd02_016,living+kitchen+bedroom+bathroom+hallway,plausible,5,pavage,16,1.00,False,False,,,,35,2.400,0.3031,0.0000,1,9.329,,,0.912,trame
hd02_016,living+kitchen+bedroom+bathroom+hallway,plausible,5,pavage,16,1.80,False,False,,,,35,2.400,0.3031,0.0000,1,9.329,,,0.913,trame
hd02_017,living+kitchen+bedroom+bathroom+hallway,plausible,5,base,,0.50,False,False,,,,56,1.600,0.4802,0.0000,1,12.745,,,2.142,invariant_viole
hd02_017,living+kitchen+bedroom+bathroom+hallway,plausible,5,pavage,0,0.50,False,False,,,,56,1.600,0.4802,0.0000,1,12.745,,,0.658,trame
hd02_017,living+kitchen+bedroom+bathroom+hallway,plausible,5,pavage,4,0.50,False,False,,,,56,1.600,0.4802,0.0000,1,12.745,,,0.895,trame
hd02_017,living+kitchen+bedroom+bathroom+hallway,plausible,5,pavage,8,0.50,False,False,,,,56,1.600,0.4802,0.0000,1,12.745,,,0.979,trame
hd02_017,living+kitchen+bedroom+bathroom+hallway,plausible,5,pavage,16,0.50,False,False,,,,56,1.600,0.4802,0.0000,1,12.745,,,1.018,trame
hd02_017,living+kitchen+bedroom+bathroom+hallway,plausible,5,pavage,16,0.00,False,False,,,,56,1.600,0.4802,0.0000,1,12.745,,,1.626,trame
hd02_017,living+kitchen+bedroom+bathroom+hallway,plausible,5,pavage,16,0.25,False,False,,,,56,1.600,0.4802,0.0000,1,12.745,,,1.110,trame
hd02_017,living+kitchen+bedroom+bathroom+hallway,plausible,5,pavage,16,1.00,False,False,,,,56,1.600,0.4802,0.0000,1,12.745,,,1.141,trame
hd02_017,living+kitchen+bedroom+bathroom+hallway,plausible,5,pavage,16,1.80,False,False,,,,56,1.600,0.4802,0.0000,1,12.745,,,1.073,trame
hd02_018,living+kitchen+bedroom+bathroom+hallway,plausible,5,base,,0.50,False,False,,,,49,0.400,0.4806,0.0000,4,10.393,,,2.373,invariant_viole
hd02_018,living+kitchen+bedroom+bathroom+hallway,plausible,5,pavage,0,0.50,False,False,,,,49,0.400,0.4806,0.0000,4,10.393,,,0.652,trame
hd02_018,living+kitchen+bedroom+bathroom+hallway,plausible,5,pavage,4,0.50,False,False,,,,49,0.400,0.4806,0.0000,4,10.393,,,3.764,infaisable
hd02_018,living+kitchen+bedroom+bathroom+hallway,plausible,5,pavage,8,0.50,False,False,,,,49,0.400,0.4806,0.0000,4,10.393,,,3.758,infaisable
hd02_018,living+kitchen+bedroom+bathroom+hallway,plausible,5,pavage,16,0.50,False,False,,,,49,0.400,0.4806,0.0000,4,10.393,,,3.227,infaisable
hd02_018,living+kitchen+bedroom+bathroom+hallway,plausible,5,pavage,16,0.00,False,True,5,0.0000,False,49,0.400,0.4806,0.0000,4,10.393,8.225227,0.7914,2.833,ok
hd02_018,living+kitchen+bedroom+bathroom+hallway,plausible,5,pavage,16,0.25,False,False,,,,49,0.400,0.4806,0.0000,4,10.393,,,3.101,infaisable
hd02_018,living+kitchen+bedroom+bathroom+hallway,plausible,5,pavage,16,1.00,False,False,,,,49,0.400,0.4806,0.0000,4,10.393,,,3.058,infaisable
hd02_018,living+kitchen+bedroom+bathroom+hallway,plausible,5,pavage,16,1.80,False,False,,,,49,0.400,0.4806,0.0000,4,10.393,,,3.951,infaisable
hd02_019,living+kitchen+bedroom+bathroom+hallway,plausible,5,base,,0.50,False,False,,,,35,0.800,0.2559,0.0000,3,10.363,,,2.286,invariant_viole
hd02_019,living+kitchen+bedroom+bathroom+hallway,plausible,5,pavage,0,0.50,False,False,,,,35,0.800,0.2559,0.0000,3,10.363,,,0.618,trame
hd02_019,living+kitchen+bedroom+bathroom+hallway,plausible,5,pavage,4,0.50,False,False,,,,35,0.800,0.2559,0.0000,3,10.363,,,0.819,trame
hd02_019,living+kitchen+bedroom+bathroom+hallway,plausible,5,pavage,8,0.50,False,False,,,,35,0.800,0.2559,0.0000,3,10.363,,,3.335,infaisable
hd02_019,living+kitchen+bedroom+bathroom+hallway,plausible,5,pavage,16,0.50,False,False,,,,35,0.800,0.2559,0.0000,3,10.363,,,3.391,infaisable
hd02_019,living+kitchen+bedroom+bathroom+hallway,plausible,5,pavage,16,0.00,False,True,5,0.0000,False,35,0.800,0.2559,0.0000,3,10.363,5.593155,0.5397,5.005,ok
hd02_019,living+kitchen+bedroom+bathroom+hallway,plausible,5,pavage,16,0.25,False,False,,,,35,0.800,0.2559,0.0000,3,10.363,,,3.757,infaisable
hd02_019,living+kitchen+bedroom+bathroom+hallway,plausible,5,pavage,16,1.00,False,False,,,,35,0.800,0.2559,0.0000,3,10.363,,,4.486,infaisable
hd02_019,living+kitchen+bedroom+bathroom+hallway,plausible,5,pavage,16,1.80,False,False,,,,35,0.800,0.2559,0.0000,3,10.363,,,4.213,infaisable
hd02_020,living+kitchen+bedroom+bathroom+hallway,plausible,5,base,,0.50,False,False,,,,36,1.200,0.0675,0.0000,2,9.699,,,3.191,invariant_viole
hd02_020,living+kitchen+bedroom+bathroom+hallway,plausible,5,pavage,0,0.50,False,False,,,,36,1.200,0.0675,0.0000,2,9.699,,,0.950,trame
hd02_020,living+kitchen+bedroom+bathroom+hallway,plausible,5,pavage,4,0.50,False,False,,,,36,1.200,0.0675,0.0000,2,9.699,,,4.722,infaisable
hd02_020,living+kitchen+bedroom+bathroom+hallway,plausible,5,pavage,8,0.50,False,False,,,,36,1.200,0.0675,0.0000,2,9.699,,,4.067,infaisable
hd02_020,living+kitchen+bedroom+bathroom+hallway,plausible,5,pavage,16,0.50,False,False,,,,36,1.200,0.0675,0.0000,2,9.699,,,3.212,infaisable
hd02_020,living+kitchen+bedroom+bathroom+hallway,plausible,5,pavage,16,0.00,False,True,5,0.0000,False,36,1.200,0.0675,0.0000,2,9.699,6.909191,0.7124,2.811,ok
hd02_020,living+kitchen+bedroom+bathroom+hallway,plausible,5,pavage,16,0.25,False,False,,,,36,1.200,0.0675,0.0000,2,9.699,,,3.009,infaisable
hd02_020,living+kitchen+bedroom+bathroom+hallway,plausible,5,pavage,16,1.00,False,False,,,,36,1.200,0.0675,0.0000,2,9.699,,,2.899,infaisable
hd02_020,living+kitchen+bedroom+bathroom+hallway,plausible,5,pavage,16,1.80,False,False,,,,36,1.200,0.0675,0.0000,2,9.699,,,3.913,infaisable
hd02_021,living+kitchen+bedroom+bathroom+hallway,plausible,5,base,,0.50,False,False,,,,48,2.000,0.4210,0.0000,1,10.049,,,2.045,invariant_viole
hd02_021,living+kitchen+bedroom+bathroom+hallway,plausible,5,pavage,0,0.50,False,False,,,,48,2.000,0.4210,0.0000,1,10.049,,,0.613,trame
hd02_021,living+kitchen+bedroom+bathroom+hallway,plausible,5,pavage,4,0.50,False,False,,,,48,2.000,0.4210,0.0000,1,10.049,,,0.911,trame
hd02_021,living+kitchen+bedroom+bathroom+hallway,plausible,5,pavage,8,0.50,False,False,,,,48,2.000,0.4210,0.0000,1,10.049,,,1.060,trame
hd02_021,living+kitchen+bedroom+bathroom+hallway,plausible,5,pavage,16,0.50,False,False,,,,48,2.000,0.4210,0.0000,1,10.049,,,1.050,trame
hd02_021,living+kitchen+bedroom+bathroom+hallway,plausible,5,pavage,16,0.00,False,False,,,,48,2.000,0.4210,0.0000,1,10.049,,,1.036,trame
hd02_021,living+kitchen+bedroom+bathroom+hallway,plausible,5,pavage,16,0.25,False,False,,,,48,2.000,0.4210,0.0000,1,10.049,,,1.048,trame
hd02_021,living+kitchen+bedroom+bathroom+hallway,plausible,5,pavage,16,1.00,False,False,,,,48,2.000,0.4210,0.0000,1,10.049,,,1.040,trame
hd02_021,living+kitchen+bedroom+bathroom+hallway,plausible,5,pavage,16,1.80,False,False,,,,48,2.000,0.4210,0.0000,1,10.049,,,1.806,trame
hd02_022,living+kitchen+bedroom+bathroom+hallway,plausible,5,base,,0.50,False,False,,,,54,1.200,0.1728,0.0000,2,8.961,,,2.110,invariant_viole
hd02_022,living+kitchen+bedroom+bathroom+hallway,plausible,5,pavage,0,0.50,False,False,,,,54,1.200,0.1728,0.0000,2,8.961,,,0.643,trame
hd02_022,living+kitchen+bedroom+bathroom+hallway,plausible,5,pavage,4,0.50,False,False,,,,54,1.200,0.1728,0.0000,2,8.961,,,3.611,infaisable
hd02_022,living+kitchen+bedroom+bathroom+hallway,plausible,5,pavage,8,0.50,False,False,,,,54,1.200,0.1728,0.0000,2,8.961,,,3.624,infaisable
hd02_022,living+kitchen+bedroom+bathroom+hallway,plausible,5,pavage,16,0.50,False,False,,,,54,1.200,0.1728,0.0000,2,8.961,,,3.998,infaisable
hd02_022,living+kitchen+bedroom+bathroom+hallway,plausible,5,pavage,16,0.00,False,True,5,0.0000,False,54,1.200,0.1728,0.0000,2,8.961,4.359370,0.4865,3.532,ok
hd02_022,living+kitchen+bedroom+bathroom+hallway,plausible,5,pavage,16,0.25,False,False,,,,54,1.200,0.1728,0.0000,2,8.961,,,3.559,infaisable
hd02_022,living+kitchen+bedroom+bathroom+hallway,plausible,5,pavage,16,1.00,False,False,,,,54,1.200,0.1728,0.0000,2,8.961,,,3.447,infaisable
hd02_022,living+kitchen+bedroom+bathroom+hallway,plausible,5,pavage,16,1.80,False,False,,,,54,1.200,0.1728,0.0000,2,8.961,,,3.666,infaisable
hd02_023,living+kitchen+bedroom+bathroom+hallway,plausible,5,base,,0.50,False,False,,,,54,1.600,0.4902,0.0000,1,9.982,,,2.133,invariant_viole
hd02_023,living+kitchen+bedroom+bathroom+hallway,plausible,5,pavage,0,0.50,False,False,,,,54,1.600,0.4902,0.0000,1,9.982,,,0.668,trame
hd02_023,living+kitchen+bedroom+bathroom+hallway,plausible,5,pavage,4,0.50,False,False,,,,54,1.600,0.4902,0.0000,1,9.982,,,0.866,trame
hd02_023,living+kitchen+bedroom+bathroom+hallway,plausible,5,pavage,8,0.50,False,True,5,0.5758,True,54,1.600,0.4902,0.0000,1,9.982,4.277118,0.4285,3.343,ok
hd02_023,living+kitchen+bedroom+bathroom+hallway,plausible,5,pavage,16,0.50,False,True,5,0.5758,True,54,1.600,0.4902,0.0000,1,9.982,4.277118,0.4285,3.353,ok
hd02_023,living+kitchen+bedroom+bathroom+hallway,plausible,5,pavage,16,0.00,False,True,5,0.5758,True,54,1.600,0.4902,0.0000,1,9.982,4.277118,0.4285,4.002,ok
hd02_023,living+kitchen+bedroom+bathroom+hallway,plausible,5,pavage,16,0.25,False,True,5,0.5758,True,54,1.600,0.4902,0.0000,1,9.982,4.277118,0.4285,3.682,ok
hd02_023,living+kitchen+bedroom+bathroom+hallway,plausible,5,pavage,16,1.00,False,True,5,1.0000,True,54,1.600,0.4902,0.0000,1,9.982,4.277118,0.4285,3.278,ok
hd02_023,living+kitchen+bedroom+bathroom+hallway,plausible,5,pavage,16,1.80,False,True,5,1.8000,True,54,1.600,0.4902,0.0000,1,9.982,4.277118,0.4285,4.066,ok
hd02_024,living+kitchen+bedroom+bathroom+hallway,plausible,5,base,,0.50,False,False,,,,42,1.600,0.2298,0.0000,2,10.649,,,2.691,invariant_viole
hd02_024,living+kitchen+bedroom+bathroom+hallway,plausible,5,pavage,0,0.50,False,False,,,,42,1.600,0.2298,0.0000,2,10.649,,,0.652,trame
hd02_024,living+kitchen+bedroom+bathroom+hallway,plausible,5,pavage,4,0.50,False,False,,,,42,1.600,0.2298,0.0000,2,10.649,,,0.662,trame
hd02_024,living+kitchen+bedroom+bathroom+hallway,plausible,5,pavage,8,0.50,False,False,,,,42,1.600,0.2298,0.0000,2,10.649,,,0.649,trame
hd02_024,living+kitchen+bedroom+bathroom+hallway,plausible,5,pavage,16,0.50,False,False,,,,42,1.600,0.2298,0.0000,2,10.649,,,0.652,trame
hd02_024,living+kitchen+bedroom+bathroom+hallway,plausible,5,pavage,16,0.00,False,False,,,,42,1.600,0.2298,0.0000,2,10.649,,,0.619,trame
hd02_024,living+kitchen+bedroom+bathroom+hallway,plausible,5,pavage,16,0.25,False,False,,,,42,1.600,0.2298,0.0000,2,10.649,,,0.615,trame
hd02_024,living+kitchen+bedroom+bathroom+hallway,plausible,5,pavage,16,1.00,False,False,,,,42,1.600,0.2298,0.0000,2,10.649,,,0.618,trame
hd02_024,living+kitchen+bedroom+bathroom+hallway,plausible,5,pavage,16,1.80,False,False,,,,42,1.600,0.2298,0.0000,2,10.649,,,0.611,trame
hd02_025,living+kitchen+bedroom+bathroom+hallway,plausible,5,base,,0.50,False,False,,,,49,1.200,0.0977,0.0000,2,8.547,,,2.001,invariant_viole
hd02_025,living+kitchen+bedroom+bathroom+hallway,plausible,5,pavage,0,0.50,False,False,,,,49,1.200,0.0977,0.0000,2,8.547,,,0.723,trame
hd02_025,living+kitchen+bedroom+bathroom+hallway,plausible,5,pavage,4,0.50,False,False,,,,49,1.200,0.0977,0.0000,2,8.547,,,4.031,infaisable
hd02_025,living+kitchen+bedroom+bathroom+hallway,plausible,5,pavage,8,0.50,False,False,,,,49,1.200,0.0977,0.0000,2,8.547,,,4.822,infaisable
hd02_025,living+kitchen+bedroom+bathroom+hallway,plausible,5,pavage,16,0.50,False,False,,,,49,1.200,0.0977,0.0000,2,8.547,,,5.624,infaisable
hd02_025,living+kitchen+bedroom+bathroom+hallway,plausible,5,pavage,16,0.00,False,True,5,0.0000,False,49,1.200,0.0977,0.0000,2,8.547,6.909191,0.8084,4.109,ok
hd02_025,living+kitchen+bedroom+bathroom+hallway,plausible,5,pavage,16,0.25,False,False,,,,49,1.200,0.0977,0.0000,2,8.547,,,3.678,infaisable
hd02_025,living+kitchen+bedroom+bathroom+hallway,plausible,5,pavage,16,1.00,False,False,,,,49,1.200,0.0977,0.0000,2,8.547,,,3.262,infaisable
hd02_025,living+kitchen+bedroom+bathroom+hallway,plausible,5,pavage,16,1.80,False,False,,,,49,1.200,0.0977,0.0000,2,8.547,,,3.003,infaisable
hd02_026,living+kitchen+bedroom+bathroom+hallway,plausible,5,base,,0.50,False,False,,,,64,1.600,0.0952,0.0000,2,9.886,,,2.316,invariant_viole
hd02_026,living+kitchen+bedroom+bathroom+hallway,plausible,5,pavage,0,0.50,False,False,,,,64,1.600,0.0952,0.0000,2,9.886,,,1.088,trame
hd02_026,living+kitchen+bedroom+bathroom+hallway,plausible,5,pavage,4,0.50,False,False,,,,64,1.600,0.0952,0.0000,2,9.886,,,1.121,trame
hd02_026,living+kitchen+bedroom+bathroom+hallway,plausible,5,pavage,8,0.50,False,True,5,0.9048,True,64,1.600,0.0952,0.0000,2,9.886,1.316036,0.1331,3.877,ok
hd02_026,living+kitchen+bedroom+bathroom+hallway,plausible,5,pavage,16,0.50,False,True,5,0.9048,True,64,1.600,0.0952,0.0000,2,9.886,1.316036,0.1331,3.229,ok
hd02_026,living+kitchen+bedroom+bathroom+hallway,plausible,5,pavage,16,0.00,False,True,5,0.9048,True,64,1.600,0.0952,0.0000,2,9.886,1.316036,0.1331,3.140,ok
hd02_026,living+kitchen+bedroom+bathroom+hallway,plausible,5,pavage,16,0.25,False,True,5,0.9048,True,64,1.600,0.0952,0.0000,2,9.886,1.316036,0.1331,3.506,ok
hd02_026,living+kitchen+bedroom+bathroom+hallway,plausible,5,pavage,16,1.00,False,True,5,1.0000,True,64,1.600,0.0952,0.0000,2,9.886,1.316036,0.1331,3.617,ok
hd02_026,living+kitchen+bedroom+bathroom+hallway,plausible,5,pavage,16,1.80,False,True,5,1.8000,True,64,1.600,0.0952,0.0000,2,9.886,1.316036,0.1331,4.009,ok
hd02_027,living+kitchen+bedroom+bathroom+hallway,plausible,5,base,,0.50,False,False,,,,56,1.600,0.0726,0.0000,1,9.769,,,2.204,invariant_viole
hd02_027,living+kitchen+bedroom+bathroom+hallway,plausible,5,pavage,0,0.50,False,False,,,,56,1.600,0.0726,0.0000,1,9.769,,,0.666,trame
hd02_027,living+kitchen+bedroom+bathroom+hallway,plausible,5,pavage,4,0.50,False,True,5,0.6580,True,56,1.600,0.0726,0.0000,1,9.769,0.658018,0.0674,3.151,ok
hd02_027,living+kitchen+bedroom+bathroom+hallway,plausible,5,pavage,8,0.50,False,True,5,0.6580,True,56,1.600,0.0726,0.0000,1,9.769,0.658018,0.0674,3.543,ok
hd02_027,living+kitchen+bedroom+bathroom+hallway,plausible,5,pavage,16,0.50,False,True,5,0.6580,True,56,1.600,0.0726,0.0000,1,9.769,0.658018,0.0674,2.799,ok
hd02_027,living+kitchen+bedroom+bathroom+hallway,plausible,5,pavage,16,0.00,False,True,5,0.6580,True,56,1.600,0.0726,0.0000,1,9.769,0.658018,0.0674,2.776,ok
hd02_027,living+kitchen+bedroom+bathroom+hallway,plausible,5,pavage,16,0.25,False,True,5,0.6580,True,56,1.600,0.0726,0.0000,1,9.769,0.658018,0.0674,3.145,ok
hd02_027,living+kitchen+bedroom+bathroom+hallway,plausible,5,pavage,16,1.00,False,True,5,1.0000,True,56,1.600,0.0726,0.0000,1,9.769,0.658018,0.0674,2.845,ok
hd02_027,living+kitchen+bedroom+bathroom+hallway,plausible,5,pavage,16,1.80,False,True,5,1.8000,True,56,1.600,0.0726,0.0000,1,9.769,1.224234,0.1253,5.027,ok
hd02_028,living+kitchen+bedroom+bathroom+hallway,plausible,5,base,,0.50,False,False,,,,42,1.200,0.2522,0.0000,2,10.258,,,2.139,invariant_viole
hd02_028,living+kitchen+bedroom+bathroom+hallway,plausible,5,pavage,0,0.50,False,False,,,,42,1.200,0.2522,0.0000,2,10.258,,,0.632,trame
hd02_028,living+kitchen+bedroom+bathroom+hallway,plausible,5,pavage,4,0.50,False,False,,,,42,1.200,0.2522,0.0000,2,10.258,,,3.600,infaisable
hd02_028,living+kitchen+bedroom+bathroom+hallway,plausible,5,pavage,8,0.50,False,False,,,,42,1.200,0.2522,0.0000,2,10.258,,,3.708,infaisable
hd02_028,living+kitchen+bedroom+bathroom+hallway,plausible,5,pavage,16,0.50,False,False,,,,42,1.200,0.2522,0.0000,2,10.258,,,4.430,infaisable
hd02_028,living+kitchen+bedroom+bathroom+hallway,plausible,5,pavage,16,0.00,False,True,5,0.0000,False,42,1.200,0.2522,0.0000,2,10.258,7.238200,0.7056,3.666,ok
hd02_028,living+kitchen+bedroom+bathroom+hallway,plausible,5,pavage,16,0.25,False,False,,,,42,1.200,0.2522,0.0000,2,10.258,,,3.271,infaisable
hd02_028,living+kitchen+bedroom+bathroom+hallway,plausible,5,pavage,16,1.00,False,False,,,,42,1.200,0.2522,0.0000,2,10.258,,,4.186,infaisable
hd02_028,living+kitchen+bedroom+bathroom+hallway,plausible,5,pavage,16,1.80,False,False,,,,42,1.200,0.2522,0.0000,2,10.258,,,5.318,infaisable
hd02_029,living+kitchen+bedroom+bathroom+hallway,plausible,5,base,,0.50,False,False,,,,48,2.400,0.0819,0.0000,1,9.251,,,2.485,invariant_viole
hd02_029,living+kitchen+bedroom+bathroom+hallway,plausible,5,pavage,0,0.50,False,False,,,,48,2.400,0.0819,0.0000,1,9.251,,,0.657,trame
hd02_029,living+kitchen+bedroom+bathroom+hallway,plausible,5,pavage,4,0.50,False,True,5,0.9048,True,48,2.400,0.0819,0.0000,1,9.251,1.645045,0.1778,2.903,ok
hd02_029,living+kitchen+bedroom+bathroom+hallway,plausible,5,pavage,8,0.50,False,True,5,0.9048,True,48,2.400,0.0819,0.0000,1,9.251,1.645045,0.1778,4.346,ok
hd02_029,living+kitchen+bedroom+bathroom+hallway,plausible,5,pavage,16,0.50,False,True,5,0.9048,True,48,2.400,0.0819,0.0000,1,9.251,1.645045,0.1778,5.356,ok
hd02_029,living+kitchen+bedroom+bathroom+hallway,plausible,5,pavage,16,0.00,False,True,5,0.9048,True,48,2.400,0.0819,0.0000,1,9.251,1.645045,0.1778,3.989,ok
hd02_029,living+kitchen+bedroom+bathroom+hallway,plausible,5,pavage,16,0.25,False,True,5,0.9048,True,48,2.400,0.0819,0.0000,1,9.251,1.645045,0.1778,4.599,ok
hd02_029,living+kitchen+bedroom+bathroom+hallway,plausible,5,pavage,16,1.00,False,True,5,1.0000,True,48,2.400,0.0819,0.0000,1,9.251,1.645045,0.1778,5.124,ok
hd02_029,living+kitchen+bedroom+bathroom+hallway,plausible,5,pavage,16,1.80,False,True,5,1.8000,True,48,2.400,0.0819,0.0000,1,9.251,1.645045,0.1778,3.532,ok
hd02_030,living+kitchen+bedroom+bathroom+hallway,plausible,5,base,,0.50,False,False,,,,45,2.000,0.2817,0.0000,1,9.334,,,3.185,invariant_viole
hd02_030,living+kitchen+bedroom+bathroom+hallway,plausible,5,pavage,0,0.50,False,False,,,,45,2.000,0.2817,0.0000,1,9.334,,,0.758,trame
hd02_030,living+kitchen+bedroom+bathroom+hallway,plausible,5,pavage,4,0.50,False,False,,,,45,2.000,0.2817,0.0000,1,9.334,,,3.610,infaisable
hd02_030,living+kitchen+bedroom+bathroom+hallway,plausible,5,pavage,8,0.50,False,False,,,,45,2.000,0.2817,0.0000,1,9.334,,,3.287,infaisable
hd02_030,living+kitchen+bedroom+bathroom+hallway,plausible,5,pavage,16,0.50,False,False,,,,45,2.000,0.2817,0.0000,1,9.334,,,3.166,infaisable
hd02_030,living+kitchen+bedroom+bathroom+hallway,plausible,5,pavage,16,0.00,False,True,5,0.0000,False,45,2.000,0.2817,0.0000,1,9.334,3.290091,0.3525,3.715,ok
hd02_030,living+kitchen+bedroom+bathroom+hallway,plausible,5,pavage,16,0.25,False,False,,,,45,2.000,0.2817,0.0000,1,9.334,,,3.609,infaisable
hd02_030,living+kitchen+bedroom+bathroom+hallway,plausible,5,pavage,16,1.00,False,False,,,,45,2.000,0.2817,0.0000,1,9.334,,,4.054,infaisable
hd02_030,living+kitchen+bedroom+bathroom+hallway,plausible,5,pavage,16,1.80,False,False,,,,45,2.000,0.2817,0.0000,1,9.334,,,3.092,infaisable
hd02_031,living+kitchen+bedroom+bathroom+hallway,plausible,5,base,,0.50,False,False,,,,42,0.800,0.2109,0.0000,3,12.166,,,1.999,invariant_viole
hd02_031,living+kitchen+bedroom+bathroom+hallway,plausible,5,pavage,0,0.50,False,False,,,,42,0.800,0.2109,0.0000,3,12.166,,,1.754,trame
hd02_031,living+kitchen+bedroom+bathroom+hallway,plausible,5,pavage,4,0.50,False,False,,,,42,0.800,0.2109,0.0000,3,12.166,,,1.104,trame
hd02_031,living+kitchen+bedroom+bathroom+hallway,plausible,5,pavage,8,0.50,False,False,,,,42,0.800,0.2109,0.0000,3,12.166,,,0.842,trame
hd02_031,living+kitchen+bedroom+bathroom+hallway,plausible,5,pavage,16,0.50,False,False,,,,42,0.800,0.2109,0.0000,3,12.166,,,1.239,trame
hd02_031,living+kitchen+bedroom+bathroom+hallway,plausible,5,pavage,16,0.00,False,False,,,,42,0.800,0.2109,0.0000,3,12.166,,,2.124,trame
hd02_031,living+kitchen+bedroom+bathroom+hallway,plausible,5,pavage,16,0.25,False,False,,,,42,0.800,0.2109,0.0000,3,12.166,,,0.949,trame
hd02_031,living+kitchen+bedroom+bathroom+hallway,plausible,5,pavage,16,1.00,False,False,,,,42,0.800,0.2109,0.0000,3,12.166,,,0.872,trame
hd02_031,living+kitchen+bedroom+bathroom+hallway,plausible,5,pavage,16,1.80,False,False,,,,42,0.800,0.2109,0.0000,3,12.166,,,0.833,trame
hd02_032,living+kitchen+bedroom+bathroom+hallway,plausible,5,base,,0.50,False,False,,,,42,1.200,0.4071,0.0000,2,9.914,,,2.459,invariant_viole
hd02_032,living+kitchen+bedroom+bathroom+hallway,plausible,5,pavage,0,0.50,False,False,,,,42,1.200,0.4071,0.0000,2,9.914,,,0.637,trame
hd02_032,living+kitchen+bedroom+bathroom+hallway,plausible,5,pavage,4,0.50,False,True,5,0.5000,True,42,1.200,0.4071,0.0000,2,9.914,7.978470,0.8047,3.493,ok
hd02_032,living+kitchen+bedroom+bathroom+hallway,plausible,5,pavage,8,0.50,False,True,5,0.5000,True,42,1.200,0.4071,0.0000,2,9.914,7.978470,0.8047,3.348,ok
hd02_032,living+kitchen+bedroom+bathroom+hallway,plausible,5,pavage,16,0.50,False,True,5,0.5000,True,42,1.200,0.4071,0.0000,2,9.914,7.978470,0.8047,3.667,ok
hd02_032,living+kitchen+bedroom+bathroom+hallway,plausible,5,pavage,16,0.00,False,True,5,0.3290,False,42,1.200,0.4071,0.0000,2,9.914,7.978470,0.8047,3.274,ok
hd02_032,living+kitchen+bedroom+bathroom+hallway,plausible,5,pavage,16,0.25,False,True,5,0.3290,False,42,1.200,0.4071,0.0000,2,9.914,7.978470,0.8047,3.359,ok
hd02_032,living+kitchen+bedroom+bathroom+hallway,plausible,5,pavage,16,1.00,False,True,5,1.0000,True,42,1.200,0.4071,0.0000,2,9.914,8.238200,0.8309,3.990,ok
hd02_032,living+kitchen+bedroom+bathroom+hallway,plausible,5,pavage,16,1.80,False,True,5,1.8000,True,42,1.200,0.4071,0.0000,2,9.914,9.038200,0.9116,3.196,ok
hd02_033,living+kitchen+bedroom+bathroom+hallway,plausible,5,base,,0.50,False,False,,,,64,1.200,0.2666,0.0000,3,10.845,,,2.091,invariant_viole
hd02_033,living+kitchen+bedroom+bathroom+hallway,plausible,5,pavage,0,0.50,False,False,,,,64,1.200,0.2666,0.0000,3,10.845,,,0.667,trame
hd02_033,living+kitchen+bedroom+bathroom+hallway,plausible,5,pavage,4,0.50,False,True,5,0.5758,True,64,1.200,0.2666,0.0000,3,10.845,3.619100,0.3337,3.972,ok
hd02_033,living+kitchen+bedroom+bathroom+hallway,plausible,5,pavage,8,0.50,False,True,5,0.5758,True,64,1.200,0.2666,0.0000,3,10.845,3.619100,0.3337,3.136,ok
hd02_033,living+kitchen+bedroom+bathroom+hallway,plausible,5,pavage,16,0.50,False,True,5,0.5758,True,64,1.200,0.2666,0.0000,3,10.845,3.619100,0.3337,3.697,ok
hd02_033,living+kitchen+bedroom+bathroom+hallway,plausible,5,pavage,16,0.00,False,True,5,0.5758,True,64,1.200,0.2666,0.0000,3,10.845,3.619100,0.3337,3.660,ok
hd02_033,living+kitchen+bedroom+bathroom+hallway,plausible,5,pavage,16,0.25,False,True,5,0.5758,True,64,1.200,0.2666,0.0000,3,10.845,3.619100,0.3337,2.936,ok
hd02_033,living+kitchen+bedroom+bathroom+hallway,plausible,5,pavage,16,1.00,False,True,5,1.0000,True,64,1.200,0.2666,0.0000,3,10.845,3.619100,0.3337,3.615,ok
hd02_033,living+kitchen+bedroom+bathroom+hallway,plausible,5,pavage,16,1.80,False,True,5,1.8000,True,64,1.200,0.2666,0.0000,3,10.845,3.619100,0.3337,6.452,ok
hd02_034,living+kitchen+bedroom+bathroom+hallway,plausible,5,base,,0.50,False,False,,,,42,0.800,0.4517,0.0000,3,10.755,,,2.710,invariant_viole
hd02_034,living+kitchen+bedroom+bathroom+hallway,plausible,5,pavage,0,0.50,False,False,,,,42,0.800,0.4517,0.0000,3,10.755,,,0.770,trame
hd02_034,living+kitchen+bedroom+bathroom+hallway,plausible,5,pavage,4,0.50,False,False,,,,42,0.800,0.4517,0.0000,3,10.755,,,1.273,trame
hd02_034,living+kitchen+bedroom+bathroom+hallway,plausible,5,pavage,8,0.50,False,False,,,,42,0.800,0.4517,0.0000,3,10.755,,,4.577,infaisable
hd02_034,living+kitchen+bedroom+bathroom+hallway,plausible,5,pavage,16,0.50,False,False,,,,42,0.800,0.4517,0.0000,3,10.755,,,4.781,infaisable
hd02_034,living+kitchen+bedroom+bathroom+hallway,plausible,5,pavage,16,0.00,False,True,5,0.0000,False,42,0.800,0.4517,0.0000,3,10.755,9.541264,0.8872,4.521,ok
hd02_034,living+kitchen+bedroom+bathroom+hallway,plausible,5,pavage,16,0.25,False,False,,,,42,0.800,0.4517,0.0000,3,10.755,,,4.823,infaisable
hd02_034,living+kitchen+bedroom+bathroom+hallway,plausible,5,pavage,16,1.00,False,False,,,,42,0.800,0.4517,0.0000,3,10.755,,,3.359,infaisable
hd02_034,living+kitchen+bedroom+bathroom+hallway,plausible,5,pavage,16,1.80,False,False,,,,42,0.800,0.4517,0.0000,3,10.755,,,3.211,infaisable
hd02_035,living+kitchen+bedroom+bathroom+hallway,plausible,5,base,,0.50,False,False,,,,63,1.200,0.2885,0.0000,2,9.842,,,2.297,invariant_viole
hd02_035,living+kitchen+bedroom+bathroom+hallway,plausible,5,pavage,0,0.50,False,False,,,,63,1.200,0.2885,0.0000,2,9.842,,,1.100,trame
hd02_035,living+kitchen+bedroom+bathroom+hallway,plausible,5,pavage,4,0.50,False,False,,,,63,1.200,0.2885,0.0000,2,9.842,,,1.372,trame
hd02_035,living+kitchen+bedroom+bathroom+hallway,plausible,5,pavage,8,0.50,False,False,,,,63,1.200,0.2885,0.0000,2,9.842,,,4.544,infaisable
hd02_035,living+kitchen+bedroom+bathroom+hallway,plausible,5,pavage,16,0.50,False,False,,,,63,1.200,0.2885,0.0000,2,9.842,,,4.877,infaisable
hd02_035,living+kitchen+bedroom+bathroom+hallway,plausible,5,pavage,16,0.00,False,True,5,-0.0000,False,63,1.200,0.2885,0.0000,2,9.842,4.277118,0.4346,3.379,ok
hd02_035,living+kitchen+bedroom+bathroom+hallway,plausible,5,pavage,16,0.25,False,False,,,,63,1.200,0.2885,0.0000,2,9.842,,,7.068,infaisable
hd02_035,living+kitchen+bedroom+bathroom+hallway,plausible,5,pavage,16,1.00,False,False,,,,63,1.200,0.2885,0.0000,2,9.842,,,5.822,infaisable
hd02_035,living+kitchen+bedroom+bathroom+hallway,plausible,5,pavage,16,1.80,False,False,,,,63,1.200,0.2885,0.0000,2,9.842,,,4.521,infaisable
hd02_036,living+kitchen+bedroom+bathroom+hallway,plausible,5,base,,0.50,False,False,,,,40,1.200,0.3777,0.0000,2,9.982,,,2.392,invariant_viole
hd02_036,living+kitchen+bedroom+bathroom+hallway,plausible,5,pavage,0,0.50,False,False,,,,40,1.200,0.3777,0.0000,2,9.982,,,0.907,trame
hd02_036,living+kitchen+bedroom+bathroom+hallway,plausible,5,pavage,4,0.50,False,False,,,,40,1.200,0.3777,0.0000,2,9.982,,,1.209,trame
hd02_036,living+kitchen+bedroom+bathroom+hallway,plausible,5,pavage,8,0.50,False,False,,,,40,1.200,0.3777,0.0000,2,9.982,,,3.123,infaisable
hd02_036,living+kitchen+bedroom+bathroom+hallway,plausible,5,pavage,16,0.50,False,False,,,,40,1.200,0.3777,0.0000,2,9.982,,,3.320,infaisable
hd02_036,living+kitchen+bedroom+bathroom+hallway,plausible,5,pavage,16,0.00,False,True,5,0.0000,False,40,1.200,0.3777,0.0000,2,9.982,4.852884,0.4861,3.394,ok
hd02_036,living+kitchen+bedroom+bathroom+hallway,plausible,5,pavage,16,0.25,False,False,,,,40,1.200,0.3777,0.0000,2,9.982,,,3.429,infaisable
hd02_036,living+kitchen+bedroom+bathroom+hallway,plausible,5,pavage,16,1.00,False,False,,,,40,1.200,0.3777,0.0000,2,9.982,,,3.129,infaisable
hd02_036,living+kitchen+bedroom+bathroom+hallway,plausible,5,pavage,16,1.80,False,False,,,,40,1.200,0.3777,0.0000,2,9.982,,,3.294,infaisable
hd02_037,living+kitchen+bedroom+bathroom+hallway,plausible,5,base,,0.50,False,False,,,,49,1.600,0.2972,0.0000,2,12.862,,,2.405,invariant_viole
hd02_037,living+kitchen+bedroom+bathroom+hallway,plausible,5,pavage,0,0.50,False,False,,,,49,1.600,0.2972,0.0000,2,12.862,,,0.655,trame
hd02_037,living+kitchen+bedroom+bathroom+hallway,plausible,5,pavage,4,0.50,False,False,,,,49,1.600,0.2972,0.0000,2,12.862,,,0.872,trame
hd02_037,living+kitchen+bedroom+bathroom+hallway,plausible,5,pavage,8,0.50,False,False,,,,49,1.600,0.2972,0.0000,2,12.862,,,4.104,infaisable
hd02_037,living+kitchen+bedroom+bathroom+hallway,plausible,5,pavage,16,0.50,False,False,,,,49,1.600,0.2972,0.0000,2,12.862,,,4.126,infaisable
hd02_037,living+kitchen+bedroom+bathroom+hallway,plausible,5,pavage,16,0.00,False,True,5,0.0000,False,49,1.600,0.2972,0.0000,2,12.862,6.004416,0.4668,3.308,ok
hd02_037,living+kitchen+bedroom+bathroom+hallway,plausible,5,pavage,16,0.25,False,False,,,,49,1.600,0.2972,0.0000,2,12.862,,,5.303,infaisable
hd02_037,living+kitchen+bedroom+bathroom+hallway,plausible,5,pavage,16,1.00,False,False,,,,49,1.600,0.2972,0.0000,2,12.862,,,5.715,infaisable
hd02_037,living+kitchen+bedroom+bathroom+hallway,plausible,5,pavage,16,1.80,False,False,,,,49,1.600,0.2972,0.0000,2,12.862,,,4.900,infaisable
hd02_038,living+kitchen+bedroom+bathroom+hallway,plausible,5,base,,0.50,False,False,,,,72,1.600,0.1966,0.0000,1,9.334,,,2.441,invariant_viole
hd02_038,living+kitchen+bedroom+bathroom+hallway,plausible,5,pavage,0,0.50,False,False,,,,72,1.600,0.1966,0.0000,1,9.334,,,0.739,trame
hd02_038,living+kitchen+bedroom+bathroom+hallway,plausible,5,pavage,4,0.50,False,False,,,,72,1.600,0.1966,0.0000,1,9.334,,,0.887,trame
hd02_038,living+kitchen+bedroom+bathroom+hallway,plausible,5,pavage,8,0.50,False,False,,,,72,1.600,0.1966,0.0000,1,9.334,,,1.531,trame
hd02_038,living+kitchen+bedroom+bathroom+hallway,plausible,5,pavage,16,0.50,False,False,,,,72,1.600,0.1966,0.0000,1,9.334,,,0.914,trame
hd02_038,living+kitchen+bedroom+bathroom+hallway,plausible,5,pavage,16,0.00,False,False,,,,72,1.600,0.1966,0.0000,1,9.334,,,1.052,trame
hd02_038,living+kitchen+bedroom+bathroom+hallway,plausible,5,pavage,16,0.25,False,False,,,,72,1.600,0.1966,0.0000,1,9.334,,,1.320,trame
hd02_038,living+kitchen+bedroom+bathroom+hallway,plausible,5,pavage,16,1.00,False,False,,,,72,1.600,0.1966,0.0000,1,9.334,,,1.021,trame
hd02_038,living+kitchen+bedroom+bathroom+hallway,plausible,5,pavage,16,1.80,False,False,,,,72,1.600,0.1966,0.0000,1,9.334,,,0.980,trame
hd02_039,living+kitchen+bedroom+bathroom+hallway,plausible,5,base,,0.50,False,False,,,,56,2.800,0.4533,0.0000,1,10.069,,,2.500,invariant_viole
hd02_039,living+kitchen+bedroom+bathroom+hallway,plausible,5,pavage,0,0.50,False,False,,,,56,2.800,0.4533,0.0000,1,10.069,,,0.686,trame
hd02_039,living+kitchen+bedroom+bathroom+hallway,plausible,5,pavage,4,0.50,False,False,,,,56,2.800,0.4533,0.0000,1,10.069,,,0.846,trame
hd02_039,living+kitchen+bedroom+bathroom+hallway,plausible,5,pavage,8,0.50,False,False,,,,56,2.800,0.4533,0.0000,1,10.069,,,0.809,trame
hd02_039,living+kitchen+bedroom+bathroom+hallway,plausible,5,pavage,16,0.50,False,False,,,,56,2.800,0.4533,0.0000,1,10.069,,,0.848,trame
hd02_039,living+kitchen+bedroom+bathroom+hallway,plausible,5,pavage,16,0.00,False,False,,,,56,2.800,0.4533,0.0000,1,10.069,,,0.774,trame
hd02_039,living+kitchen+bedroom+bathroom+hallway,plausible,5,pavage,16,0.25,False,False,,,,56,2.800,0.4533,0.0000,1,10.069,,,0.764,trame
hd02_039,living+kitchen+bedroom+bathroom+hallway,plausible,5,pavage,16,1.00,False,False,,,,56,2.800,0.4533,0.0000,1,10.069,,,1.052,trame
hd02_039,living+kitchen+bedroom+bathroom+hallway,plausible,5,pavage,16,1.80,False,False,,,,56,2.800,0.4533,0.0000,1,10.069,,,0.842,trame
hd03_000,living+kitchen+bedroom+bedroom+bathroom+hallway,plausible,6,base,,0.50,False,False,,,,64,1.333,0.3797,0.0000,3,10.174,,,2.496,invariant_viole
hd03_000,living+kitchen+bedroom+bedroom+bathroom+hallway,plausible,6,pavage,0,0.50,False,False,,,,64,1.333,0.3797,0.0000,3,10.174,,,0.997,trame
hd03_000,living+kitchen+bedroom+bedroom+bathroom+hallway,plausible,6,pavage,4,0.50,False,False,,,,64,1.333,0.3797,0.0000,3,10.174,,,1.205,trame
hd03_000,living+kitchen+bedroom+bedroom+bathroom+hallway,plausible,6,pavage,8,0.50,False,False,,,,64,1.333,0.3797,0.0000,3,10.174,,,1.509,trame
hd03_000,living+kitchen+bedroom+bedroom+bathroom+hallway,plausible,6,pavage,16,0.50,False,False,,,,64,1.333,0.3797,0.0000,3,10.174,,,1.497,trame
hd03_000,living+kitchen+bedroom+bedroom+bathroom+hallway,plausible,6,pavage,16,0.00,False,False,,,,64,1.333,0.3797,0.0000,3,10.174,,,1.461,trame
hd03_000,living+kitchen+bedroom+bedroom+bathroom+hallway,plausible,6,pavage,16,0.25,False,False,,,,64,1.333,0.3797,0.0000,3,10.174,,,1.354,trame
hd03_000,living+kitchen+bedroom+bedroom+bathroom+hallway,plausible,6,pavage,16,1.00,False,False,,,,64,1.333,0.3797,0.0000,3,10.174,,,1.385,trame
hd03_000,living+kitchen+bedroom+bedroom+bathroom+hallway,plausible,6,pavage,16,1.80,False,False,,,,64,1.333,0.3797,0.0000,3,10.174,,,1.608,trame
hd03_001,living+kitchen+bedroom+bedroom+bathroom+hallway,plausible,6,base,,0.50,False,False,,,,49,1.333,0.2790,0.0000,3,10.916,,,3.068,invariant_viole
hd03_001,living+kitchen+bedroom+bedroom+bathroom+hallway,plausible,6,pavage,0,0.50,False,False,,,,49,1.333,0.2790,0.0000,3,10.916,,,0.982,trame
hd03_001,living+kitchen+bedroom+bedroom+bathroom+hallway,plausible,6,pavage,4,0.50,False,False,,,,49,1.333,0.2790,0.0000,3,10.916,,,0.995,trame
hd03_001,living+kitchen+bedroom+bedroom+bathroom+hallway,plausible,6,pavage,8,0.50,False,False,,,,49,1.333,0.2790,0.0000,3,10.916,,,1.090,trame
hd03_001,living+kitchen+bedroom+bedroom+bathroom+hallway,plausible,6,pavage,16,0.50,False,False,,,,49,1.333,0.2790,0.0000,3,10.916,,,1.364,trame
hd03_001,living+kitchen+bedroom+bedroom+bathroom+hallway,plausible,6,pavage,16,0.00,False,False,,,,49,1.333,0.2790,0.0000,3,10.916,,,1.082,trame
hd03_001,living+kitchen+bedroom+bedroom+bathroom+hallway,plausible,6,pavage,16,0.25,False,False,,,,49,1.333,0.2790,0.0000,3,10.916,,,1.086,trame
hd03_001,living+kitchen+bedroom+bedroom+bathroom+hallway,plausible,6,pavage,16,1.00,False,False,,,,49,1.333,0.2790,0.0000,3,10.916,,,1.056,trame
hd03_001,living+kitchen+bedroom+bedroom+bathroom+hallway,plausible,6,pavage,16,1.80,False,False,,,,49,1.333,0.2790,0.0000,3,10.916,,,1.396,trame
hd03_002,living+kitchen+bedroom+bedroom+bathroom+hallway,plausible,6,base,,0.50,False,False,,,,77,1.333,0.1373,0.0000,3,10.789,,,2.784,invariant_viole
hd03_002,living+kitchen+bedroom+bedroom+bathroom+hallway,plausible,6,pavage,0,0.50,False,False,,,,77,1.333,0.1373,0.0000,3,10.789,,,1.391,trame
hd03_002,living+kitchen+bedroom+bedroom+bathroom+hallway,plausible,6,pavage,4,0.50,False,False,,,,77,1.333,0.1373,0.0000,3,10.789,,,1.132,trame
hd03_002,living+kitchen+bedroom+bedroom+bathroom+hallway,plausible,6,pavage,8,0.50,False,False,,,,77,1.333,0.1373,0.0000,3,10.789,,,1.012,trame
hd03_002,living+kitchen+bedroom+bedroom+bathroom+hallway,plausible,6,pavage,16,0.50,False,False,,,,77,1.333,0.1373,0.0000,3,10.789,,,1.020,trame
hd03_002,living+kitchen+bedroom+bedroom+bathroom+hallway,plausible,6,pavage,16,0.00,False,False,,,,77,1.333,0.1373,0.0000,3,10.789,,,0.966,trame
hd03_002,living+kitchen+bedroom+bedroom+bathroom+hallway,plausible,6,pavage,16,0.25,False,False,,,,77,1.333,0.1373,0.0000,3,10.789,,,0.925,trame
hd03_002,living+kitchen+bedroom+bedroom+bathroom+hallway,plausible,6,pavage,16,1.00,False,False,,,,77,1.333,0.1373,0.0000,3,10.789,,,0.950,trame
hd03_002,living+kitchen+bedroom+bedroom+bathroom+hallway,plausible,6,pavage,16,1.80,False,False,,,,77,1.333,0.1373,0.0000,3,10.789,,,0.913,trame
hd03_003,living+kitchen+bedroom+bedroom+bathroom+hallway,plausible,6,base,,0.50,False,False,,,,60,1.667,0.1139,0.0000,1,10.658,,,2.678,invariant_viole
hd03_003,living+kitchen+bedroom+bedroom+bathroom+hallway,plausible,6,pavage,0,0.50,False,False,,,,60,1.667,0.1139,0.0000,1,10.658,,,0.691,trame
hd03_003,living+kitchen+bedroom+bedroom+bathroom+hallway,plausible,6,pavage,4,0.50,False,True,6,0.5000,True,60,1.667,0.1139,0.0000,1,10.658,2.961082,0.2778,4.105,ok
hd03_003,living+kitchen+bedroom+bedroom+bathroom+hallway,plausible,6,pavage,8,0.50,False,True,6,0.5000,True,60,1.667,0.1139,0.0000,1,10.658,2.961082,0.2778,4.394,ok
hd03_003,living+kitchen+bedroom+bedroom+bathroom+hallway,plausible,6,pavage,16,0.50,False,True,6,0.5000,True,60,1.667,0.1139,0.0000,1,10.658,2.961082,0.2778,4.343,ok
hd03_003,living+kitchen+bedroom+bedroom+bathroom+hallway,plausible,6,pavage,16,0.00,False,True,6,0.3290,False,60,1.667,0.1139,0.0000,1,10.658,2.961082,0.2778,4.415,ok
hd03_003,living+kitchen+bedroom+bedroom+bathroom+hallway,plausible,6,pavage,16,0.25,False,True,6,0.3290,False,60,1.667,0.1139,0.0000,1,10.658,2.961082,0.2778,3.740,ok
hd03_003,living+kitchen+bedroom+bedroom+bathroom+hallway,plausible,6,pavage,16,1.00,False,True,6,1.0000,True,60,1.667,0.1139,0.0000,1,10.658,2.961082,0.2778,3.291,ok
hd03_003,living+kitchen+bedroom+bedroom+bathroom+hallway,plausible,6,pavage,16,1.80,False,True,6,1.8000,True,60,1.667,0.1139,0.0000,1,10.658,2.961082,0.2778,3.257,ok
hd03_004,living+kitchen+bedroom+bedroom+bathroom+hallway,plausible,6,base,,0.50,False,False,,,,42,1.667,0.0287,0.0000,1,10.320,,,2.317,invariant_viole
hd03_004,living+kitchen+bedroom+bedroom+bathroom+hallway,plausible,6,pavage,0,0.50,False,False,,,,42,1.667,0.0287,0.0000,1,10.320,,,0.703,trame
hd03_004,living+kitchen+bedroom+bedroom+bathroom+hallway,plausible,6,pavage,4,0.50,False,False,,,,42,1.667,0.0287,0.0000,1,10.320,,,1.140,trame
hd03_004,living+kitchen+bedroom+bedroom+bathroom+hallway,plausible,6,pavage,8,0.50,False,False,,,,42,1.667,0.0287,0.0000,1,10.320,,,1.143,trame
hd03_004,living+kitchen+bedroom+bedroom+bathroom+hallway,plausible,6,pavage,16,0.50,False,False,,,,42,1.667,0.0287,0.0000,1,10.320,,,0.939,trame
hd03_004,living+kitchen+bedroom+bedroom+bathroom+hallway,plausible,6,pavage,16,0.00,False,False,,,,42,1.667,0.0287,0.0000,1,10.320,,,1.111,trame
hd03_004,living+kitchen+bedroom+bedroom+bathroom+hallway,plausible,6,pavage,16,0.25,False,False,,,,42,1.667,0.0287,0.0000,1,10.320,,,0.890,trame
hd03_004,living+kitchen+bedroom+bedroom+bathroom+hallway,plausible,6,pavage,16,1.00,False,False,,,,42,1.667,0.0287,0.0000,1,10.320,,,0.877,trame
hd03_004,living+kitchen+bedroom+bedroom+bathroom+hallway,plausible,6,pavage,16,1.80,False,False,,,,42,1.667,0.0287,0.0000,1,10.320,,,0.879,trame
hd03_005,living+kitchen+bedroom+bedroom+bathroom+hallway,plausible,6,base,,0.50,False,False,,,,90,1.333,0.3996,0.0000,2,10.599,,,2.356,invariant_viole
hd03_005,living+kitchen+bedroom+bedroom+bathroom+hallway,plausible,6,pavage,0,0.50,False,False,,,,90,1.333,0.3996,0.0000,2,10.599,,,0.742,trame
hd03_005,living+kitchen+bedroom+bedroom+bathroom+hallway,plausible,6,pavage,4,0.50,False,False,,,,90,1.333,0.3996,0.0000,2,10.599,,,1.057,trame
hd03_005,living+kitchen+bedroom+bedroom+bathroom+hallway,plausible,6,pavage,8,0.50,False,False,,,,90,1.333,0.3996,0.0000,2,10.599,,,4.228,infaisable
hd03_005,living+kitchen+bedroom+bedroom+bathroom+hallway,plausible,6,pavage,16,0.50,False,False,,,,90,1.333,0.3996,0.0000,2,10.599,,,4.065,infaisable
hd03_005,living+kitchen+bedroom+bedroom+bathroom+hallway,plausible,6,pavage,16,0.00,False,True,6,0.0000,False,90,1.333,0.3996,0.0000,2,10.599,7.567209,0.7140,3.463,ok
hd03_005,living+kitchen+bedroom+bedroom+bathroom+hallway,plausible,6,pavage,16,0.25,False,False,,,,90,1.333,0.3996,0.0000,2,10.599,,,3.937,infaisable
hd03_005,living+kitchen+bedroom+bedroom+bathroom+hallway,plausible,6,pavage,16,1.00,False,False,,,,90,1.333,0.3996,0.0000,2,10.599,,,5.257,infaisable
hd03_005,living+kitchen+bedroom+bedroom+bathroom+hallway,plausible,6,pavage,16,1.80,False,False,,,,90,1.333,0.3996,0.0000,2,10.599,,,4.626,infaisable
hd03_006,living+kitchen+bedroom+bedroom+bathroom+hallway,plausible,6,base,,0.50,False,False,,,,72,1.333,0.2809,0.0000,3,9.982,,,2.450,invariant_viole
hd03_006,living+kitchen+bedroom+bedroom+bathroom+hallway,plausible,6,pavage,0,0.50,False,False,,,,72,1.333,0.2809,0.0000,3,9.982,,,0.844,trame
hd03_006,living+kitchen+bedroom+bedroom+bathroom+hallway,plausible,6,pavage,4,0.50,False,False,,,,72,1.333,0.2809,0.0000,3,9.982,,,7.142,infaisable
hd03_006,living+kitchen+bedroom+bedroom+bathroom+hallway,plausible,6,pavage,8,0.50,False,False,,,,72,1.333,0.2809,0.0000,3,9.982,,,4.081,infaisable
hd03_006,living+kitchen+bedroom+bedroom+bathroom+hallway,plausible,6,pavage,16,0.50,False,False,,,,72,1.333,0.2809,0.0000,3,9.982,,,4.346,infaisable
hd03_006,living+kitchen+bedroom+bedroom+bathroom+hallway,plausible,6,pavage,16,0.00,False,True,6,0.0000,False,72,1.333,0.2809,0.0000,3,9.982,5.181893,0.5191,5.420,ok
hd03_006,living+kitchen+bedroom+bedroom+bathroom+hallway,plausible,6,pavage,16,0.25,False,False,,,,72,1.333,0.2809,0.0000,3,9.982,,,4.215,infaisable
hd03_006,living+kitchen+bedroom+bedroom+bathroom+hallway,plausible,6,pavage,16,1.00,False,False,,,,72,1.333,0.2809,0.0000,3,9.982,,,3.540,infaisable
hd03_006,living+kitchen+bedroom+bedroom+bathroom+hallway,plausible,6,pavage,16,1.80,False,False,,,,72,1.333,0.2809,0.0000,3,9.982,,,3.763,infaisable
hd03_007,living+kitchen+bedroom+bedroom+bathroom+hallway,plausible,6,base,,0.50,False,False,,,,77,1.667,0.2988,0.0000,1,10.258,,,2.447,invariant_viole
hd03_007,living+kitchen+bedroom+bedroom+bathroom+hallway,plausible,6,pavage,0,0.50,False,False,,,,77,1.667,0.2988,0.0000,1,10.258,,,0.697,trame
hd03_007,living+kitchen+bedroom+bedroom+bathroom+hallway,plausible,6,pavage,4,0.50,False,False,,,,77,1.667,0.2988,0.0000,1,10.258,,,3.662,infaisable
hd03_007,living+kitchen+bedroom+bedroom+bathroom+hallway,plausible,6,pavage,8,0.50,False,False,,,,77,1.667,0.2988,0.0000,1,10.258,,,4.399,infaisable
hd03_007,living+kitchen+bedroom+bedroom+bathroom+hallway,plausible,6,pavage,16,0.50,False,False,,,,77,1.667,0.2988,0.0000,1,10.258,,,5.132,infaisable
hd03_007,living+kitchen+bedroom+bedroom+bathroom+hallway,plausible,6,pavage,16,0.00,False,True,6,0.0000,False,77,1.667,0.2988,0.0000,1,10.258,4.935136,0.4811,3.457,ok
hd03_007,living+kitchen+bedroom+bedroom+bathroom+hallway,plausible,6,pavage,16,0.25,False,False,,,,77,1.667,0.2988,0.0000,1,10.258,,,3.892,infaisable
hd03_007,living+kitchen+bedroom+bedroom+bathroom+hallway,plausible,6,pavage,16,1.00,False,False,,,,77,1.667,0.2988,0.0000,1,10.258,,,3.650,infaisable
hd03_007,living+kitchen+bedroom+bedroom+bathroom+hallway,plausible,6,pavage,16,1.80,False,False,,,,77,1.667,0.2988,0.0000,1,10.258,,,4.344,infaisable
hd03_008,living+kitchen+bedroom+bedroom+bathroom+hallway,plausible,6,base,,0.50,False,False,,,,63,0.667,0.1579,0.0000,4,9.452,,,2.250,invariant_viole
hd03_008,living+kitchen+bedroom+bedroom+bathroom+hallway,plausible,6,pavage,0,0.50,False,False,,,,63,0.667,0.1579,0.0000,4,9.452,,,0.689,trame
hd03_008,living+kitchen+bedroom+bedroom+bathroom+hallway,plausible,6,pavage,4,0.50,False,False,,,,63,0.667,0.1579,0.0000,4,9.452,,,0.913,trame
hd03_008,living+kitchen+bedroom+bedroom+bathroom+hallway,plausible,6,pavage,8,0.50,False,False,,,,63,0.667,0.1579,0.0000,4,9.452,,,0.848,trame
hd03_008,living+kitchen+bedroom+bedroom+bathroom+hallway,plausible,6,pavage,16,0.50,False,False,,,,63,0.667,0.1579,0.0000,4,9.452,,,0.841,trame
hd03_008,living+kitchen+bedroom+bedroom+bathroom+hallway,plausible,6,pavage,16,0.00,False,False,,,,63,0.667,0.1579,0.0000,4,9.452,,,0.816,trame
hd03_008,living+kitchen+bedroom+bedroom+bathroom+hallway,plausible,6,pavage,16,0.25,False,False,,,,63,0.667,0.1579,0.0000,4,9.452,,,0.860,trame
hd03_008,living+kitchen+bedroom+bedroom+bathroom+hallway,plausible,6,pavage,16,1.00,False,False,,,,63,0.667,0.1579,0.0000,4,9.452,,,0.819,trame
hd03_008,living+kitchen+bedroom+bedroom+bathroom+hallway,plausible,6,pavage,16,1.80,False,False,,,,63,0.667,0.1579,0.0000,4,9.452,,,0.828,trame
hd03_009,living+kitchen+bedroom+bedroom+bathroom+hallway,plausible,6,base,,0.50,False,False,,,,63,1.000,0.0512,0.0000,3,9.981,,,3.449,invariant_viole
hd03_009,living+kitchen+bedroom+bedroom+bathroom+hallway,plausible,6,pavage,0,0.50,False,False,,,,63,1.000,0.0512,0.0000,3,9.981,,,0.843,trame
hd03_009,living+kitchen+bedroom+bedroom+bathroom+hallway,plausible,6,pavage,4,0.50,False,False,,,,63,1.000,0.0512,0.0000,3,9.981,,,6.598,infaisable
hd03_009,living+kitchen+bedroom+bedroom+bathroom+hallway,plausible,6,pavage,8,0.50,False,False,,,,63,1.000,0.0512,0.0000,3,9.981,,,4.742,infaisable
hd03_009,living+kitchen+bedroom+bedroom+bathroom+hallway,plausible,6,pavage,16,0.50,False,False,,,,63,1.000,0.0512,0.0000,3,9.981,,,4.214,infaisable
hd03_009,living+kitchen+bedroom+bedroom+bathroom+hallway,plausible,6,pavage,16,0.00,False,True,6,0.0000,False,63,1.000,0.0512,0.0000,3,9.981,1.645045,0.1648,4.330,ok
hd03_009,living+kitchen+bedroom+bedroom+bathroom+hallway,plausible,6,pavage,16,0.25,False,False,,,,63,1.000,0.0512,0.0000,3,9.981,,,4.682,infaisable
hd03_009,living+kitchen+bedroom+bedroom+bathroom+hallway,plausible,6,pavage,16,1.00,False,False,,,,63,1.000,0.0512,0.0000,3,9.981,,,4.116,infaisable
hd03_009,living+kitchen+bedroom+bedroom+bathroom+hallway,plausible,6,pavage,16,1.80,False,False,,,,63,1.000,0.0512,0.0000,3,9.981,,,3.881,infaisable
hd03_010,living+kitchen+bedroom+bedroom+bathroom+hallway,plausible,6,base,,0.50,False,False,,,,42,4.000,0.0986,0.0000,1,9.587,,,2.255,invariant_viole
hd03_010,living+kitchen+bedroom+bedroom+bathroom+hallway,plausible,6,pavage,0,0.50,False,False,,,,42,4.000,0.0986,0.0000,1,9.587,,,0.672,trame
hd03_010,living+kitchen+bedroom+bedroom+bathroom+hallway,plausible,6,pavage,4,0.50,False,False,,,,42,4.000,0.0986,0.0000,1,9.587,,,1.181,trame
hd03_010,living+kitchen+bedroom+bedroom+bathroom+hallway,plausible,6,pavage,8,0.50,False,False,,,,42,4.000,0.0986,0.0000,1,9.587,,,3.991,infaisable
hd03_010,living+kitchen+bedroom+bedroom+bathroom+hallway,plausible,6,pavage,16,0.50,False,False,,,,42,4.000,0.0986,0.0000,1,9.587,,,3.869,infaisable
hd03_010,living+kitchen+bedroom+bedroom+bathroom+hallway,plausible,6,pavage,16,0.00,False,True,6,0.0000,False,42,4.000,0.0986,0.0000,1,9.587,3.290091,0.3432,3.309,ok
hd03_010,living+kitchen+bedroom+bedroom+bathroom+hallway,plausible,6,pavage,16,0.25,False,False,,,,42,4.000,0.0986,0.0000,1,9.587,,,4.844,infaisable
hd03_010,living+kitchen+bedroom+bedroom+bathroom+hallway,plausible,6,pavage,16,1.00,False,False,,,,42,4.000,0.0986,0.0000,1,9.587,,,4.393,infaisable
hd03_010,living+kitchen+bedroom+bedroom+bathroom+hallway,plausible,6,pavage,16,1.80,False,False,,,,42,4.000,0.0986,0.0000,1,9.587,,,3.982,infaisable
hd03_011,living+kitchen+bedroom+bedroom+bathroom+hallway,plausible,6,base,,0.50,False,False,,,,64,2.000,0.1886,0.0000,1,10.599,,,2.337,invariant_viole
hd03_011,living+kitchen+bedroom+bedroom+bathroom+hallway,plausible,6,pavage,0,0.50,False,False,,,,64,2.000,0.1886,0.0000,1,10.599,,,0.684,trame
hd03_011,living+kitchen+bedroom+bedroom+bathroom+hallway,plausible,6,pavage,4,0.50,False,True,6,0.5758,True,64,2.000,0.1886,0.0000,1,10.599,3.372343,0.3182,5.310,ok
hd03_011,living+kitchen+bedroom+bedroom+bathroom+hallway,plausible,6,pavage,8,0.50,False,True,6,0.5758,True,64,2.000,0.1886,0.0000,1,10.599,3.372343,0.3182,3.602,ok
hd03_011,living+kitchen+bedroom+bedroom+bathroom+hallway,plausible,6,pavage,16,0.50,False,True,6,0.5758,True,64,2.000,0.1886,0.0000,1,10.599,3.372343,0.3182,3.331,ok
hd03_011,living+kitchen+bedroom+bedroom+bathroom+hallway,plausible,6,pavage,16,0.00,False,True,6,0.5758,True,64,2.000,0.1886,0.0000,1,10.599,3.372343,0.3182,3.108,ok
hd03_011,living+kitchen+bedroom+bedroom+bathroom+hallway,plausible,6,pavage,16,0.25,False,True,6,0.5758,True,64,2.000,0.1886,0.0000,1,10.599,3.372343,0.3182,3.576,ok
hd03_011,living+kitchen+bedroom+bedroom+bathroom+hallway,plausible,6,pavage,16,1.00,False,True,6,1.0000,True,64,2.000,0.1886,0.0000,1,10.599,3.030361,0.2859,3.279,ok
hd03_011,living+kitchen+bedroom+bedroom+bathroom+hallway,plausible,6,pavage,16,1.80,False,True,6,1.8000,True,64,2.000,0.1886,0.0000,1,10.599,2.230361,0.2104,3.150,ok
hd03_012,living+kitchen+bedroom+bedroom+bathroom+hallway,plausible,6,base,,0.50,False,False,,,,64,1.667,0.3367,0.0000,1,9.560,,,2.387,invariant_viole
hd03_012,living+kitchen+bedroom+bedroom+bathroom+hallway,plausible,6,pavage,0,0.50,False,False,,,,64,1.667,0.3367,0.0000,1,9.560,,,0.677,trame
hd03_012,living+kitchen+bedroom+bedroom+bathroom+hallway,plausible,6,pavage,4,0.50,False,False,,,,64,1.667,0.3367,0.0000,1,9.560,,,1.694,trame
hd03_012,living+kitchen+bedroom+bedroom+bathroom+hallway,plausible,6,pavage,8,0.50,False,False,,,,64,1.667,0.3367,0.0000,1,9.560,,,4.139,infaisable
hd03_012,living+kitchen+bedroom+bedroom+bathroom+hallway,plausible,6,pavage,16,0.50,False,False,,,,64,1.667,0.3367,0.0000,1,9.560,,,3.706,infaisable
hd03_012,living+kitchen+bedroom+bedroom+bathroom+hallway,plausible,6,pavage,16,0.00,False,True,6,0.0000,False,64,1.667,0.3367,0.0000,1,9.560,4.277118,0.4474,3.309,ok
hd03_012,living+kitchen+bedroom+bedroom+bathroom+hallway,plausible,6,pavage,16,0.25,False,False,,,,64,1.667,0.3367,0.0000,1,9.560,,,5.342,infaisable
hd03_012,living+kitchen+bedroom+bedroom+bathroom+hallway,plausible,6,pavage,16,1.00,False,False,,,,64,1.667,0.3367,0.0000,1,9.560,,,6.993,infaisable
hd03_012,living+kitchen+bedroom+bedroom+bathroom+hallway,plausible,6,pavage,16,1.80,False,False,,,,64,1.667,0.3367,0.0000,1,9.560,,,4.698,infaisable
hd03_013,living+kitchen+bedroom+bedroom+bathroom+hallway,plausible,6,base,,0.50,False,False,,,,81,2.000,0.3161,0.0000,2,12.786,,,3.120,invariant_viole
hd03_013,living+kitchen+bedroom+bedroom+bathroom+hallway,plausible,6,pavage,0,0.50,False,False,,,,81,2.000,0.3161,0.0000,2,12.786,,,0.778,trame
hd03_013,living+kitchen+bedroom+bedroom+bathroom+hallway,plausible,6,pavage,4,0.50,False,False,,,,81,2.000,0.3161,0.0000,2,12.786,,,1.028,trame
hd03_013,living+kitchen+bedroom+bedroom+bathroom+hallway,plausible,6,pavage,8,0.50,False,False,,,,81,2.000,0.3161,0.0000,2,12.786,,,1.099,trame
hd03_013,living+kitchen+bedroom+bedroom+bathroom+hallway,plausible,6,pavage,16,0.50,False,False,,,,81,2.000,0.3161,0.0000,2,12.786,,,1.104,trame
hd03_013,living+kitchen+bedroom+bedroom+bathroom+hallway,plausible,6,pavage,16,0.00,False,False,,,,81,2.000,0.3161,0.0000,2,12.786,,,1.182,trame
hd03_013,living+kitchen+bedroom+bedroom+bathroom+hallway,plausible,6,pavage,16,0.25,False,False,,,,81,2.000,0.3161,0.0000,2,12.786,,,1.152,trame
hd03_013,living+kitchen+bedroom+bedroom+bathroom+hallway,plausible,6,pavage,16,1.00,False,False,,,,81,2.000,0.3161,0.0000,2,12.786,,,1.110,trame
hd03_013,living+kitchen+bedroom+bedroom+bathroom+hallway,plausible,6,pavage,16,1.80,False,False,,,,81,2.000,0.3161,0.0000,2,12.786,,,1.462,trame
hd03_014,living+kitchen+bedroom+bedroom+bathroom+hallway,plausible,6,base,,0.50,False,False,,,,48,1.667,0.2924,0.0000,3,10.032,,,2.874,invariant_viole
hd03_014,living+kitchen+bedroom+bedroom+bathroom+hallway,plausible,6,pavage,0,0.50,False,False,,,,48,1.667,0.2924,0.0000,3,10.032,,,0.815,trame
hd03_014,living+kitchen+bedroom+bedroom+bathroom+hallway,plausible,6,pavage,4,0.50,False,False,,,,48,1.667,0.2924,0.0000,3,10.032,,,1.013,trame
hd03_014,living+kitchen+bedroom+bedroom+bathroom+hallway,plausible,6,pavage,8,0.50,False,True,6,0.5758,True,48,1.667,0.2924,0.0000,3,10.032,3.290091,0.3279,3.549,ok
hd03_014,living+kitchen+bedroom+bedroom+bathroom+hallway,plausible,6,pavage,16,0.50,False,True,6,0.5758,True,48,1.667,0.2924,0.0000,3,10.032,3.290091,0.3279,3.531,ok
hd03_014,living+kitchen+bedroom+bedroom+bathroom+hallway,plausible,6,pavage,16,0.00,False,True,6,0.5758,True,48,1.667,0.2924,0.0000,3,10.032,3.290091,0.3279,4.598,ok
hd03_014,living+kitchen+bedroom+bedroom+bathroom+hallway,plausible,6,pavage,16,0.25,False,True,6,0.5758,True,48,1.667,0.2924,0.0000,3,10.032,3.290091,0.3279,3.539,ok
hd03_014,living+kitchen+bedroom+bedroom+bathroom+hallway,plausible,6,pavage,16,1.00,False,True,6,1.0000,True,48,1.667,0.2924,0.0000,3,10.032,3.290091,0.3279,3.537,ok
hd03_014,living+kitchen+bedroom+bedroom+bathroom+hallway,plausible,6,pavage,16,1.80,False,True,6,1.8000,True,48,1.667,0.2924,0.0000,3,10.032,3.290091,0.3279,3.539,ok
hd03_015,living+kitchen+bedroom+bedroom+bathroom+hallway,plausible,6,base,,0.50,False,False,,,,72,2.333,0.2900,0.0000,1,9.851,,,2.585,invariant_viole
hd03_015,living+kitchen+bedroom+bedroom+bathroom+hallway,plausible,6,pavage,0,0.50,False,False,,,,72,2.333,0.2900,0.0000,1,9.851,,,0.801,trame
hd03_015,living+kitchen+bedroom+bedroom+bathroom+hallway,plausible,6,pavage,4,0.50,False,False,,,,72,2.333,0.2900,0.0000,1,9.851,,,1.482,trame
hd03_015,living+kitchen+bedroom+bedroom+bathroom+hallway,plausible,6,pavage,8,0.50,False,False,,,,72,2.333,0.2900,0.0000,1,9.851,,,1.502,trame
hd03_015,living+kitchen+bedroom+bedroom+bathroom+hallway,plausible,6,pavage,16,0.50,False,False,,,,72,2.333,0.2900,0.0000,1,9.851,,,1.731,trame
hd03_015,living+kitchen+bedroom+bedroom+bathroom+hallway,plausible,6,pavage,16,0.00,False,False,,,,72,2.333,0.2900,0.0000,1,9.851,,,1.532,trame
hd03_015,living+kitchen+bedroom+bedroom+bathroom+hallway,plausible,6,pavage,16,0.25,False,False,,,,72,2.333,0.2900,0.0000,1,9.851,,,1.462,trame
hd03_015,living+kitchen+bedroom+bedroom+bathroom+hallway,plausible,6,pavage,16,1.00,False,False,,,,72,2.333,0.2900,0.0000,1,9.851,,,1.550,trame
hd03_015,living+kitchen+bedroom+bedroom+bathroom+hallway,plausible,6,pavage,16,1.80,False,False,,,,72,2.333,0.2900,0.0000,1,9.851,,,1.470,trame
hd03_016,living+kitchen+bedroom+bedroom+bathroom+hallway,plausible,6,base,,0.50,False,False,,,,54,1.667,0.1621,0.0000,3,9.509,,,3.056,invariant_viole
hd03_016,living+kitchen+bedroom+bedroom+bathroom+hallway,plausible,6,pavage,0,0.50,False,False,,,,54,1.667,0.1621,0.0000,3,9.509,,,0.704,trame
hd03_016,living+kitchen+bedroom+bedroom+bathroom+hallway,plausible,6,pavage,4,0.50,False,False,,,,54,1.667,0.1621,0.0000,3,9.509,,,0.919,trame
hd03_016,living+kitchen+bedroom+bedroom+bathroom+hallway,plausible,6,pavage,8,0.50,False,False,,,,54,1.667,0.1621,0.0000,3,9.509,,,3.629,infaisable
hd03_016,living+kitchen+bedroom+bedroom+bathroom+hallway,plausible,6,pavage,16,0.50,False,False,,,,54,1.667,0.1621,0.0000,3,9.509,,,3.609,infaisable
hd03_016,living+kitchen+bedroom+bedroom+bathroom+hallway,plausible,6,pavage,16,0.00,False,True,6,0.0000,False,54,1.667,0.1621,0.0000,3,9.509,5.922164,0.6228,6.838,ok
hd03_016,living+kitchen+bedroom+bedroom+bathroom+hallway,plausible,6,pavage,16,0.25,False,False,,,,54,1.667,0.1621,0.0000,3,9.509,,,5.422,infaisable
hd03_016,living+kitchen+bedroom+bedroom+bathroom+hallway,plausible,6,pavage,16,1.00,False,False,,,,54,1.667,0.1621,0.0000,3,9.509,,,5.038,infaisable
hd03_016,living+kitchen+bedroom+bedroom+bathroom+hallway,plausible,6,pavage,16,1.80,False,False,,,,54,1.667,0.1621,0.0000,3,9.509,,,6.053,infaisable
hd03_017,living+kitchen+bedroom+bedroom+bathroom+hallway,plausible,6,base,,0.50,False,False,,,,64,1.333,0.0316,0.0000,3,9.982,,,3.939,invariant_viole
hd03_017,living+kitchen+bedroom+bedroom+bathroom+hallway,plausible,6,pavage,0,0.50,False,False,,,,64,1.333,0.0316,0.0000,3,9.982,,,1.773,trame
hd03_017,living+kitchen+bedroom+bedroom+bathroom+hallway,plausible,6,pavage,4,0.50,False,False,,,,64,1.333,0.0316,0.0000,3,9.982,,,2.889,trame
hd03_017,living+kitchen+bedroom+bedroom+bathroom+hallway,plausible,6,pavage,8,0.50,False,False,,,,64,1.333,0.0316,0.0000,3,9.982,,,0.987,trame
hd03_017,living+kitchen+bedroom+bedroom+bathroom+hallway,plausible,6,pavage,16,0.50,False,False,,,,64,1.333,0.0316,0.0000,3,9.982,,,1.330,trame
hd03_017,living+kitchen+bedroom+bedroom+bathroom+hallway,plausible,6,pavage,16,0.00,False,False,,,,64,1.333,0.0316,0.0000,3,9.982,,,1.541,trame
hd03_017,living+kitchen+bedroom+bedroom+bathroom+hallway,plausible,6,pavage,16,0.25,False,False,,,,64,1.333,0.0316,0.0000,3,9.982,,,1.510,trame
hd03_017,living+kitchen+bedroom+bedroom+bathroom+hallway,plausible,6,pavage,16,1.00,False,False,,,,64,1.333,0.0316,0.0000,3,9.982,,,1.009,trame
hd03_017,living+kitchen+bedroom+bedroom+bathroom+hallway,plausible,6,pavage,16,1.80,False,False,,,,64,1.333,0.0316,0.0000,3,9.982,,,1.046,trame
hd03_018,living+kitchen+bedroom+bedroom+bathroom+hallway,plausible,6,base,,0.50,False,False,,,,40,1.333,0.3215,0.0000,3,10.491,,,4.028,invariant_viole
hd03_018,living+kitchen+bedroom+bedroom+bathroom+hallway,plausible,6,pavage,0,0.50,False,False,,,,40,1.333,0.3215,0.0000,3,10.491,,,0.874,trame
hd03_018,living+kitchen+bedroom+bedroom+bathroom+hallway,plausible,6,pavage,4,0.50,False,False,,,,40,1.333,0.3215,0.0000,3,10.491,,,4.752,infaisable
hd03_018,living+kitchen+bedroom+bedroom+bathroom+hallway,plausible,6,pavage,8,0.50,False,False,,,,40,1.333,0.3215,0.0000,3,10.491,,,5.178,infaisable
hd03_018,living+kitchen+bedroom+bedroom+bathroom+hallway,plausible,6,pavage,16,0.50,False,False,,,,40,1.333,0.3215,0.0000,3,10.491,,,6.217,infaisable
hd03_018,living+kitchen+bedroom+bedroom+bathroom+hallway,plausible,6,pavage,16,0.00,False,True,6,0.0000,False,40,1.333,0.3215,0.0000,3,10.491,5.675407,0.5410,4.442,ok
hd03_018,living+kitchen+bedroom+bedroom+bathroom+hallway,plausible,6,pavage,16,0.25,False,False,,,,40,1.333,0.3215,0.0000,3,10.491,,,4.171,infaisable
hd03_018,living+kitchen+bedroom+bedroom+bathroom+hallway,plausible,6,pavage,16,1.00,False,False,,,,40,1.333,0.3215,0.0000,3,10.491,,,4.432,infaisable
hd03_018,living+kitchen+bedroom+bedroom+bathroom+hallway,plausible,6,pavage,16,1.80,False,False,,,,40,1.333,0.3215,0.0000,3,10.491,,,3.758,infaisable
hd03_019,living+kitchen+bedroom+bedroom+bathroom+hallway,plausible,6,base,,0.50,False,False,,,,72,2.000,0.1725,0.0000,3,10.217,,,2.373,invariant_viole
hd03_019,living+kitchen+bedroom+bedroom+bathroom+hallway,plausible,6,pavage,0,0.50,False,False,,,,72,2.000,0.1725,0.0000,3,10.217,,,0.734,trame
hd03_019,living+kitchen+bedroom+bedroom+bathroom+hallway,plausible,6,pavage,4,0.50,False,False,,,,72,2.000,0.1725,0.0000,3,10.217,,,1.054,trame
hd03_019,living+kitchen+bedroom+bedroom+bathroom+hallway,plausible,6,pavage,8,0.50,False,False,,,,72,2.000,0.1725,0.0000,3,10.217,,,4.217,infaisable
hd03_019,living+kitchen+bedroom+bedroom+bathroom+hallway,plausible,6,pavage,16,0.50,False,False,,,,72,2.000,0.1725,0.0000,3,10.217,,,4.795,infaisable
hd03_019,living+kitchen+bedroom+bedroom+bathroom+hallway,plausible,6,pavage,16,0.00,False,True,6,0.0000,False,72,2.000,0.1725,0.0000,3,10.217,1.316036,0.1288,5.145,ok
hd03_019,living+kitchen+bedroom+bedroom+bathroom+hallway,plausible,6,pavage,16,0.25,False,False,,,,72,2.000,0.1725,0.0000,3,10.217,,,4.895,infaisable
hd03_019,living+kitchen+bedroom+bedroom+bathroom+hallway,plausible,6,pavage,16,1.00,False,False,,,,72,2.000,0.1725,0.0000,3,10.217,,,5.518,infaisable
hd03_019,living+kitchen+bedroom+bedroom+bathroom+hallway,plausible,6,pavage,16,1.80,False,False,,,,72,2.000,0.1725,0.0000,3,10.217,,,4.483,infaisable
hd03_020,living+kitchen+bedroom+bedroom+bathroom+hallway,plausible,6,base,,0.50,False,False,,,,48,1.667,0.0125,0.0001,2,9.982,,,3.462,invariant_viole
hd03_020,living+kitchen+bedroom+bedroom+bathroom+hallway,plausible,6,pavage,0,0.50,False,False,,,,48,1.667,0.0125,0.0001,2,9.982,,,0.813,trame
hd03_020,living+kitchen+bedroom+bedroom+bathroom+hallway,plausible,6,pavage,4,0.50,False,False,,,,48,1.667,0.0125,0.0001,2,9.982,,,0.945,trame
hd03_020,living+kitchen+bedroom+bedroom+bathroom+hallway,plausible,6,pavage,8,0.50,False,False,,,,48,1.667,0.0125,0.0001,2,9.982,,,0.884,trame
hd03_020,living+kitchen+bedroom+bedroom+bathroom+hallway,plausible,6,pavage,16,0.50,False,False,,,,48,1.667,0.0125,0.0001,2,9.982,,,0.874,trame
hd03_020,living+kitchen+bedroom+bedroom+bathroom+hallway,plausible,6,pavage,16,0.00,False,False,,,,48,1.667,0.0125,0.0001,2,9.982,,,0.950,trame
hd03_020,living+kitchen+bedroom+bedroom+bathroom+hallway,plausible,6,pavage,16,0.25,False,False,,,,48,1.667,0.0125,0.0001,2,9.982,,,0.961,trame
hd03_020,living+kitchen+bedroom+bedroom+bathroom+hallway,plausible,6,pavage,16,1.00,False,False,,,,48,1.667,0.0125,0.0001,2,9.982,,,0.894,trame
hd03_020,living+kitchen+bedroom+bedroom+bathroom+hallway,plausible,6,pavage,16,1.80,False,False,,,,48,1.667,0.0125,0.0001,2,9.982,,,0.909,trame
hd03_021,living+kitchen+bedroom+bedroom+bathroom+hallway,plausible,6,base,,0.50,False,False,,,,72,2.667,0.0741,0.0000,1,9.766,,,2.682,invariant_viole
hd03_021,living+kitchen+bedroom+bedroom+bathroom+hallway,plausible,6,pavage,0,0.50,False,False,,,,72,2.667,0.0741,0.0000,1,9.766,,,0.775,trame
hd03_021,living+kitchen+bedroom+bedroom+bathroom+hallway,plausible,6,pavage,4,0.50,False,False,,,,72,2.667,0.0741,0.0000,1,9.766,,,1.478,trame
hd03_021,living+kitchen+bedroom+bedroom+bathroom+hallway,plausible,6,pavage,8,0.50,False,False,,,,72,2.667,0.0741,0.0000,1,9.766,,,7.555,infaisable
hd03_021,living+kitchen+bedroom+bedroom+bathroom+hallway,plausible,6,pavage,16,0.50,False,False,,,,72,2.667,0.0741,0.0000,1,9.766,,,7.435,infaisable
hd03_021,living+kitchen+bedroom+bedroom+bathroom+hallway,plausible,6,pavage,16,0.00,False,True,6,0.0000,False,72,2.667,0.0741,0.0000,1,9.766,1.233784,0.1263,4.801,ok
hd03_021,living+kitchen+bedroom+bedroom+bathroom+hallway,plausible,6,pavage,16,0.25,False,False,,,,72,2.667,0.0741,0.0000,1,9.766,,,4.822,infaisable
hd03_021,living+kitchen+bedroom+bedroom+bathroom+hallway,plausible,6,pavage,16,1.00,False,False,,,,72,2.667,0.0741,0.0000,1,9.766,,,4.818,infaisable
hd03_021,living+kitchen+bedroom+bedroom+bathroom+hallway,plausible,6,pavage,16,1.80,False,False,,,,72,2.667,0.0741,0.0000,1,9.766,,,5.874,infaisable
hd03_022,living+kitchen+bedroom+bedroom+bathroom+hallway,plausible,6,base,,0.50,False,False,,,,99,1.333,0.4301,0.0000,2,11.834,,,2.951,invariant_viole
hd03_022,living+kitchen+bedroom+bedroom+bathroom+hallway,plausible,6,pavage,0,0.50,False,False,,,,99,1.333,0.4301,0.0000,2,11.834,,,0.924,trame
hd03_022,living+kitchen+bedroom+bedroom+bathroom+hallway,plausible,6,pavage,4,0.50,False,False,,,,99,1.333,0.4301,0.0000,2,11.834,,,1.050,trame
hd03_022,living+kitchen+bedroom+bedroom+bathroom+hallway,plausible,6,pavage,8,0.50,False,False,,,,99,1.333,0.4301,0.0000,2,11.834,,,4.065,infaisable
hd03_022,living+kitchen+bedroom+bedroom+bathroom+hallway,plausible,6,pavage,16,0.50,False,False,,,,99,1.333,0.4301,0.0000,2,11.834,,,3.751,infaisable
hd03_022,living+kitchen+bedroom+bedroom+bathroom+hallway,plausible,6,pavage,16,0.00,False,False,,,,99,1.333,0.4301,0.0000,2,11.834,,,3.965,infaisable
hd03_022,living+kitchen+bedroom+bedroom+bathroom+hallway,plausible,6,pavage,16,0.25,False,False,,,,99,1.333,0.4301,0.0000,2,11.834,,,3.716,infaisable
hd03_022,living+kitchen+bedroom+bedroom+bathroom+hallway,plausible,6,pavage,16,1.00,False,False,,,,99,1.333,0.4301,0.0000,2,11.834,,,4.403,infaisable
hd03_022,living+kitchen+bedroom+bedroom+bathroom+hallway,plausible,6,pavage,16,1.80,False,False,,,,99,1.333,0.4301,0.0000,2,11.834,,,3.879,infaisable
hd03_023,living+kitchen+bedroom+bedroom+bathroom+hallway,plausible,6,base,,0.50,False,False,,,,72,1.667,0.4229,0.0000,1,10.730,,,2.519,invariant_viole
hd03_023,living+kitchen+bedroom+bedroom+bathroom+hallway,plausible,6,pavage,0,0.50,False,False,,,,72,1.667,0.4229,0.0000,1,10.730,,,0.698,trame
hd03_023,living+kitchen+bedroom+bedroom+bathroom+hallway,plausible,6,pavage,4,0.50,False,False,,,,72,1.667,0.4229,0.0000,1,10.730,,,0.984,trame
hd03_023,living+kitchen+bedroom+bedroom+bathroom+hallway,plausible,6,pavage,8,0.50,False,False,,,,72,1.667,0.4229,0.0000,1,10.730,,,1.028,trame
hd03_023,living+kitchen+bedroom+bedroom+bathroom+hallway,plausible,6,pavage,16,0.50,False,False,,,,72,1.667,0.4229,0.0000,1,10.730,,,1.392,trame
hd03_023,living+kitchen+bedroom+bedroom+bathroom+hallway,plausible,6,pavage,16,0.00,False,False,,,,72,1.667,0.4229,0.0000,1,10.730,,,1.080,trame
hd03_023,living+kitchen+bedroom+bedroom+bathroom+hallway,plausible,6,pavage,16,0.25,False,False,,,,72,1.667,0.4229,0.0000,1,10.730,,,1.052,trame
hd03_023,living+kitchen+bedroom+bedroom+bathroom+hallway,plausible,6,pavage,16,1.00,False,False,,,,72,1.667,0.4229,0.0000,1,10.730,,,1.034,trame
hd03_023,living+kitchen+bedroom+bedroom+bathroom+hallway,plausible,6,pavage,16,1.80,False,False,,,,72,1.667,0.4229,0.0000,1,10.730,,,1.015,trame
hd03_024,living+kitchen+bedroom+bedroom+bathroom+hallway,plausible,6,base,,0.50,False,False,,,,56,3.667,0.1561,0.0000,1,9.782,,,2.425,invariant_viole
hd03_024,living+kitchen+bedroom+bedroom+bathroom+hallway,plausible,6,pavage,0,0.50,False,False,,,,56,3.667,0.1561,0.0000,1,9.782,,,0.677,trame
hd03_024,living+kitchen+bedroom+bedroom+bathroom+hallway,plausible,6,pavage,4,0.50,False,False,,,,56,3.667,0.1561,0.0000,1,9.782,,,0.989,trame
hd03_024,living+kitchen+bedroom+bedroom+bathroom+hallway,plausible,6,pavage,8,0.50,False,False,,,,56,3.667,0.1561,0.0000,1,9.782,,,4.556,infaisable
hd03_024,living+kitchen+bedroom+bedroom+bathroom+hallway,plausible,6,pavage,16,0.50,False,False,,,,56,3.667,0.1561,0.0000,1,9.782,,,3.997,infaisable
hd03_024,living+kitchen+bedroom+bedroom+bathroom+hallway,plausible,6,pavage,16,0.00,False,True,6,0.0000,False,56,3.667,0.1561,0.0000,1,9.782,4.194866,0.4288,3.706,ok
hd03_024,living+kitchen+bedroom+bedroom+bathroom+hallway,plausible,6,pavage,16,0.25,False,False,,,,56,3.667,0.1561,0.0000,1,9.782,,,3.925,infaisable
hd03_024,living+kitchen+bedroom+bedroom+bathroom+hallway,plausible,6,pavage,16,1.00,False,False,,,,56,3.667,0.1561,0.0000,1,9.782,,,4.828,infaisable
hd03_024,living+kitchen+bedroom+bedroom+bathroom+hallway,plausible,6,pavage,16,1.80,False,False,,,,56,3.667,0.1561,0.0000,1,9.782,,,4.123,infaisable
hd03_025,living+kitchen+bedroom+bedroom+bathroom+hallway,plausible,6,base,,0.50,False,False,,,,48,2.333,0.1246,0.0000,1,10.909,,,2.499,invariant_viole
hd03_025,living+kitchen+bedroom+bedroom+bathroom+hallway,plausible,6,pavage,0,0.50,False,False,,,,48,2.333,0.1246,0.0000,1,10.909,,,0.682,trame
hd03_025,living+kitchen+bedroom+bedroom+bathroom+hallway,plausible,6,pavage,4,0.50,False,False,,,,48,2.333,0.1246,0.0000,1,10.909,,,0.912,trame
hd03_025,living+kitchen+bedroom+bedroom+bathroom+hallway,plausible,6,pavage,8,0.50,False,False,,,,48,2.333,0.1246,0.0000,1,10.909,,,0.926,trame
hd03_025,living+kitchen+bedroom+bedroom+bathroom+hallway,plausible,6,pavage,16,0.50,False,False,,,,48,2.333,0.1246,0.0000,1,10.909,,,1.935,trame
hd03_025,living+kitchen+bedroom+bedroom+bathroom+hallway,plausible,6,pavage,16,0.00,False,False,,,,48,2.333,0.1246,0.0000,1,10.909,,,1.756,trame
hd03_025,living+kitchen+bedroom+bedroom+bathroom+hallway,plausible,6,pavage,16,0.25,False,False,,,,48,2.333,0.1246,0.0000,1,10.909,,,1.200,trame
hd03_025,living+kitchen+bedroom+bedroom+bathroom+hallway,plausible,6,pavage,16,1.00,False,False,,,,48,2.333,0.1246,0.0000,1,10.909,,,1.172,trame
hd03_025,living+kitchen+bedroom+bedroom+bathroom+hallway,plausible,6,pavage,16,1.80,False,False,,,,48,2.333,0.1246,0.0000,1,10.909,,,2.074,trame
hd03_026,living+kitchen+bedroom+bedroom+bathroom+hallway,plausible,6,base,,0.50,False,False,,,,48,0.667,0.2847,0.0000,4,12.539,,,5.510,invariant_viole
hd03_026,living+kitchen+bedroom+bedroom+bathroom+hallway,plausible,6,pavage,0,0.50,False,False,,,,48,0.667,0.2847,0.0000,4,12.539,,,1.067,trame
hd03_026,living+kitchen+bedroom+bedroom+bathroom+hallway,plausible,6,pavage,4,0.50,False,True,6,1.8918,True,48,0.667,0.2847,0.0000,4,12.539,6.004416,0.4788,5.563,ok
hd03_026,living+kitchen+bedroom+bedroom+bathroom+hallway,plausible,6,pavage,8,0.50,False,True,6,1.8918,True,48,0.667,0.2847,0.0000,4,12.539,6.004416,0.4788,5.816,ok
hd03_026,living+kitchen+bedroom+bedroom+bathroom+hallway,plausible,6,pavage,16,0.50,False,True,6,1.8918,True,48,0.667,0.2847,0.0000,4,12.539,6.004416,0.4788,5.659,ok
hd03_026,living+kitchen+bedroom+bedroom+bathroom+hallway,plausible,6,pavage,16,0.00,False,True,6,1.8918,True,48,0.667,0.2847,0.0000,4,12.539,6.004416,0.4788,5.786,ok
hd03_026,living+kitchen+bedroom+bedroom+bathroom+hallway,plausible,6,pavage,16,0.25,False,True,6,1.8918,True,48,0.667,0.2847,0.0000,4,12.539,6.004416,0.4788,3.875,ok
hd03_026,living+kitchen+bedroom+bedroom+bathroom+hallway,plausible,6,pavage,16,1.00,False,True,6,1.8918,True,48,0.667,0.2847,0.0000,4,12.539,6.004416,0.4788,4.578,ok
hd03_026,living+kitchen+bedroom+bedroom+bathroom+hallway,plausible,6,pavage,16,1.80,False,True,6,1.8918,True,48,0.667,0.2847,0.0000,4,12.539,6.004416,0.4788,4.164,ok
hd03_027,living+kitchen+bedroom+bedroom+bathroom+hallway,plausible,6,base,,0.50,False,False,,,,63,0.667,0.3702,0.0000,4,12.420,,,2.746,invariant_viole
hd03_027,living+kitchen+bedroom+bedroom+bathroom+hallway,plausible,6,pavage,0,0.50,False,False,,,,63,0.667,0.3702,0.0000,4,12.420,,,0.951,trame
hd03_027,living+kitchen+bedroom+bedroom+bathroom+hallway,plausible,6,pavage,4,0.50,False,False,,,,63,0.667,0.3702,0.0000,4,12.420,,,6.365,infaisable
hd03_027,living+kitchen+bedroom+bedroom+bathroom+hallway,plausible,6,pavage,8,0.50,False,False,,,,63,0.667,0.3702,0.0000,4,12.420,,,5.258,infaisable
hd03_027,living+kitchen+bedroom+bedroom+bathroom+hallway,plausible,6,pavage,16,0.50,False,False,,,,63,0.667,0.3702,0.0000,4,12.420,,,5.141,infaisable
hd03_027,living+kitchen+bedroom+bedroom+bathroom+hallway,plausible,6,pavage,16,0.00,False,True,6,0.0000,False,63,0.667,0.3702,0.0000,4,12.420,6.333425,0.5099,4.320,ok
hd03_027,living+kitchen+bedroom+bedroom+bathroom+hallway,plausible,6,pavage,16,0.25,False,False,,,,63,0.667,0.3702,0.0000,4,12.420,,,4.645,infaisable
hd03_027,living+kitchen+bedroom+bedroom+bathroom+hallway,plausible,6,pavage,16,1.00,False,False,,,,63,0.667,0.3702,0.0000,4,12.420,,,4.287,infaisable
hd03_027,living+kitchen+bedroom+bedroom+bathroom+hallway,plausible,6,pavage,16,1.80,False,False,,,,63,0.667,0.3702,0.0000,4,12.420,,,5.994,infaisable
hd03_028,living+kitchen+bedroom+bedroom+bathroom+hallway,plausible,6,base,,0.50,False,False,,,,48,0.667,0.1130,0.0000,4,10.258,,,4.532,invariant_viole
hd03_028,living+kitchen+bedroom+bedroom+bathroom+hallway,plausible,6,pavage,0,0.50,False,False,,,,48,0.667,0.1130,0.0000,4,10.258,,,0.972,trame
hd03_028,living+kitchen+bedroom+bedroom+bathroom+hallway,plausible,6,pavage,4,0.50,False,False,,,,48,0.667,0.1130,0.0000,4,10.258,,,0.950,trame
hd03_028,living+kitchen+bedroom+bedroom+bathroom+hallway,plausible,6,pavage,8,0.50,False,False,,,,48,0.667,0.1130,0.0000,4,10.258,,,6.496,infaisable
hd03_028,living+kitchen+bedroom+bedroom+bathroom+hallway,plausible,6,pavage,16,0.50,False,False,,,,48,0.667,0.1130,0.0000,4,10.258,,,5.521,infaisable
hd03_028,living+kitchen+bedroom+bedroom+bathroom+hallway,plausible,6,pavage,16,0.00,False,True,6,0.0000,False,48,0.667,0.1130,0.0000,4,10.258,3.290091,0.3207,4.073,ok
hd03_028,living+kitchen+bedroom+bedroom+bathroom+hallway,plausible,6,pavage,16,0.25,False,False,,,,48,0.667,0.1130,0.0000,4,10.258,,,5.342,infaisable
hd03_028,living+kitchen+bedroom+bedroom+bathroom+hallway,plausible,6,pavage,16,1.00,False,False,,,,48,0.667,0.1130,0.0000,4,10.258,,,4.717,infaisable
hd03_028,living+kitchen+bedroom+bedroom+bathroom+hallway,plausible,6,pavage,16,1.80,False,False,,,,48,0.667,0.1130,0.0000,4,10.258,,,4.952,infaisable
hd03_029,living+kitchen+bedroom+bedroom+bathroom+hallway,plausible,6,base,,0.50,False,False,,,,48,3.667,0.1178,0.0000,1,10.109,,,4.337,invariant_viole
hd03_029,living+kitchen+bedroom+bedroom+bathroom+hallway,plausible,6,pavage,0,0.50,False,False,,,,48,3.667,0.1178,0.0000,1,10.109,,,0.959,trame
hd03_029,living+kitchen+bedroom+bedroom+bathroom+hallway,plausible,6,pavage,4,0.50,False,False,,,,48,3.667,0.1178,0.0000,1,10.109,,,1.361,trame
hd03_029,living+kitchen+bedroom+bedroom+bathroom+hallway,plausible,6,pavage,8,0.50,False,False,,,,48,3.667,0.1178,0.0000,1,10.109,,,5.113,infaisable
hd03_029,living+kitchen+bedroom+bedroom+bathroom+hallway,plausible,6,pavage,16,0.50,False,False,,,,48,3.667,0.1178,0.0000,1,10.109,,,5.345,infaisable
hd03_029,living+kitchen+bedroom+bedroom+bathroom+hallway,plausible,6,pavage,16,0.00,False,True,6,0.0000,False,48,3.667,0.1178,0.0000,1,10.109,3.290091,0.3255,4.516,ok
hd03_029,living+kitchen+bedroom+bedroom+bathroom+hallway,plausible,6,pavage,16,0.25,False,False,,,,48,3.667,0.1178,0.0000,1,10.109,,,4.787,infaisable
hd03_029,living+kitchen+bedroom+bedroom+bathroom+hallway,plausible,6,pavage,16,1.00,False,False,,,,48,3.667,0.1178,0.0000,1,10.109,,,5.821,infaisable
hd03_029,living+kitchen+bedroom+bedroom+bathroom+hallway,plausible,6,pavage,16,1.80,False,False,,,,48,3.667,0.1178,0.0000,1,10.109,,,4.541,infaisable
hd03_030,living+kitchen+bedroom+bedroom+bathroom+hallway,plausible,6,base,,0.50,False,False,,,,56,2.333,0.0600,0.0000,2,9.176,,,2.653,invariant_viole
hd03_030,living+kitchen+bedroom+bedroom+bathroom+hallway,plausible,6,pavage,0,0.50,False,False,,,,56,2.333,0.0600,0.0000,2,9.176,,,0.938,trame
hd03_030,living+kitchen+bedroom+bedroom+bathroom+hallway,plausible,6,pavage,4,0.50,False,False,,,,56,2.333,0.0600,0.0000,2,9.176,,,1.352,trame
hd03_030,living+kitchen+bedroom+bedroom+bathroom+hallway,plausible,6,pavage,8,0.50,False,False,,,,56,2.333,0.0600,0.0000,2,9.176,,,1.571,trame
hd03_030,living+kitchen+bedroom+bedroom+bathroom+hallway,plausible,6,pavage,16,0.50,False,False,,,,56,2.333,0.0600,0.0000,2,9.176,,,1.146,trame
hd03_030,living+kitchen+bedroom+bedroom+bathroom+hallway,plausible,6,pavage,16,0.00,False,False,,,,56,2.333,0.0600,0.0000,2,9.176,,,1.573,trame
hd03_030,living+kitchen+bedroom+bedroom+bathroom+hallway,plausible,6,pavage,16,0.25,False,False,,,,56,2.333,0.0600,0.0000,2,9.176,,,1.045,trame
hd03_030,living+kitchen+bedroom+bedroom+bathroom+hallway,plausible,6,pavage,16,1.00,False,False,,,,56,2.333,0.0600,0.0000,2,9.176,,,1.012,trame
hd03_030,living+kitchen+bedroom+bedroom+bathroom+hallway,plausible,6,pavage,16,1.80,False,False,,,,56,2.333,0.0600,0.0000,2,9.176,,,1.200,trame
hd03_031,living+kitchen+bedroom+bedroom+bathroom+hallway,plausible,6,base,,0.50,False,False,,,,42,2.667,0.1577,0.0000,2,10.320,,,2.907,invariant_viole
hd03_031,living+kitchen+bedroom+bedroom+bathroom+hallway,plausible,6,pavage,0,0.50,False,False,,,,42,2.667,0.1577,0.0000,2,10.320,,,0.757,trame
hd03_031,living+kitchen+bedroom+bedroom+bathroom+hallway,plausible,6,pavage,4,0.50,False,False,,,,42,2.667,0.1577,0.0000,2,10.320,,,1.050,trame
hd03_031,living+kitchen+bedroom+bedroom+bathroom+hallway,plausible,6,pavage,8,0.50,False,False,,,,42,2.667,0.1577,0.0000,2,10.320,,,2.210,trame
hd03_031,living+kitchen+bedroom+bedroom+bathroom+hallway,plausible,6,pavage,16,0.50,False,False,,,,42,2.667,0.1577,0.0000,2,10.320,,,1.284,trame
hd03_031,living+kitchen+bedroom+bedroom+bathroom+hallway,plausible,6,pavage,16,0.00,False,False,,,,42,2.667,0.1577,0.0000,2,10.320,,,1.694,trame
hd03_031,living+kitchen+bedroom+bedroom+bathroom+hallway,plausible,6,pavage,16,0.25,False,False,,,,42,2.667,0.1577,0.0000,2,10.320,,,1.497,trame
hd03_031,living+kitchen+bedroom+bedroom+bathroom+hallway,plausible,6,pavage,16,1.00,False,False,,,,42,2.667,0.1577,0.0000,2,10.320,,,1.343,trame
hd03_031,living+kitchen+bedroom+bedroom+bathroom+hallway,plausible,6,pavage,16,1.80,False,False,,,,42,2.667,0.1577,0.0000,2,10.320,,,1.269,trame
hd03_032,living+kitchen+bedroom+bedroom+bathroom+hallway,plausible,6,base,,0.50,False,False,,,,63,1.000,0.1368,0.0000,3,9.699,,,3.186,invariant_viole
hd03_032,living+kitchen+bedroom+bedroom+bathroom+hallway,plausible,6,pavage,0,0.50,False,False,,,,63,1.000,0.1368,0.0000,3,9.699,,,0.692,trame
hd03_032,living+kitchen+bedroom+bedroom+bathroom+hallway,plausible,6,pavage,4,0.50,False,False,,,,63,1.000,0.1368,0.0000,3,9.699,,,1.379,trame
hd03_032,living+kitchen+bedroom+bedroom+bathroom+hallway,plausible,6,pavage,8,0.50,False,True,6,0.7403,True,63,1.000,0.1368,0.0000,3,9.699,2.056307,0.2120,4.194,ok
hd03_032,living+kitchen+bedroom+bedroom+bathroom+hallway,plausible,6,pavage,16,0.50,False,True,6,0.7403,True,63,1.000,0.1368,0.0000,3,9.699,2.056307,0.2120,4.172,ok
hd03_032,living+kitchen+bedroom+bedroom+bathroom+hallway,plausible,6,pavage,16,0.00,False,True,6,0.7403,True,63,1.000,0.1368,0.0000,3,9.699,2.056307,0.2120,4.686,ok
hd03_032,living+kitchen+bedroom+bedroom+bathroom+hallway,plausible,6,pavage,16,0.25,False,True,6,0.7403,True,63,1.000,0.1368,0.0000,3,9.699,2.056307,0.2120,4.756,ok
hd03_032,living+kitchen+bedroom+bedroom+bathroom+hallway,plausible,6,pavage,16,1.00,False,True,6,1.0000,True,63,1.000,0.1368,0.0000,3,9.699,2.056307,0.2120,3.933,ok
hd03_032,living+kitchen+bedroom+bedroom+bathroom+hallway,plausible,6,pavage,16,1.80,False,True,6,1.8000,True,63,1.000,0.1368,0.0000,3,9.699,2.056307,0.2120,3.698,ok
hd03_033,living+kitchen+bedroom+bedroom+bathroom+hallway,plausible,6,base,,0.50,False,False,,,,72,2.333,0.1226,0.0000,1,10.484,,,3.621,invariant_viole
hd03_033,living+kitchen+bedroom+bedroom+bathroom+hallway,plausible,6,pavage,0,0.50,False,False,,,,72,2.333,0.1226,0.0000,1,10.484,,,0.908,trame
hd03_033,living+kitchen+bedroom+bedroom+bathroom+hallway,plausible,6,pavage,4,0.50,False,True,6,0.9048,True,72,2.333,0.1226,0.0000,1,10.484,2.303064,0.2197,3.926,ok
hd03_033,living+kitchen+bedroom+bedroom+bathroom+hallway,plausible,6,pavage,8,0.50,False,True,6,0.9048,True,72,2.333,0.1226,0.0000,1,10.484,2.303064,0.2197,4.200,ok
hd03_033,living+kitchen+bedroom+bedroom+bathroom+hallway,plausible,6,pavage,16,0.50,False,True,6,0.9048,True,72,2.333,0.1226,0.0000,1,10.484,2.303064,0.2197,6.909,ok
hd03_033,living+kitchen+bedroom+bedroom+bathroom+hallway,plausible,6,pavage,16,0.00,False,True,6,0.9048,True,72,2.333,0.1226,0.0000,1,10.484,2.303064,0.2197,5.117,ok
hd03_033,living+kitchen+bedroom+bedroom+bathroom+hallway,plausible,6,pavage,16,0.25,False,True,6,0.9048,True,72,2.333,0.1226,0.0000,1,10.484,2.303064,0.2197,3.912,ok
hd03_033,living+kitchen+bedroom+bedroom+bathroom+hallway,plausible,6,pavage,16,1.00,False,True,6,1.0000,True,72,2.333,0.1226,0.0000,1,10.484,2.303064,0.2197,5.593,ok
hd03_033,living+kitchen+bedroom+bedroom+bathroom+hallway,plausible,6,pavage,16,1.80,False,True,6,1.8000,True,72,2.333,0.1226,0.0000,1,10.484,2.303064,0.2197,4.100,ok
hd03_034,living+kitchen+bedroom+bedroom+bathroom+hallway,plausible,6,base,,0.50,False,False,,,,56,2.000,0.1923,0.0000,1,10.018,,,2.791,invariant_viole
hd03_034,living+kitchen+bedroom+bedroom+bathroom+hallway,plausible,6,pavage,0,0.50,False,False,,,,56,2.000,0.1923,0.0000,1,10.018,,,0.827,trame
hd03_034,living+kitchen+bedroom+bedroom+bathroom+hallway,plausible,6,pavage,4,0.50,False,False,,,,56,2.000,0.1923,0.0000,1,10.018,,,1.060,trame
hd03_034,living+kitchen+bedroom+bedroom+bathroom+hallway,plausible,6,pavage,8,0.50,False,False,,,,56,2.000,0.1923,0.0000,1,10.018,,,1.098,trame
hd03_034,living+kitchen+bedroom+bedroom+bathroom+hallway,plausible,6,pavage,16,0.50,False,False,,,,56,2.000,0.1923,0.0000,1,10.018,,,1.989,trame
hd03_034,living+kitchen+bedroom+bedroom+bathroom+hallway,plausible,6,pavage,16,0.00,False,False,,,,56,2.000,0.1923,0.0000,1,10.018,,,1.134,trame
hd03_034,living+kitchen+bedroom+bedroom+bathroom+hallway,plausible,6,pavage,16,0.25,False,False,,,,56,2.000,0.1923,0.0000,1,10.018,,,1.061,trame
hd03_034,living+kitchen+bedroom+bedroom+bathroom+hallway,plausible,6,pavage,16,1.00,False,False,,,,56,2.000,0.1923,0.0000,1,10.018,,,1.178,trame
hd03_034,living+kitchen+bedroom+bedroom+bathroom+hallway,plausible,6,pavage,16,1.80,False,False,,,,56,2.000,0.1923,0.0000,1,10.018,,,1.546,trame
hd03_035,living+kitchen+bedroom+bedroom+bathroom+hallway,plausible,6,base,,0.50,False,False,,,,90,1.000,0.1383,0.0000,3,10.446,,,3.285,invariant_viole
hd03_035,living+kitchen+bedroom+bedroom+bathroom+hallway,plausible,6,pavage,0,0.50,False,False,,,,90,1.000,0.1383,0.0000,3,10.446,,,0.976,trame
hd03_035,living+kitchen+bedroom+bedroom+bathroom+hallway,plausible,6,pavage,4,0.50,False,False,,,,90,1.000,0.1383,0.0000,3,10.446,,,6.487,infaisable
hd03_035,living+kitchen+bedroom+bedroom+bathroom+hallway,plausible,6,pavage,8,0.50,False,False,,,,90,1.000,0.1383,0.0000,3,10.446,,,4.906,infaisable
hd03_035,living+kitchen+bedroom+bedroom+bathroom+hallway,plausible,6,pavage,16,0.50,False,False,,,,90,1.000,0.1383,0.0000,3,10.446,,,4.659,infaisable
hd03_035,living+kitchen+bedroom+bedroom+bathroom+hallway,plausible,6,pavage,16,0.00,False,True,6,0.0000,False,90,1.000,0.1383,0.0000,3,10.446,1.727298,0.1654,5.976,ok
hd03_035,living+kitchen+bedroom+bedroom+bathroom+hallway,plausible,6,pavage,16,0.25,False,False,,,,90,1.000,0.1383,0.0000,3,10.446,,,4.172,infaisable
hd03_035,living+kitchen+bedroom+bedroom+bathroom+hallway,plausible,6,pavage,16,1.00,False,False,,,,90,1.000,0.1383,0.0000,3,10.446,,,4.024,infaisable
hd03_035,living+kitchen+bedroom+bedroom+bathroom+hallway,plausible,6,pavage,16,1.80,False,False,,,,90,1.000,0.1383,0.0000,3,10.446,,,4.891,infaisable
hd03_036,living+kitchen+bedroom+bedroom+bathroom+hallway,plausible,6,base,,0.50,False,False,,,,45,1.333,0.0238,0.0000,3,10.249,,,2.327,invariant_viole
hd03_036,living+kitchen+bedroom+bedroom+bathroom+hallway,plausible,6,pavage,0,0.50,False,False,,,,45,1.333,0.0238,0.0000,3,10.249,,,0.826,trame
hd03_036,living+kitchen+bedroom+bedroom+bathroom+hallway,plausible,6,pavage,4,0.50,False,False,,,,45,1.333,0.0238,0.0000,3,10.249,,,0.979,trame
hd03_036,living+kitchen+bedroom+bedroom+bathroom+hallway,plausible,6,pavage,8,0.50,False,False,,,,45,1.333,0.0238,0.0000,3,10.249,,,1.071,trame
hd03_036,living+kitchen+bedroom+bedroom+bathroom+hallway,plausible,6,pavage,16,0.50,False,False,,,,45,1.333,0.0238,0.0000,3,10.249,,,1.036,trame
hd03_036,living+kitchen+bedroom+bedroom+bathroom+hallway,plausible,6,pavage,16,0.00,False,False,,,,45,1.333,0.0238,0.0000,3,10.249,,,1.016,trame
hd03_036,living+kitchen+bedroom+bedroom+bathroom+hallway,plausible,6,pavage,16,0.25,False,False,,,,45,1.333,0.0238,0.0000,3,10.249,,,0.990,trame
hd03_036,living+kitchen+bedroom+bedroom+bathroom+hallway,plausible,6,pavage,16,1.00,False,False,,,,45,1.333,0.0238,0.0000,3,10.249,,,1.710,trame
hd03_036,living+kitchen+bedroom+bedroom+bathroom+hallway,plausible,6,pavage,16,1.80,False,False,,,,45,1.333,0.0238,0.0000,3,10.249,,,1.585,trame
hd03_037,living+kitchen+bedroom+bedroom+bathroom+hallway,plausible,6,base,,0.50,False,False,,,,70,0.667,0.4681,0.0000,4,10.730,,,3.148,invariant_viole
hd03_037,living+kitchen+bedroom+bedroom+bathroom+hallway,plausible,6,pavage,0,0.50,False,False,,,,70,0.667,0.4681,0.0000,4,10.730,,,0.868,trame
hd03_037,living+kitchen+bedroom+bedroom+bathroom+hallway,plausible,6,pavage,4,0.50,False,False,,,,70,0.667,0.4681,0.0000,4,10.730,,,1.017,trame
hd03_037,living+kitchen+bedroom+bedroom+bathroom+hallway,plausible,6,pavage,8,0.50,False,False,,,,70,0.667,0.4681,0.0000,4,10.730,,,4.144,infaisable
hd03_037,living+kitchen+bedroom+bedroom+bathroom+hallway,plausible,6,pavage,16,0.50,False,False,,,,70,0.667,0.4681,0.0000,4,10.730,,,4.479,infaisable
hd03_037,living+kitchen+bedroom+bedroom+bathroom+hallway,plausible,6,pavage,16,0.00,False,True,6,0.0000,False,70,0.667,0.4681,0.0000,4,10.730,6.251173,0.5826,4.181,ok
hd03_037,living+kitchen+bedroom+bedroom+bathroom+hallway,plausible,6,pavage,16,0.25,False,False,,,,70,0.667,0.4681,0.0000,4,10.730,,,4.979,infaisable
hd03_037,living+kitchen+bedroom+bedroom+bathroom+hallway,plausible,6,pavage,16,1.00,False,False,,,,70,0.667,0.4681,0.0000,4,10.730,,,5.118,infaisable
hd03_037,living+kitchen+bedroom+bedroom+bathroom+hallway,plausible,6,pavage,16,1.80,False,False,,,,70,0.667,0.4681,0.0000,4,10.730,,,5.193,infaisable
hd03_038,living+kitchen+bedroom+bedroom+bathroom+hallway,plausible,6,base,,0.50,False,False,,,,48,1.000,0.0349,0.0000,3,10.174,,,3.189,invariant_viole
hd03_038,living+kitchen+bedroom+bedroom+bathroom+hallway,plausible,6,pavage,0,0.50,False,False,,,,48,1.000,0.0349,0.0000,3,10.174,,,1.079,trame
hd03_038,living+kitchen+bedroom+bedroom+bathroom+hallway,plausible,6,pavage,4,0.50,False,True,6,0.5000,True,48,1.000,0.0349,0.0000,3,10.174,0.411261,0.0404,6.276,ok
hd03_038,living+kitchen+bedroom+bedroom+bathroom+hallway,plausible,6,pavage,8,0.50,False,True,6,0.5000,True,48,1.000,0.0349,0.0000,3,10.174,0.411261,0.0404,3.944,ok
hd03_038,living+kitchen+bedroom+bedroom+bathroom+hallway,plausible,6,pavage,16,0.50,False,True,6,0.5000,True,48,1.000,0.0349,0.0000,3,10.174,0.411261,0.0404,3.854,ok
hd03_038,living+kitchen+bedroom+bedroom+bathroom+hallway,plausible,6,pavage,16,0.00,False,True,6,0.3290,False,48,1.000,0.0349,0.0000,3,10.174,0.411261,0.0404,3.365,ok
hd03_038,living+kitchen+bedroom+bedroom+bathroom+hallway,plausible,6,pavage,16,0.25,False,True,6,0.3290,False,48,1.000,0.0349,0.0000,3,10.174,0.411261,0.0404,9.529,ok
hd03_038,living+kitchen+bedroom+bedroom+bathroom+hallway,plausible,6,pavage,16,1.00,False,True,6,1.0000,True,48,1.000,0.0349,0.0000,3,10.174,0.670991,0.0659,3.845,ok
hd03_038,living+kitchen+bedroom+bedroom+bathroom+hallway,plausible,6,pavage,16,1.80,False,True,6,1.8000,True,48,1.000,0.0349,0.0000,3,10.174,1.470991,0.1446,4.682,ok
hd03_039,living+kitchen+bedroom+bedroom+bathroom+hallway,plausible,6,base,,0.50,False,False,,,,49,1.000,0.2111,0.0000,3,10.393,,,3.601,invariant_viole
hd03_039,living+kitchen+bedroom+bedroom+bathroom+hallway,plausible,6,pavage,0,0.50,False,False,,,,49,1.000,0.2111,0.0000,3,10.393,,,1.028,trame
hd03_039,living+kitchen+bedroom+bedroom+bathroom+hallway,plausible,6,pavage,4,0.50,False,False,,,,49,1.000,0.2111,0.0000,3,10.393,,,1.280,trame
hd03_039,living+kitchen+bedroom+bedroom+bathroom+hallway,plausible,6,pavage,8,0.50,False,True,6,0.9870,True,49,1.000,0.2111,0.0000,3,10.393,1.727298,0.1662,5.052,ok
hd03_039,living+kitchen+bedroom+bedroom+bathroom+hallway,plausible,6,pavage,16,0.50,False,True,6,0.9870,True,49,1.000,0.2111,0.0000,3,10.393,1.727298,0.1662,5.858,ok
hd03_039,living+kitchen+bedroom+bedroom+bathroom+hallway,plausible,6,pavage,16,0.00,False,True,6,0.9870,True,49,1.000,0.2111,0.0000,3,10.393,1.727298,0.1662,5.367,ok
hd03_039,living+kitchen+bedroom+bedroom+bathroom+hallway,plausible,6,pavage,16,0.25,False,True,6,0.9870,True,49,1.000,0.2111,0.0000,3,10.393,1.727298,0.1662,3.831,ok
hd03_039,living+kitchen+bedroom+bedroom+bathroom+hallway,plausible,6,pavage,16,1.00,False,True,6,1.0000,True,49,1.000,0.2111,0.0000,3,10.393,1.727298,0.1662,5.444,ok
hd03_039,living+kitchen+bedroom+bedroom+bathroom+hallway,plausible,6,pavage,16,1.80,False,True,6,1.8000,True,49,1.000,0.2111,0.0000,3,10.393,1.727298,0.1662,4.045,ok
hd04_000,living+kitchen+bedroom+bedroom+bedroom+bathroom+hallway,plausible,7,base,,0.50,False,False,,,,63,1.714,0.3732,0.0000,3,11.464,,,3.055,invariant_viole
hd04_000,living+kitchen+bedroom+bedroom+bedroom+bathroom+hallway,plausible,7,pavage,0,0.50,False,False,,,,63,1.714,0.3732,0.0000,3,11.464,,,1.109,trame
hd04_000,living+kitchen+bedroom+bedroom+bedroom+bathroom+hallway,plausible,7,pavage,4,0.50,False,False,,,,63,1.714,0.3732,0.0000,3,11.464,,,1.892,trame
hd04_000,living+kitchen+bedroom+bedroom+bedroom+bathroom+hallway,plausible,7,pavage,8,0.50,False,False,,,,63,1.714,0.3732,0.0000,3,11.464,,,1.501,trame
hd04_000,living+kitchen+bedroom+bedroom+bedroom+bathroom+hallway,plausible,7,pavage,16,0.50,False,False,,,,63,1.714,0.3732,0.0000,3,11.464,,,1.505,trame
hd04_000,living+kitchen+bedroom+bedroom+bedroom+bathroom+hallway,plausible,7,pavage,16,0.00,False,False,,,,63,1.714,0.3732,0.0000,3,11.464,,,1.747,trame
hd04_000,living+kitchen+bedroom+bedroom+bedroom+bathroom+hallway,plausible,7,pavage,16,0.25,False,False,,,,63,1.714,0.3732,0.0000,3,11.464,,,1.793,trame
hd04_000,living+kitchen+bedroom+bedroom+bedroom+bathroom+hallway,plausible,7,pavage,16,1.00,False,False,,,,63,1.714,0.3732,0.0000,3,11.464,,,1.596,trame
hd04_000,living+kitchen+bedroom+bedroom+bedroom+bathroom+hallway,plausible,7,pavage,16,1.80,False,False,,,,63,1.714,0.3732,0.0000,3,11.464,,,1.505,trame
hd04_001,living+kitchen+bedroom+bedroom+bedroom+bathroom+hallway,plausible,7,base,,0.50,False,False,,,,81,2.571,0.1303,0.0000,1,10.069,,,4.765,invariant_viole
hd04_001,living+kitchen+bedroom+bedroom+bedroom+bathroom+hallway,plausible,7,pavage,0,0.50,False,False,,,,81,2.571,0.1303,0.0000,1,10.069,,,1.351,trame
hd04_001,living+kitchen+bedroom+bedroom+bedroom+bathroom+hallway,plausible,7,pavage,4,0.50,False,False,,,,81,2.571,0.1303,0.0000,1,10.069,,,2.533,trame
hd04_001,living+kitchen+bedroom+bedroom+bedroom+bathroom+hallway,plausible,7,pavage,8,0.50,False,False,,,,81,2.571,0.1303,0.0000,1,10.069,,,1.645,trame
hd04_001,living+kitchen+bedroom+bedroom+bedroom+bathroom+hallway,plausible,7,pavage,16,0.50,False,False,,,,81,2.571,0.1303,0.0000,1,10.069,,,1.366,trame
hd04_001,living+kitchen+bedroom+bedroom+bedroom+bathroom+hallway,plausible,7,pavage,16,0.00,False,False,,,,81,2.571,0.1303,0.0000,1,10.069,,,1.310,trame
hd04_001,living+kitchen+bedroom+bedroom+bedroom+bathroom+hallway,plausible,7,pavage,16,0.25,False,False,,,,81,2.571,0.1303,0.0000,1,10.069,,,1.868,trame
hd04_001,living+kitchen+bedroom+bedroom+bedroom+bathroom+hallway,plausible,7,pavage,16,1.00,False,False,,,,81,2.571,0.1303,0.0000,1,10.069,,,1.371,trame
hd04_001,living+kitchen+bedroom+bedroom+bedroom+bathroom+hallway,plausible,7,pavage,16,1.80,False,False,,,,81,2.571,0.1303,0.0000,1,10.069,,,1.780,trame
hd04_002,living+kitchen+bedroom+bedroom+bedroom+bathroom+hallway,plausible,7,base,,0.50,False,False,,,,100,3.143,0.2484,0.0007,1,11.071,,,4.497,invariant_viole
hd04_002,living+kitchen+bedroom+bedroom+bedroom+bathroom+hallway,plausible,7,pavage,0,0.50,False,False,,,,100,3.143,0.2484,0.0007,1,11.071,,,1.207,trame
hd04_002,living+kitchen+bedroom+bedroom+bedroom+bathroom+hallway,plausible,7,pavage,4,0.50,False,False,,,,100,3.143,0.2484,0.0007,1,11.071,,,1.777,trame
hd04_002,living+kitchen+bedroom+bedroom+bedroom+bathroom+hallway,plausible,7,pavage,8,0.50,False,False,,,,100,3.143,0.2484,0.0007,1,11.071,,,6.735,infaisable
hd04_002,living+kitchen+bedroom+bedroom+bedroom+bathroom+hallway,plausible,7,pavage,16,0.50,False,False,,,,100,3.143,0.2484,0.0007,1,11.071,,,4.960,infaisable
hd04_002,living+kitchen+bedroom+bedroom+bedroom+bathroom+hallway,plausible,7,pavage,16,0.00,False,True,7,0.0000,False,100,3.143,0.2484,0.0007,1,11.071,7.238200,0.6538,4.767,ok
hd04_002,living+kitchen+bedroom+bedroom+bedroom+bathroom+hallway,plausible,7,pavage,16,0.25,False,False,,,,100,3.143,0.2484,0.0007,1,11.071,,,6.526,infaisable
hd04_002,living+kitchen+bedroom+bedroom+bedroom+bathroom+hallway,plausible,7,pavage,16,1.00,False,False,,,,100,3.143,0.2484,0.0007,1,11.071,,,5.298,infaisable
hd04_002,living+kitchen+bedroom+bedroom+bedroom+bathroom+hallway,plausible,7,pavage,16,1.80,False,False,,,,100,3.143,0.2484,0.0007,1,11.071,,,5.131,infaisable
hd04_003,living+kitchen+bedroom+bedroom+bedroom+bathroom+hallway,plausible,7,base,,0.50,False,False,,,,63,2.000,0.1691,0.0000,2,11.383,,,3.368,invariant_viole
hd04_003,living+kitchen+bedroom+bedroom+bedroom+bathroom+hallway,plausible,7,pavage,0,0.50,False,False,,,,63,2.000,0.1691,0.0000,2,11.383,,,1.103,trame
hd04_003,living+kitchen+bedroom+bedroom+bedroom+bathroom+hallway,plausible,7,pavage,4,0.50,False,False,,,,63,2.000,0.1691,0.0000,2,11.383,,,1.141,trame
hd04_003,living+kitchen+bedroom+bedroom+bedroom+bathroom+hallway,plausible,7,pavage,8,0.50,False,False,,,,63,2.000,0.1691,0.0000,2,11.383,,,5.261,infaisable
hd04_003,living+kitchen+bedroom+bedroom+bedroom+bathroom+hallway,plausible,7,pavage,16,0.50,False,False,,,,63,2.000,0.1691,0.0000,2,11.383,,,5.484,infaisable
hd04_003,living+kitchen+bedroom+bedroom+bedroom+bathroom+hallway,plausible,7,pavage,16,0.00,False,True,7,0.0000,False,63,2.000,0.1691,0.0000,2,11.383,5.922164,0.5203,5.083,ok
hd04_003,living+kitchen+bedroom+bedroom+bedroom+bathroom+hallway,plausible,7,pavage,16,0.25,False,False,,,,63,2.000,0.1691,0.0000,2,11.383,,,5.713,infaisable
hd04_003,living+kitchen+bedroom+bedroom+bedroom+bathroom+hallway,plausible,7,pavage,16,1.00,False,False,,,,63,2.000,0.1691,0.0000,2,11.383,,,4.825,infaisable
hd04_003,living+kitchen+bedroom+bedroom+bedroom+bathroom+hallway,plausible,7,pavage,16,1.80,False,False,,,,63,2.000,0.1691,0.0000,2,11.383,,,4.702,infaisable
hd04_004,living+kitchen+bedroom+bedroom+bedroom+bathroom+hallway,plausible,7,base,,0.50,False,False,,,,63,1.143,0.3193,0.0000,4,10.609,,,5.640,invariant_viole
hd04_004,living+kitchen+bedroom+bedroom+bedroom+bathroom+hallway,plausible,7,pavage,0,0.50,False,False,,,,63,1.143,0.3193,0.0000,4,10.609,,,3.324,trame
hd04_004,living+kitchen+bedroom+bedroom+bedroom+bathroom+hallway,plausible,7,pavage,4,0.50,False,False,,,,63,1.143,0.3193,0.0000,4,10.609,,,1.723,trame
hd04_004,living+kitchen+bedroom+bedroom+bedroom+bathroom+hallway,plausible,7,pavage,8,0.50,False,False,,,,63,1.143,0.3193,0.0000,4,10.609,,,2.093,trame
hd04_004,living+kitchen+bedroom+bedroom+bedroom+bathroom+hallway,plausible,7,pavage,16,0.50,False,True,7,0.5758,True,63,1.143,0.3193,0.0000,4,10.609,5.593155,0.5272,5.657,ok
hd04_004,living+kitchen+bedroom+bedroom+bedroom+bathroom+hallway,plausible,7,pavage,16,0.00,False,True,7,0.5758,True,63,1.143,0.3193,0.0000,4,10.609,5.593155,0.5272,6.026,ok
hd04_004,living+kitchen+bedroom+bedroom+bedroom+bathroom+hallway,plausible,7,pavage,16,0.25,False,True,7,0.5758,True,63,1.143,0.3193,0.0000,4,10.609,5.593155,0.5272,5.536,ok
hd04_004,living+kitchen+bedroom+bedroom+bedroom+bathroom+hallway,plausible,7,pavage,16,1.00,False,True,7,1.0000,True,63,1.143,0.3193,0.0000,4,10.609,5.333425,0.5027,5.010,ok
hd04_004,living+kitchen+bedroom+bedroom+bedroom+bathroom+hallway,plausible,7,pavage,16,1.80,False,True,7,1.8000,True,63,1.143,0.3193,0.0000,4,10.609,4.533425,0.4273,4.685,ok
hd04_005,living+kitchen+bedroom+bedroom+bedroom+bathroom+hallway,plausible,7,base,,0.50,False,False,,,,72,2.286,0.1280,0.0009,1,9.766,,,4.486,invariant_viole
hd04_005,living+kitchen+bedroom+bedroom+bedroom+bathroom+hallway,plausible,7,pavage,0,0.50,False,False,,,,72,2.286,0.1280,0.0009,1,9.766,,,1.014,trame
hd04_005,living+kitchen+bedroom+bedroom+bedroom+bathroom+hallway,plausible,7,pavage,4,0.50,False,False,,,,72,2.286,0.1280,0.0009,1,9.766,,,2.245,trame
hd04_005,living+kitchen+bedroom+bedroom+bedroom+bathroom+hallway,plausible,7,pavage,8,0.50,False,False,,,,72,2.286,0.1280,0.0009,1,9.766,,,5.210,infaisable
hd04_005,living+kitchen+bedroom+bedroom+bedroom+bathroom+hallway,plausible,7,pavage,16,0.50,False,False,,,,72,2.286,0.1280,0.0009,1,9.766,,,4.781,infaisable
hd04_005,living+kitchen+bedroom+bedroom+bedroom+bathroom+hallway,plausible,7,pavage,16,0.00,False,True,7,0.0000,False,72,2.286,0.1280,0.0009,1,9.766,3.619100,0.3706,4.610,ok
hd04_005,living+kitchen+bedroom+bedroom+bedroom+bathroom+hallway,plausible,7,pavage,16,0.25,False,False,,,,72,2.286,0.1280,0.0009,1,9.766,,,5.120,infaisable
hd04_005,living+kitchen+bedroom+bedroom+bedroom+bathroom+hallway,plausible,7,pavage,16,1.00,False,False,,,,72,2.286,0.1280,0.0009,1,9.766,,,4.947,infaisable
hd04_005,living+kitchen+bedroom+bedroom+bedroom+bathroom+hallway,plausible,7,pavage,16,1.80,False,False,,,,72,2.286,0.1280,0.0009,1,9.766,,,4.772,infaisable
hd04_006,living+kitchen+bedroom+bedroom+bedroom+bathroom+hallway,plausible,7,base,,0.50,False,False,,,,110,3.143,0.3082,0.0000,1,10.363,,,3.577,invariant_viole
hd04_006,living+kitchen+bedroom+bedroom+bedroom+bathroom+hallway,plausible,7,pavage,0,0.50,False,False,,,,110,3.143,0.3082,0.0000,1,10.363,,,0.952,trame
hd04_006,living+kitchen+bedroom+bedroom+bedroom+bathroom+hallway,plausible,7,pavage,4,0.50,False,False,,,,110,3.143,0.3082,0.0000,1,10.363,,,1.201,trame
hd04_006,living+kitchen+bedroom+bedroom+bedroom+bathroom+hallway,plausible,7,pavage,8,0.50,False,False,,,,110,3.143,0.3082,0.0000,1,10.363,,,1.481,trame
hd04_006,living+kitchen+bedroom+bedroom+bedroom+bathroom+hallway,plausible,7,pavage,16,0.50,False,False,,,,110,3.143,0.3082,0.0000,1,10.363,,,2.042,trame
hd04_006,living+kitchen+bedroom+bedroom+bedroom+bathroom+hallway,plausible,7,pavage,16,0.00,False,False,,,,110,3.143,0.3082,0.0000,1,10.363,,,1.523,trame
hd04_006,living+kitchen+bedroom+bedroom+bedroom+bathroom+hallway,plausible,7,pavage,16,0.25,False,False,,,,110,3.143,0.3082,0.0000,1,10.363,,,2.339,trame
hd04_006,living+kitchen+bedroom+bedroom+bedroom+bathroom+hallway,plausible,7,pavage,16,1.00,False,False,,,,110,3.143,0.3082,0.0000,1,10.363,,,1.520,trame
hd04_006,living+kitchen+bedroom+bedroom+bedroom+bathroom+hallway,plausible,7,pavage,16,1.80,False,False,,,,110,3.143,0.3082,0.0000,1,10.363,,,1.519,trame
hd04_007,living+kitchen+bedroom+bedroom+bedroom+bathroom+hallway,plausible,7,base,,0.50,False,False,,,,72,1.714,0.3075,0.0000,1,10.770,,,2.942,invariant_viole
hd04_007,living+kitchen+bedroom+bedroom+bedroom+bathroom+hallway,plausible,7,pavage,0,0.50,False,False,,,,72,1.714,0.3075,0.0000,1,10.770,,,0.747,trame
hd04_007,living+kitchen+bedroom+bedroom+bedroom+bathroom+hallway,plausible,7,pavage,4,0.50,False,False,,,,72,1.714,0.3075,0.0000,1,10.770,,,1.083,trame
hd04_007,living+kitchen+bedroom+bedroom+bedroom+bathroom+hallway,plausible,7,pavage,8,0.50,False,False,,,,72,1.714,0.3075,0.0000,1,10.770,,,1.388,trame
hd04_007,living+kitchen+bedroom+bedroom+bedroom+bathroom+hallway,plausible,7,pavage,16,0.50,False,False,,,,72,1.714,0.3075,0.0000,1,10.770,,,1.611,trame
hd04_007,living+kitchen+bedroom+bedroom+bedroom+bathroom+hallway,plausible,7,pavage,16,0.00,False,False,,,,72,1.714,0.3075,0.0000,1,10.770,,,1.370,trame
hd04_007,living+kitchen+bedroom+bedroom+bedroom+bathroom+hallway,plausible,7,pavage,16,0.25,False,False,,,,72,1.714,0.3075,0.0000,1,10.770,,,1.294,trame
hd04_007,living+kitchen+bedroom+bedroom+bedroom+bathroom+hallway,plausible,7,pavage,16,1.00,False,False,,,,72,1.714,0.3075,0.0000,1,10.770,,,1.469,trame
hd04_007,living+kitchen+bedroom+bedroom+bedroom+bathroom+hallway,plausible,7,pavage,16,1.80,False,False,,,,72,1.714,0.3075,0.0000,1,10.770,,,1.367,trame
hd04_008,living+kitchen+bedroom+bedroom+bedroom+bathroom+hallway,plausible,7,base,,0.50,False,False,,,,99,2.000,0.2390,0.0000,1,10.949,,,2.791,invariant_viole
hd04_008,living+kitchen+bedroom+bedroom+bedroom+bathroom+hallway,plausible,7,pavage,0,0.50,False,False,,,,99,2.000,0.2390,0.0000,1,10.949,,,0.802,trame
hd04_008,living+kitchen+bedroom+bedroom+bedroom+bathroom+hallway,plausible,7,pavage,4,0.50,False,False,,,,99,2.000,0.2390,0.0000,1,10.949,,,1.258,trame
hd04_008,living+kitchen+bedroom+bedroom+bedroom+bathroom+hallway,plausible,7,pavage,8,0.50,False,False,,,,99,2.000,0.2390,0.0000,1,10.949,,,6.128,infaisable
hd04_008,living+kitchen+bedroom+bedroom+bedroom+bathroom+hallway,plausible,7,pavage,16,0.50,False,False,,,,99,2.000,0.2390,0.0000,1,10.949,,,5.315,infaisable
hd04_008,living+kitchen+bedroom+bedroom+bedroom+bathroom+hallway,plausible,7,pavage,16,0.00,False,True,7,0.0000,False,99,2.000,0.2390,0.0000,1,10.949,3.619100,0.3305,8.110,ok
hd04_008,living+kitchen+bedroom+bedroom+bedroom+bathroom+hallway,plausible,7,pavage,16,0.25,False,False,,,,99,2.000,0.2390,0.0000,1,10.949,,,6.216,infaisable
hd04_008,living+kitchen+bedroom+bedroom+bedroom+bathroom+hallway,plausible,7,pavage,16,1.00,False,False,,,,99,2.000,0.2390,0.0000,1,10.949,,,4.971,infaisable
hd04_008,living+kitchen+bedroom+bedroom+bedroom+bathroom+hallway,plausible,7,pavage,16,1.80,False,False,,,,99,2.000,0.2390,0.0000,1,10.949,,,6.094,infaisable
hd04_009,living+kitchen+bedroom+bedroom+bedroom+bathroom+hallway,plausible,7,base,,0.50,False,False,,,,90,0.857,0.2013,0.0000,4,11.894,,,3.084,invariant_viole
hd04_009,living+kitchen+bedroom+bedroom+bedroom+bathroom+hallway,plausible,7,pavage,0,0.50,False,False,,,,90,0.857,0.2013,0.0000,4,11.894,,,0.800,trame
hd04_009,living+kitchen+bedroom+bedroom+bedroom+bathroom+hallway,plausible,7,pavage,4,0.50,False,False,,,,90,0.857,0.2013,0.0000,4,11.894,,,1.338,trame
hd04_009,living+kitchen+bedroom+bedroom+bedroom+bathroom+hallway,plausible,7,pavage,8,0.50,False,False,,,,90,0.857,0.2013,0.0000,4,11.894,,,1.362,trame
hd04_009,living+kitchen+bedroom+bedroom+bedroom+bathroom+hallway,plausible,7,pavage,16,0.50,False,False,,,,90,0.857,0.2013,0.0000,4,11.894,,,1.606,trame
hd04_009,living+kitchen+bedroom+bedroom+bedroom+bathroom+hallway,plausible,7,pavage,16,0.00,False,False,,,,90,0.857,0.2013,0.0000,4,11.894,,,1.743,trame
hd04_009,living+kitchen+bedroom+bedroom+bedroom+bathroom+hallway,plausible,7,pavage,16,0.25,False,False,,,,90,0.857,0.2013,0.0000,4,11.894,,,1.945,trame
hd04_009,living+kitchen+bedroom+bedroom+bedroom+bathroom+hallway,plausible,7,pavage,16,1.00,False,False,,,,90,0.857,0.2013,0.0000,4,11.894,,,1.497,trame
hd04_009,living+kitchen+bedroom+bedroom+bedroom+bathroom+hallway,plausible,7,pavage,16,1.80,False,False,,,,90,0.857,0.2013,0.0000,4,11.894,,,1.740,trame
hd04_010,living+kitchen+bedroom+bedroom+bedroom+bathroom+hallway,plausible,7,base,,0.50,False,False,,,,121,2.571,0.2339,0.0000,1,10.593,,,2.858,invariant_viole
hd04_010,living+kitchen+bedroom+bedroom+bedroom+bathroom+hallway,plausible,7,pavage,0,0.50,False,False,,,,121,2.571,0.2339,0.0000,1,10.593,,,1.114,trame
hd04_010,living+kitchen+bedroom+bedroom+bedroom+bathroom+hallway,plausible,7,pavage,4,0.50,False,False,,,,121,2.571,0.2339,0.0000,1,10.593,,,1.375,trame
hd04_010,living+kitchen+bedroom+bedroom+bedroom+bathroom+hallway,plausible,7,pavage,8,0.50,False,False,,,,121,2.571,0.2339,0.0000,1,10.593,,,2.242,trame
hd04_010,living+kitchen+bedroom+bedroom+bedroom+bathroom+hallway,plausible,7,pavage,16,0.50,False,False,,,,121,2.571,0.2339,0.0000,1,10.593,,,6.186,infaisable
hd04_010,living+kitchen+bedroom+bedroom+bedroom+bathroom+hallway,plausible,7,pavage,16,0.00,False,True,7,0.0000,False,121,2.571,0.2339,0.0000,1,10.593,3.701352,0.3494,4.482,ok
hd04_010,living+kitchen+bedroom+bedroom+bedroom+bathroom+hallway,plausible,7,pavage,16,0.25,False,False,,,,121,2.571,0.2339,0.0000,1,10.593,,,5.741,infaisable
hd04_010,living+kitchen+bedroom+bedroom+bedroom+bathroom+hallway,plausible,7,pavage,16,1.00,False,False,,,,121,2.571,0.2339,0.0000,1,10.593,,,7.443,infaisable
hd04_010,living+kitchen+bedroom+bedroom+bedroom+bathroom+hallway,plausible,7,pavage,16,1.80,False,False,,,,121,2.571,0.2339,0.0000,1,10.593,,,6.013,infaisable
hd04_011,living+kitchen+bedroom+bedroom+bedroom+bathroom+hallway,plausible,7,base,,0.50,False,False,,,,70,2.857,0.4291,0.0000,1,11.587,,,3.281,invariant_viole
hd04_011,living+kitchen+bedroom+bedroom+bedroom+bathroom+hallway,plausible,7,pavage,0,0.50,False,False,,,,70,2.857,0.4291,0.0000,1,11.587,,,1.038,trame
hd04_011,living+kitchen+bedroom+bedroom+bedroom+bathroom+hallway,plausible,7,pavage,4,0.50,False,False,,,,70,2.857,0.4291,0.0000,1,11.587,,,1.152,trame
hd04_011,living+kitchen+bedroom+bedroom+bedroom+bathroom+hallway,plausible,7,pavage,8,0.50,False,False,,,,70,2.857,0.4291,0.0000,1,11.587,,,1.439,trame
hd04_011,living+kitchen+bedroom+bedroom+bedroom+bathroom+hallway,plausible,7,pavage,16,0.50,False,False,,,,70,2.857,0.4291,0.0000,1,11.587,,,6.203,infaisable
hd04_011,living+kitchen+bedroom+bedroom+bedroom+bathroom+hallway,plausible,7,pavage,16,0.00,False,True,7,0.0000,False,70,2.857,0.4291,0.0000,1,11.587,5.593155,0.4827,4.904,ok
hd04_011,living+kitchen+bedroom+bedroom+bedroom+bathroom+hallway,plausible,7,pavage,16,0.25,False,False,,,,70,2.857,0.4291,0.0000,1,11.587,,,5.733,infaisable
hd04_011,living+kitchen+bedroom+bedroom+bedroom+bathroom+hallway,plausible,7,pavage,16,1.00,False,False,,,,70,2.857,0.4291,0.0000,1,11.587,,,6.176,infaisable
hd04_011,living+kitchen+bedroom+bedroom+bedroom+bathroom+hallway,plausible,7,pavage,16,1.80,False,False,,,,70,2.857,0.4291,0.0000,1,11.587,,,6.017,infaisable
hd04_012,living+kitchen+bedroom+bedroom+bedroom+bathroom+hallway,plausible,7,base,,0.50,False,False,,,,72,2.000,0.0822,0.0000,2,9.886,,,2.714,invariant_viole
hd04_012,living+kitchen+bedroom+bedroom+bedroom+bathroom+hallway,plausible,7,pavage,0,0.50,False,False,,,,72,2.000,0.0822,0.0000,2,9.886,,,1.251,trame
hd04_012,living+kitchen+bedroom+bedroom+bedroom+bathroom+hallway,plausible,7,pavage,4,0.50,False,False,,,,72,2.000,0.0822,0.0000,2,9.886,,,1.526,trame
hd04_012,living+kitchen+bedroom+bedroom+bedroom+bathroom+hallway,plausible,7,pavage,8,0.50,False,True,7,0.5000,True,72,2.000,0.0822,0.0000,2,9.886,1.480541,0.1498,5.522,ok
hd04_012,living+kitchen+bedroom+bedroom+bedroom+bathroom+hallway,plausible,7,pavage,16,0.50,False,True,7,0.5000,True,72,2.000,0.0822,0.0000,2,9.886,1.480541,0.1498,4.542,ok
hd04_012,living+kitchen+bedroom+bedroom+bedroom+bathroom+hallway,plausible,7,pavage,16,0.00,False,True,7,0.0823,False,72,2.000,0.0822,0.0000,2,9.886,1.480541,0.1498,4.420,ok
hd04_012,living+kitchen+bedroom+bedroom+bedroom+bathroom+hallway,plausible,7,pavage,16,0.25,False,True,7,0.2500,False,72,2.000,0.0822,0.0000,2,9.886,1.480541,0.1498,4.353,ok
hd04_012,living+kitchen+bedroom+bedroom+bedroom+bathroom+hallway,plausible,7,pavage,16,1.00,False,True,7,1.0000,True,72,2.000,0.0822,0.0000,2,9.886,1.424234,0.1441,5.129,ok
hd04_012,living+kitchen+bedroom+bedroom+bedroom+bathroom+hallway,plausible,7,pavage,16,1.80,False,True,7,1.8000,True,72,2.000,0.0822,0.0000,2,9.886,3.024234,0.3059,4.177,ok
hd04_013,living+kitchen+bedroom+bedroom+bedroom+bathroom+hallway,plausible,7,base,,0.50,False,False,,,,99,2.857,0.1684,0.0000,1,9.738,,,3.827,invariant_viole
hd04_013,living+kitchen+bedroom+bedroom+bedroom+bathroom+hallway,plausible,7,pavage,0,0.50,False,False,,,,99,2.857,0.1684,0.0000,1,9.738,,,0.981,trame
hd04_013,living+kitchen+bedroom+bedroom+bedroom+bathroom+hallway,plausible,7,pavage,4,0.50,False,False,,,,99,2.857,0.1684,0.0000,1,9.738,,,1.130,trame
hd04_013,living+kitchen+bedroom+bedroom+bedroom+bathroom+hallway,plausible,7,pavage,8,0.50,False,False,,,,99,2.857,0.1684,0.0000,1,9.738,,,4.595,infaisable
hd04_013,living+kitchen+bedroom+bedroom+bedroom+bathroom+hallway,plausible,7,pavage,16,0.50,False,False,,,,99,2.857,0.1684,0.0000,1,9.738,,,5.238,infaisable
hd04_013,living+kitchen+bedroom+bedroom+bedroom+bathroom+hallway,plausible,7,pavage,16,0.00,False,True,7,0.0000,False,99,2.857,0.1684,0.0000,1,9.738,2.961082,0.3041,4.182,ok
hd04_013,living+kitchen+bedroom+bedroom+bedroom+bathroom+hallway,plausible,7,pavage,16,0.25,False,False,,,,99,2.857,0.1684,0.0000,1,9.738,,,4.678,infaisable
hd04_013,living+kitchen+bedroom+bedroom+bedroom+bathroom+hallway,plausible,7,pavage,16,1.00,False,False,,,,99,2.857,0.1684,0.0000,1,9.738,,,5.807,infaisable
hd04_013,living+kitchen+bedroom+bedroom+bedroom+bathroom+hallway,plausible,7,pavage,16,1.80,False,False,,,,99,2.857,0.1684,0.0000,1,9.738,,,6.505,infaisable
hd04_014,living+kitchen+bedroom+bedroom+bedroom+bathroom+hallway,plausible,7,base,,0.50,False,False,,,,56,2.571,0.3385,0.0000,2,10.399,,,2.695,invariant_viole
hd04_014,living+kitchen+bedroom+bedroom+bedroom+bathroom+hallway,plausible,7,pavage,0,0.50,False,False,,,,56,2.571,0.3385,0.0000,2,10.399,,,1.110,trame
hd04_014,living+kitchen+bedroom+bedroom+bedroom+bathroom+hallway,plausible,7,pavage,4,0.50,False,False,,,,56,2.571,0.3385,0.0000,2,10.399,,,1.804,trame
hd04_014,living+kitchen+bedroom+bedroom+bedroom+bathroom+hallway,plausible,7,pavage,8,0.50,False,False,,,,56,2.571,0.3385,0.0000,2,10.399,,,1.821,trame
hd04_014,living+kitchen+bedroom+bedroom+bedroom+bathroom+hallway,plausible,7,pavage,16,0.50,False,False,,,,56,2.571,0.3385,0.0000,2,10.399,,,5.571,infaisable
hd04_014,living+kitchen+bedroom+bedroom+bedroom+bathroom+hallway,plausible,7,pavage,16,0.00,False,True,7,0.0000,False,56,2.571,0.3385,0.0000,2,10.399,4.606127,0.4429,4.525,ok
hd04_014,living+kitchen+bedroom+bedroom+bedroom+bathroom+hallway,plausible,7,pavage,16,0.25,False,False,,,,56,2.571,0.3385,0.0000,2,10.399,,,8.887,infaisable
hd04_014,living+kitchen+bedroom+bedroom+bedroom+bathroom+hallway,plausible,7,pavage,16,1.00,False,False,,,,56,2.571,0.3385,0.0000,2,10.399,,,5.982,infaisable
hd04_014,living+kitchen+bedroom+bedroom+bedroom+bathroom+hallway,plausible,7,pavage,16,1.80,False,False,,,,56,2.571,0.3385,0.0000,2,10.399,,,8.042,infaisable
hd04_015,living+kitchen+bedroom+bedroom+bedroom+bathroom+hallway,plausible,7,base,,0.50,False,False,,,,90,2.571,0.3237,0.0000,2,10.614,,,4.028,invariant_viole
hd04_015,living+kitchen+bedroom+bedroom+bedroom+bathroom+hallway,plausible,7,pavage,0,0.50,False,False,,,,90,2.571,0.3237,0.0000,2,10.614,,,1.446,trame
hd04_015,living+kitchen+bedroom+bedroom+bedroom+bathroom+hallway,plausible,7,pavage,4,0.50,False,False,,,,90,2.571,0.3237,0.0000,2,10.614,,,1.212,trame
hd04_015,living+kitchen+bedroom+bedroom+bedroom+bathroom+hallway,plausible,7,pavage,8,0.50,False,False,,,,90,2.571,0.3237,0.0000,2,10.614,,,1.728,trame
hd04_015,living+kitchen+bedroom+bedroom+bedroom+bathroom+hallway,plausible,7,pavage,16,0.50,False,False,,,,90,2.571,0.3237,0.0000,2,10.614,,,5.650,infaisable
hd04_015,living+kitchen+bedroom+bedroom+bedroom+bathroom+hallway,plausible,7,pavage,16,0.00,False,True,7,0.0000,False,90,2.571,0.3237,0.0000,2,10.614,9.212255,0.8679,4.527,ok
hd04_015,living+kitchen+bedroom+bedroom+bedroom+bathroom+hallway,plausible,7,pavage,16,0.25,False,False,,,,90,2.571,0.3237,0.0000,2,10.614,,,6.320,infaisable
hd04_015,living+kitchen+bedroom+bedroom+bedroom+bathroom+hallway,plausible,7,pavage,16,1.00,False,False,,,,90,2.571,0.3237,0.0000,2,10.614,,,4.789,infaisable
hd04_015,living+kitchen+bedroom+bedroom+bedroom+bathroom+hallway,plausible,7,pavage,16,1.80,False,False,,,,90,2.571,0.3237,0.0000,2,10.614,,,4.636,infaisable
hd04_016,living+kitchen+bedroom+bedroom+bedroom+bathroom+hallway,plausible,7,base,,0.50,False,False,,,,108,1.714,0.2872,0.0000,2,10.258,,,2.932,invariant_viole
hd04_016,living+kitchen+bedroom+bedroom+bedroom+bathroom+hallway,plausible,7,pavage,0,0.50,False,False,,,,108,1.714,0.2872,0.0000,2,10.258,,,0.812,trame
hd04_016,living+kitchen+bedroom+bedroom+bedroom+bathroom+hallway,plausible,7,pavage,4,0.50,False,False,,,,108,1.714,0.2872,0.0000,2,10.258,,,1.639,trame
hd04_016,living+kitchen+bedroom+bedroom+bedroom+bathroom+hallway,plausible,7,pavage,8,0.50,False,True,7,0.9048,True,108,1.714,0.2872,0.0000,2,10.258,3.948109,0.3849,5.326,ok
hd04_016,living+kitchen+bedroom+bedroom+bedroom+bathroom+hallway,plausible,7,pavage,16,0.50,False,True,7,0.9048,True,108,1.714,0.2872,0.0000,2,10.258,3.948109,0.3849,4.643,ok
hd04_016,living+kitchen+bedroom+bedroom+bedroom+bathroom+hallway,plausible,7,pavage,16,0.00,False,True,7,0.9048,True,108,1.714,0.2872,0.0000,2,10.258,3.948109,0.3849,4.422,ok
hd04_016,living+kitchen+bedroom+bedroom+bedroom+bathroom+hallway,plausible,7,pavage,16,0.25,False,True,7,0.9048,True,108,1.714,0.2872,0.0000,2,10.258,3.948109,0.3849,4.211,ok
hd04_016,living+kitchen+bedroom+bedroom+bedroom+bathroom+hallway,plausible,7,pavage,16,1.00,False,True,7,1.0000,True,108,1.714,0.2872,0.0000,2,10.258,3.948109,0.3849,4.608,ok
hd04_016,living+kitchen+bedroom+bedroom+bedroom+bathroom+hallway,plausible,7,pavage,16,1.80,False,True,7,1.8000,True,108,1.714,0.2872,0.0000,2,10.258,3.948109,0.3849,4.609,ok
hd04_017,living+kitchen+bedroom+bedroom+bedroom+bathroom+hallway,plausible,7,base,,0.50,False,False,,,,81,0.857,0.1715,0.0000,4,10.270,,,2.882,invariant_viole
hd04_017,living+kitchen+bedroom+bedroom+bedroom+bathroom+hallway,plausible,7,pavage,0,0.50,False,False,,,,81,0.857,0.1715,0.0000,4,10.270,,,0.747,trame
hd04_017,living+kitchen+bedroom+bedroom+bedroom+bathroom+hallway,plausible,7,pavage,4,0.50,False,False,,,,81,0.857,0.1715,0.0000,4,10.270,,,1.109,trame
hd04_017,living+kitchen+bedroom+bedroom+bedroom+bathroom+hallway,plausible,7,pavage,8,0.50,False,True,7,0.6580,True,81,0.857,0.1715,0.0000,4,10.270,5.593155,0.5446,4.289,ok
hd04_017,living+kitchen+bedroom+bedroom+bedroom+bathroom+hallway,plausible,7,pavage,16,0.50,False,True,7,0.6580,True,81,0.857,0.1715,0.0000,4,10.270,5.593155,0.5446,4.305,ok
hd04_017,living+kitchen+bedroom+bedroom+bedroom+bathroom+hallway,plausible,7,pavage,16,0.00,False,True,7,0.6580,True,81,0.857,0.1715,0.0000,4,10.270,5.593155,0.5446,4.059,ok
hd04_017,living+kitchen+bedroom+bedroom+bedroom+bathroom+hallway,plausible,7,pavage,16,0.25,False,True,7,0.6580,True,81,0.857,0.1715,0.0000,4,10.270,5.593155,0.5446,4.164,ok
hd04_017,living+kitchen+bedroom+bedroom+bedroom+bathroom+hallway,plausible,7,pavage,16,1.00,False,True,7,1.0000,True,81,0.857,0.1715,0.0000,4,10.270,5.593155,0.5446,5.695,ok
hd04_017,living+kitchen+bedroom+bedroom+bedroom+bathroom+hallway,plausible,7,pavage,16,1.80,False,True,7,1.8000,True,81,0.857,0.1715,0.0000,4,10.270,5.593155,0.5446,4.593,ok
hd04_018,living+kitchen+bedroom+bedroom+bedroom+bathroom+hallway,plausible,7,base,,0.50,False,False,,,,90,2.571,0.2541,0.0001,2,10.839,,,2.805,invariant_viole
hd04_018,living+kitchen+bedroom+bedroom+bedroom+bathroom+hallway,plausible,7,pavage,0,0.50,False,False,,,,90,2.571,0.2541,0.0001,2,10.839,,,0.726,trame
hd04_018,living+kitchen+bedroom+bedroom+bedroom+bathroom+hallway,plausible,7,pavage,4,0.50,False,False,,,,90,2.571,0.2541,0.0001,2,10.839,,,1.105,trame
hd04_018,living+kitchen+bedroom+bedroom+bedroom+bathroom+hallway,plausible,7,pavage,8,0.50,False,False,,,,90,2.571,0.2541,0.0001,2,10.839,,,2.299,trame
hd04_018,living+kitchen+bedroom+bedroom+bedroom+bathroom+hallway,plausible,7,pavage,16,0.50,False,False,,,,90,2.571,0.2541,0.0001,2,10.839,,,7.496,infaisable
hd04_018,living+kitchen+bedroom+bedroom+bedroom+bathroom+hallway,plausible,7,pavage,16,0.00,False,True,7,0.0000,False,90,2.571,0.2541,0.0001,2,10.839,6.580182,0.6071,5.091,ok
hd04_018,living+kitchen+bedroom+bedroom+bedroom+bathroom+hallway,plausible,7,pavage,16,0.25,False,False,,,,90,2.571,0.2541,0.0001,2,10.839,,,7.935,infaisable
hd04_018,living+kitchen+bedroom+bedroom+bedroom+bathroom+hallway,plausible,7,pavage,16,1.00,False,False,,,,90,2.571,0.2541,0.0001,2,10.839,,,5.323,infaisable
hd04_018,living+kitchen+bedroom+bedroom+bedroom+bathroom+hallway,plausible,7,pavage,16,1.80,False,False,,,,90,2.571,0.2541,0.0001,2,10.839,,,6.056,infaisable
hd04_019,living+kitchen+bedroom+bedroom+bedroom+bathroom+hallway,plausible,7,base,,0.50,False,False,,,,72,3.143,0.1508,0.0000,1,9.788,,,3.245,invariant_viole
hd04_019,living+kitchen+bedroom+bedroom+bedroom+bathroom+hallway,plausible,7,pavage,0,0.50,False,False,,,,72,3.143,0.1508,0.0000,1,9.788,,,0.826,trame
hd04_019,living+kitchen+bedroom+bedroom+bedroom+bathroom+hallway,plausible,7,pavage,4,0.50,False,False,,,,72,3.143,0.1508,0.0000,1,9.788,,,1.152,trame
hd04_019,living+kitchen+bedroom+bedroom+bedroom+bathroom+hallway,plausible,7,pavage,8,0.50,False,False,,,,72,3.143,0.1508,0.0000,1,9.788,,,1.475,trame
hd04_019,living+kitchen+bedroom+bedroom+bedroom+bathroom+hallway,plausible,7,pavage,16,0.50,False,False,,,,72,3.143,0.1508,0.0000,1,9.788,,,1.544,trame
hd04_019,living+kitchen+bedroom+bedroom+bedroom+bathroom+hallway,plausible,7,pavage,16,0.00,False,False,,,,72,3.143,0.1508,0.0000,1,9.788,,,1.970,trame
hd04_019,living+kitchen+bedroom+bedroom+bedroom+bathroom+hallway,plausible,7,pavage,16,0.25,False,False,,,,72,3.143,0.1508,0.0000,1,9.788,,,1.941,trame
hd04_019,living+kitchen+bedroom+bedroom+bedroom+bathroom+hallway,plausible,7,pavage,16,1.00,False,False,,,,72,3.143,0.1508,0.0000,1,9.788,,,2.080,trame
hd04_019,living+kitchen+bedroom+bedroom+bedroom+bathroom+hallway,plausible,7,pavage,16,1.80,False,False,,,,72,3.143,0.1508,0.0000,1,9.788,,,1.540,trame
hd04_020,living+kitchen+bedroom+bedroom+bedroom+bathroom+hallway,plausible,7,base,,0.50,False,False,,,,90,2.286,0.4464,0.0000,1,11.267,,,3.156,invariant_viole
hd04_020,living+kitchen+bedroom+bedroom+bedroom+bathroom+hallway,plausible,7,pavage,0,0.50,False,False,,,,90,2.286,0.4464,0.0000,1,11.267,,,0.730,trame
hd04_020,living+kitchen+bedroom+bedroom+bedroom+bathroom+hallway,plausible,7,pavage,4,0.50,False,False,,,,90,2.286,0.4464,0.0000,1,11.267,,,1.153,trame
hd04_020,living+kitchen+bedroom+bedroom+bedroom+bathroom+hallway,plausible,7,pavage,8,0.50,False,False,,,,90,2.286,0.4464,0.0000,1,11.267,,,1.873,trame
hd04_020,living+kitchen+bedroom+bedroom+bedroom+bathroom+hallway,plausible,7,pavage,16,0.50,False,False,,,,90,2.286,0.4464,0.0000,1,11.267,,,1.722,trame
hd04_020,living+kitchen+bedroom+bedroom+bedroom+bathroom+hallway,plausible,7,pavage,16,0.00,False,False,,,,90,2.286,0.4464,0.0000,1,11.267,,,1.668,trame
hd04_020,living+kitchen+bedroom+bedroom+bedroom+bathroom+hallway,plausible,7,pavage,16,0.25,False,False,,,,90,2.286,0.4464,0.0000,1,11.267,,,1.663,trame
hd04_020,living+kitchen+bedroom+bedroom+bedroom+bathroom+hallway,plausible,7,pavage,16,1.00,False,False,,,,90,2.286,0.4464,0.0000,1,11.267,,,1.641,trame
hd04_020,living+kitchen+bedroom+bedroom+bedroom+bathroom+hallway,plausible,7,pavage,16,1.80,False,False,,,,90,2.286,0.4464,0.0000,1,11.267,,,1.740,trame
hd04_021,living+kitchen+bedroom+bedroom+bedroom+bathroom+hallway,plausible,7,base,,0.50,False,False,,,,81,2.571,0.3226,0.0000,1,10.363,,,2.847,invariant_viole
hd04_021,living+kitchen+bedroom+bedroom+bedroom+bathroom+hallway,plausible,7,pavage,0,0.50,False,False,,,,81,2.571,0.3226,0.0000,1,10.363,,,1.159,trame
hd04_021,living+kitchen+bedroom+bedroom+bedroom+bathroom+hallway,plausible,7,pavage,4,0.50,False,False,,,,81,2.571,0.3226,0.0000,1,10.363,,,2.316,trame
hd04_021,living+kitchen+bedroom+bedroom+bedroom+bathroom+hallway,plausible,7,pavage,8,0.50,False,False,,,,81,2.571,0.3226,0.0000,1,10.363,,,1.687,trame
hd04_021,living+kitchen+bedroom+bedroom+bedroom+bathroom+hallway,plausible,7,pavage,16,0.50,False,False,,,,81,2.571,0.3226,0.0000,1,10.363,,,1.597,trame
hd04_021,living+kitchen+bedroom+bedroom+bedroom+bathroom+hallway,plausible,7,pavage,16,0.00,False,False,,,,81,2.571,0.3226,0.0000,1,10.363,,,1.977,trame
hd04_021,living+kitchen+bedroom+bedroom+bedroom+bathroom+hallway,plausible,7,pavage,16,0.25,False,False,,,,81,2.571,0.3226,0.0000,1,10.363,,,1.599,trame
hd04_021,living+kitchen+bedroom+bedroom+bedroom+bathroom+hallway,plausible,7,pavage,16,1.00,False,False,,,,81,2.571,0.3226,0.0000,1,10.363,,,1.660,trame
hd04_021,living+kitchen+bedroom+bedroom+bedroom+bathroom+hallway,plausible,7,pavage,16,1.80,False,False,,,,81,2.571,0.3226,0.0000,1,10.363,,,1.583,trame
hd04_022,living+kitchen+bedroom+bedroom+bedroom+bathroom+hallway,plausible,7,base,,0.50,False,False,,,,80,2.000,0.2356,0.0001,2,9.642,,,4.251,invariant_viole
hd04_022,living+kitchen+bedroom+bedroom+bedroom+bathroom+hallway,plausible,7,pavage,0,0.50,False,False,,,,80,2.000,0.2356,0.0001,2,9.642,,,0.835,trame
hd04_022,living+kitchen+bedroom+bedroom+bedroom+bathroom+hallway,plausible,7,pavage,4,0.50,False,False,,,,80,2.000,0.2356,0.0001,2,9.642,,,1.111,trame
hd04_022,living+kitchen+bedroom+bedroom+bedroom+bathroom+hallway,plausible,7,pavage,8,0.50,False,True,7,0.5000,True,80,2.000,0.2356,0.0001,2,9.642,4.359370,0.4521,3.985,ok
hd04_022,living+kitchen+bedroom+bedroom+bedroom+bathroom+hallway,plausible,7,pavage,16,0.50,False,True,7,0.5000,True,80,2.000,0.2356,0.0001,2,9.642,4.359370,0.4521,4.185,ok
hd04_022,living+kitchen+bedroom+bedroom+bedroom+bathroom+hallway,plausible,7,pavage,16,0.00,False,True,7,0.4113,False,80,2.000,0.2356,0.0001,2,9.642,4.359370,0.4521,6.471,ok
hd04_022,living+kitchen+bedroom+bedroom+bedroom+bathroom+hallway,plausible,7,pavage,16,0.25,False,True,7,0.3290,False,80,2.000,0.2356,0.0001,2,9.642,4.359370,0.4521,7.060,ok
hd04_022,living+kitchen+bedroom+bedroom+bedroom+bathroom+hallway,plausible,7,pavage,16,1.00,False,True,7,1.0000,True,80,2.000,0.2356,0.0001,2,9.642,4.264145,0.4423,5.265,ok
hd04_022,living+kitchen+bedroom+bedroom+bedroom+bathroom+hallway,plausible,7,pavage,16,1.80,False,True,7,1.8000,True,80,2.000,0.2356,0.0001,2,9.642,3.464145,0.3593,4.965,ok
hd04_023,living+kitchen+bedroom+bedroom+bedroom+bathroom+hallway,plausible,7,base,,0.50,False,False,,,,100,1.714,0.3483,0.0001,2,10.455,,,2.943,invariant_viole
hd04_023,living+kitchen+bedroom+bedroom+bedroom+bathroom+hallway,plausible,7,pavage,0,0.50,False,False,,,,100,1.714,0.3483,0.0001,2,10.455,,,0.830,trame
hd04_023,living+kitchen+bedroom+bedroom+bedroom+bathroom+hallway,plausible,7,pavage,4,0.50,False,False,,,,100,1.714,0.3483,0.0001,2,10.455,,,1.158,trame
hd04_023,living+kitchen+bedroom+bedroom+bedroom+bathroom+hallway,plausible,7,pavage,8,0.50,False,False,,,,100,1.714,0.3483,0.0001,2,10.455,,,2.217,trame
hd04_023,living+kitchen+bedroom+bedroom+bedroom+bathroom+hallway,plausible,7,pavage,16,0.50,False,False,,,,100,1.714,0.3483,0.0001,2,10.455,,,5.461,infaisable
hd04_023,living+kitchen+bedroom+bedroom+bedroom+bathroom+hallway,plausible,7,pavage,16,0.00,False,True,7,0.0000,False,100,1.714,0.3483,0.0001,2,10.455,4.606127,0.4406,5.019,ok
hd04_023,living+kitchen+bedroom+bedroom+bedroom+bathroom+hallway,plausible,7,pavage,16,0.25,False,False,,,,100,1.714,0.3483,0.0001,2,10.455,,,6.118,infaisable
hd04_023,living+kitchen+bedroom+bedroom+bedroom+bathroom+hallway,plausible,7,pavage,16,1.00,False,False,,,,100,1.714,0.3483,0.0001,2,10.455,,,5.589,infaisable
hd04_023,living+kitchen+bedroom+bedroom+bedroom+bathroom+hallway,plausible,7,pavage,16,1.80,False,False,,,,100,1.714,0.3483,0.0001,2,10.455,,,5.524,infaisable
hd04_024,living+kitchen+bedroom+bedroom+bedroom+bathroom+hallway,plausible,7,base,,0.50,False,False,,,,90,2.000,0.1455,0.0000,1,10.928,,,2.982,invariant_viole
hd04_024,living+kitchen+bedroom+bedroom+bedroom+bathroom+hallway,plausible,7,pavage,0,0.50,False,False,,,,90,2.000,0.1455,0.0000,1,10.928,,,0.818,trame
hd04_024,living+kitchen+bedroom+bedroom+bedroom+bathroom+hallway,plausible,7,pavage,4,0.50,False,False,,,,90,2.000,0.1455,0.0000,1,10.928,,,1.294,trame
hd04_024,living+kitchen+bedroom+bedroom+bedroom+bathroom+hallway,plausible,7,pavage,8,0.50,False,False,,,,90,2.000,0.1455,0.0000,1,10.928,,,1.718,trame
hd04_024,living+kitchen+bedroom+bedroom+bedroom+bathroom+hallway,plausible,7,pavage,16,0.50,False,False,,,,90,2.000,0.1455,0.0000,1,10.928,,,1.910,trame
hd04_024,living+kitchen+bedroom+bedroom+bedroom+bathroom+hallway,plausible,7,pavage,16,0.00,False,False,,,,90,2.000,0.1455,0.0000,1,10.928,,,1.555,trame
hd04_024,living+kitchen+bedroom+bedroom+bedroom+bathroom+hallway,plausible,7,pavage,16,0.25,False,False,,,,90,2.000,0.1455,0.0000,1,10.928,,,1.527,trame
hd04_024,living+kitchen+bedroom+bedroom+bedroom+bathroom+hallway,plausible,7,pavage,16,1.00,False,False,,,,90,2.000,0.1455,0.0000,1,10.928,,,1.715,trame
hd04_024,living+kitchen+bedroom+bedroom+bedroom+bathroom+hallway,plausible,7,pavage,16,1.80,False,False,,,,90,2.000,0.1455,0.0000,1,10.928,,,2.906,trame
hd04_025,living+kitchen+bedroom+bedroom+bedroom+bathroom+hallway,plausible,7,base,,0.50,False,False,,,,63,3.143,0.2949,0.0000,1,10.446,,,3.275,invariant_viole
hd04_025,living+kitchen+bedroom+bedroom+bedroom+bathroom+hallway,plausible,7,pavage,0,0.50,False,False,,,,63,3.143,0.2949,0.0000,1,10.446,,,0.798,trame
hd04_025,living+kitchen+bedroom+bedroom+bedroom+bathroom+hallway,plausible,7,pavage,4,0.50,False,False,,,,63,3.143,0.2949,0.0000,1,10.446,,,1.112,trame
hd04_025,living+kitchen+bedroom+bedroom+bedroom+bathroom+hallway,plausible,7,pavage,8,0.50,False,False,,,,63,3.143,0.2949,0.0000,1,10.446,,,1.452,trame
hd04_025,living+kitchen+bedroom+bedroom+bedroom+bathroom+hallway,plausible,7,pavage,16,0.50,False,False,,,,63,3.143,0.2949,0.0000,1,10.446,,,1.522,trame
hd04_025,living+kitchen+bedroom+bedroom+bedroom+bathroom+hallway,plausible,7,pavage,16,0.00,False,False,,,,63,3.143,0.2949,0.0000,1,10.446,,,1.513,trame
hd04_025,living+kitchen+bedroom+bedroom+bedroom+bathroom+hallway,plausible,7,pavage,16,0.25,False,False,,,,63,3.143,0.2949,0.0000,1,10.446,,,5.275,trame
hd04_025,living+kitchen+bedroom+bedroom+bedroom+bathroom+hallway,plausible,7,pavage,16,1.00,False,False,,,,63,3.143,0.2949,0.0000,1,10.446,,,1.991,trame
hd04_025,living+kitchen+bedroom+bedroom+bedroom+bathroom+hallway,plausible,7,pavage,16,1.80,False,False,,,,63,3.143,0.2949,0.0000,1,10.446,,,1.947,trame
hd04_026,living+kitchen+bedroom+bedroom+bedroom+bathroom+hallway,plausible,7,base,,0.50,False,False,,,,81,2.000,0.1925,0.0000,2,9.174,,,2.826,invariant_viole
hd04_026,living+kitchen+bedroom+bedroom+bedroom+bathroom+hallway,plausible,7,pavage,0,0.50,False,False,,,,81,2.000,0.1925,0.0000,2,9.174,,,0.748,trame
hd04_026,living+kitchen+bedroom+bedroom+bedroom+bathroom+hallway,plausible,7,pavage,4,0.50,False,False,,,,81,2.000,0.1925,0.0000,2,9.174,,,1.210,trame
hd04_026,living+kitchen+bedroom+bedroom+bedroom+bathroom+hallway,plausible,7,pavage,8,0.50,False,False,,,,81,2.000,0.1925,0.0000,2,9.174,,,1.977,trame
hd04_026,living+kitchen+bedroom+bedroom+bedroom+bathroom+hallway,plausible,7,pavage,16,0.50,False,False,,,,81,2.000,0.1925,0.0000,2,9.174,,,1.631,trame
hd04_026,living+kitchen+bedroom+bedroom+bedroom+bathroom+hallway,plausible,7,pavage,16,0.00,False,False,,,,81,2.000,0.1925,0.0000,2,9.174,,,1.650,trame
hd04_026,living+kitchen+bedroom+bedroom+bedroom+bathroom+hallway,plausible,7,pavage,16,0.25,False,False,,,,81,2.000,0.1925,0.0000,2,9.174,,,1.321,trame
hd04_026,living+kitchen+bedroom+bedroom+bedroom+bathroom+hallway,plausible,7,pavage,16,1.00,False,False,,,,81,2.000,0.1925,0.0000,2,9.174,,,1.295,trame
hd04_026,living+kitchen+bedroom+bedroom+bedroom+bathroom+hallway,plausible,7,pavage,16,1.80,False,False,,,,81,2.000,0.1925,0.0000,2,9.174,,,1.633,trame
hd04_027,living+kitchen+bedroom+bedroom+bedroom+bathroom+hallway,plausible,7,base,,0.50,False,False,,,,88,1.429,0.2924,0.0000,2,10.441,,,3.286,invariant_viole
hd04_027,living+kitchen+bedroom+bedroom+bedroom+bathroom+hallway,plausible,7,pavage,0,0.50,False,False,,,,88,1.429,0.2924,0.0000,2,10.441,,,0.722,trame
hd04_027,living+kitchen+bedroom+bedroom+bedroom+bathroom+hallway,plausible,7,pavage,4,0.50,False,False,,,,88,1.429,0.2924,0.0000,2,10.441,,,1.980,trame
hd04_027,living+kitchen+bedroom+bedroom+bedroom+bathroom+hallway,plausible,7,pavage,8,0.50,False,False,,,,88,1.429,0.2924,0.0000,2,10.441,,,2.709,trame
hd04_027,living+kitchen+bedroom+bedroom+bedroom+bathroom+hallway,plausible,7,pavage,16,0.50,False,False,,,,88,1.429,0.2924,0.0000,2,10.441,,,4.463,trame
hd04_027,living+kitchen+bedroom+bedroom+bedroom+bathroom+hallway,plausible,7,pavage,16,0.00,False,False,,,,88,1.429,0.2924,0.0000,2,10.441,,,4.758,trame
hd04_027,living+kitchen+bedroom+bedroom+bedroom+bathroom+hallway,plausible,7,pavage,16,0.25,False,False,,,,88,1.429,0.2924,0.0000,2,10.441,,,3.002,trame
hd04_027,living+kitchen+bedroom+bedroom+bedroom+bathroom+hallway,plausible,7,pavage,16,1.00,False,False,,,,88,1.429,0.2924,0.0000,2,10.441,,,2.897,trame
hd04_027,living+kitchen+bedroom+bedroom+bedroom+bathroom+hallway,plausible,7,pavage,16,1.80,False,False,,,,88,1.429,0.2924,0.0000,2,10.441,,,1.923,trame
hd04_028,living+kitchen+bedroom+bedroom+bedroom+bathroom+hallway,plausible,7,base,,0.50,False,False,,,,88,1.714,0.2937,0.0000,2,9.769,,,3.447,invariant_viole
hd04_028,living+kitchen+bedroom+bedroom+bedroom+bathroom+hallway,plausible,7,pavage,0,0.50,False,False,,,,88,1.714,0.2937,0.0000,2,9.769,,,0.786,trame
hd04_028,living+kitchen+bedroom+bedroom+bedroom+bathroom+hallway,plausible,7,pavage,4,0.50,False,False,,,,88,1.714,0.2937,0.0000,2,9.769,,,1.122,trame
hd04_028,living+kitchen+bedroom+bedroom+bedroom+bathroom+hallway,plausible,7,pavage,8,0.50,False,False,,,,88,1.714,0.2937,0.0000,2,9.769,,,2.202,trame
hd04_028,living+kitchen+bedroom+bedroom+bedroom+bathroom+hallway,plausible,7,pavage,16,0.50,False,False,,,,88,1.714,0.2937,0.0000,2,9.769,,,2.396,trame
hd04_028,living+kitchen+bedroom+bedroom+bedroom+bathroom+hallway,plausible,7,pavage,16,0.00,False,False,,,,88,1.714,0.2937,0.0000,2,9.769,,,1.680,trame
hd04_028,living+kitchen+bedroom+bedroom+bedroom+bathroom+hallway,plausible,7,pavage,16,0.25,False,False,,,,88,1.714,0.2937,0.0000,2,9.769,,,2.108,trame
hd04_028,living+kitchen+bedroom+bedroom+bedroom+bathroom+hallway,plausible,7,pavage,16,1.00,False,False,,,,88,1.714,0.2937,0.0000,2,9.769,,,1.996,trame
hd04_028,living+kitchen+bedroom+bedroom+bedroom+bathroom+hallway,plausible,7,pavage,16,1.80,False,False,,,,88,1.714,0.2937,0.0000,2,9.769,,,1.489,trame
hd04_029,living+kitchen+bedroom+bedroom+bedroom+bathroom+hallway,plausible,7,base,,0.50,False,False,,,,88,2.286,0.1686,0.0000,2,9.940,,,3.197,invariant_viole
hd04_029,living+kitchen+bedroom+bedroom+bedroom+bathroom+hallway,plausible,7,pavage,0,0.50,False,False,,,,88,2.286,0.1686,0.0000,2,9.940,,,0.895,trame
hd04_029,living+kitchen+bedroom+bedroom+bedroom+bathroom+hallway,plausible,7,pavage,4,0.50,False,False,,,,88,2.286,0.1686,0.0000,2,9.940,,,1.737,trame
hd04_029,living+kitchen+bedroom+bedroom+bedroom+bathroom+hallway,plausible,7,pavage,8,0.50,False,False,,,,88,2.286,0.1686,0.0000,2,9.940,,,1.524,trame
hd04_029,living+kitchen+bedroom+bedroom+bedroom+bathroom+hallway,plausible,7,pavage,16,0.50,False,False,,,,88,2.286,0.1686,0.0000,2,9.940,,,1.710,trame
hd04_029,living+kitchen+bedroom+bedroom+bedroom+bathroom+hallway,plausible,7,pavage,16,0.00,False,False,,,,88,2.286,0.1686,0.0000,2,9.940,,,1.687,trame
hd04_029,living+kitchen+bedroom+bedroom+bedroom+bathroom+hallway,plausible,7,pavage,16,0.25,False,False,,,,88,2.286,0.1686,0.0000,2,9.940,,,1.678,trame
hd04_029,living+kitchen+bedroom+bedroom+bedroom+bathroom+hallway,plausible,7,pavage,16,1.00,False,False,,,,88,2.286,0.1686,0.0000,2,9.940,,,1.728,trame
hd04_029,living+kitchen+bedroom+bedroom+bedroom+bathroom+hallway,plausible,7,pavage,16,1.80,False,False,,,,88,2.286,0.1686,0.0000,2,9.940,,,1.695,trame
hd04_030,living+kitchen+bedroom+bedroom+bedroom+bathroom+hallway,plausible,7,base,,0.50,False,False,,,,56,2.000,0.0368,0.0000,3,9.611,,,3.197,invariant_viole
hd04_030,living+kitchen+bedroom+bedroom+bedroom+bathroom+hallway,plausible,7,pavage,0,0.50,False,False,,,,56,2.000,0.0368,0.0000,3,9.611,,,0.809,trame
hd04_030,living+kitchen+bedroom+bedroom+bedroom+bathroom+hallway,plausible,7,pavage,4,0.50,False,False,,,,56,2.000,0.0368,0.0000,3,9.611,,,1.021,trame
hd04_030,living+kitchen+bedroom+bedroom+bedroom+bathroom+hallway,plausible,7,pavage,8,0.50,False,False,,,,56,2.000,0.0368,0.0000,3,9.611,,,1.057,trame
hd04_030,living+kitchen+bedroom+bedroom+bedroom+bathroom+hallway,plausible,7,pavage,16,0.50,False,False,,,,56,2.000,0.0368,0.0000,3,9.611,,,0.945,trame
hd04_030,living+kitchen+bedroom+bedroom+bedroom+bathroom+hallway,plausible,7,pavage,16,0.00,False,False,,,,56,2.000,0.0368,0.0000,3,9.611,,,1.078,trame
hd04_030,living+kitchen+bedroom+bedroom+bedroom+bathroom+hallway,plausible,7,pavage,16,0.25,False,False,,,,56,2.000,0.0368,0.0000,3,9.611,,,0.888,trame
hd04_030,living+kitchen+bedroom+bedroom+bedroom+bathroom+hallway,plausible,7,pavage,16,1.00,False,False,,,,56,2.000,0.0368,0.0000,3,9.611,,,0.911,trame
hd04_030,living+kitchen+bedroom+bedroom+bedroom+bathroom+hallway,plausible,7,pavage,16,1.80,False,False,,,,56,2.000,0.0368,0.0000,3,9.611,,,0.874,trame
hd04_031,living+kitchen+bedroom+bedroom+bedroom+bathroom+hallway,plausible,7,base,,0.50,False,False,,,,56,1.429,0.2486,0.0000,2,10.770,,,3.331,invariant_viole
hd04_031,living+kitchen+bedroom+bedroom+bedroom+bathroom+hallway,plausible,7,pavage,0,0.50,False,False,,,,56,1.429,0.2486,0.0000,2,10.770,,,0.832,trame
hd04_031,living+kitchen+bedroom+bedroom+bedroom+bathroom+hallway,plausible,7,pavage,4,0.50,False,False,,,,56,1.429,0.2486,0.0000,2,10.770,,,1.033,trame
hd04_031,living+kitchen+bedroom+bedroom+bedroom+bathroom+hallway,plausible,7,pavage,8,0.50,False,False,,,,56,1.429,0.2486,0.0000,2,10.770,,,1.136,trame
hd04_031,living+kitchen+bedroom+bedroom+bedroom+bathroom+hallway,plausible,7,pavage,16,0.50,False,False,,,,56,1.429,0.2486,0.0000,2,10.770,,,1.136,trame
hd04_031,living+kitchen+bedroom+bedroom+bedroom+bathroom+hallway,plausible,7,pavage,16,0.00,False,False,,,,56,1.429,0.2486,0.0000,2,10.770,,,1.116,trame
hd04_031,living+kitchen+bedroom+bedroom+bedroom+bathroom+hallway,plausible,7,pavage,16,0.25,False,False,,,,56,1.429,0.2486,0.0000,2,10.770,,,1.124,trame
hd04_031,living+kitchen+bedroom+bedroom+bedroom+bathroom+hallway,plausible,7,pavage,16,1.00,False,False,,,,56,1.429,0.2486,0.0000,2,10.770,,,1.171,trame
hd04_031,living+kitchen+bedroom+bedroom+bedroom+bathroom+hallway,plausible,7,pavage,16,1.80,False,False,,,,56,1.429,0.2486,0.0000,2,10.770,,,1.131,trame
hd04_032,living+kitchen+bedroom+bedroom+bedroom+bathroom+hallway,plausible,7,base,,0.50,False,False,,,,80,2.000,0.3775,0.0000,1,10.548,,,3.389,invariant_viole
hd04_032,living+kitchen+bedroom+bedroom+bedroom+bathroom+hallway,plausible,7,pavage,0,0.50,False,False,,,,80,2.000,0.3775,0.0000,1,10.548,,,0.889,trame
hd04_032,living+kitchen+bedroom+bedroom+bedroom+bathroom+hallway,plausible,7,pavage,4,0.50,False,False,,,,80,2.000,0.3775,0.0000,1,10.548,,,1.103,trame
hd04_032,living+kitchen+bedroom+bedroom+bedroom+bathroom+hallway,plausible,7,pavage,8,0.50,False,False,,,,80,2.000,0.3775,0.0000,1,10.548,,,1.432,trame
hd04_032,living+kitchen+bedroom+bedroom+bedroom+bathroom+hallway,plausible,7,pavage,16,0.50,False,False,,,,80,2.000,0.3775,0.0000,1,10.548,,,5.226,infaisable
hd04_032,living+kitchen+bedroom+bedroom+bedroom+bathroom+hallway,plausible,7,pavage,16,0.00,False,True,7,0.0000,False,80,2.000,0.3775,0.0000,1,10.548,5.264145,0.4991,4.313,ok
hd04_032,living+kitchen+bedroom+bedroom+bedroom+bathroom+hallway,plausible,7,pavage,16,0.25,False,False,,,,80,2.000,0.3775,0.0000,1,10.548,,,5.342,infaisable
hd04_032,living+kitchen+bedroom+bedroom+bedroom+bathroom+hallway,plausible,7,pavage,16,1.00,False,False,,,,80,2.000,0.3775,0.0000,1,10.548,,,5.025,infaisable
hd04_032,living+kitchen+bedroom+bedroom+bedroom+bathroom+hallway,plausible,7,pavage,16,1.80,False,False,,,,80,2.000,0.3775,0.0000,1,10.548,,,5.116,infaisable
hd04_033,living+kitchen+bedroom+bedroom+bedroom+bathroom+hallway,plausible,7,base,,0.50,False,False,,,,100,0.857,0.3440,0.0000,4,11.428,,,4.312,invariant_viole
hd04_033,living+kitchen+bedroom+bedroom+bedroom+bathroom+hallway,plausible,7,pavage,0,0.50,False,False,,,,100,0.857,0.3440,0.0000,4,11.428,,,1.160,trame
hd04_033,living+kitchen+bedroom+bedroom+bedroom+bathroom+hallway,plausible,7,pavage,4,0.50,False,False,,,,100,0.857,0.3440,0.0000,4,11.428,,,1.442,trame
hd04_033,living+kitchen+bedroom+bedroom+bedroom+bathroom+hallway,plausible,7,pavage,8,0.50,False,False,,,,100,0.857,0.3440,0.0000,4,11.428,,,3.269,trame
hd04_033,living+kitchen+bedroom+bedroom+bedroom+bathroom+hallway,plausible,7,pavage,16,0.50,False,False,,,,100,0.857,0.3440,0.0000,4,11.428,,,1.455,trame
hd04_033,living+kitchen+bedroom+bedroom+bedroom+bathroom+hallway,plausible,7,pavage,16,0.00,False,False,,,,100,0.857,0.3440,0.0000,4,11.428,,,1.479,trame
hd04_033,living+kitchen+bedroom+bedroom+bedroom+bathroom+hallway,plausible,7,pavage,16,0.25,False,False,,,,100,0.857,0.3440,0.0000,4,11.428,,,2.018,trame
hd04_033,living+kitchen+bedroom+bedroom+bedroom+bathroom+hallway,plausible,7,pavage,16,1.00,False,False,,,,100,0.857,0.3440,0.0000,4,11.428,,,1.799,trame
hd04_033,living+kitchen+bedroom+bedroom+bedroom+bathroom+hallway,plausible,7,pavage,16,1.80,False,False,,,,100,0.857,0.3440,0.0000,4,11.428,,,1.394,trame
hd04_034,living+kitchen+bedroom+bedroom+bedroom+bathroom+hallway,plausible,7,base,,0.50,False,False,,,,99,2.571,0.3343,0.0000,1,11.064,,,3.256,invariant_viole
hd04_034,living+kitchen+bedroom+bedroom+bedroom+bathroom+hallway,plausible,7,pavage,0,0.50,False,False,,,,99,2.571,0.3343,0.0000,1,11.064,,,0.784,trame
hd04_034,living+kitchen+bedroom+bedroom+bedroom+bathroom+hallway,plausible,7,pavage,4,0.50,False,False,,,,99,2.571,0.3343,0.0000,1,11.064,,,1.143,trame
hd04_034,living+kitchen+bedroom+bedroom+bedroom+bathroom+hallway,plausible,7,pavage,8,0.50,False,False,,,,99,2.571,0.3343,0.0000,1,11.064,,,1.445,trame
hd04_034,living+kitchen+bedroom+bedroom+bedroom+bathroom+hallway,plausible,7,pavage,16,0.50,False,False,,,,99,2.571,0.3343,0.0000,1,11.064,,,2.076,trame
hd04_034,living+kitchen+bedroom+bedroom+bedroom+bathroom+hallway,plausible,7,pavage,16,0.00,False,False,,,,99,2.571,0.3343,0.0000,1,11.064,,,1.894,trame
hd04_034,living+kitchen+bedroom+bedroom+bedroom+bathroom+hallway,plausible,7,pavage,16,0.25,False,False,,,,99,2.571,0.3343,0.0000,1,11.064,,,1.520,trame
hd04_034,living+kitchen+bedroom+bedroom+bedroom+bathroom+hallway,plausible,7,pavage,16,1.00,False,False,,,,99,2.571,0.3343,0.0000,1,11.064,,,2.116,trame
hd04_034,living+kitchen+bedroom+bedroom+bedroom+bathroom+hallway,plausible,7,pavage,16,1.80,False,False,,,,99,2.571,0.3343,0.0000,1,11.064,,,1.833,trame
hd04_035,living+kitchen+bedroom+bedroom+bedroom+bathroom+hallway,plausible,7,base,,0.50,False,False,,,,72,1.714,0.2023,0.0000,3,10.112,,,2.833,invariant_viole
hd04_035,living+kitchen+bedroom+bedroom+bedroom+bathroom+hallway,plausible,7,pavage,0,0.50,False,False,,,,72,1.714,0.2023,0.0000,3,10.112,,,1.437,trame
hd04_035,living+kitchen+bedroom+bedroom+bedroom+bathroom+hallway,plausible,7,pavage,4,0.50,False,False,,,,72,1.714,0.2023,0.0000,3,10.112,,,1.485,trame
hd04_035,living+kitchen+bedroom+bedroom+bedroom+bathroom+hallway,plausible,7,pavage,8,0.50,False,False,,,,72,1.714,0.2023,0.0000,3,10.112,,,53.403,trame
hd04_035,living+kitchen+bedroom+bedroom+bedroom+bathroom+hallway,plausible,7,pavage,16,0.50,False,False,,,,72,1.714,0.2023,0.0000,3,10.112,,,5.686,infaisable
hd04_035,living+kitchen+bedroom+bedroom+bedroom+bathroom+hallway,plausible,7,pavage,16,0.00,False,False,,,,72,1.714,0.2023,0.0000,3,10.112,,,7.524,infaisable
hd04_035,living+kitchen+bedroom+bedroom+bedroom+bathroom+hallway,plausible,7,pavage,16,0.25,False,False,,,,72,1.714,0.2023,0.0000,3,10.112,,,6.614,infaisable
hd04_035,living+kitchen+bedroom+bedroom+bedroom+bathroom+hallway,plausible,7,pavage,16,1.00,False,False,,,,72,1.714,0.2023,0.0000,3,10.112,,,5.515,infaisable
hd04_035,living+kitchen+bedroom+bedroom+bedroom+bathroom+hallway,plausible,7,pavage,16,1.80,False,False,,,,72,1.714,0.2023,0.0000,3,10.112,,,4.866,infaisable
hd04_036,living+kitchen+bedroom+bedroom+bedroom+bathroom+hallway,plausible,7,base,,0.50,False,False,,,,72,1.429,0.2582,0.0000,2,10.579,,,2.865,invariant_viole
hd04_036,living+kitchen+bedroom+bedroom+bedroom+bathroom+hallway,plausible,7,pavage,0,0.50,False,False,,,,72,1.429,0.2582,0.0000,2,10.579,,,0.750,trame
hd04_036,living+kitchen+bedroom+bedroom+bedroom+bathroom+hallway,plausible,7,pavage,4,0.50,False,False,,,,72,1.429,0.2582,0.0000,2,10.579,,,1.058,trame
hd04_036,living+kitchen+bedroom+bedroom+bedroom+bathroom+hallway,plausible,7,pavage,8,0.50,False,False,,,,72,1.429,0.2582,0.0000,2,10.579,,,1.386,trame
hd04_036,living+kitchen+bedroom+bedroom+bedroom+bathroom+hallway,plausible,7,pavage,16,0.50,False,True,7,0.5758,True,72,1.429,0.2582,0.0000,2,10.579,4.030361,0.3810,4.647,ok
hd04_036,living+kitchen+bedroom+bedroom+bedroom+bathroom+hallway,plausible,7,pavage,16,0.00,False,True,7,0.5758,True,72,1.429,0.2582,0.0000,2,10.579,4.030361,0.3810,4.316,ok
hd04_036,living+kitchen+bedroom+bedroom+bedroom+bathroom+hallway,plausible,7,pavage,16,0.25,False,True,7,0.5758,True,72,1.429,0.2582,0.0000,2,10.579,4.030361,0.3810,4.153,ok
hd04_036,living+kitchen+bedroom+bedroom+bedroom+bathroom+hallway,plausible,7,pavage,16,1.00,False,True,7,1.0000,True,72,1.429,0.2582,0.0000,2,10.579,3.948109,0.3732,4.283,ok
hd04_036,living+kitchen+bedroom+bedroom+bedroom+bathroom+hallway,plausible,7,pavage,16,1.80,False,True,7,1.8000,True,72,1.429,0.2582,0.0000,2,10.579,3.948109,0.3732,4.944,ok
hd04_037,living+kitchen+bedroom+bedroom+bedroom+bathroom+hallway,plausible,7,base,,0.50,False,False,,,,110,1.429,0.1040,0.0000,3,10.363,,,2.714,invariant_viole
hd04_037,living+kitchen+bedroom+bedroom+bedroom+bathroom+hallway,plausible,7,pavage,0,0.50,False,False,,,,110,1.429,0.1040,0.0000,3,10.363,,,0.794,trame
hd04_037,living+kitchen+bedroom+bedroom+bedroom+bathroom+hallway,plausible,7,pavage,4,0.50,False,False,,,,110,1.429,0.1040,0.0000,3,10.363,,,1.122,trame
hd04_037,living+kitchen+bedroom+bedroom+bedroom+bathroom+hallway,plausible,7,pavage,8,0.50,False,False,,,,110,1.429,0.1040,0.0000,3,10.363,,,1.434,trame
hd04_037,living+kitchen+bedroom+bedroom+bedroom+bathroom+hallway,plausible,7,pavage,16,0.50,False,False,,,,110,1.429,0.1040,0.0000,3,10.363,,,1.814,trame
hd04_037,living+kitchen+bedroom+bedroom+bedroom+bathroom+hallway,plausible,7,pavage,16,0.00,False,False,,,,110,1.429,0.1040,0.0000,3,10.363,,,1.558,trame
hd04_037,living+kitchen+bedroom+bedroom+bedroom+bathroom+hallway,plausible,7,pavage,16,0.25,False,False,,,,110,1.429,0.1040,0.0000,3,10.363,,,1.452,trame
hd04_037,living+kitchen+bedroom+bedroom+bedroom+bathroom+hallway,plausible,7,pavage,16,1.00,False,False,,,,110,1.429,0.1040,0.0000,3,10.363,,,1.463,trame
hd04_037,living+kitchen+bedroom+bedroom+bedroom+bathroom+hallway,plausible,7,pavage,16,1.80,False,False,,,,110,1.429,0.1040,0.0000,3,10.363,,,1.427,trame
hd04_038,living+kitchen+bedroom+bedroom+bedroom+bathroom+hallway,plausible,7,base,,0.50,False,False,,,,110,2.000,0.2415,0.0000,2,11.071,,,2.699,invariant_viole
hd04_038,living+kitchen+bedroom+bedroom+bedroom+bathroom+hallway,plausible,7,pavage,0,0.50,False,False,,,,110,2.000,0.2415,0.0000,2,11.071,,,0.766,trame
hd04_038,living+kitchen+bedroom+bedroom+bedroom+bathroom+hallway,plausible,7,pavage,4,0.50,False,False,,,,110,2.000,0.2415,0.0000,2,11.071,,,1.076,trame
hd04_038,living+kitchen+bedroom+bedroom+bedroom+bathroom+hallway,plausible,7,pavage,8,0.50,False,False,,,,110,2.000,0.2415,0.0000,2,11.071,,,4.639,infaisable
hd04_038,living+kitchen+bedroom+bedroom+bedroom+bathroom+hallway,plausible,7,pavage,16,0.50,False,False,,,,110,2.000,0.2415,0.0000,2,11.071,,,4.303,infaisable
hd04_038,living+kitchen+bedroom+bedroom+bedroom+bathroom+hallway,plausible,7,pavage,16,0.00,False,False,,,,110,2.000,0.2415,0.0000,2,11.071,,,4.391,infaisable
hd04_038,living+kitchen+bedroom+bedroom+bedroom+bathroom+hallway,plausible,7,pavage,16,0.25,False,False,,,,110,2.000,0.2415,0.0000,2,11.071,,,5.148,infaisable
hd04_038,living+kitchen+bedroom+bedroom+bedroom+bathroom+hallway,plausible,7,pavage,16,1.00,False,False,,,,110,2.000,0.2415,0.0000,2,11.071,,,4.669,infaisable
hd04_038,living+kitchen+bedroom+bedroom+bedroom+bathroom+hallway,plausible,7,pavage,16,1.80,False,False,,,,110,2.000,0.2415,0.0000,2,11.071,,,4.310,infaisable
hd04_039,living+kitchen+bedroom+bedroom+bedroom+bathroom+hallway,plausible,7,base,,0.50,False,False,,,,110,2.000,0.1104,0.0000,1,10.755,,,2.583,invariant_viole
hd04_039,living+kitchen+bedroom+bedroom+bedroom+bathroom+hallway,plausible,7,pavage,0,0.50,False,False,,,,110,2.000,0.1104,0.0000,1,10.755,,,1.050,trame
hd04_039,living+kitchen+bedroom+bedroom+bedroom+bathroom+hallway,plausible,7,pavage,4,0.50,False,False,,,,110,2.000,0.1104,0.0000,1,10.755,,,1.231,trame
hd04_039,living+kitchen+bedroom+bedroom+bedroom+bathroom+hallway,plausible,7,pavage,8,0.50,False,False,,,,110,2.000,0.1104,0.0000,1,10.755,,,1.190,trame
hd04_039,living+kitchen+bedroom+bedroom+bedroom+bathroom+hallway,plausible,7,pavage,16,0.50,False,False,,,,110,2.000,0.1104,0.0000,1,10.755,,,1.252,trame
hd04_039,living+kitchen+bedroom+bedroom+bedroom+bathroom+hallway,plausible,7,pavage,16,0.00,False,False,,,,110,2.000,0.1104,0.0000,1,10.755,,,1.172,trame
hd04_039,living+kitchen+bedroom+bedroom+bedroom+bathroom+hallway,plausible,7,pavage,16,0.25,False,False,,,,110,2.000,0.1104,0.0000,1,10.755,,,1.183,trame
hd04_039,living+kitchen+bedroom+bedroom+bedroom+bathroom+hallway,plausible,7,pavage,16,1.00,False,False,,,,110,2.000,0.1104,0.0000,1,10.755,,,1.249,trame
hd04_039,living+kitchen+bedroom+bedroom+bedroom+bathroom+hallway,plausible,7,pavage,16,1.80,False,False,,,,110,2.000,0.1104,0.0000,1,10.755,,,1.124,trame
hd05_000,living+kitchen+bedroom+bedroom+bathroom+bathroom+hallway,plausible,7,base,,0.50,False,False,,,,63,3.143,0.2315,0.0000,2,10.449,,,3.261,invariant_viole
hd05_000,living+kitchen+bedroom+bedroom+bathroom+bathroom+hallway,plausible,7,pavage,0,0.50,False,False,,,,63,3.143,0.2315,0.0000,2,10.449,,,0.950,trame
hd05_000,living+kitchen+bedroom+bedroom+bathroom+bathroom+hallway,plausible,7,pavage,4,0.50,False,False,,,,63,3.143,0.2315,0.0000,2,10.449,,,1.191,trame
hd05_000,living+kitchen+bedroom+bedroom+bathroom+bathroom+hallway,plausible,7,pavage,8,0.50,False,False,,,,63,3.143,0.2315,0.0000,2,10.449,,,5.329,infaisable
hd05_000,living+kitchen+bedroom+bedroom+bathroom+bathroom+hallway,plausible,7,pavage,16,0.50,False,False,,,,63,3.143,0.2315,0.0000,2,10.449,,,6.405,infaisable
hd05_000,living+kitchen+bedroom+bedroom+bathroom+bathroom+hallway,plausible,7,pavage,16,0.00,False,True,7,0.0000,False,63,3.143,0.2315,0.0000,2,10.449,6.497930,0.6219,5.716,ok
hd05_000,living+kitchen+bedroom+bedroom+bathroom+bathroom+hallway,plausible,7,pavage,16,0.25,False,False,,,,63,3.143,0.2315,0.0000,2,10.449,,,7.233,infaisable
hd05_000,living+kitchen+bedroom+bedroom+bathroom+bathroom+hallway,plausible,7,pavage,16,1.00,False,False,,,,63,3.143,0.2315,0.0000,2,10.449,,,5.639,infaisable
hd05_000,living+kitchen+bedroom+bedroom+bathroom+bathroom+hallway,plausible,7,pavage,16,1.80,False,False,,,,63,3.143,0.2315,0.0000,2,10.449,,,4.976,infaisable
hd05_001,living+kitchen+bedroom+bedroom+bathroom+bathroom+hallway,plausible,7,base,,0.50,False,False,,,,117,1.429,0.2321,0.0000,3,10.258,,,2.606,invariant_viole
hd05_001,living+kitchen+bedroom+bedroom+bathroom+bathroom+hallway,plausible,7,pavage,0,0.50,False,False,,,,117,1.429,0.2321,0.0000,3,10.258,,,0.787,trame
hd05_001,living+kitchen+bedroom+bedroom+bathroom+bathroom+hallway,plausible,7,pavage,4,0.50,False,False,,,,117,1.429,0.2321,0.0000,3,10.258,,,1.112,trame
hd05_001,living+kitchen+bedroom+bedroom+bathroom+bathroom+hallway,plausible,7,pavage,8,0.50,False,False,,,,117,1.429,0.2321,0.0000,3,10.258,,,1.485,trame
hd05_001,living+kitchen+bedroom+bedroom+bathroom+bathroom+hallway,plausible,7,pavage,16,0.50,False,False,,,,117,1.429,0.2321,0.0000,3,10.258,,,2.457,trame
hd05_001,living+kitchen+bedroom+bedroom+bathroom+bathroom+hallway,plausible,7,pavage,16,0.00,False,False,,,,117,1.429,0.2321,0.0000,3,10.258,,,1.653,trame
hd05_001,living+kitchen+bedroom+bedroom+bathroom+bathroom+hallway,plausible,7,pavage,16,0.25,False,False,,,,117,1.429,0.2321,0.0000,3,10.258,,,1.536,trame
hd05_001,living+kitchen+bedroom+bedroom+bathroom+bathroom+hallway,plausible,7,pavage,16,1.00,False,False,,,,117,1.429,0.2321,0.0000,3,10.258,,,1.889,trame
hd05_001,living+kitchen+bedroom+bedroom+bathroom+bathroom+hallway,plausible,7,pavage,16,1.80,False,False,,,,117,1.429,0.2321,0.0000,3,10.258,,,1.576,trame
hd05_002,living+kitchen+bedroom+bedroom+bathroom+bathroom+hallway,plausible,7,base,,0.50,False,False,,,,100,2.000,0.1304,0.0000,1,10.258,,,3.196,invariant_viole
hd05_002,living+kitchen+bedroom+bedroom+bathroom+bathroom+hallway,plausible,7,pavage,0,0.50,False,False,,,,100,2.000,0.1304,0.0000,1,10.258,,,0.778,trame
hd05_002,living+kitchen+bedroom+bedroom+bathroom+bathroom+hallway,plausible,7,pavage,4,0.50,False,False,,,,100,2.000,0.1304,0.0000,1,10.258,,,1.357,trame
hd05_002,living+kitchen+bedroom+bedroom+bathroom+bathroom+hallway,plausible,7,pavage,8,0.50,False,True,7,0.9048,True,100,2.000,0.1304,0.0000,1,10.258,3.948109,0.3849,4.999,ok
hd05_002,living+kitchen+bedroom+bedroom+bathroom+bathroom+hallway,plausible,7,pavage,16,0.50,False,True,7,0.9048,True,100,2.000,0.1304,0.0000,1,10.258,3.948109,0.3849,4.531,ok
hd05_002,living+kitchen+bedroom+bedroom+bathroom+bathroom+hallway,plausible,7,pavage,16,0.00,False,True,7,0.9048,True,100,2.000,0.1304,0.0000,1,10.258,3.948109,0.3849,4.106,ok
hd05_002,living+kitchen+bedroom+bedroom+bathroom+bathroom+hallway,plausible,7,pavage,16,0.25,False,True,7,0.9048,True,100,2.000,0.1304,0.0000,1,10.258,3.948109,0.3849,5.185,ok
hd05_002,living+kitchen+bedroom+bedroom+bathroom+bathroom+hallway,plausible,7,pavage,16,1.00,False,True,7,1.0000,True,100,2.000,0.1304,0.0000,1,10.258,3.948109,0.3849,4.867,ok
hd05_002,living+kitchen+bedroom+bedroom+bathroom+bathroom+hallway,plausible,7,pavage,16,1.80,False,True,7,1.8000,True,100,2.000,0.1304,0.0000,1,10.258,3.207839,0.3127,4.750,ok
hd05_003,living+kitchen+bedroom+bedroom+bathroom+bathroom+hallway,plausible,7,base,,0.50,False,False,,,,100,2.000,0.1922,0.0000,1,10.393,,,2.926,invariant_viole
hd05_003,living+kitchen+bedroom+bedroom+bathroom+bathroom+hallway,plausible,7,pavage,0,0.50,False,False,,,,100,2.000,0.1922,0.0000,1,10.393,,,0.765,trame
hd05_003,living+kitchen+bedroom+bedroom+bathroom+bathroom+hallway,plausible,7,pavage,4,0.50,False,False,,,,100,2.000,0.1922,0.0000,1,10.393,,,1.092,trame
hd05_003,living+kitchen+bedroom+bedroom+bathroom+bathroom+hallway,plausible,7,pavage,8,0.50,False,True,7,0.5000,True,100,2.000,0.1922,0.0000,1,10.393,7.238200,0.6965,6.338,ok
hd05_003,living+kitchen+bedroom+bedroom+bathroom+bathroom+hallway,plausible,7,pavage,16,0.50,False,True,7,0.5000,True,100,2.000,0.1922,0.0000,1,10.393,7.238200,0.6965,5.359,ok
hd05_003,living+kitchen+bedroom+bedroom+bathroom+bathroom+hallway,plausible,7,pavage,16,0.00,False,True,7,0.3290,False,100,2.000,0.1922,0.0000,1,10.393,7.320452,0.7044,4.460,ok
hd05_003,living+kitchen+bedroom+bedroom+bathroom+bathroom+hallway,plausible,7,pavage,16,0.25,False,True,7,0.3290,False,100,2.000,0.1922,0.0000,1,10.393,7.320452,0.7044,4.780,ok
hd05_003,living+kitchen+bedroom+bedroom+bathroom+bathroom+hallway,plausible,7,pavage,16,1.00,False,True,7,1.0000,True,100,2.000,0.1922,0.0000,1,10.393,7.238200,0.6965,4.780,ok
hd05_003,living+kitchen+bedroom+bedroom+bathroom+bathroom+hallway,plausible,7,pavage,16,1.80,False,True,7,1.8000,True,100,2.000,0.1922,0.0000,1,10.393,7.238200,0.6965,7.098,ok
hd05_004,living+kitchen+bedroom+bedroom+bathroom+bathroom+hallway,plausible,7,base,,0.50,False,False,,,,88,1.429,0.4008,0.0000,3,11.464,,,3.987,invariant_viole
hd05_004,living+kitchen+bedroom+bedroom+bathroom+bathroom+hallway,plausible,7,pavage,0,0.50,False,False,,,,88,1.429,0.4008,0.0000,3,11.464,,,1.548,trame
hd05_004,living+kitchen+bedroom+bedroom+bathroom+bathroom+hallway,plausible,7,pavage,4,0.50,False,False,,,,88,1.429,0.4008,0.0000,3,11.464,,,1.172,trame
hd05_004,living+kitchen+bedroom+bedroom+bathroom+bathroom+hallway,plausible,7,pavage,8,0.50,False,False,,,,88,1.429,0.4008,0.0000,3,11.464,,,1.490,trame
hd05_004,living+kitchen+bedroom+bedroom+bathroom+bathroom+hallway,plausible,7,pavage,16,0.50,False,False,,,,88,1.429,0.4008,0.0000,3,11.464,,,1.851,trame
hd05_004,living+kitchen+bedroom+bedroom+bathroom+bathroom+hallway,plausible,7,pavage,16,0.00,False,False,,,,88,1.429,0.4008,0.0000,3,11.464,,,1.848,trame
hd05_004,living+kitchen+bedroom+bedroom+bathroom+bathroom+hallway,plausible,7,pavage,16,0.25,False,False,,,,88,1.429,0.4008,0.0000,3,11.464,,,1.848,trame
hd05_004,living+kitchen+bedroom+bedroom+bathroom+bathroom+hallway,plausible,7,pavage,16,1.00,False,False,,,,88,1.429,0.4008,0.0000,3,11.464,,,1.835,trame
hd05_004,living+kitchen+bedroom+bedroom+bathroom+bathroom+hallway,plausible,7,pavage,16,1.80,False,False,,,,88,1.429,0.4008,0.0000,3,11.464,,,1.836,trame
hd05_005,living+kitchen+bedroom+bedroom+bathroom+bathroom+hallway,plausible,7,base,,0.50,False,False,,,,120,1.429,0.2906,0.0000,2,9.769,,,4.291,invariant_viole
hd05_005,living+kitchen+bedroom+bedroom+bathroom+bathroom+hallway,plausible,7,pavage,0,0.50,False,False,,,,120,1.429,0.2906,0.0000,2,9.769,,,0.891,trame
hd05_005,living+kitchen+bedroom+bedroom+bathroom+bathroom+hallway,plausible,7,pavage,4,0.50,False,False,,,,120,1.429,0.2906,0.0000,2,9.769,,,1.136,trame
hd05_005,living+kitchen+bedroom+bedroom+bathroom+bathroom+hallway,plausible,7,pavage,8,0.50,False,False,,,,120,1.429,0.2906,0.0000,2,9.769,,,4.715,infaisable
hd05_005,living+kitchen+bedroom+bedroom+bathroom+bathroom+hallway,plausible,7,pavage,16,0.50,False,False,,,,120,1.429,0.2906,0.0000,2,9.769,,,4.773,infaisable
hd05_005,living+kitchen+bedroom+bedroom+bathroom+bathroom+hallway,plausible,7,pavage,16,0.00,False,True,7,0.0000,False,120,1.429,0.2906,0.0000,2,9.769,2.961082,0.3031,4.078,ok
hd05_005,living+kitchen+bedroom+bedroom+bathroom+bathroom+hallway,plausible,7,pavage,16,0.25,False,False,,,,120,1.429,0.2906,0.0000,2,9.769,,,4.371,infaisable
hd05_005,living+kitchen+bedroom+bedroom+bathroom+bathroom+hallway,plausible,7,pavage,16,1.00,False,False,,,,120,1.429,0.2906,0.0000,2,9.769,,,4.358,infaisable
hd05_005,living+kitchen+bedroom+bedroom+bathroom+bathroom+hallway,plausible,7,pavage,16,1.80,False,False,,,,120,1.429,0.2906,0.0000,2,9.769,,,9.380,infaisable
hd05_006,living+kitchen+bedroom+bedroom+bathroom+bathroom+hallway,plausible,7,base,,0.50,False,False,,,,96,2.000,0.2247,0.0000,2,10.258,,,3.956,invariant_viole
hd05_006,living+kitchen+bedroom+bedroom+bathroom+bathroom+hallway,plausible,7,pavage,0,0.50,False,False,,,,96,2.000,0.2247,0.0000,2,10.258,,,1.222,trame
hd05_006,living+kitchen+bedroom+bedroom+bathroom+bathroom+hallway,plausible,7,pavage,4,0.50,False,False,,,,96,2.000,0.2247,0.0000,2,10.258,,,4.630,infaisable
hd05_006,living+kitchen+bedroom+bedroom+bathroom+bathroom+hallway,plausible,7,pavage,8,0.50,False,False,,,,96,2.000,0.2247,0.0000,2,10.258,,,4.318,infaisable
hd05_006,living+kitchen+bedroom+bedroom+bathroom+bathroom+hallway,plausible,7,pavage,16,0.50,False,False,,,,96,2.000,0.2247,0.0000,2,10.258,,,4.259,infaisable
hd05_006,living+kitchen+bedroom+bedroom+bathroom+bathroom+hallway,plausible,7,pavage,16,0.00,False,True,7,0.0000,False,96,2.000,0.2247,0.0000,2,10.258,4.277118,0.4170,4.977,ok
hd05_006,living+kitchen+bedroom+bedroom+bathroom+bathroom+hallway,plausible,7,pavage,16,0.25,False,False,,,,96,2.000,0.2247,0.0000,2,10.258,,,6.190,infaisable
hd05_006,living+kitchen+bedroom+bedroom+bathroom+bathroom+hallway,plausible,7,pavage,16,1.00,False,False,,,,96,2.000,0.2247,0.0000,2,10.258,,,5.610,infaisable
hd05_006,living+kitchen+bedroom+bedroom+bathroom+bathroom+hallway,plausible,7,pavage,16,1.80,False,False,,,,96,2.000,0.2247,0.0000,2,10.258,,,4.610,infaisable
hd05_007,living+kitchen+bedroom+bedroom+bathroom+bathroom+hallway,plausible,7,base,,0.50,False,False,,,,81,2.286,0.1878,0.0000,2,10.270,,,3.125,invariant_viole
hd05_007,living+kitchen+bedroom+bedroom+bathroom+bathroom+hallway,plausible,7,pavage,0,0.50,False,False,,,,81,2.286,0.1878,0.0000,2,10.270,,,0.791,trame
hd05_007,living+kitchen+bedroom+bedroom+bathroom+bathroom+hallway,plausible,7,pavage,4,0.50,False,False,,,,81,2.286,0.1878,0.0000,2,10.270,,,1.283,trame
hd05_007,living+kitchen+bedroom+bedroom+bathroom+bathroom+hallway,plausible,7,pavage,8,0.50,False,False,,,,81,2.286,0.1878,0.0000,2,10.270,,,1.502,trame
hd05_007,living+kitchen+bedroom+bedroom+bathroom+bathroom+hallway,plausible,7,pavage,16,0.50,False,False,,,,81,2.286,0.1878,0.0000,2,10.270,,,3.563,trame
hd05_007,living+kitchen+bedroom+bedroom+bathroom+bathroom+hallway,plausible,7,pavage,16,0.00,False,False,,,,81,2.286,0.1878,0.0000,2,10.270,,,3.646,trame
hd05_007,living+kitchen+bedroom+bedroom+bathroom+bathroom+hallway,plausible,7,pavage,16,0.25,False,False,,,,81,2.286,0.1878,0.0000,2,10.270,,,3.000,trame
hd05_007,living+kitchen+bedroom+bedroom+bathroom+bathroom+hallway,plausible,7,pavage,16,1.00,False,False,,,,81,2.286,0.1878,0.0000,2,10.270,,,2.673,trame
hd05_007,living+kitchen+bedroom+bedroom+bathroom+bathroom+hallway,plausible,7,pavage,16,1.80,False,False,,,,81,2.286,0.1878,0.0000,2,10.270,,,4.586,trame
hd05_008,living+kitchen+bedroom+bedroom+bathroom+bathroom+hallway,plausible,7,base,,0.50,False,False,,,,54,2.286,0.2770,0.0000,2,10.069,,,4.265,invariant_viole
hd05_008,living+kitchen+bedroom+bedroom+bathroom+bathroom+hallway,plausible,7,pavage,0,0.50,False,False,,,,54,2.286,0.2770,0.0000,2,10.069,,,0.794,trame
hd05_008,living+kitchen+bedroom+bedroom+bathroom+bathroom+hallway,plausible,7,pavage,4,0.50,False,False,,,,54,2.286,0.2770,0.0000,2,10.069,,,1.107,trame
hd05_008,living+kitchen+bedroom+bedroom+bathroom+bathroom+hallway,plausible,7,pavage,8,0.50,False,False,,,,54,2.286,0.2770,0.0000,2,10.069,,,4.537,infaisable
hd05_008,living+kitchen+bedroom+bedroom+bathroom+bathroom+hallway,plausible,7,pavage,16,0.50,False,False,,,,54,2.286,0.2770,0.0000,2,10.069,,,7.855,infaisable
hd05_008,living+kitchen+bedroom+bedroom+bathroom+bathroom+hallway,plausible,7,pavage,16,0.00,False,True,7,0.0000,False,54,2.286,0.2770,0.0000,2,10.069,5.264145,0.5228,5.494,ok
hd05_008,living+kitchen+bedroom+bedroom+bathroom+bathroom+hallway,plausible,7,pavage,16,0.25,False,False,,,,54,2.286,0.2770,0.0000,2,10.069,,,6.647,infaisable
hd05_008,living+kitchen+bedroom+bedroom+bathroom+bathroom+hallway,plausible,7,pavage,16,1.00,False,False,,,,54,2.286,0.2770,0.0000,2,10.069,,,5.220,infaisable
hd05_008,living+kitchen+bedroom+bedroom+bathroom+bathroom+hallway,plausible,7,pavage,16,1.80,False,False,,,,54,2.286,0.2770,0.0000,2,10.069,,,4.266,infaisable
hd05_009,living+kitchen+bedroom+bedroom+bathroom+bathroom+hallway,plausible,7,base,,0.50,False,False,,,,90,1.714,0.3343,0.0000,2,10.320,,,2.863,invariant_viole
hd05_009,living+kitchen+bedroom+bedroom+bathroom+bathroom+hallway,plausible,7,pavage,0,0.50,False,False,,,,90,1.714,0.3343,0.0000,2,10.320,,,0.773,trame
hd05_009,living+kitchen+bedroom+bedroom+bathroom+bathroom+hallway,plausible,7,pavage,4,0.50,False,False,,,,90,1.714,0.3343,0.0000,2,10.320,,,1.099,trame
hd05_009,living+kitchen+bedroom+bedroom+bathroom+bathroom+hallway,plausible,7,pavage,8,0.50,False,False,,,,90,1.714,0.3343,0.0000,2,10.320,,,1.926,trame
hd05_009,living+kitchen+bedroom+bedroom+bathroom+bathroom+hallway,plausible,7,pavage,16,0.50,False,False,,,,90,1.714,0.3343,0.0000,2,10.320,,,1.977,trame
hd05_009,living+kitchen+bedroom+bedroom+bathroom+bathroom+hallway,plausible,7,pavage,16,0.00,False,False,,,,90,1.714,0.3343,0.0000,2,10.320,,,1.612,trame
hd05_009,living+kitchen+bedroom+bedroom+bathroom+bathroom+hallway,plausible,7,pavage,16,0.25,False,False,,,,90,1.714,0.3343,0.0000,2,10.320,,,1.698,trame
hd05_009,living+kitchen+bedroom+bedroom+bathroom+bathroom+hallway,plausible,7,pavage,16,1.00,False,False,,,,90,1.714,0.3343,0.0000,2,10.320,,,2.162,trame
hd05_009,living+kitchen+bedroom+bedroom+bathroom+bathroom+hallway,plausible,7,pavage,16,1.80,False,False,,,,90,1.714,0.3343,0.0000,2,10.320,,,1.821,trame
hd05_010,living+kitchen+bedroom+bedroom+bathroom+bathroom+hallway,plausible,7,base,,0.50,False,False,,,,72,3.429,0.2472,0.0000,1,10.609,,,3.294,invariant_viole
hd05_010,living+kitchen+bedroom+bedroom+bathroom+bathroom+hallway,plausible,7,pavage,0,0.50,False,False,,,,72,3.429,0.2472,0.0000,1,10.609,,,0.747,trame
hd05_010,living+kitchen+bedroom+bedroom+bathroom+bathroom+hallway,plausible,7,pavage,4,0.50,False,False,,,,72,3.429,0.2472,0.0000,1,10.609,,,1.154,trame
hd05_010,living+kitchen+bedroom+bedroom+bathroom+bathroom+hallway,plausible,7,pavage,8,0.50,False,False,,,,72,3.429,0.2472,0.0000,1,10.609,,,1.655,trame
hd05_010,living+kitchen+bedroom+bedroom+bathroom+bathroom+hallway,plausible,7,pavage,16,0.50,False,False,,,,72,3.429,0.2472,0.0000,1,10.609,,,2.118,trame
hd05_010,living+kitchen+bedroom+bedroom+bathroom+bathroom+hallway,plausible,7,pavage,16,0.00,False,False,,,,72,3.429,0.2472,0.0000,1,10.609,,,2.475,trame
hd05_010,living+kitchen+bedroom+bedroom+bathroom+bathroom+hallway,plausible,7,pavage,16,0.25,False,False,,,,72,3.429,0.2472,0.0000,1,10.609,,,2.103,trame
hd05_010,living+kitchen+bedroom+bedroom+bathroom+bathroom+hallway,plausible,7,pavage,16,1.00,False,False,,,,72,3.429,0.2472,0.0000,1,10.609,,,2.274,trame
hd05_010,living+kitchen+bedroom+bedroom+bathroom+bathroom+hallway,plausible,7,pavage,16,1.80,False,False,,,,72,3.429,0.2472,0.0000,1,10.609,,,2.451,trame
hd05_011,living+kitchen+bedroom+bedroom+bathroom+bathroom+hallway,plausible,7,base,,0.50,False,False,,,,72,3.429,0.2474,0.0000,1,10.909,,,2.631,invariant_viole
hd05_011,living+kitchen+bedroom+bedroom+bathroom+bathroom+hallway,plausible,7,pavage,0,0.50,False,False,,,,72,3.429,0.2474,0.0000,1,10.909,,,0.716,trame
hd05_011,living+kitchen+bedroom+bedroom+bathroom+bathroom+hallway,plausible,7,pavage,4,0.50,False,False,,,,72,3.429,0.2474,0.0000,1,10.909,,,1.086,trame
hd05_011,living+kitchen+bedroom+bedroom+bathroom+bathroom+hallway,plausible,7,pavage,8,0.50,False,False,,,,72,3.429,0.2474,0.0000,1,10.909,,,2.703,trame
hd05_011,living+kitchen+bedroom+bedroom+bathroom+bathroom+hallway,plausible,7,pavage,16,0.50,False,False,,,,72,3.429,0.2474,0.0000,1,10.909,,,7.818,infaisable
hd05_011,living+kitchen+bedroom+bedroom+bathroom+bathroom+hallway,plausible,7,pavage,16,0.00,False,True,7,0.0000,False,72,3.429,0.2474,0.0000,1,10.909,7.155948,0.6560,6.981,ok
hd05_011,living+kitchen+bedroom+bedroom+bathroom+bathroom+hallway,plausible,7,pavage,16,0.25,False,False,,,,72,3.429,0.2474,0.0000,1,10.909,,,8.292,infaisable
hd05_011,living+kitchen+bedroom+bedroom+bathroom+bathroom+hallway,plausible,7,pavage,16,1.00,False,False,,,,72,3.429,0.2474,0.0000,1,10.909,,,7.297,infaisable
hd05_011,living+kitchen+bedroom+bedroom+bathroom+bathroom+hallway,plausible,7,pavage,16,1.80,False,False,,,,72,3.429,0.2474,0.0000,1,10.909,,,6.656,infaisable
hd05_012,living+kitchen+bedroom+bedroom+bathroom+bathroom+hallway,plausible,7,base,,0.50,False,False,,,,90,2.571,0.1332,0.0000,1,9.367,,,3.659,invariant_viole
hd05_012,living+kitchen+bedroom+bedroom+bathroom+bathroom+hallway,plausible,7,pavage,0,0.50,False,False,,,,90,2.571,0.1332,0.0000,1,9.367,,,1.755,trame
hd05_012,living+kitchen+bedroom+bedroom+bathroom+bathroom+hallway,plausible,7,pavage,4,0.50,False,False,,,,90,2.571,0.1332,0.0000,1,9.367,,,2.793,trame
hd05_012,living+kitchen+bedroom+bedroom+bathroom+bathroom+hallway,plausible,7,pavage,8,0.50,False,False,,,,90,2.571,0.1332,0.0000,1,9.367,,,1.692,trame
hd05_012,living+kitchen+bedroom+bedroom+bathroom+bathroom+hallway,plausible,7,pavage,16,0.50,False,False,,,,90,2.571,0.1332,0.0000,1,9.367,,,2.130,trame
hd05_012,living+kitchen+bedroom+bedroom+bathroom+bathroom+hallway,plausible,7,pavage,16,0.00,False,False,,,,90,2.571,0.1332,0.0000,1,9.367,,,1.383,trame
hd05_012,living+kitchen+bedroom+bedroom+bathroom+bathroom+hallway,plausible,7,pavage,16,0.25,False,False,,,,90,2.571,0.1332,0.0000,1,9.367,,,1.259,trame
hd05_012,living+kitchen+bedroom+bedroom+bathroom+bathroom+hallway,plausible,7,pavage,16,1.00,False,False,,,,90,2.571,0.1332,0.0000,1,9.367,,,1.103,trame
hd05_012,living+kitchen+bedroom+bedroom+bathroom+bathroom+hallway,plausible,7,pavage,16,1.80,False,False,,,,90,2.571,0.1332,0.0000,1,9.367,,,1.348,trame
hd05_013,living+kitchen+bedroom+bedroom+bathroom+bathroom+hallway,plausible,7,base,,0.50,False,False,,,,88,1.714,0.3461,0.0000,2,11.099,,,3.912,invariant_viole
hd05_013,living+kitchen+bedroom+bedroom+bathroom+bathroom+hallway,plausible,7,pavage,0,0.50,False,False,,,,88,1.714,0.3461,0.0000,2,11.099,,,0.871,trame
hd05_013,living+kitchen+bedroom+bedroom+bathroom+bathroom+hallway,plausible,7,pavage,4,0.50,False,False,,,,88,1.714,0.3461,0.0000,2,11.099,,,1.201,trame
hd05_013,living+kitchen+bedroom+bedroom+bathroom+bathroom+hallway,plausible,7,pavage,8,0.50,False,True,7,0.5000,True,88,1.714,0.3461,0.0000,2,11.099,4.935136,0.4446,4.691,ok
hd05_013,living+kitchen+bedroom+bedroom+bathroom+bathroom+hallway,plausible,7,pavage,16,0.50,False,True,7,0.5000,True,88,1.714,0.3461,0.0000,2,11.099,4.935136,0.4446,5.762,ok
hd05_013,living+kitchen+bedroom+bedroom+bathroom+bathroom+hallway,plausible,7,pavage,16,0.00,False,True,7,0.4113,False,88,1.714,0.3461,0.0000,2,11.099,4.935136,0.4446,6.159,ok
hd05_013,living+kitchen+bedroom+bedroom+bathroom+bathroom+hallway,plausible,7,pavage,16,0.25,False,True,7,0.4113,False,88,1.714,0.3461,0.0000,2,11.099,4.935136,0.4446,5.520,ok
hd05_013,living+kitchen+bedroom+bedroom+bathroom+bathroom+hallway,plausible,7,pavage,16,1.00,False,True,7,1.0000,True,88,1.714,0.3461,0.0000,2,11.099,4.935136,0.4446,5.932,ok
hd05_013,living+kitchen+bedroom+bedroom+bathroom+bathroom+hallway,plausible,7,pavage,16,1.80,False,True,7,1.8000,True,88,1.714,0.3461,0.0000,2,11.099,4.935136,0.4446,5.535,ok
hd05_014,living+kitchen+bedroom+bedroom+bathroom+bathroom+hallway,plausible,7,base,,0.50,False,False,,,,72,1.429,0.3436,0.0000,3,10.879,,,3.760,invariant_viole
hd05_014,living+kitchen+bedroom+bedroom+bathroom+bathroom+hallway,plausible,7,pavage,0,0.50,False,False,,,,72,1.429,0.3436,0.0000,3,10.879,,,1.496,trame
hd05_014,living+kitchen+bedroom+bedroom+bathroom+bathroom+hallway,plausible,7,pavage,4,0.50,False,False,,,,72,1.429,0.3436,0.0000,3,10.879,,,1.743,trame
hd05_014,living+kitchen+bedroom+bedroom+bathroom+bathroom+hallway,plausible,7,pavage,8,0.50,False,False,,,,72,1.429,0.3436,0.0000,3,10.879,,,2.076,trame
hd05_014,living+kitchen+bedroom+bedroom+bathroom+bathroom+hallway,plausible,7,pavage,16,0.50,False,False,,,,72,1.429,0.3436,0.0000,3,10.879,,,5.620,infaisable
hd05_014,living+kitchen+bedroom+bedroom+bathroom+bathroom+hallway,plausible,7,pavage,16,0.00,False,False,,,,72,1.429,0.3436,0.0000,3,10.879,,,9.332,infaisable
hd05_014,living+kitchen+bedroom+bedroom+bathroom+bathroom+hallway,plausible,7,pavage,16,0.25,False,False,,,,72,1.429,0.3436,0.0000,3,10.879,,,9.007,infaisable
hd05_014,living+kitchen+bedroom+bedroom+bathroom+bathroom+hallway,plausible,7,pavage,16,1.00,False,False,,,,72,1.429,0.3436,0.0000,3,10.879,,,7.509,infaisable
hd05_014,living+kitchen+bedroom+bedroom+bathroom+bathroom+hallway,plausible,7,pavage,16,1.80,False,False,,,,72,1.429,0.3436,0.0000,3,10.879,,,6.028,infaisable
hd05_015,living+kitchen+bedroom+bedroom+bathroom+bathroom+hallway,plausible,7,base,,0.50,False,False,,,,99,2.286,0.1080,0.0000,1,10.548,,,3.938,invariant_viole
hd05_015,living+kitchen+bedroom+bedroom+bathroom+bathroom+hallway,plausible,7,pavage,0,0.50,False,False,,,,99,2.286,0.1080,0.0000,1,10.548,,,1.108,trame
hd05_015,living+kitchen+bedroom+bedroom+bathroom+bathroom+hallway,plausible,7,pavage,4,0.50,False,False,,,,99,2.286,0.1080,0.0000,1,10.548,,,1.235,trame
hd05_015,living+kitchen+bedroom+bedroom+bathroom+bathroom+hallway,plausible,7,pavage,8,0.50,False,False,,,,99,2.286,0.1080,0.0000,1,10.548,,,1.460,trame
hd05_015,living+kitchen+bedroom+bedroom+bathroom+bathroom+hallway,plausible,7,pavage,16,0.50,False,False,,,,99,2.286,0.1080,0.0000,1,10.548,,,1.578,trame
hd05_015,living+kitchen+bedroom+bedroom+bathroom+bathroom+hallway,plausible,7,pavage,16,0.00,False,False,,,,99,2.286,0.1080,0.0000,1,10.548,,,1.592,trame
hd05_015,living+kitchen+bedroom+bedroom+bathroom+bathroom+hallway,plausible,7,pavage,16,0.25,False,False,,,,99,2.286,0.1080,0.0000,1,10.548,,,1.493,trame
hd05_015,living+kitchen+bedroom+bedroom+bathroom+bathroom+hallway,plausible,7,pavage,16,1.00,False,False,,,,99,2.286,0.1080,0.0000,1,10.548,,,1.725,trame
hd05_015,living+kitchen+bedroom+bedroom+bathroom+bathroom+hallway,plausible,7,pavage,16,1.80,False,False,,,,99,2.286,0.1080,0.0000,1,10.548,,,1.976,trame
hd05_016,living+kitchen+bedroom+bedroom+bathroom+bathroom+hallway,plausible,7,base,,0.50,False,False,,,,63,1.714,0.1425,0.0003,3,10.609,,,2.998,invariant_viole
hd05_016,living+kitchen+bedroom+bedroom+bathroom+bathroom+hallway,plausible,7,pavage,0,0.50,False,False,,,,63,1.714,0.1425,0.0003,3,10.609,,,0.732,trame
hd05_016,living+kitchen+bedroom+bedroom+bathroom+bathroom+hallway,plausible,7,pavage,4,0.50,False,False,,,,63,1.714,0.1425,0.0003,3,10.609,,,1.310,trame
hd05_016,living+kitchen+bedroom+bedroom+bathroom+bathroom+hallway,plausible,7,pavage,8,0.50,False,True,7,0.6580,True,63,1.714,0.1425,0.0003,3,10.609,1.645045,0.1551,4.178,ok
hd05_016,living+kitchen+bedroom+bedroom+bathroom+bathroom+hallway,plausible,7,pavage,16,0.50,False,True,7,0.6580,True,63,1.714,0.1425,0.0003,3,10.609,1.645045,0.1551,4.456,ok
hd05_016,living+kitchen+bedroom+bedroom+bathroom+bathroom+hallway,plausible,7,pavage,16,0.00,False,True,7,0.6580,True,63,1.714,0.1425,0.0003,3,10.609,1.645045,0.1551,4.384,ok
hd05_016,living+kitchen+bedroom+bedroom+bathroom+bathroom+hallway,plausible,7,pavage,16,0.25,False,True,7,0.6580,True,63,1.714,0.1425,0.0003,3,10.609,1.645045,0.1551,4.133,ok
hd05_016,living+kitchen+bedroom+bedroom+bathroom+bathroom+hallway,plausible,7,pavage,16,1.00,False,True,7,1.0000,True,63,1.714,0.1425,0.0003,3,10.609,1.645045,0.1551,4.486,ok
hd05_016,living+kitchen+bedroom+bedroom+bathroom+bathroom+hallway,plausible,7,pavage,16,1.80,False,True,7,1.8000,True,63,1.714,0.1425,0.0003,3,10.609,2.723875,0.2567,4.694,ok
hd05_017,living+kitchen+bedroom+bedroom+bathroom+bathroom+hallway,plausible,7,base,,0.50,False,False,,,,70,1.429,0.3021,0.0000,3,9.552,,,3.291,invariant_viole
hd05_017,living+kitchen+bedroom+bedroom+bathroom+bathroom+hallway,plausible,7,pavage,0,0.50,False,False,,,,70,1.429,0.3021,0.0000,3,9.552,,,0.855,trame
hd05_017,living+kitchen+bedroom+bedroom+bathroom+bathroom+hallway,plausible,7,pavage,4,0.50,False,False,,,,70,1.429,0.3021,0.0000,3,9.552,,,1.061,trame
hd05_017,living+kitchen+bedroom+bedroom+bathroom+bathroom+hallway,plausible,7,pavage,8,0.50,False,False,,,,70,1.429,0.3021,0.0000,3,9.552,,,1.055,trame
hd05_017,living+kitchen+bedroom+bedroom+bathroom+bathroom+hallway,plausible,7,pavage,16,0.50,False,False,,,,70,1.429,0.3021,0.0000,3,9.552,,,1.238,trame
hd05_017,living+kitchen+bedroom+bedroom+bathroom+bathroom+hallway,plausible,7,pavage,16,0.00,False,False,,,,70,1.429,0.3021,0.0000,3,9.552,,,1.694,trame
hd05_017,living+kitchen+bedroom+bedroom+bathroom+bathroom+hallway,plausible,7,pavage,16,0.25,False,False,,,,70,1.429,0.3021,0.0000,3,9.552,,,1.338,trame
hd05_017,living+kitchen+bedroom+bedroom+bathroom+bathroom+hallway,plausible,7,pavage,16,1.00,False,False,,,,70,1.429,0.3021,0.0000,3,9.552,,,1.143,trame
hd05_017,living+kitchen+bedroom+bedroom+bathroom+bathroom+hallway,plausible,7,pavage,16,1.80,False,False,,,,70,1.429,0.3021,0.0000,3,9.552,,,1.083,trame
hd05_018,living+kitchen+bedroom+bedroom+bathroom+bathroom+hallway,plausible,7,base,,0.50,False,False,,,,72,2.286,0.1464,0.0000,2,9.782,,,2.859,invariant_viole
hd05_018,living+kitchen+bedroom+bedroom+bathroom+bathroom+hallway,plausible,7,pavage,0,0.50,False,False,,,,72,2.286,0.1464,0.0000,2,9.782,,,0.751,trame
hd05_018,living+kitchen+bedroom+bedroom+bathroom+bathroom+hallway,plausible,7,pavage,4,0.50,False,False,,,,72,2.286,0.1464,0.0000,2,9.782,,,1.150,trame
hd05_018,living+kitchen+bedroom+bedroom+bathroom+bathroom+hallway,plausible,7,pavage,8,0.50,False,False,,,,72,2.286,0.1464,0.0000,2,9.782,,,1.516,trame
hd05_018,living+kitchen+bedroom+bedroom+bathroom+bathroom+hallway,plausible,7,pavage,16,0.50,False,False,,,,72,2.286,0.1464,0.0000,2,9.782,,,5.741,infaisable
hd05_018,living+kitchen+bedroom+bedroom+bathroom+bathroom+hallway,plausible,7,pavage,16,0.00,False,True,7,0.0000,False,72,2.286,0.1464,0.0000,2,9.782,2.220811,0.2270,5.006,ok
hd05_018,living+kitchen+bedroom+bedroom+bathroom+bathroom+hallway,plausible,7,pavage,16,0.25,False,False,,,,72,2.286,0.1464,0.0000,2,9.782,,,5.435,infaisable
hd05_018,living+kitchen+bedroom+bedroom+bathroom+bathroom+hallway,plausible,7,pavage,16,1.00,False,False,,,,72,2.286,0.1464,0.0000,2,9.782,,,5.819,infaisable
hd05_018,living+kitchen+bedroom+bedroom+bathroom+bathroom+hallway,plausible,7,pavage,16,1.80,False,False,,,,72,2.286,0.1464,0.0000,2,9.782,,,5.413,infaisable
hd05_019,living+kitchen+bedroom+bedroom+bathroom+bathroom+hallway,plausible,7,base,,0.50,False,False,,,,70,2.000,0.2516,0.0000,3,10.249,,,3.424,invariant_viole
hd05_019,living+kitchen+bedroom+bedroom+bathroom+bathroom+hallway,plausible,7,pavage,0,0.50,False,False,,,,70,2.000,0.2516,0.0000,3,10.249,,,0.803,trame
hd05_019,living+kitchen+bedroom+bedroom+bathroom+bathroom+hallway,plausible,7,pavage,4,0.50,False,False,,,,70,2.000,0.2516,0.0000,3,10.249,,,1.299,trame
hd05_019,living+kitchen+bedroom+bedroom+bathroom+bathroom+hallway,plausible,7,pavage,8,0.50,False,False,,,,70,2.000,0.2516,0.0000,3,10.249,,,6.274,infaisable
hd05_019,living+kitchen+bedroom+bedroom+bathroom+bathroom+hallway,plausible,7,pavage,16,0.50,False,False,,,,70,2.000,0.2516,0.0000,3,10.249,,,4.481,infaisable
hd05_019,living+kitchen+bedroom+bedroom+bathroom+bathroom+hallway,plausible,7,pavage,16,0.00,False,True,7,0.0000,False,70,2.000,0.2516,0.0000,3,10.249,6.251173,0.6100,4.241,ok
hd05_019,living+kitchen+bedroom+bedroom+bathroom+bathroom+hallway,plausible,7,pavage,16,0.25,False,False,,,,70,2.000,0.2516,0.0000,3,10.249,,,4.550,infaisable
hd05_019,living+kitchen+bedroom+bedroom+bathroom+bathroom+hallway,plausible,7,pavage,16,1.00,False,False,,,,70,2.000,0.2516,0.0000,3,10.249,,,4.307,infaisable
hd05_019,living+kitchen+bedroom+bedroom+bathroom+bathroom+hallway,plausible,7,pavage,16,1.80,False,False,,,,70,2.000,0.2516,0.0000,3,10.249,,,4.767,infaisable
hd05_020,living+kitchen+bedroom+bedroom+bathroom+bathroom+hallway,plausible,7,base,,0.50,False,False,,,,120,2.571,0.4261,0.0000,1,11.080,,,3.056,invariant_viole
hd05_020,living+kitchen+bedroom+bedroom+bathroom+bathroom+hallway,plausible,7,pavage,0,0.50,False,False,,,,120,2.571,0.4261,0.0000,1,11.080,,,0.854,trame
hd05_020,living+kitchen+bedroom+bedroom+bathroom+bathroom+hallway,plausible,7,pavage,4,0.50,False,False,,,,120,2.571,0.4261,0.0000,1,11.080,,,1.390,trame
hd05_020,living+kitchen+bedroom+bedroom+bathroom+bathroom+hallway,plausible,7,pavage,8,0.50,False,False,,,,120,2.571,0.4261,0.0000,1,11.080,,,4.771,infaisable
hd05_020,living+kitchen+bedroom+bedroom+bathroom+bathroom+hallway,plausible,7,pavage,16,0.50,False,False,,,,120,2.571,0.4261,0.0000,1,11.080,,,6.299,infaisable
hd05_020,living+kitchen+bedroom+bedroom+bathroom+bathroom+hallway,plausible,7,pavage,16,0.00,False,True,7,0.0000,False,120,2.571,0.4261,0.0000,1,11.080,7.238200,0.6533,4.672,ok
hd05_020,living+kitchen+bedroom+bedroom+bathroom+bathroom+hallway,plausible,7,pavage,16,0.25,False,False,,,,120,2.571,0.4261,0.0000,1,11.080,,,5.116,infaisable
hd05_020,living+kitchen+bedroom+bedroom+bathroom+bathroom+hallway,plausible,7,pavage,16,1.00,False,False,,,,120,2.571,0.4261,0.0000,1,11.080,,,6.458,infaisable
hd05_020,living+kitchen+bedroom+bedroom+bathroom+bathroom+hallway,plausible,7,pavage,16,1.80,False,False,,,,120,2.571,0.4261,0.0000,1,11.080,,,5.270,infaisable
hd05_021,living+kitchen+bedroom+bedroom+bathroom+bathroom+hallway,plausible,7,base,,0.50,False,False,,,,56,2.286,0.1374,0.0000,1,10.548,,,3.479,invariant_viole
hd05_021,living+kitchen+bedroom+bedroom+bathroom+bathroom+hallway,plausible,7,pavage,0,0.50,False,False,,,,56,2.286,0.1374,0.0000,1,10.548,,,0.833,trame
hd05_021,living+kitchen+bedroom+bedroom+bathroom+bathroom+hallway,plausible,7,pavage,4,0.50,False,False,,,,56,2.286,0.1374,0.0000,1,10.548,,,1.112,trame
hd05_021,living+kitchen+bedroom+bedroom+bathroom+bathroom+hallway,plausible,7,pavage,8,0.50,False,False,,,,56,2.286,0.1374,0.0000,1,10.548,,,1.371,trame
hd05_021,living+kitchen+bedroom+bedroom+bathroom+bathroom+hallway,plausible,7,pavage,16,0.50,False,False,,,,56,2.286,0.1374,0.0000,1,10.548,,,1.256,trame
hd05_021,living+kitchen+bedroom+bedroom+bathroom+bathroom+hallway,plausible,7,pavage,16,0.00,False,False,,,,56,2.286,0.1374,0.0000,1,10.548,,,1.636,trame
hd05_021,living+kitchen+bedroom+bedroom+bathroom+bathroom+hallway,plausible,7,pavage,16,0.25,False,False,,,,56,2.286,0.1374,0.0000,1,10.548,,,1.394,trame
hd05_021,living+kitchen+bedroom+bedroom+bathroom+bathroom+hallway,plausible,7,pavage,16,1.00,False,False,,,,56,2.286,0.1374,0.0000,1,10.548,,,1.267,trame
hd05_021,living+kitchen+bedroom+bedroom+bathroom+bathroom+hallway,plausible,7,pavage,16,1.80,False,False,,,,56,2.286,0.1374,0.0000,1,10.548,,,1.189,trame
hd05_022,living+kitchen+bedroom+bedroom+bathroom+bathroom+hallway,plausible,7,base,,0.50,False,False,,,,81,2.286,0.3710,0.0000,2,10.863,,,3.962,invariant_viole
hd05_022,living+kitchen+bedroom+bedroom+bathroom+bathroom+hallway,plausible,7,pavage,0,0.50,False,False,,,,81,2.286,0.3710,0.0000,2,10.863,,,1.268,trame
hd05_022,living+kitchen+bedroom+bedroom+bathroom+bathroom+hallway,plausible,7,pavage,4,0.50,False,False,,,,81,2.286,0.3710,0.0000,2,10.863,,,1.156,trame
hd05_022,living+kitchen+bedroom+bedroom+bathroom+bathroom+hallway,plausible,7,pavage,8,0.50,False,False,,,,81,2.286,0.3710,0.0000,2,10.863,,,7.417,infaisable
hd05_022,living+kitchen+bedroom+bedroom+bathroom+bathroom+hallway,plausible,7,pavage,16,0.50,False,False,,,,81,2.286,0.3710,0.0000,2,10.863,,,8.673,infaisable
hd05_022,living+kitchen+bedroom+bedroom+bathroom+bathroom+hallway,plausible,7,pavage,16,0.00,False,False,,,,81,2.286,0.3710,0.0000,2,10.863,,,5.570,infaisable
hd05_022,living+kitchen+bedroom+bedroom+bathroom+bathroom+hallway,plausible,7,pavage,16,0.25,False,False,,,,81,2.286,0.3710,0.0000,2,10.863,,,5.412,infaisable
hd05_022,living+kitchen+bedroom+bedroom+bathroom+bathroom+hallway,plausible,7,pavage,16,1.00,False,False,,,,81,2.286,0.3710,0.0000,2,10.863,,,4.717,infaisable
hd05_022,living+kitchen+bedroom+bedroom+bathroom+bathroom+hallway,plausible,7,pavage,16,1.80,False,False,,,,81,2.286,0.3710,0.0000,2,10.863,,,4.418,infaisable
hd05_023,living+kitchen+bedroom+bedroom+bathroom+bathroom+hallway,plausible,7,base,,0.50,False,False,,,,42,3.429,0.0094,0.0000,1,9.452,,,3.119,invariant_viole
hd05_023,living+kitchen+bedroom+bedroom+bathroom+bathroom+hallway,plausible,7,pavage,0,0.50,False,False,,,,42,3.429,0.0094,0.0000,1,9.452,,,0.751,trame
hd05_023,living+kitchen+bedroom+bedroom+bathroom+bathroom+hallway,plausible,7,pavage,4,0.50,False,False,,,,42,3.429,0.0094,0.0000,1,9.452,,,1.192,trame
hd05_023,living+kitchen+bedroom+bedroom+bathroom+bathroom+hallway,plausible,7,pavage,8,0.50,False,False,,,,42,3.429,0.0094,0.0000,1,9.452,,,1.484,trame
hd05_023,living+kitchen+bedroom+bedroom+bathroom+bathroom+hallway,plausible,7,pavage,16,0.50,False,True,7,0.5000,True,42,3.429,0.0094,0.0000,1,9.452,3.694866,0.3909,4.366,ok
hd05_023,living+kitchen+bedroom+bedroom+bathroom+bathroom+hallway,plausible,7,pavage,16,0.00,False,True,7,0.0000,False,42,3.429,0.0094,0.0000,1,9.452,4.194866,0.4438,4.304,ok
hd05_023,living+kitchen+bedroom+bedroom+bathroom+bathroom+hallway,plausible,7,pavage,16,0.25,False,True,7,0.2500,False,42,3.429,0.0094,0.0000,1,9.452,3.944866,0.4174,5.954,ok
hd05_023,living+kitchen+bedroom+bedroom+bathroom+bathroom+hallway,plausible,7,pavage,16,1.00,False,True,7,1.0000,True,42,3.429,0.0094,0.0000,1,9.452,3.194866,0.3380,4.415,ok
hd05_023,living+kitchen+bedroom+bedroom+bathroom+bathroom+hallway,plausible,7,pavage,16,1.80,False,True,7,1.8000,True,42,3.429,0.0094,0.0000,1,9.452,2.394866,0.2534,4.456,ok
hd05_024,living+kitchen+bedroom+bedroom+bathroom+bathroom+hallway,plausible,7,base,,0.50,False,False,,,,108,1.429,0.4048,0.0000,2,9.851,,,3.307,invariant_viole
hd05_024,living+kitchen+bedroom+bedroom+bathroom+bathroom+hallway,plausible,7,pavage,0,0.50,False,False,,,,108,1.429,0.4048,0.0000,2,9.851,,,0.816,trame
hd05_024,living+kitchen+bedroom+bedroom+bathroom+bathroom+hallway,plausible,7,pavage,4,0.50,False,False,,,,108,1.429,0.4048,0.0000,2,9.851,,,1.383,trame
hd05_024,living+kitchen+bedroom+bedroom+bathroom+bathroom+hallway,plausible,7,pavage,8,0.50,False,False,,,,108,1.429,0.4048,0.0000,2,9.851,,,1.418,trame
hd05_024,living+kitchen+bedroom+bedroom+bathroom+bathroom+hallway,plausible,7,pavage,16,0.50,False,False,,,,108,1.429,0.4048,0.0000,2,9.851,,,1.440,trame
hd05_024,living+kitchen+bedroom+bedroom+bathroom+bathroom+hallway,plausible,7,pavage,16,0.00,False,False,,,,108,1.429,0.4048,0.0000,2,9.851,,,1.402,trame
hd05_024,living+kitchen+bedroom+bedroom+bathroom+bathroom+hallway,plausible,7,pavage,16,0.25,False,False,,,,108,1.429,0.4048,0.0000,2,9.851,,,1.439,trame
hd05_024,living+kitchen+bedroom+bedroom+bathroom+bathroom+hallway,plausible,7,pavage,16,1.00,False,False,,,,108,1.429,0.4048,0.0000,2,9.851,,,1.392,trame
hd05_024,living+kitchen+bedroom+bedroom+bathroom+bathroom+hallway,plausible,7,pavage,16,1.80,False,False,,,,108,1.429,0.4048,0.0000,2,9.851,,,1.396,trame
hd05_025,living+kitchen+bedroom+bedroom+bathroom+bathroom+hallway,plausible,7,base,,0.50,False,False,,,,100,1.714,0.4416,0.0000,3,10.614,,,2.622,invariant_viole
hd05_025,living+kitchen+bedroom+bedroom+bathroom+bathroom+hallway,plausible,7,pavage,0,0.50,False,False,,,,100,1.714,0.4416,0.0000,3,10.614,,,0.749,trame
hd05_025,living+kitchen+bedroom+bedroom+bathroom+bathroom+hallway,plausible,7,pavage,4,0.50,False,False,,,,100,1.714,0.4416,0.0000,3,10.614,,,1.171,trame
hd05_025,living+kitchen+bedroom+bedroom+bathroom+bathroom+hallway,plausible,7,pavage,8,0.50,False,False,,,,100,1.714,0.4416,0.0000,3,10.614,,,1.842,trame
hd05_025,living+kitchen+bedroom+bedroom+bathroom+bathroom+hallway,plausible,7,pavage,16,0.50,False,False,,,,100,1.714,0.4416,0.0000,3,10.614,,,6.153,infaisable
hd05_025,living+kitchen+bedroom+bedroom+bathroom+bathroom+hallway,plausible,7,pavage,16,0.00,False,True,7,0.0000,False,100,1.714,0.4416,0.0000,3,10.614,4.606127,0.4340,5.527,ok
hd05_025,living+kitchen+bedroom+bedroom+bathroom+bathroom+hallway,plausible,7,pavage,16,0.25,False,False,,,,100,1.714,0.4416,0.0000,3,10.614,,,5.780,infaisable
hd05_025,living+kitchen+bedroom+bedroom+bathroom+bathroom+hallway,plausible,7,pavage,16,1.00,False,False,,,,100,1.714,0.4416,0.0000,3,10.614,,,5.751,infaisable
hd05_025,living+kitchen+bedroom+bedroom+bathroom+bathroom+hallway,plausible,7,pavage,16,1.80,False,False,,,,100,1.714,0.4416,0.0000,3,10.614,,,6.849,infaisable
hd05_026,living+kitchen+bedroom+bedroom+bathroom+bathroom+hallway,plausible,7,base,,0.50,False,False,,,,72,2.000,0.2288,0.0000,1,10.425,,,4.445,invariant_viole
hd05_026,living+kitchen+bedroom+bedroom+bathroom+bathroom+hallway,plausible,7,pavage,0,0.50,False,False,,,,72,2.000,0.2288,0.0000,1,10.425,,,1.015,trame
hd05_026,living+kitchen+bedroom+bedroom+bathroom+bathroom+hallway,plausible,7,pavage,4,0.50,False,False,,,,72,2.000,0.2288,0.0000,1,10.425,,,5.917,infaisable
hd05_026,living+kitchen+bedroom+bedroom+bathroom+bathroom+hallway,plausible,7,pavage,8,0.50,False,False,,,,72,2.000,0.2288,0.0000,1,10.425,,,4.694,infaisable
hd05_026,living+kitchen+bedroom+bedroom+bathroom+bathroom+hallway,plausible,7,pavage,16,0.50,False,False,,,,72,2.000,0.2288,0.0000,1,10.425,,,4.414,infaisable
hd05_026,living+kitchen+bedroom+bedroom+bathroom+bathroom+hallway,plausible,7,pavage,16,0.00,False,True,7,0.0000,False,72,2.000,0.2288,0.0000,1,10.425,4.606127,0.4418,5.124,ok
hd05_026,living+kitchen+bedroom+bedroom+bathroom+bathroom+hallway,plausible,7,pavage,16,0.25,False,False,,,,72,2.000,0.2288,0.0000,1,10.425,,,4.913,infaisable
hd05_026,living+kitchen+bedroom+bedroom+bathroom+bathroom+hallway,plausible,7,pavage,16,1.00,False,False,,,,72,2.000,0.2288,0.0000,1,10.425,,,4.214,infaisable
hd05_026,living+kitchen+bedroom+bedroom+bathroom+bathroom+hallway,plausible,7,pavage,16,1.80,False,False,,,,72,2.000,0.2288,0.0000,1,10.425,,,4.624,infaisable
hd05_027,living+kitchen+bedroom+bedroom+bathroom+bathroom+hallway,plausible,7,base,,0.50,False,False,,,,90,1.714,0.3199,0.0000,3,12.732,,,2.814,invariant_viole
hd05_027,living+kitchen+bedroom+bedroom+bathroom+bathroom+hallway,plausible,7,pavage,0,0.50,False,False,,,,90,1.714,0.3199,0.0000,3,12.732,,,0.771,trame
hd05_027,living+kitchen+bedroom+bedroom+bathroom+bathroom+hallway,plausible,7,pavage,4,0.50,False,False,,,,90,1.714,0.3199,0.0000,3,12.732,,,1.112,trame
hd05_027,living+kitchen+bedroom+bedroom+bathroom+bathroom+hallway,plausible,7,pavage,8,0.50,False,False,,,,90,1.714,0.3199,0.0000,3,12.732,,,4.539,infaisable
hd05_027,living+kitchen+bedroom+bedroom+bathroom+bathroom+hallway,plausible,7,pavage,16,0.50,False,False,,,,90,1.714,0.3199,0.0000,3,12.732,,,5.469,infaisable
hd05_027,living+kitchen+bedroom+bedroom+bathroom+bathroom+hallway,plausible,7,pavage,16,0.00,False,True,7,0.0000,False,90,1.714,0.3199,0.0000,3,12.732,6.251173,0.4910,4.623,ok
hd05_027,living+kitchen+bedroom+bedroom+bathroom+bathroom+hallway,plausible,7,pavage,16,0.25,False,False,,,,90,1.714,0.3199,0.0000,3,12.732,,,5.374,infaisable
hd05_027,living+kitchen+bedroom+bedroom+bathroom+bathroom+hallway,plausible,7,pavage,16,1.00,False,False,,,,90,1.714,0.3199,0.0000,3,12.732,,,6.354,infaisable
hd05_027,living+kitchen+bedroom+bedroom+bathroom+bathroom+hallway,plausible,7,pavage,16,1.80,False,False,,,,90,1.714,0.3199,0.0000,3,12.732,,,5.077,infaisable
hd05_028,living+kitchen+bedroom+bedroom+bathroom+bathroom+hallway,plausible,7,base,,0.50,False,False,,,,64,1.714,0.1262,0.0000,2,9.587,,,3.720,invariant_viole
hd05_028,living+kitchen+bedroom+bedroom+bathroom+bathroom+hallway,plausible,7,pavage,0,0.50,False,False,,,,64,1.714,0.1262,0.0000,2,9.587,,,1.084,trame
hd05_028,living+kitchen+bedroom+bedroom+bathroom+bathroom+hallway,plausible,7,pavage,4,0.50,False,False,,,,64,1.714,0.1262,0.0000,2,9.587,,,1.070,trame
hd05_028,living+kitchen+bedroom+bedroom+bathroom+bathroom+hallway,plausible,7,pavage,8,0.50,False,False,,,,64,1.714,0.1262,0.0000,2,9.587,,,1.389,trame
hd05_028,living+kitchen+bedroom+bedroom+bathroom+bathroom+hallway,plausible,7,pavage,16,0.50,False,False,,,,64,1.714,0.1262,0.0000,2,9.587,,,4.557,infaisable
hd05_028,living+kitchen+bedroom+bedroom+bathroom+bathroom+hallway,plausible,7,pavage,16,0.00,False,True,7,0.0000,False,64,1.714,0.1262,0.0000,2,9.587,7.238200,0.7550,4.295,ok
hd05_028,living+kitchen+bedroom+bedroom+bathroom+bathroom+hallway,plausible,7,pavage,16,0.25,False,False,,,,64,1.714,0.1262,0.0000,2,9.587,,,5.650,infaisable
hd05_028,living+kitchen+bedroom+bedroom+bathroom+bathroom+hallway,plausible,7,pavage,16,1.00,False,False,,,,64,1.714,0.1262,0.0000,2,9.587,,,4.475,infaisable
hd05_028,living+kitchen+bedroom+bedroom+bathroom+bathroom+hallway,plausible,7,pavage,16,1.80,False,False,,,,64,1.714,0.1262,0.0000,2,9.587,,,4.341,infaisable
hd05_029,living+kitchen+bedroom+bedroom+bathroom+bathroom+hallway,plausible,7,base,,0.50,False,False,,,,81,2.000,0.4326,0.0000,2,12.270,,,3.915,invariant_viole
hd05_029,living+kitchen+bedroom+bedroom+bathroom+bathroom+hallway,plausible,7,pavage,0,0.50,False,False,,,,81,2.000,0.4326,0.0000,2,12.270,,,1.108,trame
hd05_029,living+kitchen+bedroom+bedroom+bathroom+bathroom+hallway,plausible,7,pavage,4,0.50,False,False,,,,81,2.000,0.4326,0.0000,2,12.270,,,1.261,trame
hd05_029,living+kitchen+bedroom+bedroom+bathroom+bathroom+hallway,plausible,7,pavage,8,0.50,False,False,,,,81,2.000,0.4326,0.0000,2,12.270,,,3.385,trame
hd05_029,living+kitchen+bedroom+bedroom+bathroom+bathroom+hallway,plausible,7,pavage,16,0.50,False,False,,,,81,2.000,0.4326,0.0000,2,12.270,,,2.159,trame
hd05_029,living+kitchen+bedroom+bedroom+bathroom+bathroom+hallway,plausible,7,pavage,16,0.00,False,False,,,,81,2.000,0.4326,0.0000,2,12.270,,,1.851,trame
hd05_029,living+kitchen+bedroom+bedroom+bathroom+bathroom+hallway,plausible,7,pavage,16,0.25,False,False,,,,81,2.000,0.4326,0.0000,2,12.270,,,1.755,trame
hd05_029,living+kitchen+bedroom+bedroom+bathroom+bathroom+hallway,plausible,7,pavage,16,1.00,False,False,,,,81,2.000,0.4326,0.0000,2,12.270,,,3.007,trame
hd05_029,living+kitchen+bedroom+bedroom+bathroom+bathroom+hallway,plausible,7,pavage,16,1.80,False,False,,,,81,2.000,0.4326,0.0000,2,12.270,,,1.893,trame
hd05_030,living+kitchen+bedroom+bedroom+bathroom+bathroom+hallway,plausible,7,base,,0.50,False,False,,,,72,2.571,0.1142,0.0000,2,10.032,,,3.343,invariant_viole
hd05_030,living+kitchen+bedroom+bedroom+bathroom+bathroom+hallway,plausible,7,pavage,0,0.50,False,False,,,,72,2.571,0.1142,0.0000,2,10.032,,,0.794,trame
hd05_030,living+kitchen+bedroom+bedroom+bathroom+bathroom+hallway,plausible,7,pavage,4,0.50,False,False,,,,72,2.571,0.1142,0.0000,2,10.032,,,1.120,trame
hd05_030,living+kitchen+bedroom+bedroom+bathroom+bathroom+hallway,plausible,7,pavage,8,0.50,False,False,,,,72,2.571,0.1142,0.0000,2,10.032,,,5.427,infaisable
hd05_030,living+kitchen+bedroom+bedroom+bathroom+bathroom+hallway,plausible,7,pavage,16,0.50,False,False,,,,72,2.571,0.1142,0.0000,2,10.032,,,4.328,infaisable
hd05_030,living+kitchen+bedroom+bedroom+bathroom+bathroom+hallway,plausible,7,pavage,16,0.00,False,True,7,0.0000,False,72,2.571,0.1142,0.0000,2,10.032,6.580182,0.6559,4.002,ok
hd05_030,living+kitchen+bedroom+bedroom+bathroom+bathroom+hallway,plausible,7,pavage,16,0.25,False,False,,,,72,2.571,0.1142,0.0000,2,10.032,,,4.253,infaisable
hd05_030,living+kitchen+bedroom+bedroom+bathroom+bathroom+hallway,plausible,7,pavage,16,1.00,False,False,,,,72,2.571,0.1142,0.0000,2,10.032,,,4.568,infaisable
hd05_030,living+kitchen+bedroom+bedroom+bathroom+bathroom+hallway,plausible,7,pavage,16,1.80,False,False,,,,72,2.571,0.1142,0.0000,2,10.032,,,4.383,infaisable
hd05_031,living+kitchen+bedroom+bedroom+bathroom+bathroom+hallway,plausible,7,base,,0.50,False,False,,,,70,1.714,0.0655,0.0000,3,11.255,,,2.586,invariant_viole
hd05_031,living+kitchen+bedroom+bedroom+bathroom+bathroom+hallway,plausible,7,pavage,0,0.50,False,False,,,,70,1.714,0.0655,0.0000,3,11.255,,,0.757,trame
hd05_031,living+kitchen+bedroom+bedroom+bathroom+bathroom+hallway,plausible,7,pavage,4,0.50,False,False,,,,70,1.714,0.0655,0.0000,3,11.255,,,1.094,trame
hd05_031,living+kitchen+bedroom+bedroom+bathroom+bathroom+hallway,plausible,7,pavage,8,0.50,False,False,,,,70,1.714,0.0655,0.0000,3,11.255,,,1.631,trame
hd05_031,living+kitchen+bedroom+bedroom+bathroom+bathroom+hallway,plausible,7,pavage,16,0.50,False,False,,,,70,1.714,0.0655,0.0000,3,11.255,,,1.345,trame
hd05_031,living+kitchen+bedroom+bedroom+bathroom+bathroom+hallway,plausible,7,pavage,16,0.00,False,False,,,,70,1.714,0.0655,0.0000,3,11.255,,,1.297,trame
hd05_031,living+kitchen+bedroom+bedroom+bathroom+bathroom+hallway,plausible,7,pavage,16,0.25,False,False,,,,70,1.714,0.0655,0.0000,3,11.255,,,1.279,trame
hd05_031,living+kitchen+bedroom+bedroom+bathroom+bathroom+hallway,plausible,7,pavage,16,1.00,False,False,,,,70,1.714,0.0655,0.0000,3,11.255,,,1.292,trame
hd05_031,living+kitchen+bedroom+bedroom+bathroom+bathroom+hallway,plausible,7,pavage,16,1.80,False,False,,,,70,1.714,0.0655,0.0000,3,11.255,,,1.270,trame
hd05_032,living+kitchen+bedroom+bedroom+bathroom+bathroom+hallway,plausible,7,base,,0.50,False,False,,,,120,2.286,0.1678,0.0000,1,9.720,,,3.144,invariant_viole
hd05_032,living+kitchen+bedroom+bedroom+bathroom+bathroom+hallway,plausible,7,pavage,0,0.50,False,False,,,,120,2.286,0.1678,0.0000,1,9.720,,,0.775,trame
hd05_032,living+kitchen+bedroom+bedroom+bathroom+bathroom+hallway,plausible,7,pavage,4,0.50,False,False,,,,120,2.286,0.1678,0.0000,1,9.720,,,1.176,trame
hd05_032,living+kitchen+bedroom+bedroom+bathroom+bathroom+hallway,plausible,7,pavage,8,0.50,False,False,,,,120,2.286,0.1678,0.0000,1,9.720,,,2.784,trame
hd05_032,living+kitchen+bedroom+bedroom+bathroom+bathroom+hallway,plausible,7,pavage,16,0.50,False,False,,,,120,2.286,0.1678,0.0000,1,9.720,,,1.748,trame
hd05_032,living+kitchen+bedroom+bedroom+bathroom+bathroom+hallway,plausible,7,pavage,16,0.00,False,False,,,,120,2.286,0.1678,0.0000,1,9.720,,,1.673,trame
hd05_032,living+kitchen+bedroom+bedroom+bathroom+bathroom+hallway,plausible,7,pavage,16,0.25,False,False,,,,120,2.286,0.1678,0.0000,1,9.720,,,1.664,trame
hd05_032,living+kitchen+bedroom+bedroom+bathroom+bathroom+hallway,plausible,7,pavage,16,1.00,False,False,,,,120,2.286,0.1678,0.0000,1,9.720,,,1.690,trame
hd05_032,living+kitchen+bedroom+bedroom+bathroom+bathroom+hallway,plausible,7,pavage,16,1.80,False,False,,,,120,2.286,0.1678,0.0000,1,9.720,,,1.655,trame
hd05_033,living+kitchen+bedroom+bedroom+bathroom+bathroom+hallway,plausible,7,base,,0.50,False,False,,,,80,2.000,0.3193,0.0000,2,11.099,,,3.495,invariant_viole
hd05_033,living+kitchen+bedroom+bedroom+bathroom+bathroom+hallway,plausible,7,pavage,0,0.50,False,False,,,,80,2.000,0.3193,0.0000,2,11.099,,,0.987,trame
hd05_033,living+kitchen+bedroom+bedroom+bathroom+bathroom+hallway,plausible,7,pavage,4,0.50,False,False,,,,80,2.000,0.3193,0.0000,2,11.099,,,1.278,trame
hd05_033,living+kitchen+bedroom+bedroom+bathroom+bathroom+hallway,plausible,7,pavage,8,0.50,False,False,,,,80,2.000,0.3193,0.0000,2,11.099,,,1.626,trame
hd05_033,living+kitchen+bedroom+bedroom+bathroom+bathroom+hallway,plausible,7,pavage,16,0.50,False,False,,,,80,2.000,0.3193,0.0000,2,11.099,,,1.613,trame
hd05_033,living+kitchen+bedroom+bedroom+bathroom+bathroom+hallway,plausible,7,pavage,16,0.00,False,False,,,,80,2.000,0.3193,0.0000,2,11.099,,,1.732,trame
hd05_033,living+kitchen+bedroom+bedroom+bathroom+bathroom+hallway,plausible,7,pavage,16,0.25,False,False,,,,80,2.000,0.3193,0.0000,2,11.099,,,1.507,trame
hd05_033,living+kitchen+bedroom+bedroom+bathroom+bathroom+hallway,plausible,7,pavage,16,1.00,False,False,,,,80,2.000,0.3193,0.0000,2,11.099,,,1.886,trame
hd05_033,living+kitchen+bedroom+bedroom+bathroom+bathroom+hallway,plausible,7,pavage,16,1.80,False,False,,,,80,2.000,0.3193,0.0000,2,11.099,,,1.930,trame
hd05_034,living+kitchen+bedroom+bedroom+bathroom+bathroom+hallway,plausible,7,base,,0.50,False,False,,,,48,1.143,0.0943,0.0000,4,9.951,,,3.422,invariant_viole
hd05_034,living+kitchen+bedroom+bedroom+bathroom+bathroom+hallway,plausible,7,pavage,0,0.50,False,False,,,,48,1.143,0.0943,0.0000,4,9.951,,,1.230,trame
hd05_034,living+kitchen+bedroom+bedroom+bathroom+bathroom+hallway,plausible,7,pavage,4,0.50,False,True,7,0.5000,True,48,1.143,0.0943,0.0000,4,9.951,1.316036,0.1322,4.342,ok
hd05_034,living+kitchen+bedroom+bedroom+bathroom+bathroom+hallway,plausible,7,pavage,8,0.50,False,True,7,0.5000,True,48,1.143,0.0943,0.0000,4,9.951,1.316036,0.1322,3.991,ok
hd05_034,living+kitchen+bedroom+bedroom+bathroom+bathroom+hallway,plausible,7,pavage,16,0.50,False,True,7,0.5000,True,48,1.143,0.0943,0.0000,4,9.951,1.316036,0.1322,4.815,ok
hd05_034,living+kitchen+bedroom+bedroom+bathroom+bathroom+hallway,plausible,7,pavage,16,0.00,False,True,7,0.0823,False,48,1.143,0.0943,0.0000,4,9.951,1.480541,0.1488,5.101,ok
hd05_034,living+kitchen+bedroom+bedroom+bathroom+bathroom+hallway,plausible,7,pavage,16,0.25,False,True,7,0.2500,False,48,1.143,0.0943,0.0000,4,9.951,1.316036,0.1322,7.655,ok
hd05_034,living+kitchen+bedroom+bedroom+bathroom+bathroom+hallway,plausible,7,pavage,16,1.00,False,True,7,1.0000,True,48,1.143,0.0943,0.0000,4,9.951,1.316036,0.1322,7.136,ok
hd05_034,living+kitchen+bedroom+bedroom+bathroom+bathroom+hallway,plausible,7,pavage,16,1.80,False,True,7,1.8000,True,48,1.143,0.0943,0.0000,4,9.951,1.800000,0.1809,4.748,ok
hd05_035,living+kitchen+bedroom+bedroom+bathroom+bathroom+hallway,plausible,7,base,,0.50,False,False,,,,64,2.286,0.0996,0.0000,2,9.886,,,4.748,invariant_viole
hd05_035,living+kitchen+bedroom+bedroom+bathroom+bathroom+hallway,plausible,7,pavage,0,0.50,False,False,,,,64,2.286,0.0996,0.0000,2,9.886,,,1.169,trame
hd05_035,living+kitchen+bedroom+bedroom+bathroom+bathroom+hallway,plausible,7,pavage,4,0.50,False,False,,,,64,2.286,0.0996,0.0000,2,9.886,,,2.462,trame
hd05_035,living+kitchen+bedroom+bedroom+bathroom+bathroom+hallway,plausible,7,pavage,8,0.50,False,False,,,,64,2.286,0.0996,0.0000,2,9.886,,,1.804,trame
hd05_035,living+kitchen+bedroom+bedroom+bathroom+bathroom+hallway,plausible,7,pavage,16,0.50,False,False,,,,64,2.286,0.0996,0.0000,2,9.886,,,1.380,trame
hd05_035,living+kitchen+bedroom+bedroom+bathroom+bathroom+hallway,plausible,7,pavage,16,0.00,False,False,,,,64,2.286,0.0996,0.0000,2,9.886,,,1.371,trame
hd05_035,living+kitchen+bedroom+bedroom+bathroom+bathroom+hallway,plausible,7,pavage,16,0.25,False,False,,,,64,2.286,0.0996,0.0000,2,9.886,,,1.340,trame
hd05_035,living+kitchen+bedroom+bedroom+bathroom+bathroom+hallway,plausible,7,pavage,16,1.00,False,False,,,,64,2.286,0.0996,0.0000,2,9.886,,,1.597,trame
hd05_035,living+kitchen+bedroom+bedroom+bathroom+bathroom+hallway,plausible,7,pavage,16,1.80,False,False,,,,64,2.286,0.0996,0.0000,2,9.886,,,1.428,trame
hd05_036,living+kitchen+bedroom+bedroom+bathroom+bathroom+hallway,plausible,7,base,,0.50,False,False,,,,80,2.857,0.1345,0.0000,1,9.787,,,3.069,invariant_viole
hd05_036,living+kitchen+bedroom+bedroom+bathroom+bathroom+hallway,plausible,7,pavage,0,0.50,False,False,,,,80,2.857,0.1345,0.0000,1,9.787,,,0.744,trame
hd05_036,living+kitchen+bedroom+bedroom+bathroom+bathroom+hallway,plausible,7,pavage,4,0.50,False,False,,,,80,2.857,0.1345,0.0000,1,9.787,,,1.133,trame
hd05_036,living+kitchen+bedroom+bedroom+bathroom+bathroom+hallway,plausible,7,pavage,8,0.50,False,False,,,,80,2.857,0.1345,0.0000,1,9.787,,,1.508,trame
hd05_036,living+kitchen+bedroom+bedroom+bathroom+bathroom+hallway,plausible,7,pavage,16,0.50,False,False,,,,80,2.857,0.1345,0.0000,1,9.787,,,4.561,infaisable
hd05_036,living+kitchen+bedroom+bedroom+bathroom+bathroom+hallway,plausible,7,pavage,16,0.00,False,True,7,0.0000,False,80,2.857,0.1345,0.0000,1,9.787,6.580182,0.6724,4.273,ok
hd05_036,living+kitchen+bedroom+bedroom+bathroom+bathroom+hallway,plausible,7,pavage,16,0.25,False,False,,,,80,2.857,0.1345,0.0000,1,9.787,,,4.583,infaisable
hd05_036,living+kitchen+bedroom+bedroom+bathroom+bathroom+hallway,plausible,7,pavage,16,1.00,False,False,,,,80,2.857,0.1345,0.0000,1,9.787,,,4.712,infaisable
hd05_036,living+kitchen+bedroom+bedroom+bathroom+bathroom+hallway,plausible,7,pavage,16,1.80,False,False,,,,80,2.857,0.1345,0.0000,1,9.787,,,7.199,infaisable
hd05_037,living+kitchen+bedroom+bedroom+bathroom+bathroom+hallway,plausible,7,base,,0.50,False,False,,,,88,1.429,0.3495,0.0000,2,11.390,,,3.114,invariant_viole
hd05_037,living+kitchen+bedroom+bedroom+bathroom+bathroom+hallway,plausible,7,pavage,0,0.50,False,False,,,,88,1.429,0.3495,0.0000,2,11.390,,,0.828,trame
hd05_037,living+kitchen+bedroom+bedroom+bathroom+bathroom+hallway,plausible,7,pavage,4,0.50,False,False,,,,88,1.429,0.3495,0.0000,2,11.390,,,1.129,trame
hd05_037,living+kitchen+bedroom+bedroom+bathroom+bathroom+hallway,plausible,7,pavage,8,0.50,False,False,,,,88,1.429,0.3495,0.0000,2,11.390,,,6.060,infaisable
hd05_037,living+kitchen+bedroom+bedroom+bathroom+bathroom+hallway,plausible,7,pavage,16,0.50,False,False,,,,88,1.429,0.3495,0.0000,2,11.390,,,4.497,infaisable
hd05_037,living+kitchen+bedroom+bedroom+bathroom+bathroom+hallway,plausible,7,pavage,16,0.00,False,False,,,,88,1.429,0.3495,0.0000,2,11.390,,,4.514,infaisable
hd05_037,living+kitchen+bedroom+bedroom+bathroom+bathroom+hallway,plausible,7,pavage,16,0.25,False,False,,,,88,1.429,0.3495,0.0000,2,11.390,,,6.966,infaisable
hd05_037,living+kitchen+bedroom+bedroom+bathroom+bathroom+hallway,plausible,7,pavage,16,1.00,False,False,,,,88,1.429,0.3495,0.0000,2,11.390,,,7.072,infaisable
hd05_037,living+kitchen+bedroom+bedroom+bathroom+bathroom+hallway,plausible,7,pavage,16,1.80,False,False,,,,88,1.429,0.3495,0.0000,2,11.390,,,5.785,infaisable
hd05_038,living+kitchen+bedroom+bedroom+bathroom+bathroom+hallway,plausible,7,base,,0.50,False,False,,,,121,2.857,0.3001,0.0000,1,10.927,,,3.034,invariant_viole
hd05_038,living+kitchen+bedroom+bedroom+bathroom+bathroom+hallway,plausible,7,pavage,0,0.50,False,False,,,,121,2.857,0.3001,0.0000,1,10.927,,,0.890,trame
hd05_038,living+kitchen+bedroom+bedroom+bathroom+bathroom+hallway,plausible,7,pavage,4,0.50,False,False,,,,121,2.857,0.3001,0.0000,1,10.927,,,1.209,trame
hd05_038,living+kitchen+bedroom+bedroom+bathroom+bathroom+hallway,plausible,7,pavage,8,0.50,False,False,,,,121,2.857,0.3001,0.0000,1,10.927,,,1.628,trame
hd05_038,living+kitchen+bedroom+bedroom+bathroom+bathroom+hallway,plausible,7,pavage,16,0.50,False,False,,,,121,2.857,0.3001,0.0000,1,10.927,,,2.005,trame
hd05_038,living+kitchen+bedroom+bedroom+bathroom+bathroom+hallway,plausible,7,pavage,16,0.00,False,False,,,,121,2.857,0.3001,0.0000,1,10.927,,,1.992,trame
hd05_038,living+kitchen+bedroom+bedroom+bathroom+bathroom+hallway,plausible,7,pavage,16,0.25,False,False,,,,121,2.857,0.3001,0.0000,1,10.927,,,3.427,trame
hd05_038,living+kitchen+bedroom+bedroom+bathroom+bathroom+hallway,plausible,7,pavage,16,1.00,False,False,,,,121,2.857,0.3001,0.0000,1,10.927,,,2.454,trame
hd05_038,living+kitchen+bedroom+bedroom+bathroom+bathroom+hallway,plausible,7,pavage,16,1.80,False,False,,,,121,2.857,0.3001,0.0000,1,10.927,,,2.010,trame
hd05_039,living+kitchen+bedroom+bedroom+bathroom+bathroom+hallway,plausible,7,base,,0.50,False,False,,,,77,2.286,0.2828,0.0000,1,9.223,,,2.682,invariant_viole
hd05_039,living+kitchen+bedroom+bedroom+bathroom+bathroom+hallway,plausible,7,pavage,0,0.50,False,False,,,,77,2.286,0.2828,0.0000,1,9.223,,,0.714,trame
hd05_039,living+kitchen+bedroom+bedroom+bathroom+bathroom+hallway,plausible,7,pavage,4,0.50,False,False,,,,77,2.286,0.2828,0.0000,1,9.223,,,1.105,trame
hd05_039,living+kitchen+bedroom+bedroom+bathroom+bathroom+hallway,plausible,7,pavage,8,0.50,False,False,,,,77,2.286,0.2828,0.0000,1,9.223,,,4.988,infaisable
hd05_039,living+kitchen+bedroom+bedroom+bathroom+bathroom+hallway,plausible,7,pavage,16,0.50,False,False,,,,77,2.286,0.2828,0.0000,1,9.223,,,4.430,infaisable
hd05_039,living+kitchen+bedroom+bedroom+bathroom+bathroom+hallway,plausible,7,pavage,16,0.00,False,True,7,0.0000,False,77,2.286,0.2828,0.0000,1,9.223,5.264145,0.5708,5.788,ok
hd05_039,living+kitchen+bedroom+bedroom+bathroom+bathroom+hallway,plausible,7,pavage,16,0.25,False,False,,,,77,2.286,0.2828,0.0000,1,9.223,,,5.701,infaisable
hd05_039,living+kitchen+bedroom+bedroom+bathroom+bathroom+hallway,plausible,7,pavage,16,1.00,False,False,,,,77,2.286,0.2828,0.0000,1,9.223,,,4.640,infaisable
hd05_039,living+kitchen+bedroom+bedroom+bathroom+bathroom+hallway,plausible,7,pavage,16,1.80,False,False,,,,77,2.286,0.2828,0.0000,1,9.223,,,4.640,infaisable
hd06_000,living+kitchen+dining+bedroom+bedroom+bathroom+hallway,plausible,7,base,,0.50,False,False,,,,60,2.000,0.1128,0.0000,2,10.938,,,3.037,invariant_viole
hd06_000,living+kitchen+dining+bedroom+bedroom+bathroom+hallway,plausible,7,pavage,0,0.50,False,False,,,,60,2.000,0.1128,0.0000,2,10.938,,,1.019,trame
hd06_000,living+kitchen+dining+bedroom+bedroom+bathroom+hallway,plausible,7,pavage,4,0.50,False,False,,,,60,2.000,0.1128,0.0000,2,10.938,,,1.196,trame
hd06_000,living+kitchen+dining+bedroom+bedroom+bathroom+hallway,plausible,7,pavage,8,0.50,False,False,,,,60,2.000,0.1128,0.0000,2,10.938,,,1.502,trame
hd06_000,living+kitchen+dining+bedroom+bedroom+bathroom+hallway,plausible,7,pavage,16,0.50,False,False,,,,60,2.000,0.1128,0.0000,2,10.938,,,1.599,trame
hd06_000,living+kitchen+dining+bedroom+bedroom+bathroom+hallway,plausible,7,pavage,16,0.00,False,False,,,,60,2.000,0.1128,0.0000,2,10.938,,,1.561,trame
hd06_000,living+kitchen+dining+bedroom+bedroom+bathroom+hallway,plausible,7,pavage,16,0.25,False,False,,,,60,2.000,0.1128,0.0000,2,10.938,,,1.539,trame
hd06_000,living+kitchen+dining+bedroom+bedroom+bathroom+hallway,plausible,7,pavage,16,1.00,False,False,,,,60,2.000,0.1128,0.0000,2,10.938,,,1.532,trame
hd06_000,living+kitchen+dining+bedroom+bedroom+bathroom+hallway,plausible,7,pavage,16,1.80,False,False,,,,60,2.000,0.1128,0.0000,2,10.938,,,1.569,trame
hd06_001,living+kitchen+dining+bedroom+bedroom+bathroom+hallway,plausible,7,base,,0.50,False,False,,,,30,1.143,0.0177,0.0000,4,9.588,,,3.050,invariant_viole
hd06_001,living+kitchen+dining+bedroom+bedroom+bathroom+hallway,plausible,7,pavage,0,0.50,False,False,,,,30,1.143,0.0177,0.0000,4,9.588,,,0.730,trame
hd06_001,living+kitchen+dining+bedroom+bedroom+bathroom+hallway,plausible,7,pavage,4,0.50,False,False,,,,30,1.143,0.0177,0.0000,4,9.588,,,0.989,trame
hd06_001,living+kitchen+dining+bedroom+bedroom+bathroom+hallway,plausible,7,pavage,8,0.50,False,False,,,,30,1.143,0.0177,0.0000,4,9.588,,,4.424,infaisable
hd06_001,living+kitchen+dining+bedroom+bedroom+bathroom+hallway,plausible,7,pavage,16,0.50,False,False,,,,30,1.143,0.0177,0.0000,4,9.588,,,4.860,infaisable
hd06_001,living+kitchen+dining+bedroom+bedroom+bathroom+hallway,plausible,7,pavage,16,0.00,False,True,7,0.0000,False,30,1.143,0.0177,0.0000,4,9.588,4.194866,0.4375,3.946,ok
hd06_001,living+kitchen+dining+bedroom+bedroom+bathroom+hallway,plausible,7,pavage,16,0.25,False,False,,,,30,1.143,0.0177,0.0000,4,9.588,,,4.301,infaisable
hd06_001,living+kitchen+dining+bedroom+bedroom+bathroom+hallway,plausible,7,pavage,16,1.00,False,False,,,,30,1.143,0.0177,0.0000,4,9.588,,,4.285,infaisable
hd06_001,living+kitchen+dining+bedroom+bedroom+bathroom+hallway,plausible,7,pavage,16,1.80,False,False,,,,30,1.143,0.0177,0.0000,4,9.588,,,6.374,infaisable
hd06_002,living+kitchen+dining+bedroom+bedroom+bathroom+hallway,plausible,7,base,,0.50,False,False,,,,80,2.000,0.3241,0.0000,2,10.730,,,2.733,invariant_viole
hd06_002,living+kitchen+dining+bedroom+bedroom+bathroom+hallway,plausible,7,pavage,0,0.50,False,False,,,,80,2.000,0.3241,0.0000,2,10.730,,,0.750,trame
hd06_002,living+kitchen+dining+bedroom+bedroom+bathroom+hallway,plausible,7,pavage,4,0.50,False,False,,,,80,2.000,0.3241,0.0000,2,10.730,,,1.082,trame
hd06_002,living+kitchen+dining+bedroom+bedroom+bathroom+hallway,plausible,7,pavage,8,0.50,False,False,,,,80,2.000,0.3241,0.0000,2,10.730,,,1.468,trame
hd06_002,living+kitchen+dining+bedroom+bedroom+bathroom+hallway,plausible,7,pavage,16,0.50,False,False,,,,80,2.000,0.3241,0.0000,2,10.730,,,2.325,trame
hd06_002,living+kitchen+dining+bedroom+bedroom+bathroom+hallway,plausible,7,pavage,16,0.00,False,False,,,,80,2.000,0.3241,0.0000,2,10.730,,,2.116,trame
hd06_002,living+kitchen+dining+bedroom+bedroom+bathroom+hallway,plausible,7,pavage,16,0.25,False,False,,,,80,2.000,0.3241,0.0000,2,10.730,,,1.868,trame
hd06_002,living+kitchen+dining+bedroom+bedroom+bathroom+hallway,plausible,7,pavage,16,1.00,False,False,,,,80,2.000,0.3241,0.0000,2,10.730,,,2.024,trame
hd06_002,living+kitchen+dining+bedroom+bedroom+bathroom+hallway,plausible,7,pavage,16,1.80,False,False,,,,80,2.000,0.3241,0.0000,2,10.730,,,1.872,trame
hd06_003,living+kitchen+dining+bedroom+bedroom+bathroom+hallway,plausible,7,base,,0.50,False,False,,,,132,1.143,0.3820,0.0000,3,11.210,,,3.544,invariant_viole
hd06_003,living+kitchen+dining+bedroom+bedroom+bathroom+hallway,plausible,7,pavage,0,0.50,False,False,,,,132,1.143,0.3820,0.0000,3,11.210,,,0.864,trame
hd06_003,living+kitchen+dining+bedroom+bedroom+bathroom+hallway,plausible,7,pavage,4,0.50,False,False,,,,132,1.143,0.3820,0.0000,3,11.210,,,1.193,trame
hd06_003,living+kitchen+dining+bedroom+bedroom+bathroom+hallway,plausible,7,pavage,8,0.50,False,False,,,,132,1.143,0.3820,0.0000,3,11.210,,,5.027,infaisable
hd06_003,living+kitchen+dining+bedroom+bedroom+bathroom+hallway,plausible,7,pavage,16,0.50,False,False,,,,132,1.143,0.3820,0.0000,3,11.210,,,5.087,infaisable
hd06_003,living+kitchen+dining+bedroom+bedroom+bathroom+hallway,plausible,7,pavage,16,0.00,False,True,7,0.0000,False,132,1.143,0.3820,0.0000,3,11.210,3.948109,0.3522,4.950,ok
hd06_003,living+kitchen+dining+bedroom+bedroom+bathroom+hallway,plausible,7,pavage,16,0.25,False,False,,,,132,1.143,0.3820,0.0000,3,11.210,,,4.687,infaisable
hd06_003,living+kitchen+dining+bedroom+bedroom+bathroom+hallway,plausible,7,pavage,16,1.00,False,False,,,,132,1.143,0.3820,0.0000,3,11.210,,,4.661,infaisable
hd06_003,living+kitchen+dining+bedroom+bedroom+bathroom+hallway,plausible,7,pavage,16,1.80,False,False,,,,132,1.143,0.3820,0.0000,3,11.210,,,5.711,infaisable
hd06_004,living+kitchen+dining+bedroom+bedroom+bathroom+hallway,plausible,7,base,,0.50,False,False,,,,81,0.857,0.0764,0.0000,4,9.168,,,3.043,invariant_viole
hd06_004,living+kitchen+dining+bedroom+bedroom+bathroom+hallway,plausible,7,pavage,0,0.50,False,False,,,,81,0.857,0.0764,0.0000,4,9.168,,,1.109,trame
hd06_004,living+kitchen+dining+bedroom+bedroom+bathroom+hallway,plausible,7,pavage,4,0.50,False,False,,,,81,0.857,0.0764,0.0000,4,9.168,,,1.202,trame
hd06_004,living+kitchen+dining+bedroom+bedroom+bathroom+hallway,plausible,7,pavage,8,0.50,False,False,,,,81,0.857,0.0764,0.0000,4,9.168,,,1.441,trame
hd06_004,living+kitchen+dining+bedroom+bedroom+bathroom+hallway,plausible,7,pavage,16,0.50,False,False,,,,81,0.857,0.0764,0.0000,4,9.168,,,1.460,trame
hd06_004,living+kitchen+dining+bedroom+bedroom+bathroom+hallway,plausible,7,pavage,16,0.00,False,False,,,,81,0.857,0.0764,0.0000,4,9.168,,,1.392,trame
hd06_004,living+kitchen+dining+bedroom+bedroom+bathroom+hallway,plausible,7,pavage,16,0.25,False,False,,,,81,0.857,0.0764,0.0000,4,9.168,,,1.887,trame
hd06_004,living+kitchen+dining+bedroom+bedroom+bathroom+hallway,plausible,7,pavage,16,1.00,False,False,,,,81,0.857,0.0764,0.0000,4,9.168,,,1.710,trame
hd06_004,living+kitchen+dining+bedroom+bedroom+bathroom+hallway,plausible,7,pavage,16,1.80,False,False,,,,81,0.857,0.0764,0.0000,4,9.168,,,1.187,trame
hd06_005,living+kitchen+dining+bedroom+bedroom+bathroom+hallway,plausible,7,base,,0.50,False,False,,,,88,1.143,0.2354,0.0000,4,10.879,,,3.645,invariant_viole
hd06_005,living+kitchen+dining+bedroom+bedroom+bathroom+hallway,plausible,7,pavage,0,0.50,False,False,,,,88,1.143,0.2354,0.0000,4,10.879,,,0.809,trame
hd06_005,living+kitchen+dining+bedroom+bedroom+bathroom+hallway,plausible,7,pavage,4,0.50,False,False,,,,88,1.143,0.2354,0.0000,4,10.879,,,7.385,infaisable
hd06_005,living+kitchen+dining+bedroom+bedroom+bathroom+hallway,plausible,7,pavage,8,0.50,False,False,,,,88,1.143,0.2354,0.0000,4,10.879,,,6.882,infaisable
hd06_005,living+kitchen+dining+bedroom+bedroom+bathroom+hallway,plausible,7,pavage,16,0.50,False,False,,,,88,1.143,0.2354,0.0000,4,10.879,,,4.777,infaisable
hd06_005,living+kitchen+dining+bedroom+bedroom+bathroom+hallway,plausible,7,pavage,16,0.00,False,True,7,0.0000,False,88,1.143,0.2354,0.0000,4,10.879,2.632073,0.2419,4.822,ok
hd06_005,living+kitchen+dining+bedroom+bedroom+bathroom+hallway,plausible,7,pavage,16,0.25,False,False,,,,88,1.143,0.2354,0.0000,4,10.879,,,4.615,infaisable
hd06_005,living+kitchen+dining+bedroom+bedroom+bathroom+hallway,plausible,7,pavage,16,1.00,False,False,,,,88,1.143,0.2354,0.0000,4,10.879,,,4.637,infaisable
hd06_005,living+kitchen+dining+bedroom+bedroom+bathroom+hallway,plausible,7,pavage,16,1.80,False,False,,,,88,1.143,0.2354,0.0000,4,10.879,,,7.755,infaisable
hd06_006,living+kitchen+dining+bedroom+bedroom+bathroom+hallway,plausible,7,base,,0.50,False,False,,,,80,3.429,0.2686,0.0000,1,11.258,,,5.170,invariant_viole
hd06_006,living+kitchen+dining+bedroom+bedroom+bathroom+hallway,plausible,7,pavage,0,0.50,False,False,,,,80,3.429,0.2686,0.0000,1,11.258,,,1.173,trame
hd06_006,living+kitchen+dining+bedroom+bedroom+bathroom+hallway,plausible,7,pavage,4,0.50,False,False,,,,80,3.429,0.2686,0.0000,1,11.258,,,2.564,trame
hd06_006,living+kitchen+dining+bedroom+bedroom+bathroom+hallway,plausible,7,pavage,8,0.50,False,False,,,,80,3.429,0.2686,0.0000,1,11.258,,,2.181,trame
hd06_006,living+kitchen+dining+bedroom+bedroom+bathroom+hallway,plausible,7,pavage,16,0.50,False,False,,,,80,3.429,0.2686,0.0000,1,11.258,,,1.960,trame
hd06_006,living+kitchen+dining+bedroom+bedroom+bathroom+hallway,plausible,7,pavage,16,0.00,False,False,,,,80,3.429,0.2686,0.0000,1,11.258,,,2.042,trame
hd06_006,living+kitchen+dining+bedroom+bedroom+bathroom+hallway,plausible,7,pavage,16,0.25,False,False,,,,80,3.429,0.2686,0.0000,1,11.258,,,1.851,trame
hd06_006,living+kitchen+dining+bedroom+bedroom+bathroom+hallway,plausible,7,pavage,16,1.00,False,False,,,,80,3.429,0.2686,0.0000,1,11.258,,,2.208,trame
hd06_006,living+kitchen+dining+bedroom+bedroom+bathroom+hallway,plausible,7,pavage,16,1.80,False,False,,,,80,3.429,0.2686,0.0000,1,11.258,,,1.743,trame
hd06_007,living+kitchen+dining+bedroom+bedroom+bathroom+hallway,plausible,7,base,,0.50,False,False,,,,90,2.857,0.1432,0.0000,1,9.671,,,3.636,invariant_viole
hd06_007,living+kitchen+dining+bedroom+bedroom+bathroom+hallway,plausible,7,pavage,0,0.50,False,False,,,,90,2.857,0.1432,0.0000,1,9.671,,,0.790,trame
hd06_007,living+kitchen+dining+bedroom+bedroom+bathroom+hallway,plausible,7,pavage,4,0.50,False,False,,,,90,2.857,0.1432,0.0000,1,9.671,,,1.102,trame
hd06_007,living+kitchen+dining+bedroom+bedroom+bathroom+hallway,plausible,7,pavage,8,0.50,False,False,,,,90,2.857,0.1432,0.0000,1,9.671,,,4.380,infaisable
hd06_007,living+kitchen+dining+bedroom+bedroom+bathroom+hallway,plausible,7,pavage,16,0.50,False,False,,,,90,2.857,0.1432,0.0000,1,9.671,,,5.698,infaisable
hd06_007,living+kitchen+dining+bedroom+bedroom+bathroom+hallway,plausible,7,pavage,16,0.00,False,True,7,0.0000,False,90,2.857,0.1432,0.0000,1,9.671,3.290091,0.3402,4.289,ok
hd06_007,living+kitchen+dining+bedroom+bedroom+bathroom+hallway,plausible,7,pavage,16,0.25,False,False,,,,90,2.857,0.1432,0.0000,1,9.671,,,4.405,infaisable
hd06_007,living+kitchen+dining+bedroom+bedroom+bathroom+hallway,plausible,7,pavage,16,1.00,False,False,,,,90,2.857,0.1432,0.0000,1,9.671,,,5.717,infaisable
hd06_007,living+kitchen+dining+bedroom+bedroom+bathroom+hallway,plausible,7,pavage,16,1.80,False,False,,,,90,2.857,0.1432,0.0000,1,9.671,,,7.122,infaisable
hd06_008,living+kitchen+dining+bedroom+bedroom+bathroom+hallway,plausible,7,base,,0.50,False,False,,,,72,1.714,0.3051,0.0000,2,10.770,,,4.050,invariant_viole
hd06_008,living+kitchen+dining+bedroom+bedroom+bathroom+hallway,plausible,7,pavage,0,0.50,False,False,,,,72,1.714,0.3051,0.0000,2,10.770,,,0.971,trame
hd06_008,living+kitchen+dining+bedroom+bedroom+bathroom+hallway,plausible,7,pavage,4,0.50,False,False,,,,72,1.714,0.3051,0.0000,2,10.770,,,1.106,trame
hd06_008,living+kitchen+dining+bedroom+bedroom+bathroom+hallway,plausible,7,pavage,8,0.50,False,False,,,,72,1.714,0.3051,0.0000,2,10.770,,,1.375,trame
hd06_008,living+kitchen+dining+bedroom+bedroom+bathroom+hallway,plausible,7,pavage,16,0.50,False,False,,,,72,1.714,0.3051,0.0000,2,10.770,,,1.634,trame
hd06_008,living+kitchen+dining+bedroom+bedroom+bathroom+hallway,plausible,7,pavage,16,0.00,False,False,,,,72,1.714,0.3051,0.0000,2,10.770,,,1.602,trame
hd06_008,living+kitchen+dining+bedroom+bedroom+bathroom+hallway,plausible,7,pavage,16,0.25,False,False,,,,72,1.714,0.3051,0.0000,2,10.770,,,1.590,trame
hd06_008,living+kitchen+dining+bedroom+bedroom+bathroom+hallway,plausible,7,pavage,16,1.00,False,False,,,,72,1.714,0.3051,0.0000,2,10.770,,,1.576,trame
hd06_008,living+kitchen+dining+bedroom+bedroom+bathroom+hallway,plausible,7,pavage,16,1.80,False,False,,,,72,1.714,0.3051,0.0000,2,10.770,,,1.576,trame
hd06_009,living+kitchen+dining+bedroom+bedroom+bathroom+hallway,plausible,7,base,,0.50,False,False,,,,80,2.286,0.4939,0.0000,2,11.979,,,2.834,invariant_viole
hd06_009,living+kitchen+dining+bedroom+bedroom+bathroom+hallway,plausible,7,pavage,0,0.50,False,False,,,,80,2.286,0.4939,0.0000,2,11.979,,,0.743,trame
hd06_009,living+kitchen+dining+bedroom+bedroom+bathroom+hallway,plausible,7,pavage,4,0.50,False,False,,,,80,2.286,0.4939,0.0000,2,11.979,,,1.132,trame
hd06_009,living+kitchen+dining+bedroom+bedroom+bathroom+hallway,plausible,7,pavage,8,0.50,False,False,,,,80,2.286,0.4939,0.0000,2,11.979,,,1.486,trame
hd06_009,living+kitchen+dining+bedroom+bedroom+bathroom+hallway,plausible,7,pavage,16,0.50,False,False,,,,80,2.286,0.4939,0.0000,2,11.979,,,1.720,trame
hd06_009,living+kitchen+dining+bedroom+bedroom+bathroom+hallway,plausible,7,pavage,16,0.00,False,False,,,,80,2.286,0.4939,0.0000,2,11.979,,,1.541,trame
hd06_009,living+kitchen+dining+bedroom+bedroom+bathroom+hallway,plausible,7,pavage,16,0.25,False,False,,,,80,2.286,0.4939,0.0000,2,11.979,,,1.530,trame
hd06_009,living+kitchen+dining+bedroom+bedroom+bathroom+hallway,plausible,7,pavage,16,1.00,False,False,,,,80,2.286,0.4939,0.0000,2,11.979,,,1.541,trame
hd06_009,living+kitchen+dining+bedroom+bedroom+bathroom+hallway,plausible,7,pavage,16,1.80,False,False,,,,80,2.286,0.4939,0.0000,2,11.979,,,1.535,trame
hd06_010,living+kitchen+dining+bedroom+bedroom+bathroom+hallway,plausible,7,base,,0.50,False,False,,,,132,2.000,0.1190,0.0000,1,9.981,,,2.847,invariant_viole
hd06_010,living+kitchen+dining+bedroom+bedroom+bathroom+hallway,plausible,7,pavage,0,0.50,False,False,,,,132,2.000,0.1190,0.0000,1,9.981,,,0.832,trame
hd06_010,living+kitchen+dining+bedroom+bedroom+bathroom+hallway,plausible,7,pavage,4,0.50,False,False,,,,132,2.000,0.1190,0.0000,1,9.981,,,4.638,infaisable
hd06_010,living+kitchen+dining+bedroom+bedroom+bathroom+hallway,plausible,7,pavage,8,0.50,False,False,,,,132,2.000,0.1190,0.0000,1,9.981,,,4.745,infaisable
hd06_010,living+kitchen+dining+bedroom+bedroom+bathroom+hallway,plausible,7,pavage,16,0.50,False,False,,,,132,2.000,0.1190,0.0000,1,9.981,,,7.586,infaisable
hd06_010,living+kitchen+dining+bedroom+bedroom+bathroom+hallway,plausible,7,pavage,16,0.00,False,True,7,0.0000,False,132,2.000,0.1190,0.0000,1,9.981,4.277118,0.4285,8.229,ok
hd06_010,living+kitchen+dining+bedroom+bedroom+bathroom+hallway,plausible,7,pavage,16,0.25,False,False,,,,132,2.000,0.1190,0.0000,1,9.981,,,7.920,infaisable
hd06_010,living+kitchen+dining+bedroom+bedroom+bathroom+hallway,plausible,7,pavage,16,1.00,False,False,,,,132,2.000,0.1190,0.0000,1,9.981,,,5.257,infaisable
hd06_010,living+kitchen+dining+bedroom+bedroom+bathroom+hallway,plausible,7,pavage,16,1.80,False,False,,,,132,2.000,0.1190,0.0000,1,9.981,,,7.716,infaisable
hd06_011,living+kitchen+dining+bedroom+bedroom+bathroom+hallway,plausible,7,base,,0.50,False,False,,,,88,0.571,0.2805,0.0000,5,10.455,,,2.820,invariant_viole
hd06_011,living+kitchen+dining+bedroom+bedroom+bathroom+hallway,plausible,7,pavage,0,0.50,False,False,,,,88,0.571,0.2805,0.0000,5,10.455,,,0.814,trame
hd06_011,living+kitchen+dining+bedroom+bedroom+bathroom+hallway,plausible,7,pavage,4,0.50,False,False,,,,88,0.571,0.2805,0.0000,5,10.455,,,0.924,trame
hd06_011,living+kitchen+dining+bedroom+bedroom+bathroom+hallway,plausible,7,pavage,8,0.50,False,False,,,,88,0.571,0.2805,0.0000,5,10.455,,,0.929,trame
hd06_011,living+kitchen+dining+bedroom+bedroom+bathroom+hallway,plausible,7,pavage,16,0.50,False,False,,,,88,0.571,0.2805,0.0000,5,10.455,,,0.913,trame
hd06_011,living+kitchen+dining+bedroom+bedroom+bathroom+hallway,plausible,7,pavage,16,0.00,False,False,,,,88,0.571,0.2805,0.0000,5,10.455,,,0.903,trame
hd06_011,living+kitchen+dining+bedroom+bedroom+bathroom+hallway,plausible,7,pavage,16,0.25,False,False,,,,88,0.571,0.2805,0.0000,5,10.455,,,1.585,trame
hd06_011,living+kitchen+dining+bedroom+bedroom+bathroom+hallway,plausible,7,pavage,16,1.00,False,False,,,,88,0.571,0.2805,0.0000,5,10.455,,,1.237,trame
hd06_011,living+kitchen+dining+bedroom+bedroom+bathroom+hallway,plausible,7,pavage,16,1.80,False,False,,,,88,0.571,0.2805,0.0000,5,10.455,,,0.916,trame
hd06_012,living+kitchen+dining+bedroom+bedroom+bathroom+hallway,plausible,7,base,,0.50,False,False,,,,99,2.571,0.2517,0.0000,1,10.770,,,2.881,invariant_viole
hd06_012,living+kitchen+dining+bedroom+bedroom+bathroom+hallway,plausible,7,pavage,0,0.50,False,False,,,,99,2.571,0.2517,0.0000,1,10.770,,,0.739,trame
hd06_012,living+kitchen+dining+bedroom+bedroom+bathroom+hallway,plausible,7,pavage,4,0.50,False,False,,,,99,2.571,0.2517,0.0000,1,10.770,,,1.123,trame
hd06_012,living+kitchen+dining+bedroom+bedroom+bathroom+hallway,plausible,7,pavage,8,0.50,False,False,,,,99,2.571,0.2517,0.0000,1,10.770,,,5.542,infaisable
hd06_012,living+kitchen+dining+bedroom+bedroom+bathroom+hallway,plausible,7,pavage,16,0.50,False,False,,,,99,2.571,0.2517,0.0000,1,10.770,,,5.718,infaisable
hd06_012,living+kitchen+dining+bedroom+bedroom+bathroom+hallway,plausible,7,pavage,16,0.00,False,True,7,0.0000,False,99,2.571,0.2517,0.0000,1,10.770,4.277118,0.3971,4.715,ok
hd06_012,living+kitchen+dining+bedroom+bedroom+bathroom+hallway,plausible,7,pavage,16,0.25,False,False,,,,99,2.571,0.2517,0.0000,1,10.770,,,5.852,infaisable
hd06_012,living+kitchen+dining+bedroom+bedroom+bathroom+hallway,plausible,7,pavage,16,1.00,False,False,,,,99,2.571,0.2517,0.0000,1,10.770,,,5.085,infaisable
hd06_012,living+kitchen+dining+bedroom+bedroom+bathroom+hallway,plausible,7,pavage,16,1.80,False,False,,,,99,2.571,0.2517,0.0000,1,10.770,,,6.644,infaisable
hd06_013,living+kitchen+dining+bedroom+bedroom+bathroom+hallway,plausible,7,base,,0.50,False,False,,,,96,2.286,0.3879,0.0001,2,11.043,,,3.457,invariant_viole
hd06_013,living+kitchen+dining+bedroom+bedroom+bathroom+hallway,plausible,7,pavage,0,0.50,False,False,,,,96,2.286,0.3879,0.0001,2,11.043,,,0.918,trame
hd06_013,living+kitchen+dining+bedroom+bedroom+bathroom+hallway,plausible,7,pavage,4,0.50,False,False,,,,96,2.286,0.3879,0.0001,2,11.043,,,1.219,trame
hd06_013,living+kitchen+dining+bedroom+bedroom+bathroom+hallway,plausible,7,pavage,8,0.50,False,False,,,,96,2.286,0.3879,0.0001,2,11.043,,,4.607,infaisable
hd06_013,living+kitchen+dining+bedroom+bedroom+bathroom+hallway,plausible,7,pavage,16,0.50,False,False,,,,96,2.286,0.3879,0.0001,2,11.043,,,4.749,infaisable
hd06_013,living+kitchen+dining+bedroom+bedroom+bathroom+hallway,plausible,7,pavage,16,0.00,False,True,7,0.0000,False,96,2.286,0.3879,0.0001,2,11.043,6.251173,0.5661,4.191,ok
hd06_013,living+kitchen+dining+bedroom+bedroom+bathroom+hallway,plausible,7,pavage,16,0.25,False,False,,,,96,2.286,0.3879,0.0001,2,11.043,,,4.266,infaisable
hd06_013,living+kitchen+dining+bedroom+bedroom+bathroom+hallway,plausible,7,pavage,16,1.00,False,False,,,,96,2.286,0.3879,0.0001,2,11.043,,,4.189,infaisable
hd06_013,living+kitchen+dining+bedroom+bedroom+bathroom+hallway,plausible,7,pavage,16,1.80,False,False,,,,96,2.286,0.3879,0.0001,2,11.043,,,6.412,infaisable
hd06_014,living+kitchen+dining+bedroom+bedroom+bathroom+hallway,plausible,7,base,,0.50,False,False,,,,110,0.571,0.2506,0.0000,5,12.073,,,4.829,invariant_viole
hd06_014,living+kitchen+dining+bedroom+bedroom+bathroom+hallway,plausible,7,pavage,0,0.50,False,False,,,,110,0.571,0.2506,0.0000,5,12.073,,,1.789,trame
hd06_014,living+kitchen+dining+bedroom+bedroom+bathroom+hallway,plausible,7,pavage,4,0.50,False,False,,,,110,0.571,0.2506,0.0000,5,12.073,,,1.944,trame
hd06_014,living+kitchen+dining+bedroom+bedroom+bathroom+hallway,plausible,7,pavage,8,0.50,False,False,,,,110,0.571,0.2506,0.0000,5,12.073,,,8.318,infaisable
hd06_014,living+kitchen+dining+bedroom+bedroom+bathroom+hallway,plausible,7,pavage,16,0.50,False,False,,,,110,0.571,0.2506,0.0000,5,12.073,,,7.987,infaisable
hd06_014,living+kitchen+dining+bedroom+bedroom+bathroom+hallway,plausible,7,pavage,16,0.00,False,True,7,0.0000,False,110,0.571,0.2506,0.0000,5,12.073,4.359370,0.3611,6.197,ok
hd06_014,living+kitchen+dining+bedroom+bedroom+bathroom+hallway,plausible,7,pavage,16,0.25,False,False,,,,110,0.571,0.2506,0.0000,5,12.073,,,5.655,infaisable
hd06_014,living+kitchen+dining+bedroom+bedroom+bathroom+hallway,plausible,7,pavage,16,1.00,False,False,,,,110,0.571,0.2506,0.0000,5,12.073,,,6.080,infaisable
hd06_014,living+kitchen+dining+bedroom+bedroom+bathroom+hallway,plausible,7,pavage,16,1.80,False,False,,,,110,0.571,0.2506,0.0000,5,12.073,,,5.544,infaisable
hd06_015,living+kitchen+dining+bedroom+bedroom+bathroom+hallway,plausible,7,base,,0.50,False,False,,,,88,1.429,0.0535,0.0000,2,9.951,,,3.494,invariant_viole
hd06_015,living+kitchen+dining+bedroom+bedroom+bathroom+hallway,plausible,7,pavage,0,0.50,False,False,,,,88,1.429,0.0535,0.0000,2,9.951,,,1.548,trame
hd06_015,living+kitchen+dining+bedroom+bedroom+bathroom+hallway,plausible,7,pavage,4,0.50,False,False,,,,88,1.429,0.0535,0.0000,2,9.951,,,1.202,trame
hd06_015,living+kitchen+dining+bedroom+bedroom+bathroom+hallway,plausible,7,pavage,8,0.50,False,False,,,,88,1.429,0.0535,0.0000,2,9.951,,,1.693,trame
hd06_015,living+kitchen+dining+bedroom+bedroom+bathroom+hallway,plausible,7,pavage,16,0.50,False,False,,,,88,1.429,0.0535,0.0000,2,9.951,,,1.394,trame
hd06_015,living+kitchen+dining+bedroom+bedroom+bathroom+hallway,plausible,7,pavage,16,0.00,False,False,,,,88,1.429,0.0535,0.0000,2,9.951,,,1.358,trame
hd06_015,living+kitchen+dining+bedroom+bedroom+bathroom+hallway,plausible,7,pavage,16,0.25,False,False,,,,88,1.429,0.0535,0.0000,2,9.951,,,1.103,trame
hd06_015,living+kitchen+dining+bedroom+bedroom+bathroom+hallway,plausible,7,pavage,16,1.00,False,False,,,,88,1.429,0.0535,0.0000,2,9.951,,,1.254,trame
hd06_015,living+kitchen+dining+bedroom+bedroom+bathroom+hallway,plausible,7,pavage,16,1.80,False,False,,,,88,1.429,0.0535,0.0000,2,9.951,,,1.255,trame
hd06_016,living+kitchen+dining+bedroom+bedroom+bathroom+hallway,plausible,7,base,,0.50,False,False,,,,56,2.000,0.0284,0.0000,1,10.507,,,5.616,invariant_viole
hd06_016,living+kitchen+dining+bedroom+bedroom+bathroom+hallway,plausible,7,pavage,0,0.50,False,False,,,,56,2.000,0.0284,0.0000,1,10.507,,,0.965,trame
hd06_016,living+kitchen+dining+bedroom+bedroom+bathroom+hallway,plausible,7,pavage,4,0.50,False,False,,,,56,2.000,0.0284,0.0000,1,10.507,,,1.374,trame
hd06_016,living+kitchen+dining+bedroom+bedroom+bathroom+hallway,plausible,7,pavage,8,0.50,False,False,,,,56,2.000,0.0284,0.0000,1,10.507,,,1.734,trame
hd06_016,living+kitchen+dining+bedroom+bedroom+bathroom+hallway,plausible,7,pavage,16,0.50,False,False,,,,56,2.000,0.0284,0.0000,1,10.507,,,1.623,trame
hd06_016,living+kitchen+dining+bedroom+bedroom+bathroom+hallway,plausible,7,pavage,16,0.00,False,False,,,,56,2.000,0.0284,0.0000,1,10.507,,,1.804,trame
hd06_016,living+kitchen+dining+bedroom+bedroom+bathroom+hallway,plausible,7,pavage,16,0.25,False,False,,,,56,2.000,0.0284,0.0000,1,10.507,,,1.690,trame
hd06_016,living+kitchen+dining+bedroom+bedroom+bathroom+hallway,plausible,7,pavage,16,1.00,False,False,,,,56,2.000,0.0284,0.0000,1,10.507,,,1.839,trame
hd06_016,living+kitchen+dining+bedroom+bedroom+bathroom+hallway,plausible,7,pavage,16,1.80,False,False,,,,56,2.000,0.0284,0.0000,1,10.507,,,1.556,trame
hd06_017,living+kitchen+dining+bedroom+bedroom+bathroom+hallway,plausible,7,base,,0.50,False,False,,,,90,2.000,0.2937,0.0000,3,11.568,,,4.002,invariant_viole
hd06_017,living+kitchen+dining+bedroom+bedroom+bathroom+hallway,plausible,7,pavage,0,0.50,False,False,,,,90,2.000,0.2937,0.0000,3,11.568,,,0.889,trame
hd06_017,living+kitchen+dining+bedroom+bedroom+bathroom+hallway,plausible,7,pavage,4,0.50,False,False,,,,90,2.000,0.2937,0.0000,3,11.568,,,1.579,trame
hd06_017,living+kitchen+dining+bedroom+bedroom+bathroom+hallway,plausible,7,pavage,8,0.50,False,False,,,,90,2.000,0.2937,0.0000,3,11.568,,,1.972,trame
hd06_017,living+kitchen+dining+bedroom+bedroom+bathroom+hallway,plausible,7,pavage,16,0.50,False,False,,,,90,2.000,0.2937,0.0000,3,11.568,,,5.879,infaisable
hd06_017,living+kitchen+dining+bedroom+bedroom+bathroom+hallway,plausible,7,pavage,16,0.00,False,True,7,0.0000,False,90,2.000,0.2937,0.0000,3,11.568,5.593155,0.4835,6.917,ok
hd06_017,living+kitchen+dining+bedroom+bedroom+bathroom+hallway,plausible,7,pavage,16,0.25,False,False,,,,90,2.000,0.2937,0.0000,3,11.568,,,7.239,infaisable
hd06_017,living+kitchen+dining+bedroom+bedroom+bathroom+hallway,plausible,7,pavage,16,1.00,False,False,,,,90,2.000,0.2937,0.0000,3,11.568,,,7.551,infaisable
hd06_017,living+kitchen+dining+bedroom+bedroom+bathroom+hallway,plausible,7,pavage,16,1.80,False,False,,,,90,2.000,0.2937,0.0000,3,11.568,,,7.161,infaisable
hd06_018,living+kitchen+dining+bedroom+bedroom+bathroom+hallway,plausible,7,base,,0.50,False,False,,,,80,1.714,0.1550,0.0000,3,10.909,,,3.622,invariant_viole
hd06_018,living+kitchen+dining+bedroom+bedroom+bathroom+hallway,plausible,7,pavage,0,0.50,False,False,,,,80,1.714,0.1550,0.0000,3,10.909,,,0.879,trame
hd06_018,living+kitchen+dining+bedroom+bedroom+bathroom+hallway,plausible,7,pavage,4,0.50,False,False,,,,80,1.714,0.1550,0.0000,3,10.909,,,1.665,trame
hd06_018,living+kitchen+dining+bedroom+bedroom+bathroom+hallway,plausible,7,pavage,8,0.50,False,False,,,,80,1.714,0.1550,0.0000,3,10.909,,,1.243,trame
hd06_018,living+kitchen+dining+bedroom+bedroom+bathroom+hallway,plausible,7,pavage,16,0.50,False,False,,,,80,1.714,0.1550,0.0000,3,10.909,,,1.472,trame
hd06_018,living+kitchen+dining+bedroom+bedroom+bathroom+hallway,plausible,7,pavage,16,0.00,False,False,,,,80,1.714,0.1550,0.0000,3,10.909,,,1.617,trame
hd06_018,living+kitchen+dining+bedroom+bedroom+bathroom+hallway,plausible,7,pavage,16,0.25,False,False,,,,80,1.714,0.1550,0.0000,3,10.909,,,1.380,trame
hd06_018,living+kitchen+dining+bedroom+bedroom+bathroom+hallway,plausible,7,pavage,16,1.00,False,False,,,,80,1.714,0.1550,0.0000,3,10.909,,,2.184,trame
hd06_018,living+kitchen+dining+bedroom+bedroom+bathroom+hallway,plausible,7,pavage,16,1.80,False,False,,,,80,1.714,0.1550,0.0000,3,10.909,,,1.577,trame
hd06_019,living+kitchen+dining+bedroom+bedroom+bathroom+hallway,plausible,7,base,,0.50,False,False,,,,132,2.286,0.2095,0.0000,2,11.723,,,3.341,invariant_viole
hd06_019,living+kitchen+dining+bedroom+bedroom+bathroom+hallway,plausible,7,pavage,0,0.50,False,False,,,,132,2.286,0.2095,0.0000,2,11.723,,,0.810,trame
hd06_019,living+kitchen+dining+bedroom+bedroom+bathroom+hallway,plausible,7,pavage,4,0.50,False,False,,,,132,2.286,0.2095,0.0000,2,11.723,,,1.900,trame
hd06_019,living+kitchen+dining+bedroom+bedroom+bathroom+hallway,plausible,7,pavage,8,0.50,False,False,,,,132,2.286,0.2095,0.0000,2,11.723,,,2.156,trame
hd06_019,living+kitchen+dining+bedroom+bedroom+bathroom+hallway,plausible,7,pavage,16,0.50,False,False,,,,132,2.286,0.2095,0.0000,2,11.723,,,1.817,trame
hd06_019,living+kitchen+dining+bedroom+bedroom+bathroom+hallway,plausible,7,pavage,16,0.00,False,False,,,,132,2.286,0.2095,0.0000,2,11.723,,,1.718,trame
hd06_019,living+kitchen+dining+bedroom+bedroom+bathroom+hallway,plausible,7,pavage,16,0.25,False,False,,,,132,2.286,0.2095,0.0000,2,11.723,,,1.671,trame
hd06_019,living+kitchen+dining+bedroom+bedroom+bathroom+hallway,plausible,7,pavage,16,1.00,False,False,,,,132,2.286,0.2095,0.0000,2,11.723,,,2.514,trame
hd06_019,living+kitchen+dining+bedroom+bedroom+bathroom+hallway,plausible,7,pavage,16,1.80,False,False,,,,132,2.286,0.2095,0.0000,2,11.723,,,2.258,trame
hd06_020,living+kitchen+dining+bedroom+bedroom+bathroom+hallway,plausible,7,base,,0.50,False,False,,,,108,3.143,0.1962,0.0001,1,11.043,,,3.367,invariant_viole
hd06_020,living+kitchen+dining+bedroom+bedroom+bathroom+hallway,plausible,7,pavage,0,0.50,False,False,,,,108,3.143,0.1962,0.0001,1,11.043,,,1.177,trame
hd06_020,living+kitchen+dining+bedroom+bedroom+bathroom+hallway,plausible,7,pavage,4,0.50,False,False,,,,108,3.143,0.1962,0.0001,1,11.043,,,1.979,trame
hd06_020,living+kitchen+dining+bedroom+bedroom+bathroom+hallway,plausible,7,pavage,8,0.50,False,False,,,,108,3.143,0.1962,0.0001,1,11.043,,,1.520,trame
hd06_020,living+kitchen+dining+bedroom+bedroom+bathroom+hallway,plausible,7,pavage,16,0.50,False,False,,,,108,3.143,0.1962,0.0001,1,11.043,,,1.790,trame
hd06_020,living+kitchen+dining+bedroom+bedroom+bathroom+hallway,plausible,7,pavage,16,0.00,False,False,,,,108,3.143,0.1962,0.0001,1,11.043,,,2.003,trame
hd06_020,living+kitchen+dining+bedroom+bedroom+bathroom+hallway,plausible,7,pavage,16,0.25,False,False,,,,108,3.143,0.1962,0.0001,1,11.043,,,2.161,trame
hd06_020,living+kitchen+dining+bedroom+bedroom+bathroom+hallway,plausible,7,pavage,16,1.00,False,False,,,,108,3.143,0.1962,0.0001,1,11.043,,,1.542,trame
hd06_020,living+kitchen+dining+bedroom+bedroom+bathroom+hallway,plausible,7,pavage,16,1.80,False,False,,,,108,3.143,0.1962,0.0001,1,11.043,,,1.669,trame
hd06_021,living+kitchen+dining+bedroom+bedroom+bathroom+hallway,plausible,7,base,,0.50,False,False,,,,64,0.857,0.2833,0.0000,5,10.526,,,3.431,invariant_viole
hd06_021,living+kitchen+dining+bedroom+bedroom+bathroom+hallway,plausible,7,pavage,0,0.50,False,False,,,,64,0.857,0.2833,0.0000,5,10.526,,,0.782,trame
hd06_021,living+kitchen+dining+bedroom+bedroom+bathroom+hallway,plausible,7,pavage,4,0.50,False,False,,,,64,0.857,0.2833,0.0000,5,10.526,,,1.271,trame
hd06_021,living+kitchen+dining+bedroom+bedroom+bathroom+hallway,plausible,7,pavage,8,0.50,False,False,,,,64,0.857,0.2833,0.0000,5,10.526,,,1.312,trame
hd06_021,living+kitchen+dining+bedroom+bedroom+bathroom+hallway,plausible,7,pavage,16,0.50,False,False,,,,64,0.857,0.2833,0.0000,5,10.526,,,1.408,trame
hd06_021,living+kitchen+dining+bedroom+bedroom+bathroom+hallway,plausible,7,pavage,16,0.00,False,False,,,,64,0.857,0.2833,0.0000,5,10.526,,,1.625,trame
hd06_021,living+kitchen+dining+bedroom+bedroom+bathroom+hallway,plausible,7,pavage,16,0.25,False,False,,,,64,0.857,0.2833,0.0000,5,10.526,,,1.496,trame
hd06_021,living+kitchen+dining+bedroom+bedroom+bathroom+hallway,plausible,7,pavage,16,1.00,False,False,,,,64,0.857,0.2833,0.0000,5,10.526,,,1.076,trame
hd06_021,living+kitchen+dining+bedroom+bedroom+bathroom+hallway,plausible,7,pavage,16,1.80,False,False,,,,64,0.857,0.2833,0.0000,5,10.526,,,1.903,trame
hd06_022,living+kitchen+dining+bedroom+bedroom+bathroom+hallway,plausible,7,base,,0.50,False,False,,,,60,2.857,0.0358,0.0000,2,9.940,,,3.592,invariant_viole
hd06_022,living+kitchen+dining+bedroom+bedroom+bathroom+hallway,plausible,7,pavage,0,0.50,False,False,,,,60,2.857,0.0358,0.0000,2,9.940,,,0.910,trame
hd06_022,living+kitchen+dining+bedroom+bedroom+bathroom+hallway,plausible,7,pavage,4,0.50,False,False,,,,60,2.857,0.0358,0.0000,2,9.940,,,1.866,trame
hd06_022,living+kitchen+dining+bedroom+bedroom+bathroom+hallway,plausible,7,pavage,8,0.50,False,True,7,0.5000,True,60,2.857,0.0358,0.0000,2,9.940,0.411261,0.0414,7.755,ok
hd06_022,living+kitchen+dining+bedroom+bedroom+bathroom+hallway,plausible,7,pavage,16,0.50,False,True,7,0.5000,True,60,2.857,0.0358,0.0000,2,9.940,0.411261,0.0414,6.802,ok
hd06_022,living+kitchen+dining+bedroom+bedroom+bathroom+hallway,plausible,7,pavage,16,0.00,False,True,7,0.3290,False,60,2.857,0.0358,0.0000,2,9.940,0.411261,0.0414,6.155,ok
hd06_022,living+kitchen+dining+bedroom+bedroom+bathroom+hallway,plausible,7,pavage,16,0.25,False,True,7,0.3290,False,60,2.857,0.0358,0.0000,2,9.940,0.411261,0.0414,5.031,ok
hd06_022,living+kitchen+dining+bedroom+bedroom+bathroom+hallway,plausible,7,pavage,16,1.00,False,True,7,1.0000,True,60,2.857,0.0358,0.0000,2,9.940,1.341982,0.1350,5.811,ok
hd06_022,living+kitchen+dining+bedroom+bedroom+bathroom+hallway,plausible,7,pavage,16,1.80,False,True,7,1.8000,True,60,2.857,0.0358,0.0000,2,9.940,1.819100,0.1830,6.856,ok
hd06_023,living+kitchen+dining+bedroom+bedroom+bathroom+hallway,plausible,7,base,,0.50,False,False,,,,80,2.286,0.1445,0.0000,2,11.433,,,3.651,invariant_viole
hd06_023,living+kitchen+dining+bedroom+bedroom+bathroom+hallway,plausible,7,pavage,0,0.50,False,False,,,,80,2.286,0.1445,0.0000,2,11.433,,,1.021,trame
hd06_023,living+kitchen+dining+bedroom+bedroom+bathroom+hallway,plausible,7,pavage,4,0.50,False,False,,,,80,2.286,0.1445,0.0000,2,11.433,,,1.284,trame
hd06_023,living+kitchen+dining+bedroom+bedroom+bathroom+hallway,plausible,7,pavage,8,0.50,False,False,,,,80,2.286,0.1445,0.0000,2,11.433,,,6.771,infaisable
hd06_023,living+kitchen+dining+bedroom+bedroom+bathroom+hallway,plausible,7,pavage,16,0.50,False,False,,,,80,2.286,0.1445,0.0000,2,11.433,,,6.469,infaisable
hd06_023,living+kitchen+dining+bedroom+bedroom+bathroom+hallway,plausible,7,pavage,16,0.00,False,True,7,0.0000,False,80,2.286,0.1445,0.0000,2,11.433,5.510902,0.4820,4.845,ok
hd06_023,living+kitchen+dining+bedroom+bedroom+bathroom+hallway,plausible,7,pavage,16,0.25,False,False,,,,80,2.286,0.1445,0.0000,2,11.433,,,5.560,infaisable
hd06_023,living+kitchen+dining+bedroom+bedroom+bathroom+hallway,plausible,7,pavage,16,1.00,False,False,,,,80,2.286,0.1445,0.0000,2,11.433,,,6.197,infaisable
hd06_023,living+kitchen+dining+bedroom+bedroom+bathroom+hallway,plausible,7,pavage,16,1.80,False,False,,,,80,2.286,0.1445,0.0000,2,11.433,,,6.891,infaisable
hd06_024,living+kitchen+dining+bedroom+bedroom+bathroom+hallway,plausible,7,base,,0.50,False,False,,,,63,2.286,0.0907,0.0000,2,9.918,,,3.418,invariant_viole
hd06_024,living+kitchen+dining+bedroom+bedroom+bathroom+hallway,plausible,7,pavage,0,0.50,False,False,,,,63,2.286,0.0907,0.0000,2,9.918,,,0.923,trame
hd06_024,living+kitchen+dining+bedroom+bedroom+bathroom+hallway,plausible,7,pavage,4,0.50,False,False,,,,63,2.286,0.0907,0.0000,2,9.918,,,1.579,trame
hd06_024,living+kitchen+dining+bedroom+bedroom+bathroom+hallway,plausible,7,pavage,8,0.50,False,False,,,,63,2.286,0.0907,0.0000,2,9.918,,,2.133,trame
hd06_024,living+kitchen+dining+bedroom+bedroom+bathroom+hallway,plausible,7,pavage,16,0.50,False,False,,,,63,2.286,0.0907,0.0000,2,9.918,,,2.283,trame
hd06_024,living+kitchen+dining+bedroom+bedroom+bathroom+hallway,plausible,7,pavage,16,0.00,False,False,,,,63,2.286,0.0907,0.0000,2,9.918,,,1.974,trame
hd06_024,living+kitchen+dining+bedroom+bedroom+bathroom+hallway,plausible,7,pavage,16,0.25,False,False,,,,63,2.286,0.0907,0.0000,2,9.918,,,1.592,trame
hd06_024,living+kitchen+dining+bedroom+bedroom+bathroom+hallway,plausible,7,pavage,16,1.00,False,False,,,,63,2.286,0.0907,0.0000,2,9.918,,,1.684,trame
hd06_024,living+kitchen+dining+bedroom+bedroom+bathroom+hallway,plausible,7,pavage,16,1.80,False,False,,,,63,2.286,0.0907,0.0000,2,9.918,,,1.432,trame
hd06_025,living+kitchen+dining+bedroom+bedroom+bathroom+hallway,plausible,7,base,,0.50,False,False,,,,108,2.000,0.2048,0.0000,2,10.789,,,3.818,invariant_viole
hd06_025,living+kitchen+dining+bedroom+bedroom+bathroom+hallway,plausible,7,pavage,0,0.50,False,False,,,,108,2.000,0.2048,0.0000,2,10.789,,,1.055,trame
hd06_025,living+kitchen+dining+bedroom+bedroom+bathroom+hallway,plausible,7,pavage,4,0.50,False,False,,,,108,2.000,0.2048,0.0000,2,10.789,,,1.202,trame
hd06_025,living+kitchen+dining+bedroom+bedroom+bathroom+hallway,plausible,7,pavage,8,0.50,False,False,,,,108,2.000,0.2048,0.0000,2,10.789,,,4.869,infaisable
hd06_025,living+kitchen+dining+bedroom+bedroom+bathroom+hallway,plausible,7,pavage,16,0.50,False,False,,,,108,2.000,0.2048,0.0000,2,10.789,,,5.423,infaisable
hd06_025,living+kitchen+dining+bedroom+bedroom+bathroom+hallway,plausible,7,pavage,16,0.00,False,True,7,0.0000,False,108,2.000,0.2048,0.0000,2,10.789,5.181893,0.4803,4.859,ok
hd06_025,living+kitchen+dining+bedroom+bedroom+bathroom+hallway,plausible,7,pavage,16,0.25,False,False,,,,108,2.000,0.2048,0.0000,2,10.789,,,5.236,infaisable
hd06_025,living+kitchen+dining+bedroom+bedroom+bathroom+hallway,plausible,7,pavage,16,1.00,False,False,,,,108,2.000,0.2048,0.0000,2,10.789,,,5.644,infaisable
hd06_025,living+kitchen+dining+bedroom+bedroom+bathroom+hallway,plausible,7,pavage,16,1.80,False,False,,,,108,2.000,0.2048,0.0000,2,10.789,,,4.819,infaisable
hd06_026,living+kitchen+dining+bedroom+bedroom+bathroom+hallway,plausible,7,base,,0.50,False,False,,,,63,3.429,0.2214,0.0000,1,10.258,,,3.249,invariant_viole
hd06_026,living+kitchen+dining+bedroom+bedroom+bathroom+hallway,plausible,7,pavage,0,0.50,False,False,,,,63,3.429,0.2214,0.0000,1,10.258,,,1.393,trame
hd06_026,living+kitchen+dining+bedroom+bedroom+bathroom+hallway,plausible,7,pavage,4,0.50,False,False,,,,63,3.429,0.2214,0.0000,1,10.258,,,1.878,trame
hd06_026,living+kitchen+dining+bedroom+bedroom+bathroom+hallway,plausible,7,pavage,8,0.50,False,False,,,,63,3.429,0.2214,0.0000,1,10.258,,,6.166,infaisable
hd06_026,living+kitchen+dining+bedroom+bedroom+bathroom+hallway,plausible,7,pavage,16,0.50,False,False,,,,63,3.429,0.2214,0.0000,1,10.258,,,6.749,infaisable
hd06_026,living+kitchen+dining+bedroom+bedroom+bathroom+hallway,plausible,7,pavage,16,0.00,False,True,7,0.0000,False,63,3.429,0.2214,0.0000,1,10.258,3.290091,0.3207,5.302,ok
hd06_026,living+kitchen+dining+bedroom+bedroom+bathroom+hallway,plausible,7,pavage,16,0.25,False,False,,,,63,3.429,0.2214,0.0000,1,10.258,,,5.410,infaisable
hd06_026,living+kitchen+dining+bedroom+bedroom+bathroom+hallway,plausible,7,pavage,16,1.00,False,False,,,,63,3.429,0.2214,0.0000,1,10.258,,,6.660,infaisable
hd06_026,living+kitchen+dining+bedroom+bedroom+bathroom+hallway,plausible,7,pavage,16,1.80,False,False,,,,63,3.429,0.2214,0.0000,1,10.258,,,6.251,infaisable
hd06_027,living+kitchen+dining+bedroom+bedroom+bathroom+hallway,plausible,7,base,,0.50,False,False,,,,63,2.286,0.1287,0.0001,1,10.018,,,4.171,invariant_viole
hd06_027,living+kitchen+dining+bedroom+bedroom+bathroom+hallway,plausible,7,pavage,0,0.50,False,False,,,,63,2.286,0.1287,0.0001,1,10.018,,,0.820,trame
hd06_027,living+kitchen+dining+bedroom+bedroom+bathroom+hallway,plausible,7,pavage,4,0.50,False,False,,,,63,2.286,0.1287,0.0001,1,10.018,,,1.220,trame
hd06_027,living+kitchen+dining+bedroom+bedroom+bathroom+hallway,plausible,7,pavage,8,0.50,False,False,,,,63,2.286,0.1287,0.0001,1,10.018,,,1.649,trame
hd06_027,living+kitchen+dining+bedroom+bedroom+bathroom+hallway,plausible,7,pavage,16,0.50,False,False,,,,63,2.286,0.1287,0.0001,1,10.018,,,1.377,trame
hd06_027,living+kitchen+dining+bedroom+bedroom+bathroom+hallway,plausible,7,pavage,16,0.00,False,False,,,,63,2.286,0.1287,0.0001,1,10.018,,,1.435,trame
hd06_027,living+kitchen+dining+bedroom+bedroom+bathroom+hallway,plausible,7,pavage,16,0.25,False,False,,,,63,2.286,0.1287,0.0001,1,10.018,,,1.446,trame
hd06_027,living+kitchen+dining+bedroom+bedroom+bathroom+hallway,plausible,7,pavage,16,1.00,False,False,,,,63,2.286,0.1287,0.0001,1,10.018,,,1.396,trame
hd06_027,living+kitchen+dining+bedroom+bedroom+bathroom+hallway,plausible,7,pavage,16,1.80,False,False,,,,63,2.286,0.1287,0.0001,1,10.018,,,1.406,trame
hd06_028,living+kitchen+dining+bedroom+bedroom+bathroom+hallway,plausible,7,base,,0.50,False,False,,,,81,2.000,0.2031,0.0000,2,10.140,,,5.026,invariant_viole
hd06_028,living+kitchen+dining+bedroom+bedroom+bathroom+hallway,plausible,7,pavage,0,0.50,False,False,,,,81,2.000,0.2031,0.0000,2,10.140,,,0.952,trame
hd06_028,living+kitchen+dining+bedroom+bedroom+bathroom+hallway,plausible,7,pavage,4,0.50,False,False,,,,81,2.000,0.2031,0.0000,2,10.140,,,1.676,trame
hd06_028,living+kitchen+dining+bedroom+bedroom+bathroom+hallway,plausible,7,pavage,8,0.50,False,False,,,,81,2.000,0.2031,0.0000,2,10.140,,,1.597,trame
hd06_028,living+kitchen+dining+bedroom+bedroom+bathroom+hallway,plausible,7,pavage,16,0.50,False,False,,,,81,2.000,0.2031,0.0000,2,10.140,,,1.570,trame
hd06_028,living+kitchen+dining+bedroom+bedroom+bathroom+hallway,plausible,7,pavage,16,0.00,False,False,,,,81,2.000,0.2031,0.0000,2,10.140,,,1.397,trame
hd06_028,living+kitchen+dining+bedroom+bedroom+bathroom+hallway,plausible,7,pavage,16,0.25,False,False,,,,81,2.000,0.2031,0.0000,2,10.140,,,1.641,trame
hd06_028,living+kitchen+dining+bedroom+bedroom+bathroom+hallway,plausible,7,pavage,16,1.00,False,False,,,,81,2.000,0.2031,0.0000,2,10.140,,,1.870,trame
hd06_028,living+kitchen+dining+bedroom+bedroom+bathroom+hallway,plausible,7,pavage,16,1.80,False,False,,,,81,2.000,0.2031,0.0000,2,10.140,,,1.769,trame
hd06_029,living+kitchen+dining+bedroom+bedroom+bathroom+hallway,plausible,7,base,,0.50,False,False,,,,90,2.286,0.3838,0.0000,1,11.898,,,3.338,invariant_viole
hd06_029,living+kitchen+dining+bedroom+bedroom+bathroom+hallway,plausible,7,pavage,0,0.50,False,False,,,,90,2.286,0.3838,0.0000,1,11.898,,,0.940,trame
hd06_029,living+kitchen+dining+bedroom+bedroom+bathroom+hallway,plausible,7,pavage,4,0.50,False,False,,,,90,2.286,0.3838,0.0000,1,11.898,,,1.328,trame
hd06_029,living+kitchen+dining+bedroom+bedroom+bathroom+hallway,plausible,7,pavage,8,0.50,False,False,,,,90,2.286,0.3838,0.0000,1,11.898,,,1.758,trame
hd06_029,living+kitchen+dining+bedroom+bedroom+bathroom+hallway,plausible,7,pavage,16,0.50,False,False,,,,90,2.286,0.3838,0.0000,1,11.898,,,8.457,infaisable
hd06_029,living+kitchen+dining+bedroom+bedroom+bathroom+hallway,plausible,7,pavage,16,0.00,False,True,7,0.0000,False,90,2.286,0.3838,0.0000,1,11.898,5.922164,0.4977,7.856,ok
hd06_029,living+kitchen+dining+bedroom+bedroom+bathroom+hallway,plausible,7,pavage,16,0.25,False,False,,,,90,2.286,0.3838,0.0000,1,11.898,,,6.771,infaisable
hd06_029,living+kitchen+dining+bedroom+bedroom+bathroom+hallway,plausible,7,pavage,16,1.00,False,False,,,,90,2.286,0.3838,0.0000,1,11.898,,,6.461,infaisable
hd06_029,living+kitchen+dining+bedroom+bedroom+bathroom+hallway,plausible,7,pavage,16,1.80,False,False,,,,90,2.286,0.3838,0.0000,1,11.898,,,6.511,infaisable
hd06_030,living+kitchen+dining+bedroom+bedroom+bathroom+hallway,plausible,7,base,,0.50,False,False,,,,56,1.714,0.0984,0.0000,2,9.509,,,3.435,invariant_viole
hd06_030,living+kitchen+dining+bedroom+bedroom+bathroom+hallway,plausible,7,pavage,0,0.50,False,False,,,,56,1.714,0.0984,0.0000,2,9.509,,,0.876,trame
hd06_030,living+kitchen+dining+bedroom+bedroom+bathroom+hallway,plausible,7,pavage,4,0.50,False,False,,,,56,1.714,0.0984,0.0000,2,9.509,,,1.202,trame
hd06_030,living+kitchen+dining+bedroom+bedroom+bathroom+hallway,plausible,7,pavage,8,0.50,False,False,,,,56,1.714,0.0984,0.0000,2,9.509,,,5.429,infaisable
hd06_030,living+kitchen+dining+bedroom+bedroom+bathroom+hallway,plausible,7,pavage,16,0.50,False,False,,,,56,1.714,0.0984,0.0000,2,9.509,,,5.410,infaisable
hd06_030,living+kitchen+dining+bedroom+bedroom+bathroom+hallway,plausible,7,pavage,16,0.00,False,True,7,0.0000,False,56,1.714,0.0984,0.0000,2,9.509,5.922164,0.6228,4.242,ok
hd06_030,living+kitchen+dining+bedroom+bedroom+bathroom+hallway,plausible,7,pavage,16,0.25,False,False,,,,56,1.714,0.0984,0.0000,2,9.509,,,5.912,infaisable
hd06_030,living+kitchen+dining+bedroom+bedroom+bathroom+hallway,plausible,7,pavage,16,1.00,False,False,,,,56,1.714,0.0984,0.0000,2,9.509,,,5.624,infaisable
hd06_030,living+kitchen+dining+bedroom+bedroom+bathroom+hallway,plausible,7,pavage,16,1.80,False,False,,,,56,1.714,0.0984,0.0000,2,9.509,,,4.932,infaisable
hd06_031,living+kitchen+dining+bedroom+bedroom+bathroom+hallway,plausible,7,base,,0.50,False,False,,,,120,0.286,0.1886,0.0000,6,9.766,,,3.960,invariant_viole
hd06_031,living+kitchen+dining+bedroom+bedroom+bathroom+hallway,plausible,7,pavage,0,0.50,False,False,,,,120,0.286,0.1886,0.0000,6,9.766,,,0.820,trame
hd06_031,living+kitchen+dining+bedroom+bedroom+bathroom+hallway,plausible,7,pavage,4,0.50,False,False,,,,120,0.286,0.1886,0.0000,6,9.766,,,1.879,trame
hd06_031,living+kitchen+dining+bedroom+bedroom+bathroom+hallway,plausible,7,pavage,8,0.50,False,True,7,0.5000,True,120,0.286,0.1886,0.0000,6,9.766,1.316036,0.1348,6.157,ok
hd06_031,living+kitchen+dining+bedroom+bedroom+bathroom+hallway,plausible,7,pavage,16,0.50,False,True,7,0.5000,True,120,0.286,0.1886,0.0000,6,9.766,1.316036,0.1348,5.966,ok
hd06_031,living+kitchen+dining+bedroom+bedroom+bathroom+hallway,plausible,7,pavage,16,0.00,False,True,7,0.3290,False,120,0.286,0.1886,0.0000,6,9.766,1.316036,0.1348,6.067,ok
hd06_031,living+kitchen+dining+bedroom+bedroom+bathroom+hallway,plausible,7,pavage,16,0.25,False,True,7,0.3290,False,120,0.286,0.1886,0.0000,6,9.766,1.316036,0.1348,6.675,ok
hd06_031,living+kitchen+dining+bedroom+bedroom+bathroom+hallway,plausible,7,pavage,16,1.00,False,True,7,1.0000,True,120,0.286,0.1886,0.0000,6,9.766,1.398289,0.1432,5.323,ok
hd06_031,living+kitchen+dining+bedroom+bedroom+bathroom+hallway,plausible,7,pavage,16,1.80,False,True,7,1.8000,True,120,0.286,0.1886,0.0000,6,9.766,1.553243,0.1590,5.047,ok
hd06_032,living+kitchen+dining+bedroom+bedroom+bathroom+hallway,plausible,7,base,,0.50,False,False,,,,80,1.714,0.1602,0.0000,2,10.032,,,4.192,invariant_viole
hd06_032,living+kitchen+dining+bedroom+bedroom+bathroom+hallway,plausible,7,pavage,0,0.50,False,False,,,,80,1.714,0.1602,0.0000,2,10.032,,,1.181,trame
hd06_032,living+kitchen+dining+bedroom+bedroom+bathroom+hallway,plausible,7,pavage,4,0.50,False,False,,,,80,1.714,0.1602,0.0000,2,10.032,,,1.464,trame
hd06_032,living+kitchen+dining+bedroom+bedroom+bathroom+hallway,plausible,7,pavage,8,0.50,False,False,,,,80,1.714,0.1602,0.0000,2,10.032,,,7.586,infaisable
hd06_032,living+kitchen+dining+bedroom+bedroom+bathroom+hallway,plausible,7,pavage,16,0.50,False,False,,,,80,1.714,0.1602,0.0000,2,10.032,,,6.350,infaisable
hd06_032,living+kitchen+dining+bedroom+bedroom+bathroom+hallway,plausible,7,pavage,16,0.00,False,True,7,0.0000,False,80,1.714,0.1602,0.0000,2,10.032,4.277118,0.4263,5.959,ok
hd06_032,living+kitchen+dining+bedroom+bedroom+bathroom+hallway,plausible,7,pavage,16,0.25,False,False,,,,80,1.714,0.1602,0.0000,2,10.032,,,8.016,infaisable
hd06_032,living+kitchen+dining+bedroom+bedroom+bathroom+hallway,plausible,7,pavage,16,1.00,False,False,,,,80,1.714,0.1602,0.0000,2,10.032,,,7.024,infaisable
hd06_032,living+kitchen+dining+bedroom+bedroom+bathroom+hallway,plausible,7,pavage,16,1.80,False,False,,,,80,1.714,0.1602,0.0000,2,10.032,,,6.044,infaisable
hd06_033,living+kitchen+dining+bedroom+bedroom+bathroom+hallway,plausible,7,base,,0.50,False,False,,,,54,1.143,0.0427,0.0000,3,10.605,,,3.411,invariant_viole
hd06_033,living+kitchen+dining+bedroom+bedroom+bathroom+hallway,plausible,7,pavage,0,0.50,False,False,,,,54,1.143,0.0427,0.0000,3,10.605,,,0.761,trame
hd06_033,living+kitchen+dining+bedroom+bedroom+bathroom+hallway,plausible,7,pavage,4,0.50,False,False,,,,54,1.143,0.0427,0.0000,3,10.605,,,1.141,trame
hd06_033,living+kitchen+dining+bedroom+bedroom+bathroom+hallway,plausible,7,pavage,8,0.50,False,False,,,,54,1.143,0.0427,0.0000,3,10.605,,,5.640,infaisable
hd06_033,living+kitchen+dining+bedroom+bedroom+bathroom+hallway,plausible,7,pavage,16,0.50,False,False,,,,54,1.143,0.0427,0.0000,3,10.605,,,6.474,infaisable
hd06_033,living+kitchen+dining+bedroom+bedroom+bathroom+hallway,plausible,7,pavage,16,0.00,False,True,7,0.0000,False,54,1.143,0.0427,0.0000,3,10.605,9.541264,0.8997,5.457,ok
hd06_033,living+kitchen+dining+bedroom+bedroom+bathroom+hallway,plausible,7,pavage,16,0.25,False,False,,,,54,1.143,0.0427,0.0000,3,10.605,,,5.643,infaisable
hd06_033,living+kitchen+dining+bedroom+bedroom+bathroom+hallway,plausible,7,pavage,16,1.00,False,False,,,,54,1.143,0.0427,0.0000,3,10.605,,,5.386,infaisable
hd06_033,living+kitchen+dining+bedroom+bedroom+bathroom+hallway,plausible,7,pavage,16,1.80,False,False,,,,54,1.143,0.0427,0.0000,3,10.605,,,5.465,infaisable
hd06_034,living+kitchen+dining+bedroom+bedroom+bathroom+hallway,plausible,7,base,,0.50,False,False,,,,100,2.571,0.4659,0.0000,1,10.455,,,3.828,invariant_viole
hd06_034,living+kitchen+dining+bedroom+bedroom+bathroom+hallway,plausible,7,pavage,0,0.50,False,False,,,,100,2.571,0.4659,0.0000,1,10.455,,,1.081,trame
hd06_034,living+kitchen+dining+bedroom+bedroom+bathroom+hallway,plausible,7,pavage,4,0.50,False,False,,,,100,2.571,0.4659,0.0000,1,10.455,,,1.186,trame
hd06_034,living+kitchen+dining+bedroom+bedroom+bathroom+hallway,plausible,7,pavage,8,0.50,False,False,,,,100,2.571,0.4659,0.0000,1,10.455,,,1.501,trame
hd06_034,living+kitchen+dining+bedroom+bedroom+bathroom+hallway,plausible,7,pavage,16,0.50,False,False,,,,100,2.571,0.4659,0.0000,1,10.455,,,1.404,trame
hd06_034,living+kitchen+dining+bedroom+bedroom+bathroom+hallway,plausible,7,pavage,16,0.00,False,False,,,,100,2.571,0.4659,0.0000,1,10.455,,,1.808,trame
hd06_034,living+kitchen+dining+bedroom+bedroom+bathroom+hallway,plausible,7,pavage,16,0.25,False,False,,,,100,2.571,0.4659,0.0000,1,10.455,,,2.083,trame
hd06_034,living+kitchen+dining+bedroom+bedroom+bathroom+hallway,plausible,7,pavage,16,1.00,False,False,,,,100,2.571,0.4659,0.0000,1,10.455,,,1.911,trame
hd06_034,living+kitchen+dining+bedroom+bedroom+bathroom+hallway,plausible,7,pavage,16,1.80,False,False,,,,100,2.571,0.4659,0.0000,1,10.455,,,1.937,trame
hd06_035,living+kitchen+dining+bedroom+bedroom+bathroom+hallway,plausible,7,base,,0.50,False,False,,,,88,2.571,0.1788,0.0000,1,11.657,,,3.159,invariant_viole
hd06_035,living+kitchen+dining+bedroom+bedroom+bathroom+hallway,plausible,7,pavage,0,0.50,False,False,,,,88,2.571,0.1788,0.0000,1,11.657,,,0.801,trame
hd06_035,living+kitchen+dining+bedroom+bedroom+bathroom+hallway,plausible,7,pavage,4,0.50,False,False,,,,88,2.571,0.1788,0.0000,1,11.657,,,1.132,trame
hd06_035,living+kitchen+dining+bedroom+bedroom+bathroom+hallway,plausible,7,pavage,8,0.50,False,False,,,,88,2.571,0.1788,0.0000,1,11.657,,,5.713,infaisable
hd06_035,living+kitchen+dining+bedroom+bedroom+bathroom+hallway,plausible,7,pavage,16,0.50,False,False,,,,88,2.571,0.1788,0.0000,1,11.657,,,7.376,infaisable
hd06_035,living+kitchen+dining+bedroom+bedroom+bathroom+hallway,plausible,7,pavage,16,0.00,False,True,7,-0.0000,False,88,2.571,0.1788,0.0000,1,11.657,8.636489,0.7409,9.099,ok
hd06_035,living+kitchen+dining+bedroom+bedroom+bathroom+hallway,plausible,7,pavage,16,0.25,False,False,,,,88,2.571,0.1788,0.0000,1,11.657,,,6.461,infaisable
hd06_035,living+kitchen+dining+bedroom+bedroom+bathroom+hallway,plausible,7,pavage,16,1.00,False,False,,,,88,2.571,0.1788,0.0000,1,11.657,,,7.091,infaisable
hd06_035,living+kitchen+dining+bedroom+bedroom+bathroom+hallway,plausible,7,pavage,16,1.80,False,False,,,,88,2.571,0.1788,0.0000,1,11.657,,,6.913,infaisable
hd06_036,living+kitchen+dining+bedroom+bedroom+bathroom+hallway,plausible,7,base,,0.50,False,False,,,,42,2.571,0.1729,0.0000,1,10.031,,,4.147,invariant_viole
hd06_036,living+kitchen+dining+bedroom+bedroom+bathroom+hallway,plausible,7,pavage,0,0.50,False,False,,,,42,2.571,0.1729,0.0000,1,10.031,,,0.836,trame
hd06_036,living+kitchen+dining+bedroom+bedroom+bathroom+hallway,plausible,7,pavage,4,0.50,False,False,,,,42,2.571,0.1729,0.0000,1,10.031,,,2.086,trame
hd06_036,living+kitchen+dining+bedroom+bedroom+bathroom+hallway,plausible,7,pavage,8,0.50,False,False,,,,42,2.571,0.1729,0.0000,1,10.031,,,1.994,trame
hd06_036,living+kitchen+dining+bedroom+bedroom+bathroom+hallway,plausible,7,pavage,16,0.50,False,False,,,,42,2.571,0.1729,0.0000,1,10.031,,,2.095,trame
hd06_036,living+kitchen+dining+bedroom+bedroom+bathroom+hallway,plausible,7,pavage,16,0.00,False,False,,,,42,2.571,0.1729,0.0000,1,10.031,,,2.054,trame
hd06_036,living+kitchen+dining+bedroom+bedroom+bathroom+hallway,plausible,7,pavage,16,0.25,False,False,,,,42,2.571,0.1729,0.0000,1,10.031,,,1.636,trame
hd06_036,living+kitchen+dining+bedroom+bedroom+bathroom+hallway,plausible,7,pavage,16,1.00,False,False,,,,42,2.571,0.1729,0.0000,1,10.031,,,2.013,trame
hd06_036,living+kitchen+dining+bedroom+bedroom+bathroom+hallway,plausible,7,pavage,16,1.80,False,False,,,,42,2.571,0.1729,0.0000,1,10.031,,,1.679,trame
hd06_037,living+kitchen+dining+bedroom+bedroom+bathroom+hallway,plausible,7,base,,0.50,False,False,,,,54,1.429,0.2972,0.0000,3,10.649,,,3.301,invariant_viole
hd06_037,living+kitchen+dining+bedroom+bedroom+bathroom+hallway,plausible,7,pavage,0,0.50,False,False,,,,54,1.429,0.2972,0.0000,3,10.649,,,1.083,trame
hd06_037,living+kitchen+dining+bedroom+bedroom+bathroom+hallway,plausible,7,pavage,4,0.50,False,False,,,,54,1.429,0.2972,0.0000,3,10.649,,,1.130,trame
hd06_037,living+kitchen+dining+bedroom+bedroom+bathroom+hallway,plausible,7,pavage,8,0.50,False,False,,,,54,1.429,0.2972,0.0000,3,10.649,,,5.750,infaisable
hd06_037,living+kitchen+dining+bedroom+bedroom+bathroom+hallway,plausible,7,pavage,16,0.50,False,False,,,,54,1.429,0.2972,0.0000,3,10.649,,,5.695,infaisable
hd06_037,living+kitchen+dining+bedroom+bedroom+bathroom+hallway,plausible,7,pavage,16,0.00,False,True,7,0.0000,False,54,1.429,0.2972,0.0000,3,10.649,7.896218,0.7415,4.465,ok
hd06_037,living+kitchen+dining+bedroom+bedroom+bathroom+hallway,plausible,7,pavage,16,0.25,False,False,,,,54,1.429,0.2972,0.0000,3,10.649,,,6.036,infaisable
hd06_037,living+kitchen+dining+bedroom+bedroom+bathroom+hallway,plausible,7,pavage,16,1.00,False,False,,,,54,1.429,0.2972,0.0000,3,10.649,,,4.862,infaisable
hd06_037,living+kitchen+dining+bedroom+bedroom+bathroom+hallway,plausible,7,pavage,16,1.80,False,False,,,,54,1.429,0.2972,0.0000,3,10.649,,,5.065,infaisable
hd06_038,living+kitchen+dining+bedroom+bedroom+bathroom+hallway,plausible,7,base,,0.50,False,False,,,,99,2.857,0.3203,0.0003,1,10.916,,,4.938,invariant_viole
hd06_038,living+kitchen+dining+bedroom+bedroom+bathroom+hallway,plausible,7,pavage,0,0.50,False,False,,,,99,2.857,0.3203,0.0003,1,10.916,,,1.007,trame
hd06_038,living+kitchen+dining+bedroom+bedroom+bathroom+hallway,plausible,7,pavage,4,0.50,False,False,,,,99,2.857,0.3203,0.0003,1,10.916,,,1.542,trame
hd06_038,living+kitchen+dining+bedroom+bedroom+bathroom+hallway,plausible,7,pavage,8,0.50,False,False,,,,99,2.857,0.3203,0.0003,1,10.916,,,3.549,trame
hd06_038,living+kitchen+dining+bedroom+bedroom+bathroom+hallway,plausible,7,pavage,16,0.50,False,False,,,,99,2.857,0.3203,0.0003,1,10.916,,,2.213,trame
hd06_038,living+kitchen+dining+bedroom+bedroom+bathroom+hallway,plausible,7,pavage,16,0.00,False,False,,,,99,2.857,0.3203,0.0003,1,10.916,,,2.799,trame
hd06_038,living+kitchen+dining+bedroom+bedroom+bathroom+hallway,plausible,7,pavage,16,0.25,False,False,,,,99,2.857,0.3203,0.0003,1,10.916,,,3.421,trame
hd06_038,living+kitchen+dining+bedroom+bedroom+bathroom+hallway,plausible,7,pavage,16,1.00,False,False,,,,99,2.857,0.3203,0.0003,1,10.916,,,3.211,trame
hd06_038,living+kitchen+dining+bedroom+bedroom+bathroom+hallway,plausible,7,pavage,16,1.80,False,False,,,,99,2.857,0.3203,0.0003,1,10.916,,,2.757,trame
hd06_039,living+kitchen+dining+bedroom+bedroom+bathroom+hallway,plausible,7,base,,0.50,False,False,,,,90,3.429,0.1041,0.0001,1,9.782,,,5.017,invariant_viole
hd06_039,living+kitchen+dining+bedroom+bedroom+bathroom+hallway,plausible,7,pavage,0,0.50,False,False,,,,90,3.429,0.1041,0.0001,1,9.782,,,1.288,trame
hd06_039,living+kitchen+dining+bedroom+bedroom+bathroom+hallway,plausible,7,pavage,4,0.50,False,False,,,,90,3.429,0.1041,0.0001,1,9.782,,,1.452,trame
hd06_039,living+kitchen+dining+bedroom+bedroom+bathroom+hallway,plausible,7,pavage,8,0.50,False,False,,,,90,3.429,0.1041,0.0001,1,9.782,,,1.785,trame
hd06_039,living+kitchen+dining+bedroom+bedroom+bathroom+hallway,plausible,7,pavage,16,0.50,False,False,,,,90,3.429,0.1041,0.0001,1,9.782,,,2.160,trame
hd06_039,living+kitchen+dining+bedroom+bedroom+bathroom+hallway,plausible,7,pavage,16,0.00,False,False,,,,90,3.429,0.1041,0.0001,1,9.782,,,2.365,trame
hd06_039,living+kitchen+dining+bedroom+bedroom+bathroom+hallway,plausible,7,pavage,16,0.25,False,False,,,,90,3.429,0.1041,0.0001,1,9.782,,,1.967,trame
hd06_039,living+kitchen+dining+bedroom+bedroom+bathroom+hallway,plausible,7,pavage,16,1.00,False,False,,,,90,3.429,0.1041,0.0001,1,9.782,,,1.576,trame
hd06_039,living+kitchen+dining+bedroom+bedroom+bathroom+hallway,plausible,7,pavage,16,1.80,False,False,,,,90,3.429,0.1041,0.0001,1,9.782,,,2.141,trame
hd07_000,living+kitchen+bedroom+bedroom+bedroom+bathroom+bathroom+hallway,plausible,8,base,,0.50,False,False,,,,144,2.750,0.0549,0.0000,1,10.694,,,5.851,invariant_viole
hd07_000,living+kitchen+bedroom+bedroom+bedroom+bathroom+bathroom+hallway,plausible,8,pavage,0,0.50,False,False,,,,144,2.750,0.0549,0.0000,1,10.694,,,1.975,trame
hd07_000,living+kitchen+bedroom+bedroom+bedroom+bathroom+bathroom+hallway,plausible,8,pavage,4,0.50,False,False,,,,144,2.750,0.0549,0.0000,1,10.694,,,1.708,trame
hd07_000,living+kitchen+bedroom+bedroom+bedroom+bathroom+bathroom+hallway,plausible,8,pavage,8,0.50,False,False,,,,144,2.750,0.0549,0.0000,1,10.694,,,2.203,trame
hd07_000,living+kitchen+bedroom+bedroom+bedroom+bathroom+bathroom+hallway,plausible,8,pavage,16,0.50,False,False,,,,144,2.750,0.0549,0.0000,1,10.694,,,2.405,trame
hd07_000,living+kitchen+bedroom+bedroom+bedroom+bathroom+bathroom+hallway,plausible,8,pavage,16,0.00,False,False,,,,144,2.750,0.0549,0.0000,1,10.694,,,2.184,trame
hd07_000,living+kitchen+bedroom+bedroom+bedroom+bathroom+bathroom+hallway,plausible,8,pavage,16,0.25,False,False,,,,144,2.750,0.0549,0.0000,1,10.694,,,2.510,trame
hd07_000,living+kitchen+bedroom+bedroom+bedroom+bathroom+bathroom+hallway,plausible,8,pavage,16,1.00,False,False,,,,144,2.750,0.0549,0.0000,1,10.694,,,2.312,trame
hd07_000,living+kitchen+bedroom+bedroom+bedroom+bathroom+bathroom+hallway,plausible,8,pavage,16,1.80,False,False,,,,144,2.750,0.0549,0.0000,1,10.694,,,2.233,trame
hd07_001,living+kitchen+bedroom+bedroom+bedroom+bathroom+bathroom+hallway,plausible,8,base,,0.50,False,False,,,,132,2.500,0.2908,0.0003,1,11.383,,,3.625,invariant_viole
hd07_001,living+kitchen+bedroom+bedroom+bedroom+bathroom+bathroom+hallway,plausible,8,pavage,0,0.50,False,False,,,,132,2.500,0.2908,0.0003,1,11.383,,,0.933,trame
hd07_001,living+kitchen+bedroom+bedroom+bedroom+bathroom+bathroom+hallway,plausible,8,pavage,4,0.50,False,False,,,,132,2.500,0.2908,0.0003,1,11.383,,,1.932,trame
hd07_001,living+kitchen+bedroom+bedroom+bedroom+bathroom+bathroom+hallway,plausible,8,pavage,8,0.50,False,False,,,,132,2.500,0.2908,0.0003,1,11.383,,,2.677,trame
hd07_001,living+kitchen+bedroom+bedroom+bedroom+bathroom+bathroom+hallway,plausible,8,pavage,16,0.50,False,False,,,,132,2.500,0.2908,0.0003,1,11.383,,,9.026,infaisable
hd07_001,living+kitchen+bedroom+bedroom+bedroom+bathroom+bathroom+hallway,plausible,8,pavage,16,0.00,False,True,8,0.0000,False,132,2.500,0.2908,0.0003,1,11.383,5.264145,0.4624,8.249,ok
hd07_001,living+kitchen+bedroom+bedroom+bedroom+bathroom+bathroom+hallway,plausible,8,pavage,16,0.25,False,False,,,,132,2.500,0.2908,0.0003,1,11.383,,,6.694,infaisable
hd07_001,living+kitchen+bedroom+bedroom+bedroom+bathroom+bathroom+hallway,plausible,8,pavage,16,1.00,False,False,,,,132,2.500,0.2908,0.0003,1,11.383,,,7.147,infaisable
hd07_001,living+kitchen+bedroom+bedroom+bedroom+bathroom+bathroom+hallway,plausible,8,pavage,16,1.80,False,False,,,,132,2.500,0.2908,0.0003,1,11.383,,,10.457,infaisable
hd07_002,living+kitchen+bedroom+bedroom+bedroom+bathroom+bathroom+hallway,plausible,8,base,,0.50,False,False,,,,132,2.250,0.1915,0.0001,1,9.782,,,4.517,invariant_viole
hd07_002,living+kitchen+bedroom+bedroom+bedroom+bathroom+bathroom+hallway,plausible,8,pavage,0,0.50,False,False,,,,132,2.250,0.1915,0.0001,1,9.782,,,1.252,trame
hd07_002,living+kitchen+bedroom+bedroom+bedroom+bathroom+bathroom+hallway,plausible,8,pavage,4,0.50,False,False,,,,132,2.250,0.1915,0.0001,1,9.782,,,1.864,trame
hd07_002,living+kitchen+bedroom+bedroom+bedroom+bathroom+bathroom+hallway,plausible,8,pavage,8,0.50,False,False,,,,132,2.250,0.1915,0.0001,1,9.782,,,2.491,trame
hd07_002,living+kitchen+bedroom+bedroom+bedroom+bathroom+bathroom+hallway,plausible,8,pavage,16,0.50,False,False,,,,132,2.250,0.1915,0.0001,1,9.782,,,2.742,trame
hd07_002,living+kitchen+bedroom+bedroom+bedroom+bathroom+bathroom+hallway,plausible,8,pavage,16,0.00,False,False,,,,132,2.250,0.1915,0.0001,1,9.782,,,3.675,trame
hd07_002,living+kitchen+bedroom+bedroom+bedroom+bathroom+bathroom+hallway,plausible,8,pavage,16,0.25,False,False,,,,132,2.250,0.1915,0.0001,1,9.782,,,2.699,trame
hd07_002,living+kitchen+bedroom+bedroom+bedroom+bathroom+bathroom+hallway,plausible,8,pavage,16,1.00,False,False,,,,132,2.250,0.1915,0.0001,1,9.782,,,1.972,trame
hd07_002,living+kitchen+bedroom+bedroom+bedroom+bathroom+bathroom+hallway,plausible,8,pavage,16,1.80,False,False,,,,132,2.250,0.1915,0.0001,1,9.782,,,2.511,trame
hd07_003,living+kitchen+bedroom+bedroom+bedroom+bathroom+bathroom+hallway,plausible,8,base,,0.50,False,False,,,,90,2.500,0.3608,0.0006,2,10.425,,,4.097,invariant_viole
hd07_003,living+kitchen+bedroom+bedroom+bedroom+bathroom+bathroom+hallway,plausible,8,pavage,0,0.50,False,False,,,,90,2.500,0.3608,0.0006,2,10.425,,,0.835,trame
hd07_003,living+kitchen+bedroom+bedroom+bedroom+bathroom+bathroom+hallway,plausible,8,pavage,4,0.50,False,False,,,,90,2.500,0.3608,0.0006,2,10.425,,,1.792,trame
hd07_003,living+kitchen+bedroom+bedroom+bedroom+bathroom+bathroom+hallway,plausible,8,pavage,8,0.50,False,False,,,,90,2.500,0.3608,0.0006,2,10.425,,,2.008,trame
hd07_003,living+kitchen+bedroom+bedroom+bedroom+bathroom+bathroom+hallway,plausible,8,pavage,16,0.50,False,False,,,,90,2.500,0.3608,0.0006,2,10.425,,,8.246,infaisable
hd07_003,living+kitchen+bedroom+bedroom+bedroom+bathroom+bathroom+hallway,plausible,8,pavage,16,0.00,False,True,8,0.0000,False,90,2.500,0.3608,0.0006,2,10.425,5.510902,0.5286,6.154,ok
hd07_003,living+kitchen+bedroom+bedroom+bedroom+bathroom+bathroom+hallway,plausible,8,pavage,16,0.25,False,False,,,,90,2.500,0.3608,0.0006,2,10.425,,,8.680,infaisable
hd07_003,living+kitchen+bedroom+bedroom+bedroom+bathroom+bathroom+hallway,plausible,8,pavage,16,1.00,False,False,,,,90,2.500,0.3608,0.0006,2,10.425,,,8.752,infaisable
hd07_003,living+kitchen+bedroom+bedroom+bedroom+bathroom+bathroom+hallway,plausible,8,pavage,16,1.80,False,False,,,,90,2.500,0.3608,0.0006,2,10.425,,,11.039,infaisable
hd07_004,living+kitchen+bedroom+bedroom+bedroom+bathroom+bathroom+hallway,plausible,8,base,,0.50,False,False,,,,90,1.500,0.2071,0.0000,3,11.210,,,3.741,invariant_viole
hd07_004,living+kitchen+bedroom+bedroom+bedroom+bathroom+bathroom+hallway,plausible,8,pavage,0,0.50,False,False,,,,90,1.500,0.2071,0.0000,3,11.210,,,1.099,trame
hd07_004,living+kitchen+bedroom+bedroom+bedroom+bathroom+bathroom+hallway,plausible,8,pavage,4,0.50,False,False,,,,90,1.500,0.2071,0.0000,3,11.210,,,1.465,trame
hd07_004,living+kitchen+bedroom+bedroom+bedroom+bathroom+bathroom+hallway,plausible,8,pavage,8,0.50,False,False,,,,90,1.500,0.2071,0.0000,3,11.210,,,6.032,infaisable
hd07_004,living+kitchen+bedroom+bedroom+bedroom+bathroom+bathroom+hallway,plausible,8,pavage,16,0.50,False,False,,,,90,1.500,0.2071,0.0000,3,11.210,,,6.522,infaisable
hd07_004,living+kitchen+bedroom+bedroom+bedroom+bathroom+bathroom+hallway,plausible,8,pavage,16,0.00,False,True,8,0.0000,False,90,1.500,0.2071,0.0000,3,11.210,6.251173,0.5577,9.098,ok
hd07_004,living+kitchen+bedroom+bedroom+bedroom+bathroom+bathroom+hallway,plausible,8,pavage,16,0.25,False,False,,,,90,1.500,0.2071,0.0000,3,11.210,,,5.760,infaisable
hd07_004,living+kitchen+bedroom+bedroom+bedroom+bathroom+bathroom+hallway,plausible,8,pavage,16,1.00,False,False,,,,90,1.500,0.2071,0.0000,3,11.210,,,5.896,infaisable
hd07_004,living+kitchen+bedroom+bedroom+bedroom+bathroom+bathroom+hallway,plausible,8,pavage,16,1.80,False,False,,,,90,1.500,0.2071,0.0000,3,11.210,,,5.560,infaisable
hd07_005,living+kitchen+bedroom+bedroom+bedroom+bathroom+bathroom+hallway,plausible,8,base,,0.50,False,False,,,,140,2.250,0.1851,0.0007,1,11.085,,,3.722,invariant_viole
hd07_005,living+kitchen+bedroom+bedroom+bedroom+bathroom+bathroom+hallway,plausible,8,pavage,0,0.50,False,False,,,,140,2.250,0.1851,0.0007,1,11.085,,,1.201,trame
hd07_005,living+kitchen+bedroom+bedroom+bedroom+bathroom+bathroom+hallway,plausible,8,pavage,4,0.50,False,False,,,,140,2.250,0.1851,0.0007,1,11.085,,,1.770,trame
hd07_005,living+kitchen+bedroom+bedroom+bedroom+bathroom+bathroom+hallway,plausible,8,pavage,8,0.50,False,False,,,,140,2.250,0.1851,0.0007,1,11.085,,,1.891,trame
hd07_005,living+kitchen+bedroom+bedroom+bedroom+bathroom+bathroom+hallway,plausible,8,pavage,16,0.50,False,False,,,,140,2.250,0.1851,0.0007,1,11.085,,,2.032,trame
hd07_005,living+kitchen+bedroom+bedroom+bedroom+bathroom+bathroom+hallway,plausible,8,pavage,16,0.00,False,False,,,,140,2.250,0.1851,0.0007,1,11.085,,,1.998,trame
hd07_005,living+kitchen+bedroom+bedroom+bedroom+bathroom+bathroom+hallway,plausible,8,pavage,16,0.25,False,False,,,,140,2.250,0.1851,0.0007,1,11.085,,,2.001,trame
hd07_005,living+kitchen+bedroom+bedroom+bedroom+bathroom+bathroom+hallway,plausible,8,pavage,16,1.00,False,False,,,,140,2.250,0.1851,0.0007,1,11.085,,,2.282,trame
hd07_005,living+kitchen+bedroom+bedroom+bedroom+bathroom+bathroom+hallway,plausible,8,pavage,16,1.80,False,False,,,,140,2.250,0.1851,0.0007,1,11.085,,,2.075,trame
hd07_006,living+kitchen+bedroom+bedroom+bedroom+bathroom+bathroom+hallway,plausible,8,base,,0.50,False,False,,,,143,2.750,0.3995,0.0000,1,11.776,,,3.589,invariant_viole
hd07_006,living+kitchen+bedroom+bedroom+bedroom+bathroom+bathroom+hallway,plausible,8,pavage,0,0.50,False,False,,,,143,2.750,0.3995,0.0000,1,11.776,,,0.964,trame
hd07_006,living+kitchen+bedroom+bedroom+bedroom+bathroom+bathroom+hallway,plausible,8,pavage,4,0.50,False,False,,,,143,2.750,0.3995,0.0000,1,11.776,,,1.447,trame
hd07_006,living+kitchen+bedroom+bedroom+bedroom+bathroom+bathroom+hallway,plausible,8,pavage,8,0.50,False,False,,,,143,2.750,0.3995,0.0000,1,11.776,,,2.240,trame
hd07_006,living+kitchen+bedroom+bedroom+bedroom+bathroom+bathroom+hallway,plausible,8,pavage,16,0.50,False,False,,,,143,2.750,0.3995,0.0000,1,11.776,,,7.591,infaisable
hd07_006,living+kitchen+bedroom+bedroom+bedroom+bathroom+bathroom+hallway,plausible,8,pavage,16,0.00,False,False,,,,143,2.750,0.3995,0.0000,1,11.776,,,6.678,infaisable
hd07_006,living+kitchen+bedroom+bedroom+bedroom+bathroom+bathroom+hallway,plausible,8,pavage,16,0.25,False,False,,,,143,2.750,0.3995,0.0000,1,11.776,,,6.305,infaisable
hd07_006,living+kitchen+bedroom+bedroom+bedroom+bathroom+bathroom+hallway,plausible,8,pavage,16,1.00,False,False,,,,143,2.750,0.3995,0.0000,1,11.776,,,9.693,infaisable
hd07_006,living+kitchen+bedroom+bedroom+bedroom+bathroom+bathroom+hallway,plausible,8,pavage,16,1.80,False,False,,,,143,2.750,0.3995,0.0000,1,11.776,,,8.192,infaisable
hd07_007,living+kitchen+bedroom+bedroom+bedroom+bathroom+bathroom+hallway,plausible,8,base,,0.50,False,False,,,,99,3.000,0.2393,0.0000,1,11.199,,,4.218,invariant_viole
hd07_007,living+kitchen+bedroom+bedroom+bedroom+bathroom+bathroom+hallway,plausible,8,pavage,0,0.50,False,False,,,,99,3.000,0.2393,0.0000,1,11.199,,,1.086,trame
hd07_007,living+kitchen+bedroom+bedroom+bedroom+bathroom+bathroom+hallway,plausible,8,pavage,4,0.50,False,False,,,,99,3.000,0.2393,0.0000,1,11.199,,,1.494,trame
hd07_007,living+kitchen+bedroom+bedroom+bedroom+bathroom+bathroom+hallway,plausible,8,pavage,8,0.50,False,False,,,,99,3.000,0.2393,0.0000,1,11.199,,,2.366,trame
hd07_007,living+kitchen+bedroom+bedroom+bedroom+bathroom+bathroom+hallway,plausible,8,pavage,16,0.50,False,False,,,,99,3.000,0.2393,0.0000,1,11.199,,,3.655,trame
hd07_007,living+kitchen+bedroom+bedroom+bedroom+bathroom+bathroom+hallway,plausible,8,pavage,16,0.00,False,False,,,,99,3.000,0.2393,0.0000,1,11.199,,,2.786,trame
hd07_007,living+kitchen+bedroom+bedroom+bedroom+bathroom+bathroom+hallway,plausible,8,pavage,16,0.25,False,False,,,,99,3.000,0.2393,0.0000,1,11.199,,,2.775,trame
hd07_007,living+kitchen+bedroom+bedroom+bedroom+bathroom+bathroom+hallway,plausible,8,pavage,16,1.00,False,False,,,,99,3.000,0.2393,0.0000,1,11.199,,,2.695,trame
hd07_007,living+kitchen+bedroom+bedroom+bedroom+bathroom+bathroom+hallway,plausible,8,pavage,16,1.80,False,False,,,,99,3.000,0.2393,0.0000,1,11.199,,,3.110,trame
hd07_008,living+kitchen+bedroom+bedroom+bedroom+bathroom+bathroom+hallway,plausible,8,base,,0.50,False,False,,,,81,3.250,0.1793,0.0000,1,9.453,,,5.677,invariant_viole
hd07_008,living+kitchen+bedroom+bedroom+bedroom+bathroom+bathroom+hallway,plausible,8,pavage,0,0.50,False,False,,,,81,3.250,0.1793,0.0000,1,9.453,,,1.275,trame
hd07_008,living+kitchen+bedroom+bedroom+bedroom+bathroom+bathroom+hallway,plausible,8,pavage,4,0.50,False,False,,,,81,3.250,0.1793,0.0000,1,9.453,,,3.126,trame
hd07_008,living+kitchen+bedroom+bedroom+bedroom+bathroom+bathroom+hallway,plausible,8,pavage,8,0.50,False,False,,,,81,3.250,0.1793,0.0000,1,9.453,,,2.524,trame
hd07_008,living+kitchen+bedroom+bedroom+bedroom+bathroom+bathroom+hallway,plausible,8,pavage,16,0.50,False,False,,,,81,3.250,0.1793,0.0000,1,9.453,,,2.585,trame
hd07_008,living+kitchen+bedroom+bedroom+bedroom+bathroom+bathroom+hallway,plausible,8,pavage,16,0.00,False,False,,,,81,3.250,0.1793,0.0000,1,9.453,,,2.736,trame
hd07_008,living+kitchen+bedroom+bedroom+bedroom+bathroom+bathroom+hallway,plausible,8,pavage,16,0.25,False,False,,,,81,3.250,0.1793,0.0000,1,9.453,,,2.730,trame
hd07_008,living+kitchen+bedroom+bedroom+bedroom+bathroom+bathroom+hallway,plausible,8,pavage,16,1.00,False,False,,,,81,3.250,0.1793,0.0000,1,9.453,,,2.173,trame
hd07_008,living+kitchen+bedroom+bedroom+bedroom+bathroom+bathroom+hallway,plausible,8,pavage,16,1.80,False,False,,,,81,3.250,0.1793,0.0000,1,9.453,,,2.711,trame
hd07_009,living+kitchen+bedroom+bedroom+bedroom+bathroom+bathroom+hallway,plausible,8,base,,0.50,False,False,,,,110,1.750,0.3383,0.0000,3,10.363,,,5.417,invariant_viole
hd07_009,living+kitchen+bedroom+bedroom+bedroom+bathroom+bathroom+hallway,plausible,8,pavage,0,0.50,False,False,,,,110,1.750,0.3383,0.0000,3,10.363,,,1.314,trame
hd07_009,living+kitchen+bedroom+bedroom+bedroom+bathroom+bathroom+hallway,plausible,8,pavage,4,0.50,False,False,,,,110,1.750,0.3383,0.0000,3,10.363,,,2.013,trame
hd07_009,living+kitchen+bedroom+bedroom+bedroom+bathroom+bathroom+hallway,plausible,8,pavage,8,0.50,False,False,,,,110,1.750,0.3383,0.0000,3,10.363,,,2.122,trame
hd07_009,living+kitchen+bedroom+bedroom+bedroom+bathroom+bathroom+hallway,plausible,8,pavage,16,0.50,False,False,,,,110,1.750,0.3383,0.0000,3,10.363,,,6.465,infaisable
hd07_009,living+kitchen+bedroom+bedroom+bedroom+bathroom+bathroom+hallway,plausible,8,pavage,16,0.00,False,True,8,0.0000,False,110,1.750,0.3383,0.0000,3,10.363,10.857300,1.0477,5.565,ok
hd07_009,living+kitchen+bedroom+bedroom+bedroom+bathroom+bathroom+hallway,plausible,8,pavage,16,0.25,False,False,,,,110,1.750,0.3383,0.0000,3,10.363,,,6.361,infaisable
hd07_009,living+kitchen+bedroom+bedroom+bedroom+bathroom+bathroom+hallway,plausible,8,pavage,16,1.00,False,False,,,,110,1.750,0.3383,0.0000,3,10.363,,,7.144,infaisable
hd07_009,living+kitchen+bedroom+bedroom+bedroom+bathroom+bathroom+hallway,plausible,8,pavage,16,1.80,False,False,,,,110,1.750,0.3383,0.0000,3,10.363,,,7.741,infaisable
hd07_010,living+kitchen+bedroom+bedroom+bedroom+bathroom+bathroom+hallway,plausible,8,base,,0.50,False,False,,,,143,1.000,0.0766,0.0000,4,10.788,,,3.948,invariant_viole
hd07_010,living+kitchen+bedroom+bedroom+bedroom+bathroom+bathroom+hallway,plausible,8,pavage,0,0.50,False,False,,,,143,1.000,0.0766,0.0000,4,10.788,,,0.956,trame
hd07_010,living+kitchen+bedroom+bedroom+bedroom+bathroom+bathroom+hallway,plausible,8,pavage,4,0.50,False,False,,,,143,1.000,0.0766,0.0000,4,10.788,,,1.259,trame
hd07_010,living+kitchen+bedroom+bedroom+bedroom+bathroom+bathroom+hallway,plausible,8,pavage,8,0.50,False,False,,,,143,1.000,0.0766,0.0000,4,10.788,,,1.927,trame
hd07_010,living+kitchen+bedroom+bedroom+bedroom+bathroom+bathroom+hallway,plausible,8,pavage,16,0.50,False,False,,,,143,1.000,0.0766,0.0000,4,10.788,,,2.390,trame
hd07_010,living+kitchen+bedroom+bedroom+bedroom+bathroom+bathroom+hallway,plausible,8,pavage,16,0.00,False,False,,,,143,1.000,0.0766,0.0000,4,10.788,,,2.558,trame
hd07_010,living+kitchen+bedroom+bedroom+bedroom+bathroom+bathroom+hallway,plausible,8,pavage,16,0.25,False,False,,,,143,1.000,0.0766,0.0000,4,10.788,,,3.619,trame
hd07_010,living+kitchen+bedroom+bedroom+bedroom+bathroom+bathroom+hallway,plausible,8,pavage,16,1.00,False,False,,,,143,1.000,0.0766,0.0000,4,10.788,,,2.514,trame
hd07_010,living+kitchen+bedroom+bedroom+bedroom+bathroom+bathroom+hallway,plausible,8,pavage,16,1.80,False,False,,,,143,1.000,0.0766,0.0000,4,10.788,,,2.046,trame
hd07_011,living+kitchen+bedroom+bedroom+bedroom+bathroom+bathroom+hallway,plausible,8,base,,0.50,False,False,,,,99,2.500,0.2677,0.0000,2,10.658,,,5.017,invariant_viole
hd07_011,living+kitchen+bedroom+bedroom+bedroom+bathroom+bathroom+hallway,plausible,8,pavage,0,0.50,False,False,,,,99,2.500,0.2677,0.0000,2,10.658,,,1.041,trame
hd07_011,living+kitchen+bedroom+bedroom+bedroom+bathroom+bathroom+hallway,plausible,8,pavage,4,0.50,False,False,,,,99,2.500,0.2677,0.0000,2,10.658,,,2.271,trame
hd07_011,living+kitchen+bedroom+bedroom+bedroom+bathroom+bathroom+hallway,plausible,8,pavage,8,0.50,False,False,,,,99,2.500,0.2677,0.0000,2,10.658,,,1.856,trame
hd07_011,living+kitchen+bedroom+bedroom+bedroom+bathroom+bathroom+hallway,plausible,8,pavage,16,0.50,False,False,,,,99,2.500,0.2677,0.0000,2,10.658,,,2.930,trame
hd07_011,living+kitchen+bedroom+bedroom+bedroom+bathroom+bathroom+hallway,plausible,8,pavage,16,0.00,False,False,,,,99,2.500,0.2677,0.0000,2,10.658,,,3.174,trame
hd07_011,living+kitchen+bedroom+bedroom+bedroom+bathroom+bathroom+hallway,plausible,8,pavage,16,0.25,False,False,,,,99,2.500,0.2677,0.0000,2,10.658,,,4.848,trame
hd07_011,living+kitchen+bedroom+bedroom+bedroom+bathroom+bathroom+hallway,plausible,8,pavage,16,1.00,False,False,,,,99,2.500,0.2677,0.0000,2,10.658,,,3.544,trame
hd07_011,living+kitchen+bedroom+bedroom+bedroom+bathroom+bathroom+hallway,plausible,8,pavage,16,1.80,False,False,,,,99,2.500,0.2677,0.0000,2,10.658,,,4.420,trame
hd07_012,living+kitchen+bedroom+bedroom+bedroom+bathroom+bathroom+hallway,plausible,8,base,,0.50,False,False,,,,100,2.250,0.3126,0.0000,1,10.730,,,4.723,invariant_viole
hd07_012,living+kitchen+bedroom+bedroom+bedroom+bathroom+bathroom+hallway,plausible,8,pavage,0,0.50,False,False,,,,100,2.250,0.3126,0.0000,1,10.730,,,1.322,trame
hd07_012,living+kitchen+bedroom+bedroom+bedroom+bathroom+bathroom+hallway,plausible,8,pavage,4,0.50,False,False,,,,100,2.250,0.3126,0.0000,1,10.730,,,2.259,trame
hd07_012,living+kitchen+bedroom+bedroom+bedroom+bathroom+bathroom+hallway,plausible,8,pavage,8,0.50,False,False,,,,100,2.250,0.3126,0.0000,1,10.730,,,3.545,trame
hd07_012,living+kitchen+bedroom+bedroom+bedroom+bathroom+bathroom+hallway,plausible,8,pavage,16,0.50,False,False,,,,100,2.250,0.3126,0.0000,1,10.730,,,3.762,trame
hd07_012,living+kitchen+bedroom+bedroom+bedroom+bathroom+bathroom+hallway,plausible,8,pavage,16,0.00,False,False,,,,100,2.250,0.3126,0.0000,1,10.730,,,3.722,trame
hd07_012,living+kitchen+bedroom+bedroom+bedroom+bathroom+bathroom+hallway,plausible,8,pavage,16,0.25,False,False,,,,100,2.250,0.3126,0.0000,1,10.730,,,2.968,trame
hd07_012,living+kitchen+bedroom+bedroom+bedroom+bathroom+bathroom+hallway,plausible,8,pavage,16,1.00,False,False,,,,100,2.250,0.3126,0.0000,1,10.730,,,2.911,trame
hd07_012,living+kitchen+bedroom+bedroom+bedroom+bathroom+bathroom+hallway,plausible,8,pavage,16,1.80,False,False,,,,100,2.250,0.3126,0.0000,1,10.730,,,2.750,trame
hd07_013,living+kitchen+bedroom+bedroom+bedroom+bathroom+bathroom+hallway,plausible,8,base,,0.50,False,False,,,,88,2.750,0.0578,0.0000,2,10.280,,,3.822,invariant_viole
hd07_013,living+kitchen+bedroom+bedroom+bedroom+bathroom+bathroom+hallway,plausible,8,pavage,0,0.50,False,False,,,,88,2.750,0.0578,0.0000,2,10.280,,,0.905,trame
hd07_013,living+kitchen+bedroom+bedroom+bedroom+bathroom+bathroom+hallway,plausible,8,pavage,4,0.50,False,False,,,,88,2.750,0.0578,0.0000,2,10.280,,,1.311,trame
hd07_013,living+kitchen+bedroom+bedroom+bedroom+bathroom+bathroom+hallway,plausible,8,pavage,8,0.50,False,False,,,,88,2.750,0.0578,0.0000,2,10.280,,,1.398,trame
hd07_013,living+kitchen+bedroom+bedroom+bedroom+bathroom+bathroom+hallway,plausible,8,pavage,16,0.50,False,False,,,,88,2.750,0.0578,0.0000,2,10.280,,,1.445,trame
hd07_013,living+kitchen+bedroom+bedroom+bedroom+bathroom+bathroom+hallway,plausible,8,pavage,16,0.00,False,False,,,,88,2.750,0.0578,0.0000,2,10.280,,,1.390,trame
hd07_013,living+kitchen+bedroom+bedroom+bedroom+bathroom+bathroom+hallway,plausible,8,pavage,16,0.25,False,False,,,,88,2.750,0.0578,0.0000,2,10.280,,,1.557,trame
hd07_013,living+kitchen+bedroom+bedroom+bedroom+bathroom+bathroom+hallway,plausible,8,pavage,16,1.00,False,False,,,,88,2.750,0.0578,0.0000,2,10.280,,,2.114,trame
hd07_013,living+kitchen+bedroom+bedroom+bedroom+bathroom+bathroom+hallway,plausible,8,pavage,16,1.80,False,False,,,,88,2.750,0.0578,0.0000,2,10.280,,,1.830,trame
hd07_014,living+kitchen+bedroom+bedroom+bedroom+bathroom+bathroom+hallway,plausible,8,base,,0.50,False,False,,,,90,2.750,0.3695,0.0000,2,10.609,,,3.991,invariant_viole
hd07_014,living+kitchen+bedroom+bedroom+bedroom+bathroom+bathroom+hallway,plausible,8,pavage,0,0.50,False,False,,,,90,2.750,0.3695,0.0000,2,10.609,,,1.287,trame
hd07_014,living+kitchen+bedroom+bedroom+bedroom+bathroom+bathroom+hallway,plausible,8,pavage,4,0.50,False,False,,,,90,2.750,0.3695,0.0000,2,10.609,,,1.512,trame
hd07_014,living+kitchen+bedroom+bedroom+bedroom+bathroom+bathroom+hallway,plausible,8,pavage,8,0.50,False,False,,,,90,2.750,0.3695,0.0000,2,10.609,,,2.139,trame
hd07_014,living+kitchen+bedroom+bedroom+bedroom+bathroom+bathroom+hallway,plausible,8,pavage,16,0.50,False,False,,,,90,2.750,0.3695,0.0000,2,10.609,,,2.356,trame
hd07_014,living+kitchen+bedroom+bedroom+bedroom+bathroom+bathroom+hallway,plausible,8,pavage,16,0.00,False,False,,,,90,2.750,0.3695,0.0000,2,10.609,,,2.188,trame
hd07_014,living+kitchen+bedroom+bedroom+bedroom+bathroom+bathroom+hallway,plausible,8,pavage,16,0.25,False,False,,,,90,2.750,0.3695,0.0000,2,10.609,,,2.283,trame
hd07_014,living+kitchen+bedroom+bedroom+bedroom+bathroom+bathroom+hallway,plausible,8,pavage,16,1.00,False,False,,,,90,2.750,0.3695,0.0000,2,10.609,,,2.151,trame
hd07_014,living+kitchen+bedroom+bedroom+bedroom+bathroom+bathroom+hallway,plausible,8,pavage,16,1.80,False,False,,,,90,2.750,0.3695,0.0000,2,10.609,,,1.938,trame
hd07_015,living+kitchen+bedroom+bedroom+bedroom+bathroom+bathroom+hallway,plausible,8,base,,0.50,False,False,,,,121,2.250,0.5022,0.0000,2,12.340,,,4.642,invariant_viole
hd07_015,living+kitchen+bedroom+bedroom+bedroom+bathroom+bathroom+hallway,plausible,8,pavage,0,0.50,False,False,,,,121,2.250,0.5022,0.0000,2,12.340,,,1.344,trame
hd07_015,living+kitchen+bedroom+bedroom+bedroom+bathroom+bathroom+hallway,plausible,8,pavage,4,0.50,False,False,,,,121,2.250,0.5022,0.0000,2,12.340,,,1.669,trame
hd07_015,living+kitchen+bedroom+bedroom+bedroom+bathroom+bathroom+hallway,plausible,8,pavage,8,0.50,False,False,,,,121,2.250,0.5022,0.0000,2,12.340,,,2.030,trame
hd07_015,living+kitchen+bedroom+bedroom+bedroom+bathroom+bathroom+hallway,plausible,8,pavage,16,0.50,False,False,,,,121,2.250,0.5022,0.0000,2,12.340,,,2.326,trame
hd07_015,living+kitchen+bedroom+bedroom+bedroom+bathroom+bathroom+hallway,plausible,8,pavage,16,0.00,False,False,,,,121,2.250,0.5022,0.0000,2,12.340,,,2.758,trame
hd07_015,living+kitchen+bedroom+bedroom+bedroom+bathroom+bathroom+hallway,plausible,8,pavage,16,0.25,False,False,,,,121,2.250,0.5022,0.0000,2,12.340,,,2.835,trame
hd07_015,living+kitchen+bedroom+bedroom+bedroom+bathroom+bathroom+hallway,plausible,8,pavage,16,1.00,False,False,,,,121,2.250,0.5022,0.0000,2,12.340,,,3.033,trame
hd07_015,living+kitchen+bedroom+bedroom+bedroom+bathroom+bathroom+hallway,plausible,8,pavage,16,1.80,False,False,,,,121,2.250,0.5022,0.0000,2,12.340,,,2.873,trame
hd07_016,living+kitchen+bedroom+bedroom+bedroom+bathroom+bathroom+hallway,plausible,8,base,,0.50,False,False,,,,90,2.500,0.3745,0.0000,1,11.332,,,5.790,invariant_viole
hd07_016,living+kitchen+bedroom+bedroom+bedroom+bathroom+bathroom+hallway,plausible,8,pavage,0,0.50,False,False,,,,90,2.500,0.3745,0.0000,1,11.332,,,1.057,trame
hd07_016,living+kitchen+bedroom+bedroom+bedroom+bathroom+bathroom+hallway,plausible,8,pavage,4,0.50,False,False,,,,90,2.500,0.3745,0.0000,1,11.332,,,2.003,trame
hd07_016,living+kitchen+bedroom+bedroom+bedroom+bathroom+bathroom+hallway,plausible,8,pavage,8,0.50,False,False,,,,90,2.500,0.3745,0.0000,1,11.332,,,2.548,trame
hd07_016,living+kitchen+bedroom+bedroom+bedroom+bathroom+bathroom+hallway,plausible,8,pavage,16,0.50,False,False,,,,90,2.500,0.3745,0.0000,1,11.332,,,3.653,trame
hd07_016,living+kitchen+bedroom+bedroom+bedroom+bathroom+bathroom+hallway,plausible,8,pavage,16,0.00,False,False,,,,90,2.500,0.3745,0.0000,1,11.332,,,3.139,trame
hd07_016,living+kitchen+bedroom+bedroom+bedroom+bathroom+bathroom+hallway,plausible,8,pavage,16,0.25,False,False,,,,90,2.500,0.3745,0.0000,1,11.332,,,2.508,trame
hd07_016,living+kitchen+bedroom+bedroom+bedroom+bathroom+bathroom+hallway,plausible,8,pavage,16,1.00,False,False,,,,90,2.500,0.3745,0.0000,1,11.332,,,2.315,trame
hd07_016,living+kitchen+bedroom+bedroom+bedroom+bathroom+bathroom+hallway,plausible,8,pavage,16,1.80,False,False,,,,90,2.500,0.3745,0.0000,1,11.332,,,3.319,trame
hd07_017,living+kitchen+bedroom+bedroom+bedroom+bathroom+bathroom+hallway,plausible,8,base,,0.50,False,False,,,,80,3.250,0.2646,0.0008,1,10.599,,,4.414,invariant_viole
hd07_017,living+kitchen+bedroom+bedroom+bedroom+bathroom+bathroom+hallway,plausible,8,pavage,0,0.50,False,False,,,,80,3.250,0.2646,0.0008,1,10.599,,,1.069,trame
hd07_017,living+kitchen+bedroom+bedroom+bedroom+bathroom+bathroom+hallway,plausible,8,pavage,4,0.50,False,False,,,,80,3.250,0.2646,0.0008,1,10.599,,,1.357,trame
hd07_017,living+kitchen+bedroom+bedroom+bedroom+bathroom+bathroom+hallway,plausible,8,pavage,8,0.50,False,False,,,,80,3.250,0.2646,0.0008,1,10.599,,,2.223,trame
hd07_017,living+kitchen+bedroom+bedroom+bedroom+bathroom+bathroom+hallway,plausible,8,pavage,16,0.50,False,False,,,,80,3.250,0.2646,0.0008,1,10.599,,,7.413,infaisable
hd07_017,living+kitchen+bedroom+bedroom+bedroom+bathroom+bathroom+hallway,plausible,8,pavage,16,0.00,False,True,8,0.0000,False,80,3.250,0.2646,0.0008,1,10.599,6.168920,0.5820,6.702,ok
hd07_017,living+kitchen+bedroom+bedroom+bedroom+bathroom+bathroom+hallway,plausible,8,pavage,16,0.25,False,False,,,,80,3.250,0.2646,0.0008,1,10.599,,,7.047,infaisable
hd07_017,living+kitchen+bedroom+bedroom+bedroom+bathroom+bathroom+hallway,plausible,8,pavage,16,1.00,False,False,,,,80,3.250,0.2646,0.0008,1,10.599,,,8.508,infaisable
hd07_017,living+kitchen+bedroom+bedroom+bedroom+bathroom+bathroom+hallway,plausible,8,pavage,16,1.80,False,False,,,,80,3.250,0.2646,0.0008,1,10.599,,,6.474,infaisable
hd07_018,living+kitchen+bedroom+bedroom+bedroom+bathroom+bathroom+hallway,plausible,8,base,,0.50,False,False,,,,143,1.500,0.2801,0.0000,2,11.314,,,3.526,invariant_viole
hd07_018,living+kitchen+bedroom+bedroom+bedroom+bathroom+bathroom+hallway,plausible,8,pavage,0,0.50,False,False,,,,143,1.500,0.2801,0.0000,2,11.314,,,1.290,trame
hd07_018,living+kitchen+bedroom+bedroom+bedroom+bathroom+bathroom+hallway,plausible,8,pavage,4,0.50,False,False,,,,143,1.500,0.2801,0.0000,2,11.314,,,2.012,trame
hd07_018,living+kitchen+bedroom+bedroom+bedroom+bathroom+bathroom+hallway,plausible,8,pavage,8,0.50,False,False,,,,143,1.500,0.2801,0.0000,2,11.314,,,2.230,trame
hd07_018,living+kitchen+bedroom+bedroom+bedroom+bathroom+bathroom+hallway,plausible,8,pavage,16,0.50,False,False,,,,143,1.500,0.2801,0.0000,2,11.314,,,2.208,trame
hd07_018,living+kitchen+bedroom+bedroom+bedroom+bathroom+bathroom+hallway,plausible,8,pavage,16,0.00,False,False,,,,143,1.500,0.2801,0.0000,2,11.314,,,2.685,trame
hd07_018,living+kitchen+bedroom+bedroom+bedroom+bathroom+bathroom+hallway,plausible,8,pavage,16,0.25,False,False,,,,143,1.500,0.2801,0.0000,2,11.314,,,1.769,trame
hd07_018,living+kitchen+bedroom+bedroom+bedroom+bathroom+bathroom+hallway,plausible,8,pavage,16,1.00,False,False,,,,143,1.500,0.2801,0.0000,2,11.314,,,2.156,trame
hd07_018,living+kitchen+bedroom+bedroom+bedroom+bathroom+bathroom+hallway,plausible,8,pavage,16,1.80,False,False,,,,143,1.500,0.2801,0.0000,2,11.314,,,1.731,trame
hd07_019,living+kitchen+bedroom+bedroom+bedroom+bathroom+bathroom+hallway,plausible,8,base,,0.50,False,False,,,,110,2.000,0.3853,0.0000,2,11.688,,,3.507,invariant_viole
hd07_019,living+kitchen+bedroom+bedroom+bedroom+bathroom+bathroom+hallway,plausible,8,pavage,0,0.50,False,False,,,,110,2.000,0.3853,0.0000,2,11.688,,,1.222,trame
hd07_019,living+kitchen+bedroom+bedroom+bedroom+bathroom+bathroom+hallway,plausible,8,pavage,4,0.50,False,False,,,,110,2.000,0.3853,0.0000,2,11.688,,,1.650,trame
hd07_019,living+kitchen+bedroom+bedroom+bedroom+bathroom+bathroom+hallway,plausible,8,pavage,8,0.50,False,False,,,,110,2.000,0.3853,0.0000,2,11.688,,,2.180,trame
hd07_019,living+kitchen+bedroom+bedroom+bedroom+bathroom+bathroom+hallway,plausible,8,pavage,16,0.50,False,False,,,,110,2.000,0.3853,0.0000,2,11.688,,,2.877,trame
hd07_019,living+kitchen+bedroom+bedroom+bedroom+bathroom+bathroom+hallway,plausible,8,pavage,16,0.00,False,False,,,,110,2.000,0.3853,0.0000,2,11.688,,,3.034,trame
hd07_019,living+kitchen+bedroom+bedroom+bedroom+bathroom+bathroom+hallway,plausible,8,pavage,16,0.25,False,False,,,,110,2.000,0.3853,0.0000,2,11.688,,,2.507,trame
hd07_019,living+kitchen+bedroom+bedroom+bedroom+bathroom+bathroom+hallway,plausible,8,pavage,16,1.00,False,False,,,,110,2.000,0.3853,0.0000,2,11.688,,,3.260,trame
hd07_019,living+kitchen+bedroom+bedroom+bedroom+bathroom+bathroom+hallway,plausible,8,pavage,16,1.80,False,False,,,,110,2.000,0.3853,0.0000,2,11.688,,,2.764,trame
hd07_020,living+kitchen+bedroom+bedroom+bedroom+bathroom+bathroom+hallway,plausible,8,base,,0.50,False,False,,,,100,1.000,0.1233,0.0000,4,9.940,,,4.398,invariant_viole
hd07_020,living+kitchen+bedroom+bedroom+bedroom+bathroom+bathroom+hallway,plausible,8,pavage,0,0.50,False,False,,,,100,1.000,0.1233,0.0000,4,9.940,,,0.950,trame
hd07_020,living+kitchen+bedroom+bedroom+bedroom+bathroom+bathroom+hallway,plausible,8,pavage,4,0.50,False,False,,,,100,1.000,0.1233,0.0000,4,9.940,,,1.464,trame
hd07_020,living+kitchen+bedroom+bedroom+bedroom+bathroom+bathroom+hallway,plausible,8,pavage,8,0.50,False,False,,,,100,1.000,0.1233,0.0000,4,9.940,,,1.979,trame
hd07_020,living+kitchen+bedroom+bedroom+bedroom+bathroom+bathroom+hallway,plausible,8,pavage,16,0.50,False,False,,,,100,1.000,0.1233,0.0000,4,9.940,,,6.623,infaisable
hd07_020,living+kitchen+bedroom+bedroom+bedroom+bathroom+bathroom+hallway,plausible,8,pavage,16,0.00,False,True,8,0.0000,False,100,1.000,0.1233,0.0000,4,9.940,5.922164,0.5958,5.301,ok
hd07_020,living+kitchen+bedroom+bedroom+bedroom+bathroom+bathroom+hallway,plausible,8,pavage,16,0.25,False,False,,,,100,1.000,0.1233,0.0000,4,9.940,,,6.219,infaisable
hd07_020,living+kitchen+bedroom+bedroom+bedroom+bathroom+bathroom+hallway,plausible,8,pavage,16,1.00,False,False,,,,100,1.000,0.1233,0.0000,4,9.940,,,6.010,infaisable
hd07_020,living+kitchen+bedroom+bedroom+bedroom+bathroom+bathroom+hallway,plausible,8,pavage,16,1.80,False,False,,,,100,1.000,0.1233,0.0000,4,9.940,,,5.917,infaisable
hd07_021,living+kitchen+bedroom+bedroom+bedroom+bathroom+bathroom+hallway,plausible,8,base,,0.50,False,False,,,,99,2.250,0.3619,0.0000,3,10.360,,,3.147,invariant_viole
hd07_021,living+kitchen+bedroom+bedroom+bedroom+bathroom+bathroom+hallway,plausible,8,pavage,0,0.50,False,False,,,,99,2.250,0.3619,0.0000,3,10.360,,,0.831,trame
hd07_021,living+kitchen+bedroom+bedroom+bedroom+bathroom+bathroom+hallway,plausible,8,pavage,4,0.50,False,False,,,,99,2.250,0.3619,0.0000,3,10.360,,,1.415,trame
hd07_021,living+kitchen+bedroom+bedroom+bedroom+bathroom+bathroom+hallway,plausible,8,pavage,8,0.50,False,False,,,,99,2.250,0.3619,0.0000,3,10.360,,,1.526,trame
hd07_021,living+kitchen+bedroom+bedroom+bedroom+bathroom+bathroom+hallway,plausible,8,pavage,16,0.50,False,False,,,,99,2.250,0.3619,0.0000,3,10.360,,,1.658,trame
hd07_021,living+kitchen+bedroom+bedroom+bedroom+bathroom+bathroom+hallway,plausible,8,pavage,16,0.00,False,False,,,,99,2.250,0.3619,0.0000,3,10.360,,,1.724,trame
hd07_021,living+kitchen+bedroom+bedroom+bedroom+bathroom+bathroom+hallway,plausible,8,pavage,16,0.25,False,False,,,,99,2.250,0.3619,0.0000,3,10.360,,,2.410,trame
hd07_021,living+kitchen+bedroom+bedroom+bedroom+bathroom+bathroom+hallway,plausible,8,pavage,16,1.00,False,False,,,,99,2.250,0.3619,0.0000,3,10.360,,,3.878,trame
hd07_021,living+kitchen+bedroom+bedroom+bedroom+bathroom+bathroom+hallway,plausible,8,pavage,16,1.80,False,False,,,,99,2.250,0.3619,0.0000,3,10.360,,,2.161,trame
hd07_022,living+kitchen+bedroom+bedroom+bedroom+bathroom+bathroom+hallway,plausible,8,base,,0.50,False,False,,,,108,1.750,0.1007,0.0001,3,10.770,,,3.159,invariant_viole
hd07_022,living+kitchen+bedroom+bedroom+bedroom+bathroom+bathroom+hallway,plausible,8,pavage,0,0.50,False,False,,,,108,1.750,0.1007,0.0001,3,10.770,,,0.816,trame
hd07_022,living+kitchen+bedroom+bedroom+bedroom+bathroom+bathroom+hallway,plausible,8,pavage,4,0.50,False,False,,,,108,1.750,0.1007,0.0001,3,10.770,,,1.279,trame
hd07_022,living+kitchen+bedroom+bedroom+bedroom+bathroom+bathroom+hallway,plausible,8,pavage,8,0.50,False,False,,,,108,1.750,0.1007,0.0001,3,10.770,,,1.854,trame
hd07_022,living+kitchen+bedroom+bedroom+bedroom+bathroom+bathroom+hallway,plausible,8,pavage,16,0.50,False,False,,,,108,1.750,0.1007,0.0001,3,10.770,,,6.140,infaisable
hd07_022,living+kitchen+bedroom+bedroom+bedroom+bathroom+bathroom+hallway,plausible,8,pavage,16,0.00,False,True,8,0.0000,False,108,1.750,0.1007,0.0001,3,10.770,5.510902,0.5117,4.851,ok
hd07_022,living+kitchen+bedroom+bedroom+bedroom+bathroom+bathroom+hallway,plausible,8,pavage,16,0.25,False,False,,,,108,1.750,0.1007,0.0001,3,10.770,,,8.131,infaisable
hd07_022,living+kitchen+bedroom+bedroom+bedroom+bathroom+bathroom+hallway,plausible,8,pavage,16,1.00,False,False,,,,108,1.750,0.1007,0.0001,3,10.770,,,6.954,infaisable
hd07_022,living+kitchen+bedroom+bedroom+bedroom+bathroom+bathroom+hallway,plausible,8,pavage,16,1.80,False,False,,,,108,1.750,0.1007,0.0001,3,10.770,,,7.767,infaisable
hd07_023,living+kitchen+bedroom+bedroom+bedroom+bathroom+bathroom+hallway,plausible,8,base,,0.50,False,False,,,,156,1.750,0.4664,0.0000,3,11.822,,,5.839,invariant_viole
hd07_023,living+kitchen+bedroom+bedroom+bedroom+bathroom+bathroom+hallway,plausible,8,pavage,0,0.50,False,False,,,,156,1.750,0.4664,0.0000,3,11.822,,,1.447,trame
hd07_023,living+kitchen+bedroom+bedroom+bedroom+bathroom+bathroom+hallway,plausible,8,pavage,4,0.50,False,False,,,,156,1.750,0.4664,0.0000,3,11.822,,,2.250,trame
hd07_023,living+kitchen+bedroom+bedroom+bedroom+bathroom+bathroom+hallway,plausible,8,pavage,8,0.50,False,False,,,,156,1.750,0.4664,0.0000,3,11.822,,,2.608,trame
hd07_023,living+kitchen+bedroom+bedroom+bedroom+bathroom+bathroom+hallway,plausible,8,pavage,16,0.50,False,False,,,,156,1.750,0.4664,0.0000,3,11.822,,,2.787,trame
hd07_023,living+kitchen+bedroom+bedroom+bedroom+bathroom+bathroom+hallway,plausible,8,pavage,16,0.00,False,False,,,,156,1.750,0.4664,0.0000,3,11.822,,,2.883,trame
hd07_023,living+kitchen+bedroom+bedroom+bedroom+bathroom+bathroom+hallway,plausible,8,pavage,16,0.25,False,False,,,,156,1.750,0.4664,0.0000,3,11.822,,,3.143,trame
hd07_023,living+kitchen+bedroom+bedroom+bedroom+bathroom+bathroom+hallway,plausible,8,pavage,16,1.00,False,False,,,,156,1.750,0.4664,0.0000,3,11.822,,,2.432,trame
hd07_023,living+kitchen+bedroom+bedroom+bedroom+bathroom+bathroom+hallway,plausible,8,pavage,16,1.80,False,False,,,,156,1.750,0.4664,0.0000,3,11.822,,,3.302,trame
hd07_024,living+kitchen+bedroom+bedroom+bedroom+bathroom+bathroom+hallway,plausible,8,base,,0.50,False,False,,,,144,3.250,0.1027,0.0000,1,9.982,,,3.903,invariant_viole
hd07_024,living+kitchen+bedroom+bedroom+bedroom+bathroom+bathroom+hallway,plausible,8,pavage,0,0.50,False,False,,,,144,3.250,0.1027,0.0000,1,9.982,,,0.898,trame
hd07_024,living+kitchen+bedroom+bedroom+bedroom+bathroom+bathroom+hallway,plausible,8,pavage,4,0.50,False,False,,,,144,3.250,0.1027,0.0000,1,9.982,,,1.279,trame
hd07_024,living+kitchen+bedroom+bedroom+bedroom+bathroom+bathroom+hallway,plausible,8,pavage,8,0.50,False,False,,,,144,3.250,0.1027,0.0000,1,9.982,,,1.667,trame
hd07_024,living+kitchen+bedroom+bedroom+bedroom+bathroom+bathroom+hallway,plausible,8,pavage,16,0.50,False,False,,,,144,3.250,0.1027,0.0000,1,9.982,,,2.820,trame
hd07_024,living+kitchen+bedroom+bedroom+bedroom+bathroom+bathroom+hallway,plausible,8,pavage,16,0.00,False,False,,,,144,3.250,0.1027,0.0000,1,9.982,,,2.473,trame
hd07_024,living+kitchen+bedroom+bedroom+bedroom+bathroom+bathroom+hallway,plausible,8,pavage,16,0.25,False,False,,,,144,3.250,0.1027,0.0000,1,9.982,,,2.381,trame
hd07_024,living+kitchen+bedroom+bedroom+bedroom+bathroom+bathroom+hallway,plausible,8,pavage,16,1.00,False,False,,,,144,3.250,0.1027,0.0000,1,9.982,,,2.424,trame
hd07_024,living+kitchen+bedroom+bedroom+bedroom+bathroom+bathroom+hallway,plausible,8,pavage,16,1.80,False,False,,,,144,3.250,0.1027,0.0000,1,9.982,,,3.638,trame
hd07_025,living+kitchen+bedroom+bedroom+bedroom+bathroom+bathroom+hallway,plausible,8,base,,0.50,False,False,,,,104,2.250,0.1483,0.0000,2,10.879,,,4.207,invariant_viole
hd07_025,living+kitchen+bedroom+bedroom+bedroom+bathroom+bathroom+hallway,plausible,8,pavage,0,0.50,False,False,,,,104,2.250,0.1483,0.0000,2,10.879,,,1.030,trame
hd07_025,living+kitchen+bedroom+bedroom+bedroom+bathroom+bathroom+hallway,plausible,8,pavage,4,0.50,False,False,,,,104,2.250,0.1483,0.0000,2,10.879,,,1.256,trame
hd07_025,living+kitchen+bedroom+bedroom+bedroom+bathroom+bathroom+hallway,plausible,8,pavage,8,0.50,False,True,8,0.5000,True,104,2.250,0.1483,0.0000,2,10.879,2.303064,0.2117,4.658,ok
hd07_025,living+kitchen+bedroom+bedroom+bedroom+bathroom+bathroom+hallway,plausible,8,pavage,16,0.50,False,True,8,0.5000,True,104,2.250,0.1483,0.0000,2,10.879,2.303064,0.2117,5.894,ok
hd07_025,living+kitchen+bedroom+bedroom+bedroom+bathroom+bathroom+hallway,plausible,8,pavage,16,0.00,False,True,8,0.0823,False,104,2.250,0.1483,0.0000,2,10.879,2.303064,0.2117,6.372,ok
hd07_025,living+kitchen+bedroom+bedroom+bedroom+bathroom+bathroom+hallway,plausible,8,pavage,16,0.25,False,True,8,0.2500,False,104,2.250,0.1483,0.0000,2,10.879,2.303064,0.2117,4.706,ok
hd07_025,living+kitchen+bedroom+bedroom+bedroom+bathroom+bathroom+hallway,plausible,8,pavage,16,1.00,False,True,8,1.0000,True,104,2.250,0.1483,0.0000,2,10.879,2.359370,0.2169,5.138,ok
hd07_025,living+kitchen+bedroom+bedroom+bedroom+bathroom+bathroom+hallway,plausible,8,pavage,16,1.80,False,True,8,1.8000,True,104,2.250,0.1483,0.0000,2,10.879,3.179189,0.2922,6.308,ok
hd07_026,living+kitchen+bedroom+bedroom+bedroom+bathroom+bathroom+hallway,plausible,8,base,,0.50,False,False,,,,120,2.500,0.3280,0.0001,1,11.415,,,7.744,invariant_viole
hd07_026,living+kitchen+bedroom+bedroom+bedroom+bathroom+bathroom+hallway,plausible,8,pavage,0,0.50,False,False,,,,120,2.500,0.3280,0.0001,1,11.415,,,2.283,trame
hd07_026,living+kitchen+bedroom+bedroom+bedroom+bathroom+bathroom+hallway,plausible,8,pavage,4,0.50,False,False,,,,120,2.500,0.3280,0.0001,1,11.415,,,1.515,trame
hd07_026,living+kitchen+bedroom+bedroom+bedroom+bathroom+bathroom+hallway,plausible,8,pavage,8,0.50,False,False,,,,120,2.500,0.3280,0.0001,1,11.415,,,1.772,trame
hd07_026,living+kitchen+bedroom+bedroom+bedroom+bathroom+bathroom+hallway,plausible,8,pavage,16,0.50,False,False,,,,120,2.500,0.3280,0.0001,1,11.415,,,2.085,trame
hd07_026,living+kitchen+bedroom+bedroom+bedroom+bathroom+bathroom+hallway,plausible,8,pavage,16,0.00,False,False,,,,120,2.500,0.3280,0.0001,1,11.415,,,2.153,trame
hd07_026,living+kitchen+bedroom+bedroom+bedroom+bathroom+bathroom+hallway,plausible,8,pavage,16,0.25,False,False,,,,120,2.500,0.3280,0.0001,1,11.415,,,1.552,trame
hd07_026,living+kitchen+bedroom+bedroom+bedroom+bathroom+bathroom+hallway,plausible,8,pavage,16,1.00,False,False,,,,120,2.500,0.3280,0.0001,1,11.415,,,1.400,trame
hd07_026,living+kitchen+bedroom+bedroom+bedroom+bathroom+bathroom+hallway,plausible,8,pavage,16,1.80,False,False,,,,120,2.500,0.3280,0.0001,1,11.415,,,1.443,trame
hd07_027,living+kitchen+bedroom+bedroom+bedroom+bathroom+bathroom+hallway,plausible,8,base,,0.50,False,False,,,,108,3.750,0.1931,0.0000,1,9.588,,,3.705,invariant_viole
hd07_027,living+kitchen+bedroom+bedroom+bedroom+bathroom+bathroom+hallway,plausible,8,pavage,0,0.50,False,False,,,,108,3.750,0.1931,0.0000,1,9.588,,,0.886,trame
hd07_027,living+kitchen+bedroom+bedroom+bedroom+bathroom+bathroom+hallway,plausible,8,pavage,4,0.50,False,False,,,,108,3.750,0.1931,0.0000,1,9.588,,,1.391,trame
hd07_027,living+kitchen+bedroom+bedroom+bedroom+bathroom+bathroom+hallway,plausible,8,pavage,8,0.50,False,False,,,,108,3.750,0.1931,0.0000,1,9.588,,,2.657,trame
hd07_027,living+kitchen+bedroom+bedroom+bedroom+bathroom+bathroom+hallway,plausible,8,pavage,16,0.50,False,False,,,,108,3.750,0.1931,0.0000,1,9.588,,,7.615,infaisable
hd07_027,living+kitchen+bedroom+bedroom+bedroom+bathroom+bathroom+hallway,plausible,8,pavage,16,0.00,False,True,8,0.0000,False,108,3.750,0.1931,0.0000,1,9.588,3.536848,0.3689,6.698,ok
hd07_027,living+kitchen+bedroom+bedroom+bedroom+bathroom+bathroom+hallway,plausible,8,pavage,16,0.25,False,False,,,,108,3.750,0.1931,0.0000,1,9.588,,,8.931,infaisable
hd07_027,living+kitchen+bedroom+bedroom+bedroom+bathroom+bathroom+hallway,plausible,8,pavage,16,1.00,False,False,,,,108,3.750,0.1931,0.0000,1,9.588,,,8.594,infaisable
hd07_027,living+kitchen+bedroom+bedroom+bedroom+bathroom+bathroom+hallway,plausible,8,pavage,16,1.80,False,False,,,,108,3.750,0.1931,0.0000,1,9.588,,,11.205,infaisable
hd07_028,living+kitchen+bedroom+bedroom+bedroom+bathroom+bathroom+hallway,plausible,8,base,,0.50,False,False,,,,99,2.250,0.1575,0.0000,1,10.270,,,4.010,invariant_viole
hd07_028,living+kitchen+bedroom+bedroom+bedroom+bathroom+bathroom+hallway,plausible,8,pavage,0,0.50,False,False,,,,99,2.250,0.1575,0.0000,1,10.270,,,1.110,trame
hd07_028,living+kitchen+bedroom+bedroom+bedroom+bathroom+bathroom+hallway,plausible,8,pavage,4,0.50,False,False,,,,99,2.250,0.1575,0.0000,1,10.270,,,1.410,trame
hd07_028,living+kitchen+bedroom+bedroom+bedroom+bathroom+bathroom+hallway,plausible,8,pavage,8,0.50,False,False,,,,99,2.250,0.1575,0.0000,1,10.270,,,5.915,infaisable
hd07_028,living+kitchen+bedroom+bedroom+bedroom+bathroom+bathroom+hallway,plausible,8,pavage,16,0.50,False,False,,,,99,2.250,0.1575,0.0000,1,10.270,,,6.487,infaisable
hd07_028,living+kitchen+bedroom+bedroom+bedroom+bathroom+bathroom+hallway,plausible,8,pavage,16,0.00,False,True,8,0.0000,False,99,2.250,0.1575,0.0000,1,10.270,8.554236,0.8330,6.240,ok
hd07_028,living+kitchen+bedroom+bedroom+bedroom+bathroom+bathroom+hallway,plausible,8,pavage,16,0.25,False,False,,,,99,2.250,0.1575,0.0000,1,10.270,,,8.548,infaisable
hd07_028,living+kitchen+bedroom+bedroom+bedroom+bathroom+bathroom+hallway,plausible,8,pavage,16,1.00,False,False,,,,99,2.250,0.1575,0.0000,1,10.270,,,6.780,infaisable
hd07_028,living+kitchen+bedroom+bedroom+bedroom+bathroom+bathroom+hallway,plausible,8,pavage,16,1.80,False,False,,,,99,2.250,0.1575,0.0000,1,10.270,,,6.745,infaisable
hd07_029,living+kitchen+bedroom+bedroom+bedroom+bathroom+bathroom+hallway,plausible,8,base,,0.50,False,False,,,,100,2.750,0.2548,0.0000,1,10.789,,,5.466,invariant_viole
hd07_029,living+kitchen+bedroom+bedroom+bedroom+bathroom+bathroom+hallway,plausible,8,pavage,0,0.50,False,False,,,,100,2.750,0.2548,0.0000,1,10.789,,,1.190,trame
hd07_029,living+kitchen+bedroom+bedroom+bedroom+bathroom+bathroom+hallway,plausible,8,pavage,4,0.50,False,False,,,,100,2.750,0.2548,0.0000,1,10.789,,,1.374,trame
hd07_029,living+kitchen+bedroom+bedroom+bedroom+bathroom+bathroom+hallway,plausible,8,pavage,8,0.50,False,False,,,,100,2.750,0.2548,0.0000,1,10.789,,,2.564,trame
hd07_029,living+kitchen+bedroom+bedroom+bedroom+bathroom+bathroom+hallway,plausible,8,pavage,16,0.50,False,True,8,0.5758,True,100,2.750,0.2548,0.0000,1,10.789,4.606127,0.4269,6.104,ok
hd07_029,living+kitchen+bedroom+bedroom+bedroom+bathroom+bathroom+hallway,plausible,8,pavage,16,0.00,False,True,8,0.5758,True,100,2.750,0.2548,0.0000,1,10.789,4.606127,0.4269,5.916,ok
hd07_029,living+kitchen+bedroom+bedroom+bedroom+bathroom+bathroom+hallway,plausible,8,pavage,16,0.25,False,True,8,0.5758,True,100,2.750,0.2548,0.0000,1,10.789,4.606127,0.4269,7.642,ok
hd07_029,living+kitchen+bedroom+bedroom+bedroom+bathroom+bathroom+hallway,plausible,8,pavage,16,1.00,False,True,8,1.0000,True,100,2.750,0.2548,0.0000,1,10.789,4.606127,0.4269,8.117,ok
hd07_029,living+kitchen+bedroom+bedroom+bedroom+bathroom+bathroom+hallway,plausible,8,pavage,16,1.80,False,True,8,1.8000,True,100,2.750,0.2548,0.0000,1,10.789,4.606127,0.4269,6.099,ok
hd07_030,living+kitchen+bedroom+bedroom+bedroom+bathroom+bathroom+hallway,plausible,8,base,,0.50,False,False,,,,156,2.500,0.3020,0.0000,2,11.757,,,4.125,invariant_viole
hd07_030,living+kitchen+bedroom+bedroom+bedroom+bathroom+bathroom+hallway,plausible,8,pavage,0,0.50,False,False,,,,156,2.500,0.3020,0.0000,2,11.757,,,1.056,trame
hd07_030,living+kitchen+bedroom+bedroom+bedroom+bathroom+bathroom+hallway,plausible,8,pavage,4,0.50,False,False,,,,156,2.500,0.3020,0.0000,2,11.757,,,1.928,trame
hd07_030,living+kitchen+bedroom+bedroom+bedroom+bathroom+bathroom+hallway,plausible,8,pavage,8,0.50,False,False,,,,156,2.500,0.3020,0.0000,2,11.757,,,2.320,trame
hd07_030,living+kitchen+bedroom+bedroom+bedroom+bathroom+bathroom+hallway,plausible,8,pavage,16,0.50,False,False,,,,156,2.500,0.3020,0.0000,2,11.757,,,2.239,trame
hd07_030,living+kitchen+bedroom+bedroom+bedroom+bathroom+bathroom+hallway,plausible,8,pavage,16,0.00,False,False,,,,156,2.500,0.3020,0.0000,2,11.757,,,1.838,trame
hd07_030,living+kitchen+bedroom+bedroom+bedroom+bathroom+bathroom+hallway,plausible,8,pavage,16,0.25,False,False,,,,156,2.500,0.3020,0.0000,2,11.757,,,1.928,trame
hd07_030,living+kitchen+bedroom+bedroom+bedroom+bathroom+bathroom+hallway,plausible,8,pavage,16,1.00,False,False,,,,156,2.500,0.3020,0.0000,2,11.757,,,2.945,trame
hd07_030,living+kitchen+bedroom+bedroom+bedroom+bathroom+bathroom+hallway,plausible,8,pavage,16,1.80,False,False,,,,156,2.500,0.3020,0.0000,2,11.757,,,1.914,trame
hd07_031,living+kitchen+bedroom+bedroom+bedroom+bathroom+bathroom+hallway,plausible,8,base,,0.50,False,False,,,,96,2.250,0.2735,0.0012,3,11.688,,,4.472,invariant_viole
hd07_031,living+kitchen+bedroom+bedroom+bedroom+bathroom+bathroom+hallway,plausible,8,pavage,0,0.50,False,False,,,,96,2.250,0.2735,0.0012,3,11.688,,,1.090,trame
hd07_031,living+kitchen+bedroom+bedroom+bedroom+bathroom+bathroom+hallway,plausible,8,pavage,4,0.50,False,False,,,,96,2.250,0.2735,0.0012,3,11.688,,,1.249,trame
hd07_031,living+kitchen+bedroom+bedroom+bedroom+bathroom+bathroom+hallway,plausible,8,pavage,8,0.50,False,False,,,,96,2.250,0.2735,0.0012,3,11.688,,,5.891,infaisable
hd07_031,living+kitchen+bedroom+bedroom+bedroom+bathroom+bathroom+hallway,plausible,8,pavage,16,0.50,False,False,,,,96,2.250,0.2735,0.0012,3,11.688,,,6.722,infaisable
hd07_031,living+kitchen+bedroom+bedroom+bedroom+bathroom+bathroom+hallway,plausible,8,pavage,16,0.00,False,True,8,0.0000,False,96,2.250,0.2735,0.0012,3,11.688,4.030361,0.3448,5.744,ok
hd07_031,living+kitchen+bedroom+bedroom+bedroom+bathroom+bathroom+hallway,plausible,8,pavage,16,0.25,False,False,,,,96,2.250,0.2735,0.0012,3,11.688,,,5.749,infaisable
hd07_031,living+kitchen+bedroom+bedroom+bedroom+bathroom+bathroom+hallway,plausible,8,pavage,16,1.00,False,False,,,,96,2.250,0.2735,0.0012,3,11.688,,,6.192,infaisable
hd07_031,living+kitchen+bedroom+bedroom+bedroom+bathroom+bathroom+hallway,plausible,8,pavage,16,1.80,False,False,,,,96,2.250,0.2735,0.0012,3,11.688,,,6.664,infaisable
hd07_032,living+kitchen+bedroom+bedroom+bedroom+bathroom+bathroom+hallway,plausible,8,base,,0.50,False,False,,,,90,2.000,0.3325,0.0000,2,9.886,,,3.998,invariant_viole
hd07_032,living+kitchen+bedroom+bedroom+bedroom+bathroom+bathroom+hallway,plausible,8,pavage,0,0.50,False,False,,,,90,2.000,0.3325,0.0000,2,9.886,,,1.633,trame
hd07_032,living+kitchen+bedroom+bedroom+bedroom+bathroom+bathroom+hallway,plausible,8,pavage,4,0.50,False,False,,,,90,2.000,0.3325,0.0000,2,9.886,,,1.529,trame
hd07_032,living+kitchen+bedroom+bedroom+bedroom+bathroom+bathroom+hallway,plausible,8,pavage,8,0.50,False,False,,,,90,2.000,0.3325,0.0000,2,9.886,,,2.009,trame
hd07_032,living+kitchen+bedroom+bedroom+bedroom+bathroom+bathroom+hallway,plausible,8,pavage,16,0.50,False,False,,,,90,2.000,0.3325,0.0000,2,9.886,,,6.727,infaisable
hd07_032,living+kitchen+bedroom+bedroom+bedroom+bathroom+bathroom+hallway,plausible,8,pavage,16,0.00,False,True,8,0.0000,False,90,2.000,0.3325,0.0000,2,9.886,9.541264,0.9652,6.149,ok
hd07_032,living+kitchen+bedroom+bedroom+bedroom+bathroom+bathroom+hallway,plausible,8,pavage,16,0.25,False,False,,,,90,2.000,0.3325,0.0000,2,9.886,,,5.772,infaisable
hd07_032,living+kitchen+bedroom+bedroom+bedroom+bathroom+bathroom+hallway,plausible,8,pavage,16,1.00,False,False,,,,90,2.000,0.3325,0.0000,2,9.886,,,8.566,infaisable
hd07_032,living+kitchen+bedroom+bedroom+bedroom+bathroom+bathroom+hallway,plausible,8,pavage,16,1.80,False,False,,,,90,2.000,0.3325,0.0000,2,9.886,,,8.844,infaisable
hd07_033,living+kitchen+bedroom+bedroom+bedroom+bathroom+bathroom+hallway,plausible,8,base,,0.50,False,False,,,,156,3.000,0.2367,0.0000,2,11.064,,,6.228,invariant_viole
hd07_033,living+kitchen+bedroom+bedroom+bedroom+bathroom+bathroom+hallway,plausible,8,pavage,0,0.50,False,False,,,,156,3.000,0.2367,0.0000,2,11.064,,,1.470,trame
hd07_033,living+kitchen+bedroom+bedroom+bedroom+bathroom+bathroom+hallway,plausible,8,pavage,4,0.50,False,False,,,,156,3.000,0.2367,0.0000,2,11.064,,,1.555,trame
hd07_033,living+kitchen+bedroom+bedroom+bedroom+bathroom+bathroom+hallway,plausible,8,pavage,8,0.50,False,False,,,,156,3.000,0.2367,0.0000,2,11.064,,,1.845,trame
hd07_033,living+kitchen+bedroom+bedroom+bedroom+bathroom+bathroom+hallway,plausible,8,pavage,16,0.50,False,False,,,,156,3.000,0.2367,0.0000,2,11.064,,,2.294,trame
hd07_033,living+kitchen+bedroom+bedroom+bedroom+bathroom+bathroom+hallway,plausible,8,pavage,16,0.00,False,False,,,,156,3.000,0.2367,0.0000,2,11.064,,,2.225,trame
hd07_033,living+kitchen+bedroom+bedroom+bedroom+bathroom+bathroom+hallway,plausible,8,pavage,16,0.25,False,False,,,,156,3.000,0.2367,0.0000,2,11.064,,,2.027,trame
hd07_033,living+kitchen+bedroom+bedroom+bedroom+bathroom+bathroom+hallway,plausible,8,pavage,16,1.00,False,False,,,,156,3.000,0.2367,0.0000,2,11.064,,,1.946,trame
hd07_033,living+kitchen+bedroom+bedroom+bedroom+bathroom+bathroom+hallway,plausible,8,pavage,16,1.80,False,False,,,,156,3.000,0.2367,0.0000,2,11.064,,,2.819,trame
hd07_034,living+kitchen+bedroom+bedroom+bedroom+bathroom+bathroom+hallway,plausible,8,base,,0.50,False,False,,,,132,3.000,0.2120,0.0000,2,11.399,,,4.859,invariant_viole
hd07_034,living+kitchen+bedroom+bedroom+bedroom+bathroom+bathroom+hallway,plausible,8,pavage,0,0.50,False,False,,,,132,3.000,0.2120,0.0000,2,11.399,,,1.294,trame
hd07_034,living+kitchen+bedroom+bedroom+bedroom+bathroom+bathroom+hallway,plausible,8,pavage,4,0.50,False,False,,,,132,3.000,0.2120,0.0000,2,11.399,,,2.332,trame
hd07_034,living+kitchen+bedroom+bedroom+bedroom+bathroom+bathroom+hallway,plausible,8,pavage,8,0.50,False,False,,,,132,3.000,0.2120,0.0000,2,11.399,,,2.293,trame
hd07_034,living+kitchen+bedroom+bedroom+bedroom+bathroom+bathroom+hallway,plausible,8,pavage,16,0.50,False,False,,,,132,3.000,0.2120,0.0000,2,11.399,,,1.890,trame
hd07_034,living+kitchen+bedroom+bedroom+bedroom+bathroom+bathroom+hallway,plausible,8,pavage,16,0.00,False,False,,,,132,3.000,0.2120,0.0000,2,11.399,,,1.974,trame
hd07_034,living+kitchen+bedroom+bedroom+bedroom+bathroom+bathroom+hallway,plausible,8,pavage,16,0.25,False,False,,,,132,3.000,0.2120,0.0000,2,11.399,,,2.058,trame
hd07_034,living+kitchen+bedroom+bedroom+bedroom+bathroom+bathroom+hallway,plausible,8,pavage,16,1.00,False,False,,,,132,3.000,0.2120,0.0000,2,11.399,,,1.911,trame
hd07_034,living+kitchen+bedroom+bedroom+bedroom+bathroom+bathroom+hallway,plausible,8,pavage,16,1.80,False,False,,,,132,3.000,0.2120,0.0000,2,11.399,,,2.651,trame
hd07_035,living+kitchen+bedroom+bedroom+bedroom+bathroom+bathroom+hallway,plausible,8,base,,0.50,False,False,,,,99,3.500,0.2443,0.0000,1,9.923,,,3.361,invariant_viole
hd07_035,living+kitchen+bedroom+bedroom+bedroom+bathroom+bathroom+hallway,plausible,8,pavage,0,0.50,False,False,,,,99,3.500,0.2443,0.0000,1,9.923,,,0.889,trame
hd07_035,living+kitchen+bedroom+bedroom+bedroom+bathroom+bathroom+hallway,plausible,8,pavage,4,0.50,False,False,,,,99,3.500,0.2443,0.0000,1,9.923,,,1.348,trame
hd07_035,living+kitchen+bedroom+bedroom+bedroom+bathroom+bathroom+hallway,plausible,8,pavage,8,0.50,False,False,,,,99,3.500,0.2443,0.0000,1,9.923,,,2.094,trame
hd07_035,living+kitchen+bedroom+bedroom+bedroom+bathroom+bathroom+hallway,plausible,8,pavage,16,0.50,False,False,,,,99,3.500,0.2443,0.0000,1,9.923,,,3.055,trame
hd07_035,living+kitchen+bedroom+bedroom+bedroom+bathroom+bathroom+hallway,plausible,8,pavage,16,0.00,False,False,,,,99,3.500,0.2443,0.0000,1,9.923,,,2.664,trame
hd07_035,living+kitchen+bedroom+bedroom+bedroom+bathroom+bathroom+hallway,plausible,8,pavage,16,0.25,False,False,,,,99,3.500,0.2443,0.0000,1,9.923,,,3.523,trame
hd07_035,living+kitchen+bedroom+bedroom+bedroom+bathroom+bathroom+hallway,plausible,8,pavage,16,1.00,False,False,,,,99,3.500,0.2443,0.0000,1,9.923,,,3.805,trame
hd07_035,living+kitchen+bedroom+bedroom+bedroom+bathroom+bathroom+hallway,plausible,8,pavage,16,1.80,False,False,,,,99,3.500,0.2443,0.0000,1,9.923,,,3.834,trame
hd07_036,living+kitchen+bedroom+bedroom+bedroom+bathroom+bathroom+hallway,plausible,8,base,,0.50,False,False,,,,130,1.500,0.1862,0.0001,3,11.383,,,4.929,invariant_viole
hd07_036,living+kitchen+bedroom+bedroom+bedroom+bathroom+bathroom+hallway,plausible,8,pavage,0,0.50,False,False,,,,130,1.500,0.1862,0.0001,3,11.383,,,1.153,trame
hd07_036,living+kitchen+bedroom+bedroom+bedroom+bathroom+bathroom+hallway,plausible,8,pavage,4,0.50,False,False,,,,130,1.500,0.1862,0.0001,3,11.383,,,1.391,trame
hd07_036,living+kitchen+bedroom+bedroom+bedroom+bathroom+bathroom+hallway,plausible,8,pavage,8,0.50,False,False,,,,130,1.500,0.1862,0.0001,3,11.383,,,1.845,trame
hd07_036,living+kitchen+bedroom+bedroom+bedroom+bathroom+bathroom+hallway,plausible,8,pavage,16,0.50,False,False,,,,130,1.500,0.1862,0.0001,3,11.383,,,8.249,infaisable
hd07_036,living+kitchen+bedroom+bedroom+bedroom+bathroom+bathroom+hallway,plausible,8,pavage,16,0.00,False,True,8,0.0000,False,130,1.500,0.1862,0.0001,3,11.383,2.303064,0.2023,7.968,ok
hd07_036,living+kitchen+bedroom+bedroom+bedroom+bathroom+bathroom+hallway,plausible,8,pavage,16,0.25,False,False,,,,130,1.500,0.1862,0.0001,3,11.383,,,8.444,infaisable
hd07_036,living+kitchen+bedroom+bedroom+bedroom+bathroom+bathroom+hallway,plausible,8,pavage,16,1.00,False,False,,,,130,1.500,0.1862,0.0001,3,11.383,,,7.882,infaisable
hd07_036,living+kitchen+bedroom+bedroom+bedroom+bathroom+bathroom+hallway,plausible,8,pavage,16,1.80,False,False,,,,130,1.500,0.1862,0.0001,3,11.383,,,8.018,infaisable
hd07_037,living+kitchen+bedroom+bedroom+bedroom+bathroom+bathroom+hallway,plausible,8,base,,0.50,False,False,,,,120,4.250,0.2304,0.0000,1,10.121,,,3.880,invariant_viole
hd07_037,living+kitchen+bedroom+bedroom+bedroom+bathroom+bathroom+hallway,plausible,8,pavage,0,0.50,False,False,,,,120,4.250,0.2304,0.0000,1,10.121,,,1.001,trame
hd07_037,living+kitchen+bedroom+bedroom+bedroom+bathroom+bathroom+hallway,plausible,8,pavage,4,0.50,False,False,,,,120,4.250,0.2304,0.0000,1,10.121,,,1.800,trame
hd07_037,living+kitchen+bedroom+bedroom+bedroom+bathroom+bathroom+hallway,plausible,8,pavage,8,0.50,False,False,,,,120,4.250,0.2304,0.0000,1,10.121,,,1.754,trame
hd07_037,living+kitchen+bedroom+bedroom+bedroom+bathroom+bathroom+hallway,plausible,8,pavage,16,0.50,False,False,,,,120,4.250,0.2304,0.0000,1,10.121,,,1.678,trame
hd07_037,living+kitchen+bedroom+bedroom+bedroom+bathroom+bathroom+hallway,plausible,8,pavage,16,0.00,False,False,,,,120,4.250,0.2304,0.0000,1,10.121,,,1.693,trame
hd07_037,living+kitchen+bedroom+bedroom+bedroom+bathroom+bathroom+hallway,plausible,8,pavage,16,0.25,False,False,,,,120,4.250,0.2304,0.0000,1,10.121,,,1.683,trame
hd07_037,living+kitchen+bedroom+bedroom+bedroom+bathroom+bathroom+hallway,plausible,8,pavage,16,1.00,False,False,,,,120,4.250,0.2304,0.0000,1,10.121,,,2.102,trame
hd07_037,living+kitchen+bedroom+bedroom+bedroom+bathroom+bathroom+hallway,plausible,8,pavage,16,1.80,False,False,,,,120,4.250,0.2304,0.0000,1,10.121,,,1.682,trame
hd07_038,living+kitchen+bedroom+bedroom+bedroom+bathroom+bathroom+hallway,plausible,8,base,,0.50,False,False,,,,132,3.250,0.2479,0.0001,1,9.452,,,5.241,invariant_viole
hd07_038,living+kitchen+bedroom+bedroom+bedroom+bathroom+bathroom+hallway,plausible,8,pavage,0,0.50,False,False,,,,132,3.250,0.2479,0.0001,1,9.452,,,1.538,trame
hd07_038,living+kitchen+bedroom+bedroom+bedroom+bathroom+bathroom+hallway,plausible,8,pavage,4,0.50,False,False,,,,132,3.250,0.2479,0.0001,1,9.452,,,1.399,trame
hd07_038,living+kitchen+bedroom+bedroom+bedroom+bathroom+bathroom+hallway,plausible,8,pavage,8,0.50,False,False,,,,132,3.250,0.2479,0.0001,1,9.452,,,1.771,trame
hd07_038,living+kitchen+bedroom+bedroom+bedroom+bathroom+bathroom+hallway,plausible,8,pavage,16,0.50,False,False,,,,132,3.250,0.2479,0.0001,1,9.452,,,2.340,trame
hd07_038,living+kitchen+bedroom+bedroom+bedroom+bathroom+bathroom+hallway,plausible,8,pavage,16,0.00,False,False,,,,132,3.250,0.2479,0.0001,1,9.452,,,2.937,trame
hd07_038,living+kitchen+bedroom+bedroom+bedroom+bathroom+bathroom+hallway,plausible,8,pavage,16,0.25,False,False,,,,132,3.250,0.2479,0.0001,1,9.452,,,2.821,trame
hd07_038,living+kitchen+bedroom+bedroom+bedroom+bathroom+bathroom+hallway,plausible,8,pavage,16,1.00,False,False,,,,132,3.250,0.2479,0.0001,1,9.452,,,2.493,trame
hd07_038,living+kitchen+bedroom+bedroom+bedroom+bathroom+bathroom+hallway,plausible,8,pavage,16,1.80,False,False,,,,132,3.250,0.2479,0.0001,1,9.452,,,2.192,trame
hd07_039,living+kitchen+bedroom+bedroom+bedroom+bathroom+bathroom+hallway,plausible,8,base,,0.50,False,False,,,,110,2.000,0.1042,0.0001,3,10.217,,,4.402,invariant_viole
hd07_039,living+kitchen+bedroom+bedroom+bedroom+bathroom+bathroom+hallway,plausible,8,pavage,0,0.50,False,False,,,,110,2.000,0.1042,0.0001,3,10.217,,,0.849,trame
hd07_039,living+kitchen+bedroom+bedroom+bedroom+bathroom+bathroom+hallway,plausible,8,pavage,4,0.50,False,False,,,,110,2.000,0.1042,0.0001,3,10.217,,,1.593,trame
hd07_039,living+kitchen+bedroom+bedroom+bedroom+bathroom+bathroom+hallway,plausible,8,pavage,8,0.50,False,False,,,,110,2.000,0.1042,0.0001,3,10.217,,,3.208,trame
hd07_039,living+kitchen+bedroom+bedroom+bedroom+bathroom+bathroom+hallway,plausible,8,pavage,16,0.50,False,False,,,,110,2.000,0.1042,0.0001,3,10.217,,,2.500,trame
hd07_039,living+kitchen+bedroom+bedroom+bedroom+bathroom+bathroom+hallway,plausible,8,pavage,16,0.00,False,False,,,,110,2.000,0.1042,0.0001,3,10.217,,,3.015,trame
hd07_039,living+kitchen+bedroom+bedroom+bedroom+bathroom+bathroom+hallway,plausible,8,pavage,16,0.25,False,False,,,,110,2.000,0.1042,0.0001,3,10.217,,,2.643,trame
hd07_039,living+kitchen+bedroom+bedroom+bedroom+bathroom+bathroom+hallway,plausible,8,pavage,16,1.00,False,False,,,,110,2.000,0.1042,0.0001,3,10.217,,,2.256,trame
hd07_039,living+kitchen+bedroom+bedroom+bedroom+bathroom+bathroom+hallway,plausible,8,pavage,16,1.80,False,False,,,,110,2.000,0.1042,0.0001,3,10.217,,,3.221,trame
